/usr/local/lib/python3.10/dist-packages/matplotlib/projections/__init__.py:63: UserWarning: Unable to import Axes3D. This may be due to multiple versions of Matplotlib being installed (e.g. as a system package and as a pip package). As a result, the 3D projection is not available.
  warnings.warn("Unable to import Axes3D. This may be due to multiple versions of "

======================================================================
RUN DIRECTORY OLUŞTURULDU
======================================================================
Run ID: 260104-1907
Directory: outputs/runs/260104-1907
======================================================================

✓ Dizinler oluşturuldu: outputs/

======================================================================
SLEEP STAGE CLASSIFICATION - CONFIGURATION
======================================================================

📊 DATA:
  Channels: ['EEG Fpz-Cz', 'EEG Pz-Oz', 'EOG horizontal', 'EMG submental']
  Sample rate: 100 Hz
  Samples per epoch: 3000
  Classes: ['W', 'N1', 'N2', 'N3', 'REM']

🔀 SPLIT:
  Train: 28 patients
  Val: 5 patients
  Test: 4 patients

🏗️  MODEL:
  Type: cnn1d
  Architecture: 1D-CNN

⚙️  TRAINING:
  Batch size: 32
  Learning rate: 0.001
  Epochs: 50
  Optimizer: Adam
  Early stopping: True
  BALANCE_STRATEGY: NONE

🔧 PREPROCESSING:
  Normalization: z-score
  Filtering: False
  Augmentation: False

💻 DEVICE:
  CUDA available: True
  Device: cuda

📁 OUTPUT:
  Directory: outputs

======================================================================

MongoDB'den hasta listesi alınıyor...
✓ Toplam 37 hasta bulundu

Stage verileri cache'e yükleniyor...

======================================================================
TÜM STAGE VERİLERİ CACHE'E YÜKLENİYOR
======================================================================
Toplam 37 hasta bulundu
----------------------------------------------------------------------
[1/37] ST7011J0: 1092 epoch, 0.07 MB ✓
[2/37] ST7012J0: 1040 epoch, 0.07 MB ✓
[3/37] ST7022J0: 944 epoch, 0.06 MB ✓
[4/37] ST7041J0: 1007 epoch, 0.07 MB ✓
[5/37] ST7042J0: 1130 epoch, 0.08 MB ✓
[6/37] ST7051J0: 1018 epoch, 0.07 MB ✓
[7/37] ST7052J0: 1034 epoch, 0.07 MB ✓
[8/37] ST7061J0: 1008 epoch, 0.07 MB ✓
[9/37] ST7062J0: 952 epoch, 0.07 MB ✓
[10/37] ST7072J0: 915 epoch, 0.06 MB ✓
[11/37] ST7081J0: 967 epoch, 0.07 MB ✓
[12/37] ST7082J0: 931 epoch, 0.06 MB ✓
[13/37] ST7091J0: 943 epoch, 0.06 MB ✓
[14/37] ST7101J0: 1042 epoch, 0.07 MB ✓
[15/37] ST7102J0: 980 epoch, 0.07 MB ✓
[16/37] ST7111J0: 1017 epoch, 0.07 MB ✓
[17/37] ST7112J0: 978 epoch, 0.07 MB ✓
[18/37] ST7121J0: 1026 epoch, 0.07 MB ✓
[19/37] ST7122J0: 945 epoch, 0.06 MB ✓
[20/37] ST7151J0: 897 epoch, 0.06 MB ✓
[21/37] ST7152J0: 1045 epoch, 0.07 MB ✓
[22/37] ST7161J0: 1057 epoch, 0.07 MB ✓
[23/37] ST7162J0: 988 epoch, 0.07 MB ✓
[24/37] ST7171J0: 965 epoch, 0.07 MB ✓
[25/37] ST7172J0: 1006 epoch, 0.07 MB ✓
[26/37] ST7181J0: 959 epoch, 0.07 MB ✓
[27/37] ST7182J0: 967 epoch, 0.07 MB ✓
[28/37] ST7191J0: 955 epoch, 0.07 MB ✓
[29/37] ST7192J0: 931 epoch, 0.06 MB ✓
[30/37] ST7201J0: 922 epoch, 0.06 MB ✓
[31/37] ST7202J0: 898 epoch, 0.06 MB ✓
[32/37] ST7211J0: 1077 epoch, 0.07 MB ✓
[33/37] ST7212J0: 1010 epoch, 0.07 MB ✓
[34/37] ST7221J0: 1033 epoch, 0.07 MB ✓
[35/37] ST7222J0: 951 epoch, 0.06 MB ✓
[36/37] ST7241J0: 1021 epoch, 0.07 MB ✓
[37/37] ST7242J0: 939 epoch, 0.06 MB ✓

======================================================================
CACHE YÜKLEME TAMAMLANDI
======================================================================
Yüklenen hasta: 37/37
Toplam epoch: 36,590
Toplam boyut: 2.50 MB
Cache boyutu: 37 hasta
======================================================================

✓ 37 hasta cache'de


======================================================================
PATIENT SPLIT (RANDOM)
======================================================================
Toplam hasta: 37
Train: 28 hasta
Val:   5 hasta
Test:  4 hasta
Seed:  Random (timestamp-based)
======================================================================

✓ Split kaydedildi: outputs/runs/260104-1907/patient_split.json


======================================================================
DATALOADER'LAR OLUŞTURULUYOR
======================================================================
RAM Cache: Aktif ✓

train_dataset başlıyor

======================================================================
EPOCH METADATA OLUŞTURULUYOR
======================================================================
  ST7082J0: 931 epoch eklendi
  ST7111J0: 1017 epoch eklendi
  ST7112J0: 978 epoch eklendi
  ST7211J0: 1077 epoch eklendi
  ST7201J0: 922 epoch eklendi
  ST7061J0: 1008 epoch eklendi
  ST7121J0: 1026 epoch eklendi
  ST7122J0: 945 epoch eklendi
  ST7161J0: 1057 epoch eklendi
  ST7192J0: 931 epoch eklendi
  ST7172J0: 1006 epoch eklendi
  ST7241J0: 1021 epoch eklendi
  ST7081J0: 967 epoch eklendi
  ST7182J0: 967 epoch eklendi
  ST7162J0: 988 epoch eklendi
  ST7052J0: 1034 epoch eklendi
  ST7042J0: 1130 epoch eklendi
  ST7091J0: 943 epoch eklendi
  ST7152J0: 1045 epoch eklendi
  ST7101J0: 1042 epoch eklendi
  ST7221J0: 1033 epoch eklendi
  ST7041J0: 1007 epoch eklendi
  ST7102J0: 980 epoch eklendi
  ST7212J0: 1010 epoch eklendi
  ST7191J0: 955 epoch eklendi
  ST7171J0: 965 epoch eklendi
  ST7181J0: 959 epoch eklendi
  ST7242J0: 939 epoch eklendi

======================================================================
TOPLAM: 27883 epoch

Sınıf dağılımı:
  W: 2713 epoch (9.7%)
  N1: 2363 epoch (8.5%)
  N2: 13099 epoch (47.0%)
  N3: 4159 epoch (14.9%)
  REM: 5549 epoch (19.9%)
======================================================================


⚠️ Balanced sampling kapalı - orijinal dağılım kullanılıyor


======================================================================
RAM CACHE OLUŞTURULUYOR - TÜM VERİLER YÜKLENİYOR
======================================================================
Toplam epoch: 27883
Kanal sayısı: 4
Tahmini boyut: ~3.19 GB
======================================================================


Veri yükleniyor:   0%|          | 0/111532 [00:00<?, ?epoch-kanal/s]
Veri yükleniyor:   0%|          | 40/111532 [00:00<04:42, 394.76epoch-kanal/s]
Veri yükleniyor:   0%|          | 80/111532 [00:00<04:41, 396.16epoch-kanal/s]
Veri yükleniyor:   0%|          | 120/111532 [00:00<05:31, 335.70epoch-kanal/s]
Veri yükleniyor:   0%|          | 160/111532 [00:00<05:12, 355.95epoch-kanal/s]
Veri yükleniyor:   0%|          | 200/111532 [00:00<05:01, 369.02epoch-kanal/s]
Veri yükleniyor:   0%|          | 238/111532 [00:00<04:58, 372.34epoch-kanal/s]
Veri yükleniyor:   0%|          | 278/111532 [00:00<04:53, 379.17epoch-kanal/s]
Veri yükleniyor:   0%|          | 317/111532 [00:00<04:51, 381.67epoch-kanal/s]
Veri yükleniyor:   0%|          | 357/111532 [00:00<04:49, 384.48epoch-kanal/s]
Veri yükleniyor:   0%|          | 397/111532 [00:01<04:46, 387.60epoch-kanal/s]
Veri yükleniyor:   0%|          | 436/111532 [00:01<04:46, 388.10epoch-kanal/s]
Veri yükleniyor:   0%|          | 476/111532 [00:01<04:44, 389.97epoch-kanal/s]
Veri yükleniyor:   0%|          | 516/111532 [00:01<04:42, 392.50epoch-kanal/s]
Veri yükleniyor:   0%|          | 556/111532 [00:01<04:42, 393.11epoch-kanal/s]
Veri yükleniyor:   1%|          | 596/111532 [00:01<04:41, 393.65epoch-kanal/s]
Veri yükleniyor:   1%|          | 636/111532 [00:01<04:40, 394.89epoch-kanal/s]
Veri yükleniyor:   1%|          | 677/111532 [00:01<04:38, 397.60epoch-kanal/s]
Veri yükleniyor:   1%|          | 717/111532 [00:01<04:38, 398.29epoch-kanal/s]
Veri yükleniyor:   1%|          | 757/111532 [00:01<04:41, 393.65epoch-kanal/s]
Veri yükleniyor:   1%|          | 797/111532 [00:02<04:40, 395.39epoch-kanal/s]
Veri yükleniyor:   1%|          | 838/111532 [00:02<04:38, 397.05epoch-kanal/s]
Veri yükleniyor:   1%|          | 878/111532 [00:02<04:38, 397.42epoch-kanal/s]
Veri yükleniyor:   1%|          | 918/111532 [00:02<04:37, 397.92epoch-kanal/s]
Veri yükleniyor:   1%|          | 958/111532 [00:02<04:40, 394.20epoch-kanal/s]
Veri yükleniyor:   1%|          | 998/111532 [00:02<04:42, 391.96epoch-kanal/s]
Veri yükleniyor:   1%|          | 1038/111532 [00:02<04:41, 392.75epoch-kanal/s]
Veri yükleniyor:   1%|          | 1079/111532 [00:02<04:39, 395.13epoch-kanal/s]
Veri yükleniyor:   1%|          | 1119/111532 [00:02<04:38, 396.10epoch-kanal/s]
Veri yükleniyor:   1%|          | 1159/111532 [00:02<04:40, 393.32epoch-kanal/s]
Veri yükleniyor:   1%|          | 1200/111532 [00:03<04:39, 395.45epoch-kanal/s]
Veri yükleniyor:   1%|          | 1240/111532 [00:03<04:39, 394.35epoch-kanal/s]
Veri yükleniyor:   1%|          | 1281/111532 [00:03<04:37, 397.17epoch-kanal/s]
Veri yükleniyor:   1%|          | 1322/111532 [00:03<04:36, 398.00epoch-kanal/s]
Veri yükleniyor:   1%|          | 1362/111532 [00:03<04:40, 392.17epoch-kanal/s]
Veri yükleniyor:   1%|▏         | 1402/111532 [00:03<04:41, 390.64epoch-kanal/s]
Veri yükleniyor:   1%|▏         | 1442/111532 [00:03<04:40, 392.64epoch-kanal/s]
Veri yükleniyor:   1%|▏         | 1482/111532 [00:03<04:39, 394.07epoch-kanal/s]
Veri yükleniyor:   1%|▏         | 1523/111532 [00:03<04:37, 396.07epoch-kanal/s]
Veri yükleniyor:   1%|▏         | 1563/111532 [00:04<04:39, 393.33epoch-kanal/s]
Veri yükleniyor:   1%|▏         | 1603/111532 [00:04<04:39, 393.29epoch-kanal/s]
Veri yükleniyor:   1%|▏         | 1643/111532 [00:04<04:39, 393.13epoch-kanal/s]
Veri yükleniyor:   2%|▏         | 1684/111532 [00:04<04:37, 396.08epoch-kanal/s]
Veri yükleniyor:   2%|▏         | 1724/111532 [00:04<04:40, 391.22epoch-kanal/s]
Veri yükleniyor:   2%|▏         | 1764/111532 [00:04<04:39, 392.68epoch-kanal/s]
Veri yükleniyor:   2%|▏         | 1805/111532 [00:04<04:37, 395.62epoch-kanal/s]
Veri yükleniyor:   2%|▏         | 1845/111532 [00:04<04:38, 393.15epoch-kanal/s]
Veri yükleniyor:   2%|▏         | 1886/111532 [00:04<04:36, 396.65epoch-kanal/s]
Veri yükleniyor:   2%|▏         | 1926/111532 [00:04<04:39, 391.99epoch-kanal/s]
Veri yükleniyor:   2%|▏         | 1966/111532 [00:05<04:41, 388.97epoch-kanal/s]
Veri yükleniyor:   2%|▏         | 2006/111532 [00:05<04:39, 391.24epoch-kanal/s]
Veri yükleniyor:   2%|▏         | 2046/111532 [00:05<04:38, 392.82epoch-kanal/s]
Veri yükleniyor:   2%|▏         | 2087/111532 [00:05<04:36, 396.04epoch-kanal/s]
Veri yükleniyor:   2%|▏         | 2127/111532 [00:05<04:36, 396.05epoch-kanal/s]
Veri yükleniyor:   2%|▏         | 2167/111532 [00:05<04:35, 397.19epoch-kanal/s]
Veri yükleniyor:   2%|▏         | 2207/111532 [00:05<04:37, 394.44epoch-kanal/s]
Veri yükleniyor:   2%|▏         | 2248/111532 [00:05<04:35, 396.39epoch-kanal/s]
Veri yükleniyor:   2%|▏         | 2288/111532 [00:05<04:36, 395.09epoch-kanal/s]
Veri yükleniyor:   2%|▏         | 2328/111532 [00:05<04:37, 394.22epoch-kanal/s]
Veri yükleniyor:   2%|▏         | 2369/111532 [00:06<04:35, 396.29epoch-kanal/s]
Veri yükleniyor:   2%|▏         | 2409/111532 [00:06<04:38, 392.12epoch-kanal/s]
Veri yükleniyor:   2%|▏         | 2449/111532 [00:06<04:36, 394.22epoch-kanal/s]
Veri yükleniyor:   2%|▏         | 2489/111532 [00:06<04:39, 389.61epoch-kanal/s]
Veri yükleniyor:   2%|▏         | 2528/111532 [00:06<04:40, 388.86epoch-kanal/s]
Veri yükleniyor:   2%|▏         | 2568/111532 [00:06<04:39, 389.96epoch-kanal/s]
Veri yükleniyor:   2%|▏         | 2608/111532 [00:06<04:38, 391.65epoch-kanal/s]
Veri yükleniyor:   2%|▏         | 2648/111532 [00:06<04:36, 393.55epoch-kanal/s]
Veri yükleniyor:   2%|▏         | 2688/111532 [00:06<04:40, 387.63epoch-kanal/s]
Veri yükleniyor:   2%|▏         | 2727/111532 [00:06<04:40, 387.38epoch-kanal/s]
Veri yükleniyor:   2%|▏         | 2768/111532 [00:07<04:37, 392.20epoch-kanal/s]
Veri yükleniyor:   3%|▎         | 2808/111532 [00:07<04:55, 368.37epoch-kanal/s]
Veri yükleniyor:   3%|▎         | 2847/111532 [00:07<04:50, 374.19epoch-kanal/s]
Veri yükleniyor:   3%|▎         | 2886/111532 [00:07<04:47, 377.73epoch-kanal/s]
Veri yükleniyor:   3%|▎         | 2926/111532 [00:07<04:43, 383.62epoch-kanal/s]
Veri yükleniyor:   3%|▎         | 2966/111532 [00:07<04:41, 386.11epoch-kanal/s]
Veri yükleniyor:   3%|▎         | 3005/111532 [00:07<04:41, 385.30epoch-kanal/s]
Veri yükleniyor:   3%|▎         | 3045/111532 [00:07<04:39, 388.78epoch-kanal/s]
Veri yükleniyor:   3%|▎         | 3085/111532 [00:07<04:38, 389.46epoch-kanal/s]
Veri yükleniyor:   3%|▎         | 3125/111532 [00:08<04:37, 390.62epoch-kanal/s]
Veri yükleniyor:   3%|▎         | 3165/111532 [00:08<04:37, 390.59epoch-kanal/s]
Veri yükleniyor:   3%|▎         | 3205/111532 [00:08<04:36, 392.01epoch-kanal/s]
Veri yükleniyor:   3%|▎         | 3245/111532 [00:08<04:34, 393.81epoch-kanal/s]
Veri yükleniyor:   3%|▎         | 3285/111532 [00:08<04:34, 394.92epoch-kanal/s]
Veri yükleniyor:   3%|▎         | 3325/111532 [00:08<04:38, 388.20epoch-kanal/s]
Veri yükleniyor:   3%|▎         | 3365/111532 [00:08<04:38, 388.99epoch-kanal/s]
Veri yükleniyor:   3%|▎         | 3405/111532 [00:08<04:37, 390.27epoch-kanal/s]
Veri yükleniyor:   3%|▎         | 3445/111532 [00:08<04:35, 392.86epoch-kanal/s]
Veri yükleniyor:   3%|▎         | 3485/111532 [00:08<04:35, 391.90epoch-kanal/s]
Veri yükleniyor:   3%|▎         | 3525/111532 [00:09<04:38, 388.38epoch-kanal/s]
Veri yükleniyor:   3%|▎         | 3566/111532 [00:09<04:35, 392.45epoch-kanal/s]
Veri yükleniyor:   3%|▎         | 3606/111532 [00:09<04:36, 389.81epoch-kanal/s]
Veri yükleniyor:   3%|▎         | 3646/111532 [00:09<04:34, 392.58epoch-kanal/s]
Veri yükleniyor:   3%|▎         | 3687/111532 [00:09<04:35, 391.26epoch-kanal/s]
Veri yükleniyor:   3%|▎         | 3727/111532 [00:09<04:35, 391.87epoch-kanal/s]
Veri yükleniyor:   3%|▎         | 3767/111532 [00:09<04:37, 388.37epoch-kanal/s]
Veri yükleniyor:   3%|▎         | 3808/111532 [00:09<04:34, 392.07epoch-kanal/s]
Veri yükleniyor:   3%|▎         | 3848/111532 [00:09<04:33, 394.34epoch-kanal/s]
Veri yükleniyor:   3%|▎         | 3888/111532 [00:09<04:36, 389.71epoch-kanal/s]
Veri yükleniyor:   4%|▎         | 3927/111532 [00:10<04:39, 384.92epoch-kanal/s]
Veri yükleniyor:   4%|▎         | 3967/111532 [00:10<04:37, 387.93epoch-kanal/s]
Veri yükleniyor:   4%|▎         | 4008/111532 [00:10<04:34, 392.17epoch-kanal/s]
Veri yükleniyor:   4%|▎         | 4048/111532 [00:10<04:35, 389.88epoch-kanal/s]
Veri yükleniyor:   4%|▎         | 4088/111532 [00:10<04:33, 392.32epoch-kanal/s]
Veri yükleniyor:   4%|▎         | 4128/111532 [00:10<04:37, 387.02epoch-kanal/s]
Veri yükleniyor:   4%|▎         | 4167/111532 [00:10<04:37, 386.59epoch-kanal/s]
Veri yükleniyor:   4%|▍         | 4207/111532 [00:10<04:36, 387.89epoch-kanal/s]
Veri yükleniyor:   4%|▍         | 4246/111532 [00:10<04:37, 387.05epoch-kanal/s]
Veri yükleniyor:   4%|▍         | 4285/111532 [00:10<04:37, 386.79epoch-kanal/s]
Veri yükleniyor:   4%|▍         | 4324/111532 [00:11<04:40, 382.71epoch-kanal/s]
Veri yükleniyor:   4%|▍         | 4364/111532 [00:11<04:36, 387.39epoch-kanal/s]
Veri yükleniyor:   4%|▍         | 4403/111532 [00:11<04:36, 387.27epoch-kanal/s]
Veri yükleniyor:   4%|▍         | 4444/111532 [00:11<04:33, 391.30epoch-kanal/s]
Veri yükleniyor:   4%|▍         | 4484/111532 [00:11<04:32, 392.47epoch-kanal/s]
Veri yükleniyor:   4%|▍         | 4524/111532 [00:11<04:33, 391.35epoch-kanal/s]
Veri yükleniyor:   4%|▍         | 4564/111532 [00:11<04:31, 393.59epoch-kanal/s]
Veri yükleniyor:   4%|▍         | 4604/111532 [00:11<04:32, 392.33epoch-kanal/s]
Veri yükleniyor:   4%|▍         | 4644/111532 [00:11<04:34, 389.66epoch-kanal/s]
Veri yükleniyor:   4%|▍         | 4684/111532 [00:12<04:33, 390.04epoch-kanal/s]
Veri yükleniyor:   4%|▍         | 4724/111532 [00:12<05:21, 332.36epoch-kanal/s]
Veri yükleniyor:   4%|▍         | 4759/111532 [00:12<06:20, 280.56epoch-kanal/s]
Veri yükleniyor:   4%|▍         | 4790/111532 [00:12<07:05, 251.03epoch-kanal/s]
Veri yükleniyor:   4%|▍         | 4817/111532 [00:12<07:41, 231.17epoch-kanal/s]
Veri yükleniyor:   4%|▍         | 4842/111532 [00:12<07:58, 222.90epoch-kanal/s]
Veri yükleniyor:   4%|▍         | 4866/111532 [00:12<08:26, 210.70epoch-kanal/s]
Veri yükleniyor:   4%|▍         | 4888/111532 [00:13<08:32, 208.07epoch-kanal/s]
Veri yükleniyor:   4%|▍         | 4910/111532 [00:13<08:37, 205.88epoch-kanal/s]
Veri yükleniyor:   4%|▍         | 4931/111532 [00:13<08:40, 204.67epoch-kanal/s]
Veri yükleniyor:   4%|▍         | 4952/111532 [00:13<08:45, 202.63epoch-kanal/s]
Veri yükleniyor:   4%|▍         | 4973/111532 [00:13<08:53, 199.87epoch-kanal/s]
Veri yükleniyor:   4%|▍         | 4994/111532 [00:13<08:55, 199.00epoch-kanal/s]
Veri yükleniyor:   4%|▍         | 5014/111532 [00:13<08:55, 198.74epoch-kanal/s]
Veri yükleniyor:   5%|▍         | 5034/111532 [00:13<09:00, 197.14epoch-kanal/s]
Veri yükleniyor:   5%|▍         | 5054/111532 [00:13<08:58, 197.56epoch-kanal/s]
Veri yükleniyor:   5%|▍         | 5074/111532 [00:13<09:06, 194.63epoch-kanal/s]
Veri yükleniyor:   5%|▍         | 5094/111532 [00:14<09:04, 195.59epoch-kanal/s]
Veri yükleniyor:   5%|▍         | 5114/111532 [00:14<09:01, 196.39epoch-kanal/s]
Veri yükleniyor:   5%|▍         | 5135/111532 [00:14<08:55, 198.60epoch-kanal/s]
Veri yükleniyor:   5%|▍         | 5155/111532 [00:14<09:00, 196.90epoch-kanal/s]
Veri yükleniyor:   5%|▍         | 5175/111532 [00:14<09:00, 196.72epoch-kanal/s]
Veri yükleniyor:   5%|▍         | 5195/111532 [00:14<08:58, 197.46epoch-kanal/s]
Veri yükleniyor:   5%|▍         | 5215/111532 [00:14<08:58, 197.42epoch-kanal/s]
Veri yükleniyor:   5%|▍         | 5235/111532 [00:14<08:59, 196.95epoch-kanal/s]
Veri yükleniyor:   5%|▍         | 5255/111532 [00:14<09:19, 190.02epoch-kanal/s]
Veri yükleniyor:   5%|▍         | 5275/111532 [00:14<09:13, 191.93epoch-kanal/s]
Veri yükleniyor:   5%|▍         | 5296/111532 [00:15<09:06, 194.53epoch-kanal/s]
Veri yükleniyor:   5%|▍         | 5316/111532 [00:15<09:02, 195.88epoch-kanal/s]
Veri yükleniyor:   5%|▍         | 5336/111532 [00:15<09:01, 196.19epoch-kanal/s]
Veri yükleniyor:   5%|▍         | 5356/111532 [00:15<09:00, 196.33epoch-kanal/s]
Veri yükleniyor:   5%|▍         | 5376/111532 [00:15<09:04, 195.05epoch-kanal/s]
Veri yükleniyor:   5%|▍         | 5396/111532 [00:15<09:14, 191.37epoch-kanal/s]
Veri yükleniyor:   5%|▍         | 5416/111532 [00:15<09:11, 192.29epoch-kanal/s]
Veri yükleniyor:   5%|▍         | 5436/111532 [00:15<09:11, 192.34epoch-kanal/s]
Veri yükleniyor:   5%|▍         | 5456/111532 [00:15<09:24, 187.90epoch-kanal/s]
Veri yükleniyor:   5%|▍         | 5476/111532 [00:16<09:16, 190.48epoch-kanal/s]
Veri yükleniyor:   5%|▍         | 5496/111532 [00:16<09:19, 189.61epoch-kanal/s]
Veri yükleniyor:   5%|▍         | 5517/111532 [00:16<09:06, 193.98epoch-kanal/s]
Veri yükleniyor:   5%|▍         | 5537/111532 [00:16<09:02, 195.27epoch-kanal/s]
Veri yükleniyor:   5%|▍         | 5557/111532 [00:16<09:02, 195.43epoch-kanal/s]
Veri yükleniyor:   5%|▌         | 5577/111532 [00:16<09:00, 195.99epoch-kanal/s]
Veri yükleniyor:   5%|▌         | 5597/111532 [00:16<09:06, 193.88epoch-kanal/s]
Veri yükleniyor:   5%|▌         | 5618/111532 [00:16<08:58, 196.64epoch-kanal/s]
Veri yükleniyor:   5%|▌         | 5638/111532 [00:16<09:06, 193.67epoch-kanal/s]
Veri yükleniyor:   5%|▌         | 5658/111532 [00:16<09:10, 192.17epoch-kanal/s]
Veri yükleniyor:   5%|▌         | 5678/111532 [00:17<09:07, 193.48epoch-kanal/s]
Veri yükleniyor:   5%|▌         | 5698/111532 [00:17<09:01, 195.27epoch-kanal/s]
Veri yükleniyor:   5%|▌         | 5718/111532 [00:17<09:04, 194.51epoch-kanal/s]
Veri yükleniyor:   5%|▌         | 5738/111532 [00:17<09:03, 194.59epoch-kanal/s]
Veri yükleniyor:   5%|▌         | 5758/111532 [00:17<09:02, 194.94epoch-kanal/s]
Veri yükleniyor:   5%|▌         | 5778/111532 [00:17<09:03, 194.41epoch-kanal/s]
Veri yükleniyor:   5%|▌         | 5798/111532 [00:17<09:04, 194.03epoch-kanal/s]
Veri yükleniyor:   5%|▌         | 5818/111532 [00:17<09:01, 195.12epoch-kanal/s]
Veri yükleniyor:   5%|▌         | 5838/111532 [00:17<09:07, 192.94epoch-kanal/s]
Veri yükleniyor:   5%|▌         | 5858/111532 [00:18<09:09, 192.19epoch-kanal/s]
Veri yükleniyor:   5%|▌         | 5878/111532 [00:18<09:08, 192.60epoch-kanal/s]
Veri yükleniyor:   5%|▌         | 5898/111532 [00:18<09:07, 193.06epoch-kanal/s]
Veri yükleniyor:   5%|▌         | 5918/111532 [00:18<09:01, 195.05epoch-kanal/s]
Veri yükleniyor:   5%|▌         | 5938/111532 [00:18<09:04, 194.08epoch-kanal/s]
Veri yükleniyor:   5%|▌         | 5959/111532 [00:18<08:57, 196.31epoch-kanal/s]
Veri yükleniyor:   5%|▌         | 5979/111532 [00:18<09:11, 191.22epoch-kanal/s]
Veri yükleniyor:   5%|▌         | 5999/111532 [00:18<10:18, 170.76epoch-kanal/s]
Veri yükleniyor:   5%|▌         | 6018/111532 [00:18<10:07, 173.82epoch-kanal/s]
Veri yükleniyor:   5%|▌         | 6038/111532 [00:18<09:49, 179.08epoch-kanal/s]
Veri yükleniyor:   5%|▌         | 6058/111532 [00:19<09:32, 184.11epoch-kanal/s]
Veri yükleniyor:   5%|▌         | 6078/111532 [00:19<09:19, 188.33epoch-kanal/s]
Veri yükleniyor:   5%|▌         | 6098/111532 [00:19<09:13, 190.50epoch-kanal/s]
Veri yükleniyor:   5%|▌         | 6118/111532 [00:19<09:07, 192.54epoch-kanal/s]
Veri yükleniyor:   6%|▌         | 6138/111532 [00:19<09:05, 193.33epoch-kanal/s]
Veri yükleniyor:   6%|▌         | 6158/111532 [00:19<09:05, 193.19epoch-kanal/s]
Veri yükleniyor:   6%|▌         | 6178/111532 [00:19<09:01, 194.55epoch-kanal/s]
Veri yükleniyor:   6%|▌         | 6198/111532 [00:19<09:04, 193.53epoch-kanal/s]
Veri yükleniyor:   6%|▌         | 6218/111532 [00:19<09:21, 187.41epoch-kanal/s]
Veri yükleniyor:   6%|▌         | 6238/111532 [00:20<09:12, 190.43epoch-kanal/s]
Veri yükleniyor:   6%|▌         | 6259/111532 [00:20<09:02, 193.89epoch-kanal/s]
Veri yükleniyor:   6%|▌         | 6279/111532 [00:20<09:03, 193.57epoch-kanal/s]
Veri yükleniyor:   6%|▌         | 6299/111532 [00:20<09:01, 194.31epoch-kanal/s]
Veri yükleniyor:   6%|▌         | 6319/111532 [00:20<09:00, 194.72epoch-kanal/s]
Veri yükleniyor:   6%|▌         | 6339/111532 [00:20<08:57, 195.54epoch-kanal/s]
Veri yükleniyor:   6%|▌         | 6359/111532 [00:20<09:06, 192.55epoch-kanal/s]
Veri yükleniyor:   6%|▌         | 6379/111532 [00:20<09:00, 194.62epoch-kanal/s]
Veri yükleniyor:   6%|▌         | 6399/111532 [00:20<08:59, 194.83epoch-kanal/s]
Veri yükleniyor:   6%|▌         | 6419/111532 [00:20<09:11, 190.46epoch-kanal/s]
Veri yükleniyor:   6%|▌         | 6439/111532 [00:21<09:06, 192.16epoch-kanal/s]
Veri yükleniyor:   6%|▌         | 6459/111532 [00:21<09:06, 192.35epoch-kanal/s]
Veri yükleniyor:   6%|▌         | 6479/111532 [00:21<09:08, 191.47epoch-kanal/s]
Veri yükleniyor:   6%|▌         | 6499/111532 [00:21<09:04, 192.89epoch-kanal/s]
Veri yükleniyor:   6%|▌         | 6519/111532 [00:21<09:05, 192.48epoch-kanal/s]
Veri yükleniyor:   6%|▌         | 6539/111532 [00:21<09:22, 186.78epoch-kanal/s]
Veri yükleniyor:   6%|▌         | 6558/111532 [00:21<09:22, 186.49epoch-kanal/s]
Veri yükleniyor:   6%|▌         | 6577/111532 [00:21<09:20, 187.19epoch-kanal/s]
Veri yükleniyor:   6%|▌         | 6596/111532 [00:21<09:23, 186.31epoch-kanal/s]
Veri yükleniyor:   6%|▌         | 6616/111532 [00:21<09:17, 188.28epoch-kanal/s]
Veri yükleniyor:   6%|▌         | 6636/111532 [00:22<09:13, 189.49epoch-kanal/s]
Veri yükleniyor:   6%|▌         | 6656/111532 [00:22<09:07, 191.68epoch-kanal/s]
Veri yükleniyor:   6%|▌         | 6676/111532 [00:22<09:05, 192.37epoch-kanal/s]
Veri yükleniyor:   6%|▌         | 6696/111532 [00:22<08:59, 194.48epoch-kanal/s]
Veri yükleniyor:   6%|▌         | 6716/111532 [00:22<08:58, 194.50epoch-kanal/s]
Veri yükleniyor:   6%|▌         | 6736/111532 [00:22<08:58, 194.52epoch-kanal/s]
Veri yükleniyor:   6%|▌         | 6756/111532 [00:22<09:00, 193.71epoch-kanal/s]
Veri yükleniyor:   6%|▌         | 6776/111532 [00:22<08:57, 194.92epoch-kanal/s]
Veri yükleniyor:   6%|▌         | 6796/111532 [00:22<09:11, 189.90epoch-kanal/s]
Veri yükleniyor:   6%|▌         | 6816/111532 [00:23<09:05, 191.82epoch-kanal/s]
Veri yükleniyor:   6%|▌         | 6836/111532 [00:23<09:07, 191.10epoch-kanal/s]
Veri yükleniyor:   6%|▌         | 6856/111532 [00:23<09:05, 192.01epoch-kanal/s]
Veri yükleniyor:   6%|▌         | 6877/111532 [00:23<08:58, 194.21epoch-kanal/s]
Veri yükleniyor:   6%|▌         | 6897/111532 [00:23<09:04, 192.31epoch-kanal/s]
Veri yükleniyor:   6%|▌         | 6917/111532 [00:23<08:59, 193.77epoch-kanal/s]
Veri yükleniyor:   6%|▌         | 6937/111532 [00:23<09:01, 193.15epoch-kanal/s]
Veri yükleniyor:   6%|▌         | 6957/111532 [00:23<09:03, 192.30epoch-kanal/s]
Veri yükleniyor:   6%|▋         | 6977/111532 [00:23<09:07, 190.86epoch-kanal/s]
Veri yükleniyor:   6%|▋         | 6997/111532 [00:23<09:08, 190.69epoch-kanal/s]
Veri yükleniyor:   6%|▋         | 7017/111532 [00:24<09:06, 191.31epoch-kanal/s]
Veri yükleniyor:   6%|▋         | 7038/111532 [00:24<09:00, 193.33epoch-kanal/s]
Veri yükleniyor:   6%|▋         | 7058/111532 [00:24<08:59, 193.68epoch-kanal/s]
Veri yükleniyor:   6%|▋         | 7078/111532 [00:24<08:56, 194.87epoch-kanal/s]
Veri yükleniyor:   6%|▋         | 7098/111532 [00:24<09:01, 192.71epoch-kanal/s]
Veri yükleniyor:   6%|▋         | 7118/111532 [00:24<09:06, 191.13epoch-kanal/s]
Veri yükleniyor:   6%|▋         | 7138/111532 [00:24<09:06, 190.98epoch-kanal/s]
Veri yükleniyor:   6%|▋         | 7158/111532 [00:24<09:04, 191.79epoch-kanal/s]
Veri yükleniyor:   6%|▋         | 7178/111532 [00:24<09:24, 184.77epoch-kanal/s]
Veri yükleniyor:   6%|▋         | 7198/111532 [00:25<09:13, 188.36epoch-kanal/s]
Veri yükleniyor:   6%|▋         | 7218/111532 [00:25<09:07, 190.39epoch-kanal/s]
Veri yükleniyor:   6%|▋         | 7238/111532 [00:25<09:06, 190.88epoch-kanal/s]
Veri yükleniyor:   7%|▋         | 7258/111532 [00:25<09:00, 192.82epoch-kanal/s]
Veri yükleniyor:   7%|▋         | 7278/111532 [00:25<09:00, 192.99epoch-kanal/s]
Veri yükleniyor:   7%|▋         | 7298/111532 [00:25<08:54, 195.00epoch-kanal/s]
Veri yükleniyor:   7%|▋         | 7318/111532 [00:25<08:58, 193.40epoch-kanal/s]
Veri yükleniyor:   7%|▋         | 7338/111532 [00:25<08:57, 193.84epoch-kanal/s]
Veri yükleniyor:   7%|▋         | 7358/111532 [00:25<09:00, 192.87epoch-kanal/s]
Veri yükleniyor:   7%|▋         | 7378/111532 [00:25<09:12, 188.58epoch-kanal/s]
Veri yükleniyor:   7%|▋         | 7398/111532 [00:26<09:08, 189.99epoch-kanal/s]
Veri yükleniyor:   7%|▋         | 7418/111532 [00:26<09:02, 192.01epoch-kanal/s]
Veri yükleniyor:   7%|▋         | 7438/111532 [00:26<08:57, 193.53epoch-kanal/s]
Veri yükleniyor:   7%|▋         | 7458/111532 [00:26<09:05, 190.81epoch-kanal/s]
Veri yükleniyor:   7%|▋         | 7478/111532 [00:26<09:07, 190.04epoch-kanal/s]
Veri yükleniyor:   7%|▋         | 7498/111532 [00:26<09:02, 191.80epoch-kanal/s]
Veri yükleniyor:   7%|▋         | 7518/111532 [00:26<09:05, 190.79epoch-kanal/s]
Veri yükleniyor:   7%|▋         | 7538/111532 [00:26<09:07, 190.01epoch-kanal/s]
Veri yükleniyor:   7%|▋         | 7558/111532 [00:26<09:17, 186.39epoch-kanal/s]
Veri yükleniyor:   7%|▋         | 7578/111532 [00:27<09:13, 187.82epoch-kanal/s]
Veri yükleniyor:   7%|▋         | 7598/111532 [00:27<09:06, 190.15epoch-kanal/s]
Veri yükleniyor:   7%|▋         | 7618/111532 [00:27<09:04, 190.91epoch-kanal/s]
Veri yükleniyor:   7%|▋         | 7638/111532 [00:27<09:08, 189.47epoch-kanal/s]
Veri yükleniyor:   7%|▋         | 7657/111532 [00:27<09:13, 187.57epoch-kanal/s]
Veri yükleniyor:   7%|▋         | 7677/111532 [00:27<09:09, 188.86epoch-kanal/s]
Veri yükleniyor:   7%|▋         | 7696/111532 [00:27<09:22, 184.53epoch-kanal/s]
Veri yükleniyor:   7%|▋         | 7716/111532 [00:27<09:16, 186.72epoch-kanal/s]
Veri yükleniyor:   7%|▋         | 7735/111532 [00:27<09:13, 187.38epoch-kanal/s]
Veri yükleniyor:   7%|▋         | 7754/111532 [00:27<09:26, 183.15epoch-kanal/s]
Veri yükleniyor:   7%|▋         | 7774/111532 [00:28<09:19, 185.60epoch-kanal/s]
Veri yükleniyor:   7%|▋         | 7794/111532 [00:28<09:13, 187.51epoch-kanal/s]
Veri yükleniyor:   7%|▋         | 7814/111532 [00:28<09:05, 190.19epoch-kanal/s]
Veri yükleniyor:   7%|▋         | 7834/111532 [00:28<09:07, 189.46epoch-kanal/s]
Veri yükleniyor:   7%|▋         | 7854/111532 [00:28<09:03, 190.72epoch-kanal/s]
Veri yükleniyor:   7%|▋         | 7874/111532 [00:28<09:01, 191.31epoch-kanal/s]
Veri yükleniyor:   7%|▋         | 7894/111532 [00:28<09:06, 189.48epoch-kanal/s]
Veri yükleniyor:   7%|▋         | 7914/111532 [00:28<09:01, 191.22epoch-kanal/s]
Veri yükleniyor:   7%|▋         | 7934/111532 [00:28<09:13, 187.10epoch-kanal/s]
Veri yükleniyor:   7%|▋         | 7954/111532 [00:29<09:11, 187.94epoch-kanal/s]
Veri yükleniyor:   7%|▋         | 7974/111532 [00:29<09:08, 188.92epoch-kanal/s]
Veri yükleniyor:   7%|▋         | 7994/111532 [00:29<09:00, 191.50epoch-kanal/s]
Veri yükleniyor:   7%|▋         | 8014/111532 [00:29<08:59, 191.93epoch-kanal/s]
Veri yükleniyor:   7%|▋         | 8034/111532 [00:29<08:59, 191.86epoch-kanal/s]
Veri yükleniyor:   7%|▋         | 8054/111532 [00:29<09:01, 190.97epoch-kanal/s]
Veri yükleniyor:   7%|▋         | 8074/111532 [00:29<08:59, 191.64epoch-kanal/s]
Veri yükleniyor:   7%|▋         | 8094/111532 [00:29<08:58, 192.17epoch-kanal/s]
Veri yükleniyor:   7%|▋         | 8114/111532 [00:29<09:01, 190.94epoch-kanal/s]
Veri yükleniyor:   7%|▋         | 8134/111532 [00:29<09:16, 185.86epoch-kanal/s]
Veri yükleniyor:   7%|▋         | 8154/111532 [00:30<09:12, 187.05epoch-kanal/s]
Veri yükleniyor:   7%|▋         | 8173/111532 [00:30<10:19, 166.73epoch-kanal/s]
Veri yükleniyor:   7%|▋         | 8192/111532 [00:30<09:58, 172.59epoch-kanal/s]
Veri yükleniyor:   7%|▋         | 8211/111532 [00:30<09:42, 177.24epoch-kanal/s]
Veri yükleniyor:   7%|▋         | 8230/111532 [00:30<09:31, 180.80epoch-kanal/s]
Veri yükleniyor:   7%|▋         | 8249/111532 [00:30<09:40, 177.78epoch-kanal/s]
Veri yükleniyor:   7%|▋         | 8269/111532 [00:30<09:25, 182.45epoch-kanal/s]
Veri yükleniyor:   7%|▋         | 8289/111532 [00:30<09:19, 184.55epoch-kanal/s]
Veri yükleniyor:   7%|▋         | 8308/111532 [00:30<09:28, 181.45epoch-kanal/s]
Veri yükleniyor:   7%|▋         | 8327/111532 [00:31<09:23, 183.18epoch-kanal/s]
Veri yükleniyor:   7%|▋         | 8346/111532 [00:31<10:29, 163.84epoch-kanal/s]
Veri yükleniyor:   8%|▊         | 8365/111532 [00:31<10:09, 169.34epoch-kanal/s]
Veri yükleniyor:   8%|▊         | 8385/111532 [00:31<09:46, 175.76epoch-kanal/s]
Veri yükleniyor:   8%|▊         | 8405/111532 [00:31<09:30, 180.80epoch-kanal/s]
Veri yükleniyor:   8%|▊         | 8425/111532 [00:31<09:17, 185.11epoch-kanal/s]
Veri yükleniyor:   8%|▊         | 8445/111532 [00:31<09:10, 187.38epoch-kanal/s]
Veri yükleniyor:   8%|▊         | 8465/111532 [00:31<09:02, 189.86epoch-kanal/s]
Veri yükleniyor:   8%|▊         | 8485/111532 [00:31<09:11, 186.89epoch-kanal/s]
Veri yükleniyor:   8%|▊         | 8505/111532 [00:32<09:05, 188.79epoch-kanal/s]
Veri yükleniyor:   8%|▊         | 8524/111532 [00:32<09:06, 188.44epoch-kanal/s]
Veri yükleniyor:   8%|▊         | 8544/111532 [00:32<09:00, 190.71epoch-kanal/s]
Veri yükleniyor:   8%|▊         | 8564/111532 [00:32<08:57, 191.54epoch-kanal/s]
Veri yükleniyor:   8%|▊         | 8584/111532 [00:32<09:00, 190.54epoch-kanal/s]
Veri yükleniyor:   8%|▊         | 8604/111532 [00:32<08:55, 192.11epoch-kanal/s]
Veri yükleniyor:   8%|▊         | 8624/111532 [00:32<08:57, 191.45epoch-kanal/s]
Veri yükleniyor:   8%|▊         | 8644/111532 [00:32<08:51, 193.70epoch-kanal/s]
Veri yükleniyor:   8%|▊         | 8664/111532 [00:32<08:51, 193.60epoch-kanal/s]
Veri yükleniyor:   8%|▊         | 8684/111532 [00:32<09:04, 188.76epoch-kanal/s]
Veri yükleniyor:   8%|▊         | 8704/111532 [00:33<08:59, 190.53epoch-kanal/s]
Veri yükleniyor:   8%|▊         | 8724/111532 [00:33<08:57, 191.31epoch-kanal/s]
Veri yükleniyor:   8%|▊         | 8744/111532 [00:33<08:58, 190.95epoch-kanal/s]
Veri yükleniyor:   8%|▊         | 8764/111532 [00:33<08:52, 192.89epoch-kanal/s]
Veri yükleniyor:   8%|▊         | 8784/111532 [00:33<08:58, 190.75epoch-kanal/s]
Veri yükleniyor:   8%|▊         | 8804/111532 [00:33<09:00, 190.02epoch-kanal/s]
Veri yükleniyor:   8%|▊         | 8824/111532 [00:33<09:04, 188.71epoch-kanal/s]
Veri yükleniyor:   8%|▊         | 8843/111532 [00:33<09:04, 188.72epoch-kanal/s]
Veri yükleniyor:   8%|▊         | 8862/111532 [00:33<09:12, 185.74epoch-kanal/s]
Veri yükleniyor:   8%|▊         | 8881/111532 [00:33<09:20, 183.30epoch-kanal/s]
Veri yükleniyor:   8%|▊         | 8901/111532 [00:34<09:10, 186.57epoch-kanal/s]
Veri yükleniyor:   8%|▊         | 8920/111532 [00:34<09:10, 186.53epoch-kanal/s]
Veri yükleniyor:   8%|▊         | 8940/111532 [00:34<08:59, 190.01epoch-kanal/s]
Veri yükleniyor:   8%|▊         | 8960/111532 [00:34<09:01, 189.49epoch-kanal/s]
Veri yükleniyor:   8%|▊         | 8979/111532 [00:34<09:03, 188.63epoch-kanal/s]
Veri yükleniyor:   8%|▊         | 8998/111532 [00:34<09:02, 188.99epoch-kanal/s]
Veri yükleniyor:   8%|▊         | 9018/111532 [00:34<08:55, 191.44epoch-kanal/s]
Veri yükleniyor:   8%|▊         | 9038/111532 [00:34<08:55, 191.48epoch-kanal/s]
Veri yükleniyor:   8%|▊         | 9058/111532 [00:34<09:18, 183.33epoch-kanal/s]
Veri yükleniyor:   8%|▊         | 9078/111532 [00:35<09:08, 186.78epoch-kanal/s]
Veri yükleniyor:   8%|▊         | 9097/111532 [00:35<09:08, 186.59epoch-kanal/s]
Veri yükleniyor:   8%|▊         | 9117/111532 [00:35<09:02, 188.75epoch-kanal/s]
Veri yükleniyor:   8%|▊         | 9137/111532 [00:35<09:01, 189.15epoch-kanal/s]
Veri yükleniyor:   8%|▊         | 9156/111532 [00:35<09:01, 189.09epoch-kanal/s]
Veri yükleniyor:   8%|▊         | 9175/111532 [00:35<09:01, 188.98epoch-kanal/s]
Veri yükleniyor:   8%|▊         | 9194/111532 [00:35<10:06, 168.66epoch-kanal/s]
Veri yükleniyor:   8%|▊         | 9212/111532 [00:35<11:19, 150.49epoch-kanal/s]
Veri yükleniyor:   8%|▊         | 9228/111532 [00:36<13:07, 129.91epoch-kanal/s]
Veri yükleniyor:   8%|▊         | 9242/111532 [00:36<14:18, 119.14epoch-kanal/s]
Veri yükleniyor:   8%|▊         | 9255/111532 [00:36<14:31, 117.42epoch-kanal/s]
Veri yükleniyor:   8%|▊         | 9268/111532 [00:36<14:15, 119.52epoch-kanal/s]
Veri yükleniyor:   8%|▊         | 9283/111532 [00:36<13:36, 125.28epoch-kanal/s]
Veri yükleniyor:   8%|▊         | 9297/111532 [00:36<13:33, 125.71epoch-kanal/s]
Veri yükleniyor:   8%|▊         | 9311/111532 [00:36<13:18, 128.07epoch-kanal/s]
Veri yükleniyor:   8%|▊         | 9326/111532 [00:36<12:49, 132.91epoch-kanal/s]
Veri yükleniyor:   8%|▊         | 9340/111532 [00:36<13:20, 127.62epoch-kanal/s]
Veri yükleniyor:   8%|▊         | 9359/111532 [00:37<11:46, 144.53epoch-kanal/s]
Veri yükleniyor:   8%|▊         | 9379/111532 [00:37<10:44, 158.41epoch-kanal/s]
Veri yükleniyor:   8%|▊         | 9397/111532 [00:37<10:23, 163.85epoch-kanal/s]
Veri yükleniyor:   8%|▊         | 9406/111532 [00:50<10:23, 163.85epoch-kanal/s]
Veri yükleniyor:   8%|▊         | 9407/111532 [01:00<13:28:41,  2.10epoch-kanal/s]
Veri yükleniyor:   8%|▊         | 9447/111532 [01:01<6:21:22,  4.46epoch-kanal/s] 
Veri yükleniyor:   9%|▊         | 9486/111532 [01:01<3:40:59,  7.70epoch-kanal/s]
Veri yükleniyor:   9%|▊         | 9527/111532 [01:01<2:16:27, 12.46epoch-kanal/s]
Veri yükleniyor:   9%|▊         | 9568/111532 [01:01<1:29:06, 19.07epoch-kanal/s]
Veri yükleniyor:   9%|▊         | 9609/111532 [01:01<1:00:22, 28.13epoch-kanal/s]
Veri yükleniyor:   9%|▊         | 9648/111532 [01:01<42:43, 39.74epoch-kanal/s]  
Veri yükleniyor:   9%|▊         | 9686/111532 [01:05<1:19:56, 21.23epoch-kanal/s]
Veri yükleniyor:   9%|▊         | 9727/111532 [01:05<55:42, 30.45epoch-kanal/s]  
Veri yükleniyor:   9%|▊         | 9758/111532 [01:05<43:04, 39.38epoch-kanal/s]
Veri yükleniyor:   9%|▉         | 9798/111532 [01:05<30:36, 55.40epoch-kanal/s]
Veri yükleniyor:   9%|▉         | 9838/111532 [01:05<22:19, 75.91epoch-kanal/s]
Veri yükleniyor:   9%|▉         | 9879/111532 [01:05<16:37, 101.94epoch-kanal/s]
Veri yükleniyor:   9%|▉         | 9917/111532 [01:05<13:02, 129.83epoch-kanal/s]
Veri yükleniyor:   9%|▉         | 9958/111532 [01:05<10:16, 164.73epoch-kanal/s]
Veri yükleniyor:   9%|▉         | 9999/111532 [01:06<08:23, 201.80epoch-kanal/s]
Veri yükleniyor:   9%|▉         | 10039/111532 [01:06<07:08, 236.60epoch-kanal/s]
Veri yükleniyor:   9%|▉         | 10080/111532 [01:06<06:14, 270.74epoch-kanal/s]
Veri yükleniyor:   9%|▉         | 10120/111532 [01:06<05:43, 295.49epoch-kanal/s]
Veri yükleniyor:   9%|▉         | 10159/111532 [01:06<05:20, 316.56epoch-kanal/s]
Veri yükleniyor:   9%|▉         | 10199/111532 [01:06<05:01, 336.08epoch-kanal/s]
Veri yükleniyor:   9%|▉         | 10239/111532 [01:06<04:47, 352.01epoch-kanal/s]
Veri yükleniyor:   9%|▉         | 10280/111532 [01:06<04:36, 365.57epoch-kanal/s]
Veri yükleniyor:   9%|▉         | 10320/111532 [01:06<04:34, 368.27epoch-kanal/s]
Veri yükleniyor:   9%|▉         | 10359/111532 [01:07<04:30, 373.88epoch-kanal/s]
Veri yükleniyor:   9%|▉         | 10400/111532 [01:07<04:24, 382.43epoch-kanal/s]
Veri yükleniyor:   9%|▉         | 10440/111532 [01:07<04:21, 385.93epoch-kanal/s]
Veri yükleniyor:   9%|▉         | 10480/111532 [01:07<04:19, 388.91epoch-kanal/s]
Veri yükleniyor:   9%|▉         | 10520/111532 [01:07<04:19, 389.88epoch-kanal/s]
Veri yükleniyor:   9%|▉         | 10561/111532 [01:07<04:16, 393.28epoch-kanal/s]
Veri yükleniyor:  10%|▉         | 10601/111532 [01:07<04:16, 392.92epoch-kanal/s]
Veri yükleniyor:  10%|▉         | 10642/111532 [01:07<04:15, 395.49epoch-kanal/s]
Veri yükleniyor:  10%|▉         | 10682/111532 [01:07<04:16, 392.47epoch-kanal/s]
Veri yükleniyor:  10%|▉         | 10722/111532 [01:07<04:17, 391.98epoch-kanal/s]
Veri yükleniyor:  10%|▉         | 10763/111532 [01:08<04:14, 395.28epoch-kanal/s]
Veri yükleniyor:  10%|▉         | 10803/111532 [01:08<04:17, 391.92epoch-kanal/s]
Veri yükleniyor:  10%|▉         | 10844/111532 [01:08<04:15, 394.85epoch-kanal/s]
Veri yükleniyor:  10%|▉         | 10884/111532 [01:08<04:16, 392.80epoch-kanal/s]
Veri yükleniyor:  10%|▉         | 10924/111532 [01:08<04:15, 393.23epoch-kanal/s]
Veri yükleniyor:  10%|▉         | 10964/111532 [01:08<04:15, 393.05epoch-kanal/s]
Veri yükleniyor:  10%|▉         | 11004/111532 [01:08<04:14, 394.61epoch-kanal/s]
Veri yükleniyor:  10%|▉         | 11044/111532 [01:08<04:16, 392.46epoch-kanal/s]
Veri yükleniyor:  10%|▉         | 11085/111532 [01:08<04:13, 395.59epoch-kanal/s]
Veri yükleniyor:  10%|▉         | 11125/111532 [01:08<04:17, 390.12epoch-kanal/s]
Veri yükleniyor:  10%|█         | 11165/111532 [01:09<04:15, 392.26epoch-kanal/s]
Veri yükleniyor:  10%|█         | 11205/111532 [01:09<04:17, 390.36epoch-kanal/s]
Veri yükleniyor:  10%|█         | 11245/111532 [01:09<04:15, 392.19epoch-kanal/s]
Veri yükleniyor:  10%|█         | 11285/111532 [01:09<04:17, 389.28epoch-kanal/s]
Veri yükleniyor:  10%|█         | 11325/111532 [01:09<04:15, 391.81epoch-kanal/s]
Veri yükleniyor:  10%|█         | 11365/111532 [01:09<04:17, 389.42epoch-kanal/s]
Veri yükleniyor:  10%|█         | 11405/111532 [01:09<04:16, 390.58epoch-kanal/s]
Veri yükleniyor:  10%|█         | 11445/111532 [01:09<04:15, 391.05epoch-kanal/s]
Veri yükleniyor:  10%|█         | 11485/111532 [01:09<04:18, 386.29epoch-kanal/s]
Veri yükleniyor:  10%|█         | 11524/111532 [01:09<04:18, 387.16epoch-kanal/s]
Veri yükleniyor:  10%|█         | 11564/111532 [01:10<04:16, 389.62epoch-kanal/s]
Veri yükleniyor:  10%|█         | 11603/111532 [01:10<04:16, 388.95epoch-kanal/s]
Veri yükleniyor:  10%|█         | 11643/111532 [01:10<04:15, 391.11epoch-kanal/s]
Veri yükleniyor:  10%|█         | 11683/111532 [01:10<04:15, 390.91epoch-kanal/s]
Veri yükleniyor:  11%|█         | 11724/111532 [01:10<04:12, 394.62epoch-kanal/s]
Veri yükleniyor:  11%|█         | 11764/111532 [01:10<04:13, 393.77epoch-kanal/s]
Veri yükleniyor:  11%|█         | 11805/111532 [01:10<04:11, 396.13epoch-kanal/s]
Veri yükleniyor:  11%|█         | 11845/111532 [01:10<04:13, 393.31epoch-kanal/s]
Veri yükleniyor:  11%|█         | 11885/111532 [01:10<04:13, 393.35epoch-kanal/s]
Veri yükleniyor:  11%|█         | 11925/111532 [01:10<04:12, 395.14epoch-kanal/s]
Veri yükleniyor:  11%|█         | 11966/111532 [01:11<04:10, 396.75epoch-kanal/s]
Veri yükleniyor:  11%|█         | 12006/111532 [01:11<04:13, 392.85epoch-kanal/s]
Veri yükleniyor:  11%|█         | 12046/111532 [01:11<04:12, 393.39epoch-kanal/s]
Veri yükleniyor:  11%|█         | 12086/111532 [01:11<04:13, 392.12epoch-kanal/s]
Veri yükleniyor:  11%|█         | 12127/111532 [01:11<04:11, 394.76epoch-kanal/s]
Veri yükleniyor:  11%|█         | 12167/111532 [01:11<04:10, 395.89epoch-kanal/s]
Veri yükleniyor:  11%|█         | 12207/111532 [01:11<04:12, 393.36epoch-kanal/s]
Veri yükleniyor:  11%|█         | 12247/111532 [01:11<04:12, 393.93epoch-kanal/s]
Veri yükleniyor:  11%|█         | 12287/111532 [01:11<04:12, 393.60epoch-kanal/s]
Veri yükleniyor:  11%|█         | 12327/111532 [01:12<04:12, 392.17epoch-kanal/s]
Veri yükleniyor:  11%|█         | 12367/111532 [01:12<04:11, 394.13epoch-kanal/s]
Veri yükleniyor:  11%|█         | 12407/111532 [01:12<04:13, 390.73epoch-kanal/s]
Veri yükleniyor:  11%|█         | 12447/111532 [01:12<04:12, 392.92epoch-kanal/s]
Veri yükleniyor:  11%|█         | 12487/111532 [01:12<04:12, 392.22epoch-kanal/s]
Veri yükleniyor:  11%|█         | 12527/111532 [01:12<04:12, 391.93epoch-kanal/s]
Veri yükleniyor:  11%|█▏        | 12567/111532 [01:12<04:18, 383.09epoch-kanal/s]
Veri yükleniyor:  11%|█▏        | 12606/111532 [01:12<04:19, 380.76epoch-kanal/s]
Veri yükleniyor:  11%|█▏        | 12646/111532 [01:12<04:16, 385.46epoch-kanal/s]
Veri yükleniyor:  11%|█▏        | 12685/111532 [01:12<04:15, 386.43epoch-kanal/s]
Veri yükleniyor:  11%|█▏        | 12724/111532 [01:13<04:17, 383.25epoch-kanal/s]
Veri yükleniyor:  11%|█▏        | 12764/111532 [01:13<04:14, 387.84epoch-kanal/s]
Veri yükleniyor:  11%|█▏        | 12804/111532 [01:13<04:12, 390.42epoch-kanal/s]
Veri yükleniyor:  12%|█▏        | 12844/111532 [01:13<04:10, 393.18epoch-kanal/s]
Veri yükleniyor:  12%|█▏        | 12884/111532 [01:13<04:12, 391.25epoch-kanal/s]
Veri yükleniyor:  12%|█▏        | 12924/111532 [01:13<04:11, 391.99epoch-kanal/s]
Veri yükleniyor:  12%|█▏        | 12964/111532 [01:13<04:11, 391.48epoch-kanal/s]
Veri yükleniyor:  12%|█▏        | 13004/111532 [01:13<04:10, 393.43epoch-kanal/s]
Veri yükleniyor:  12%|█▏        | 13045/111532 [01:13<04:08, 395.56epoch-kanal/s]
Veri yükleniyor:  12%|█▏        | 13085/111532 [01:13<04:12, 389.34epoch-kanal/s]
Veri yükleniyor:  12%|█▏        | 13125/111532 [01:14<04:11, 390.73epoch-kanal/s]
Veri yükleniyor:  12%|█▏        | 13165/111532 [01:14<04:10, 392.72epoch-kanal/s]
Veri yükleniyor:  12%|█▏        | 13205/111532 [01:14<04:12, 389.50epoch-kanal/s]
Veri yükleniyor:  12%|█▏        | 13245/111532 [01:14<04:11, 390.96epoch-kanal/s]
Veri yükleniyor:  12%|█▏        | 13285/111532 [01:14<04:12, 389.12epoch-kanal/s]
Veri yükleniyor:  12%|█▏        | 13325/111532 [01:14<04:11, 390.11epoch-kanal/s]
Veri yükleniyor:  12%|█▏        | 13365/111532 [01:14<04:10, 391.44epoch-kanal/s]
Veri yükleniyor:  12%|█▏        | 13405/111532 [01:14<04:11, 390.15epoch-kanal/s]
Veri yükleniyor:  12%|█▏        | 13445/111532 [01:14<04:13, 387.35epoch-kanal/s]
Veri yükleniyor:  12%|█▏        | 13485/111532 [01:14<04:11, 389.51epoch-kanal/s]
Veri yükleniyor:  12%|█▏        | 13524/111532 [01:15<04:14, 385.50epoch-kanal/s]
Veri yükleniyor:  12%|█▏        | 13565/111532 [01:15<04:10, 390.52epoch-kanal/s]
Veri yükleniyor:  12%|█▏        | 13605/111532 [01:15<04:12, 388.29epoch-kanal/s]
Veri yükleniyor:  12%|█▏        | 13644/111532 [01:15<04:29, 362.94epoch-kanal/s]
Veri yükleniyor:  12%|█▏        | 13683/111532 [01:15<04:24, 370.44epoch-kanal/s]
Veri yükleniyor:  12%|█▏        | 13721/111532 [01:15<04:24, 369.99epoch-kanal/s]
Veri yükleniyor:  12%|█▏        | 13761/111532 [01:15<04:18, 377.64epoch-kanal/s]
Veri yükleniyor:  12%|█▏        | 13800/111532 [01:15<04:18, 378.68epoch-kanal/s]
Veri yükleniyor:  12%|█▏        | 13839/111532 [01:15<04:16, 380.68epoch-kanal/s]
Veri yükleniyor:  12%|█▏        | 13879/111532 [01:16<04:14, 384.05epoch-kanal/s]
Veri yükleniyor:  12%|█▏        | 13918/111532 [01:16<04:13, 385.01epoch-kanal/s]
Veri yükleniyor:  13%|█▎        | 13958/111532 [01:16<04:11, 388.19epoch-kanal/s]
Veri yükleniyor:  13%|█▎        | 13998/111532 [01:16<04:10, 389.36epoch-kanal/s]
Veri yükleniyor:  13%|█▎        | 14037/111532 [01:16<04:10, 389.51epoch-kanal/s]
Veri yükleniyor:  13%|█▎        | 14077/111532 [01:16<04:09, 390.04epoch-kanal/s]
Veri yükleniyor:  13%|█▎        | 14117/111532 [01:16<04:30, 360.15epoch-kanal/s]
Veri yükleniyor:  13%|█▎        | 14154/111532 [01:16<05:38, 287.87epoch-kanal/s]
Veri yükleniyor:  13%|█▎        | 14186/111532 [01:17<06:32, 247.80epoch-kanal/s]
Veri yükleniyor:  13%|█▎        | 14214/111532 [01:17<06:59, 232.14epoch-kanal/s]
Veri yükleniyor:  13%|█▎        | 14239/111532 [01:17<07:19, 221.51epoch-kanal/s]
Veri yükleniyor:  13%|█▎        | 14263/111532 [01:17<07:32, 214.86epoch-kanal/s]
Veri yükleniyor:  13%|█▎        | 14286/111532 [01:17<07:47, 208.06epoch-kanal/s]
Veri yükleniyor:  13%|█▎        | 14308/111532 [01:17<08:00, 202.51epoch-kanal/s]
Veri yükleniyor:  13%|█▎        | 14329/111532 [01:17<08:07, 199.38epoch-kanal/s]
Veri yükleniyor:  13%|█▎        | 14350/111532 [01:17<08:17, 195.18epoch-kanal/s]
Veri yükleniyor:  13%|█▎        | 14370/111532 [01:18<08:26, 191.71epoch-kanal/s]
Veri yükleniyor:  13%|█▎        | 14390/111532 [01:18<08:28, 190.89epoch-kanal/s]
Veri yükleniyor:  13%|█▎        | 14410/111532 [01:18<08:31, 189.75epoch-kanal/s]
Veri yükleniyor:  13%|█▎        | 14429/111532 [01:18<08:32, 189.46epoch-kanal/s]
Veri yükleniyor:  13%|█▎        | 14448/111532 [01:18<08:32, 189.34epoch-kanal/s]
Veri yükleniyor:  13%|█▎        | 14468/111532 [01:18<08:29, 190.32epoch-kanal/s]
Veri yükleniyor:  13%|█▎        | 14488/111532 [01:18<08:40, 186.60epoch-kanal/s]
Veri yükleniyor:  13%|█▎        | 14508/111532 [01:18<08:32, 189.47epoch-kanal/s]
Veri yükleniyor:  13%|█▎        | 14527/111532 [01:18<08:32, 189.43epoch-kanal/s]
Veri yükleniyor:  13%|█▎        | 14546/111532 [01:18<08:40, 186.25epoch-kanal/s]
Veri yükleniyor:  13%|█▎        | 14566/111532 [01:19<08:34, 188.61epoch-kanal/s]
Veri yükleniyor:  13%|█▎        | 14585/111532 [01:19<08:36, 187.58epoch-kanal/s]
Veri yükleniyor:  13%|█▎        | 14605/111532 [01:19<08:29, 190.08epoch-kanal/s]
Veri yükleniyor:  13%|█▎        | 14625/111532 [01:19<08:25, 191.54epoch-kanal/s]
Veri yükleniyor:  13%|█▎        | 14645/111532 [01:19<08:23, 192.34epoch-kanal/s]
Veri yükleniyor:  13%|█▎        | 14665/111532 [01:19<08:22, 192.73epoch-kanal/s]
Veri yükleniyor:  13%|█▎        | 14685/111532 [01:19<08:27, 190.70epoch-kanal/s]
Veri yükleniyor:  13%|█▎        | 14705/111532 [01:19<08:26, 191.27epoch-kanal/s]
Veri yükleniyor:  13%|█▎        | 14725/111532 [01:19<08:27, 190.60epoch-kanal/s]
Veri yükleniyor:  13%|█▎        | 14745/111532 [01:19<08:34, 188.17epoch-kanal/s]
Veri yükleniyor:  13%|█▎        | 14765/111532 [01:20<08:30, 189.50epoch-kanal/s]
Veri yükleniyor:  13%|█▎        | 14785/111532 [01:20<08:23, 192.05epoch-kanal/s]
Veri yükleniyor:  13%|█▎        | 14805/111532 [01:20<08:20, 193.15epoch-kanal/s]
Veri yükleniyor:  13%|█▎        | 14825/111532 [01:20<08:24, 191.87epoch-kanal/s]
Veri yükleniyor:  13%|█▎        | 14845/111532 [01:20<08:23, 192.11epoch-kanal/s]
Veri yükleniyor:  13%|█▎        | 14865/111532 [01:20<08:26, 191.01epoch-kanal/s]
Veri yükleniyor:  13%|█▎        | 14885/111532 [01:20<08:26, 190.64epoch-kanal/s]
Veri yükleniyor:  13%|█▎        | 14905/111532 [01:20<08:21, 192.80epoch-kanal/s]
Veri yükleniyor:  13%|█▎        | 14925/111532 [01:20<08:41, 185.11epoch-kanal/s]
Veri yükleniyor:  13%|█▎        | 14945/111532 [01:21<08:34, 187.86epoch-kanal/s]
Veri yükleniyor:  13%|█▎        | 14965/111532 [01:21<08:28, 189.76epoch-kanal/s]
Veri yükleniyor:  13%|█▎        | 14985/111532 [01:21<08:28, 189.88epoch-kanal/s]
Veri yükleniyor:  13%|█▎        | 15005/111532 [01:21<08:29, 189.44epoch-kanal/s]
Veri yükleniyor:  13%|█▎        | 15024/111532 [01:21<08:29, 189.54epoch-kanal/s]
Veri yükleniyor:  13%|█▎        | 15043/111532 [01:21<08:30, 188.84epoch-kanal/s]
Veri yükleniyor:  14%|█▎        | 15062/111532 [01:21<08:38, 186.15epoch-kanal/s]
Veri yükleniyor:  14%|█▎        | 15082/111532 [01:21<08:31, 188.54epoch-kanal/s]
Veri yükleniyor:  14%|█▎        | 15101/111532 [01:21<08:38, 186.07epoch-kanal/s]
Veri yükleniyor:  14%|█▎        | 15120/111532 [01:21<08:44, 183.76epoch-kanal/s]
Veri yükleniyor:  14%|█▎        | 15139/111532 [01:22<08:43, 183.98epoch-kanal/s]
Veri yükleniyor:  14%|█▎        | 15158/111532 [01:22<08:40, 185.03epoch-kanal/s]
Veri yükleniyor:  14%|█▎        | 15178/111532 [01:22<08:34, 187.22epoch-kanal/s]
Veri yükleniyor:  14%|█▎        | 15198/111532 [01:22<08:33, 187.50epoch-kanal/s]
Veri yükleniyor:  14%|█▎        | 15218/111532 [01:22<08:26, 190.04epoch-kanal/s]
Veri yükleniyor:  14%|█▎        | 15238/111532 [01:22<08:27, 189.91epoch-kanal/s]
Veri yükleniyor:  14%|█▎        | 15257/111532 [01:22<08:27, 189.67epoch-kanal/s]
Veri yükleniyor:  14%|█▎        | 15276/111532 [01:22<08:27, 189.76epoch-kanal/s]
Veri yükleniyor:  14%|█▎        | 15295/111532 [01:22<08:32, 187.62epoch-kanal/s]
Veri yükleniyor:  14%|█▎        | 15314/111532 [01:23<08:34, 187.14epoch-kanal/s]
Veri yükleniyor:  14%|█▎        | 15334/111532 [01:23<08:29, 188.65epoch-kanal/s]
Veri yükleniyor:  14%|█▍        | 15353/111532 [01:23<08:29, 188.80epoch-kanal/s]
Veri yükleniyor:  14%|█▍        | 15373/111532 [01:23<08:26, 189.89epoch-kanal/s]
Veri yükleniyor:  14%|█▍        | 15392/111532 [01:23<08:31, 187.87epoch-kanal/s]
Veri yükleniyor:  14%|█▍        | 15412/111532 [01:23<08:27, 189.33epoch-kanal/s]
Veri yükleniyor:  14%|█▍        | 15432/111532 [01:23<08:23, 190.82epoch-kanal/s]
Veri yükleniyor:  14%|█▍        | 15452/111532 [01:23<08:25, 190.26epoch-kanal/s]
Veri yükleniyor:  14%|█▍        | 15472/111532 [01:23<08:20, 191.82epoch-kanal/s]
Veri yükleniyor:  14%|█▍        | 15492/111532 [01:23<08:35, 186.17epoch-kanal/s]
Veri yükleniyor:  14%|█▍        | 15511/111532 [01:24<08:33, 186.98epoch-kanal/s]
Veri yükleniyor:  14%|█▍        | 15531/111532 [01:24<08:30, 188.01epoch-kanal/s]
Veri yükleniyor:  14%|█▍        | 15551/111532 [01:24<08:24, 190.27epoch-kanal/s]
Veri yükleniyor:  14%|█▍        | 15571/111532 [01:24<08:24, 190.22epoch-kanal/s]
Veri yükleniyor:  14%|█▍        | 15591/111532 [01:24<08:28, 188.82epoch-kanal/s]
Veri yükleniyor:  14%|█▍        | 15610/111532 [01:24<08:36, 185.61epoch-kanal/s]
Veri yükleniyor:  14%|█▍        | 15629/111532 [01:24<08:45, 182.60epoch-kanal/s]
Veri yükleniyor:  14%|█▍        | 15649/111532 [01:24<08:35, 185.93epoch-kanal/s]
Veri yükleniyor:  14%|█▍        | 15668/111532 [01:24<08:42, 183.40epoch-kanal/s]
Veri yükleniyor:  14%|█▍        | 15687/111532 [01:24<08:40, 184.19epoch-kanal/s]
Veri yükleniyor:  14%|█▍        | 15706/111532 [01:25<08:39, 184.48epoch-kanal/s]
Veri yükleniyor:  14%|█▍        | 15726/111532 [01:25<08:32, 186.81epoch-kanal/s]
Veri yükleniyor:  14%|█▍        | 15745/111532 [01:25<08:30, 187.61epoch-kanal/s]
Veri yükleniyor:  14%|█▍        | 15765/111532 [01:25<08:26, 189.04epoch-kanal/s]
Veri yükleniyor:  14%|█▍        | 15785/111532 [01:25<08:22, 190.41epoch-kanal/s]
Veri yükleniyor:  14%|█▍        | 15805/111532 [01:25<08:24, 189.61epoch-kanal/s]
Veri yükleniyor:  14%|█▍        | 15825/111532 [01:25<08:23, 189.94epoch-kanal/s]
Veri yükleniyor:  14%|█▍        | 15844/111532 [01:25<08:23, 189.95epoch-kanal/s]
Veri yükleniyor:  14%|█▍        | 15863/111532 [01:25<08:31, 186.99epoch-kanal/s]
Veri yükleniyor:  14%|█▍        | 15882/111532 [01:26<08:34, 185.83epoch-kanal/s]
Veri yükleniyor:  14%|█▍        | 15902/111532 [01:26<08:26, 188.82epoch-kanal/s]
Veri yükleniyor:  14%|█▍        | 15922/111532 [01:26<08:25, 189.19epoch-kanal/s]
Veri yükleniyor:  14%|█▍        | 15942/111532 [01:26<08:22, 190.34epoch-kanal/s]
Veri yükleniyor:  14%|█▍        | 15962/111532 [01:26<08:22, 190.27epoch-kanal/s]
Veri yükleniyor:  14%|█▍        | 15982/111532 [01:26<08:24, 189.23epoch-kanal/s]
Veri yükleniyor:  14%|█▍        | 16001/111532 [01:26<08:28, 187.79epoch-kanal/s]
Veri yükleniyor:  14%|█▍        | 16020/111532 [01:26<08:31, 186.72epoch-kanal/s]
Veri yükleniyor:  14%|█▍        | 16039/111532 [01:26<08:30, 186.93epoch-kanal/s]
Veri yükleniyor:  14%|█▍        | 16058/111532 [01:26<08:42, 182.75epoch-kanal/s]
Veri yükleniyor:  14%|█▍        | 16077/111532 [01:27<09:50, 161.70epoch-kanal/s]
Veri yükleniyor:  14%|█▍        | 16096/111532 [01:27<09:31, 167.04epoch-kanal/s]
Veri yükleniyor:  14%|█▍        | 16116/111532 [01:27<09:07, 174.15epoch-kanal/s]
Veri yükleniyor:  14%|█▍        | 16135/111532 [01:27<08:56, 177.65epoch-kanal/s]
Veri yükleniyor:  14%|█▍        | 16155/111532 [01:27<08:44, 181.93epoch-kanal/s]
Veri yükleniyor:  15%|█▍        | 16174/111532 [01:27<08:57, 177.25epoch-kanal/s]
Veri yükleniyor:  15%|█▍        | 16194/111532 [01:27<08:48, 180.46epoch-kanal/s]
Veri yükleniyor:  15%|█▍        | 16214/111532 [01:27<08:40, 183.20epoch-kanal/s]
Veri yükleniyor:  15%|█▍        | 16233/111532 [01:27<08:48, 180.27epoch-kanal/s]
Veri yükleniyor:  15%|█▍        | 16252/111532 [01:28<08:44, 181.58epoch-kanal/s]
Veri yükleniyor:  15%|█▍        | 16271/111532 [01:28<08:38, 183.89epoch-kanal/s]
Veri yükleniyor:  15%|█▍        | 16291/111532 [01:28<08:31, 186.35epoch-kanal/s]
Veri yükleniyor:  15%|█▍        | 16310/111532 [01:28<08:31, 186.15epoch-kanal/s]
Veri yükleniyor:  15%|█▍        | 16330/111532 [01:28<08:25, 188.45epoch-kanal/s]
Veri yükleniyor:  15%|█▍        | 16349/111532 [01:28<08:26, 187.84epoch-kanal/s]
Veri yükleniyor:  15%|█▍        | 16368/111532 [01:28<08:25, 188.26epoch-kanal/s]
Veri yükleniyor:  15%|█▍        | 16388/111532 [01:28<08:19, 190.35epoch-kanal/s]
Veri yükleniyor:  15%|█▍        | 16408/111532 [01:28<08:30, 186.24epoch-kanal/s]
Veri yükleniyor:  15%|█▍        | 16427/111532 [01:29<08:34, 184.71epoch-kanal/s]
Veri yükleniyor:  15%|█▍        | 16446/111532 [01:29<08:33, 185.33epoch-kanal/s]
Veri yükleniyor:  15%|█▍        | 16466/111532 [01:29<08:25, 188.11epoch-kanal/s]
Veri yükleniyor:  15%|█▍        | 16485/111532 [01:29<08:25, 188.02epoch-kanal/s]
Veri yükleniyor:  15%|█▍        | 16504/111532 [01:29<08:27, 187.22epoch-kanal/s]
Veri yükleniyor:  15%|█▍        | 16523/111532 [01:29<08:26, 187.60epoch-kanal/s]
Veri yükleniyor:  15%|█▍        | 16542/111532 [01:29<08:34, 184.45epoch-kanal/s]
Veri yükleniyor:  15%|█▍        | 16562/111532 [01:29<08:27, 187.12epoch-kanal/s]
Veri yükleniyor:  15%|█▍        | 16582/111532 [01:29<08:22, 188.90epoch-kanal/s]
Veri yükleniyor:  15%|█▍        | 16601/111532 [01:29<08:37, 183.37epoch-kanal/s]
Veri yükleniyor:  15%|█▍        | 16620/111532 [01:30<08:36, 183.62epoch-kanal/s]
Veri yükleniyor:  15%|█▍        | 16639/111532 [01:30<08:35, 184.21epoch-kanal/s]
Veri yükleniyor:  15%|█▍        | 16659/111532 [01:30<08:28, 186.68epoch-kanal/s]
Veri yükleniyor:  15%|█▍        | 16678/111532 [01:30<08:26, 187.45epoch-kanal/s]
Veri yükleniyor:  15%|█▍        | 16697/111532 [01:30<08:32, 185.11epoch-kanal/s]
Veri yükleniyor:  15%|█▍        | 16716/111532 [01:30<08:37, 183.26epoch-kanal/s]
Veri yükleniyor:  15%|█▌        | 16735/111532 [01:30<08:42, 181.44epoch-kanal/s]
Veri yükleniyor:  15%|█▌        | 16754/111532 [01:30<08:37, 183.30epoch-kanal/s]
Veri yükleniyor:  15%|█▌        | 16773/111532 [01:30<08:32, 184.72epoch-kanal/s]
Veri yükleniyor:  15%|█▌        | 16792/111532 [01:30<08:39, 182.49epoch-kanal/s]
Veri yükleniyor:  15%|█▌        | 16811/111532 [01:31<09:41, 162.83epoch-kanal/s]
Veri yükleniyor:  15%|█▌        | 16831/111532 [01:31<09:13, 171.12epoch-kanal/s]
Veri yükleniyor:  15%|█▌        | 16850/111532 [01:31<08:59, 175.51epoch-kanal/s]
Veri yükleniyor:  15%|█▌        | 16869/111532 [01:31<08:49, 178.77epoch-kanal/s]
Veri yükleniyor:  15%|█▌        | 16888/111532 [01:31<08:42, 181.23epoch-kanal/s]
Veri yükleniyor:  15%|█▌        | 16907/111532 [01:31<08:36, 183.30epoch-kanal/s]
Veri yükleniyor:  15%|█▌        | 16926/111532 [01:31<08:36, 183.12epoch-kanal/s]
Veri yükleniyor:  15%|█▌        | 16946/111532 [01:31<08:27, 186.30epoch-kanal/s]
Veri yükleniyor:  15%|█▌        | 16965/111532 [01:31<08:37, 182.73epoch-kanal/s]
Veri yükleniyor:  15%|█▌        | 16984/111532 [01:32<08:41, 181.25epoch-kanal/s]
Veri yükleniyor:  15%|█▌        | 17003/111532 [01:32<08:38, 182.36epoch-kanal/s]
Veri yükleniyor:  15%|█▌        | 17023/111532 [01:32<08:26, 186.53epoch-kanal/s]
Veri yükleniyor:  15%|█▌        | 17042/111532 [01:32<08:24, 187.27epoch-kanal/s]
Veri yükleniyor:  15%|█▌        | 17062/111532 [01:32<08:19, 189.01epoch-kanal/s]
Veri yükleniyor:  15%|█▌        | 17082/111532 [01:32<08:19, 189.17epoch-kanal/s]
Veri yükleniyor:  15%|█▌        | 17101/111532 [01:32<08:23, 187.39epoch-kanal/s]
Veri yükleniyor:  15%|█▌        | 17121/111532 [01:32<08:19, 188.94epoch-kanal/s]
Veri yükleniyor:  15%|█▌        | 17140/111532 [01:32<08:25, 186.62epoch-kanal/s]
Veri yükleniyor:  15%|█▌        | 17159/111532 [01:32<08:28, 185.53epoch-kanal/s]
Veri yükleniyor:  15%|█▌        | 17178/111532 [01:33<08:28, 185.51epoch-kanal/s]
Veri yükleniyor:  15%|█▌        | 17198/111532 [01:33<08:21, 188.00epoch-kanal/s]
Veri yükleniyor:  15%|█▌        | 17217/111532 [01:33<08:29, 185.04epoch-kanal/s]
Veri yükleniyor:  15%|█▌        | 17236/111532 [01:33<08:26, 186.19epoch-kanal/s]
Veri yükleniyor:  15%|█▌        | 17255/111532 [01:33<08:27, 185.77epoch-kanal/s]
Veri yükleniyor:  15%|█▌        | 17274/111532 [01:33<08:47, 178.81epoch-kanal/s]
Veri yükleniyor:  16%|█▌        | 17293/111532 [01:33<08:41, 180.74epoch-kanal/s]
Veri yükleniyor:  16%|█▌        | 17313/111532 [01:33<08:34, 183.14epoch-kanal/s]
Veri yükleniyor:  16%|█▌        | 17332/111532 [01:33<08:38, 181.62epoch-kanal/s]
Veri yükleniyor:  16%|█▌        | 17351/111532 [01:34<08:36, 182.33epoch-kanal/s]
Veri yükleniyor:  16%|█▌        | 17370/111532 [01:34<08:31, 184.26epoch-kanal/s]
Veri yükleniyor:  16%|█▌        | 17389/111532 [01:34<08:28, 185.23epoch-kanal/s]
Veri yükleniyor:  16%|█▌        | 17409/111532 [01:34<08:22, 187.40epoch-kanal/s]
Veri yükleniyor:  16%|█▌        | 17428/111532 [01:34<08:22, 187.29epoch-kanal/s]
Veri yükleniyor:  16%|█▌        | 17447/111532 [01:34<08:21, 187.71epoch-kanal/s]
Veri yükleniyor:  16%|█▌        | 17466/111532 [01:34<08:24, 186.56epoch-kanal/s]
Veri yükleniyor:  16%|█▌        | 17485/111532 [01:34<08:23, 186.79epoch-kanal/s]
Veri yükleniyor:  16%|█▌        | 17504/111532 [01:34<08:23, 186.87epoch-kanal/s]
Veri yükleniyor:  16%|█▌        | 17523/111532 [01:34<08:37, 181.77epoch-kanal/s]
Veri yükleniyor:  16%|█▌        | 17542/111532 [01:35<08:31, 183.87epoch-kanal/s]
Veri yükleniyor:  16%|█▌        | 17562/111532 [01:35<08:23, 186.58epoch-kanal/s]
Veri yükleniyor:  16%|█▌        | 17581/111532 [01:35<08:24, 186.12epoch-kanal/s]
Veri yükleniyor:  16%|█▌        | 17600/111532 [01:35<08:23, 186.73epoch-kanal/s]
Veri yükleniyor:  16%|█▌        | 17620/111532 [01:35<08:16, 189.06epoch-kanal/s]
Veri yükleniyor:  16%|█▌        | 17640/111532 [01:35<08:12, 190.50epoch-kanal/s]
Veri yükleniyor:  16%|█▌        | 17660/111532 [01:35<08:57, 174.49epoch-kanal/s]
Veri yükleniyor:  16%|█▌        | 17678/111532 [01:35<09:57, 157.02epoch-kanal/s]
Veri yükleniyor:  16%|█▌        | 17695/111532 [01:35<10:43, 145.92epoch-kanal/s]
Veri yükleniyor:  16%|█▌        | 17711/111532 [01:36<10:49, 144.39epoch-kanal/s]
Veri yükleniyor:  16%|█▌        | 17726/111532 [01:36<11:01, 141.79epoch-kanal/s]
Veri yükleniyor:  16%|█▌        | 17741/111532 [01:36<11:06, 140.70epoch-kanal/s]
Veri yükleniyor:  16%|█▌        | 17758/111532 [01:36<10:37, 147.02epoch-kanal/s]
Veri yükleniyor:  16%|█▌        | 17773/111532 [01:36<11:04, 141.18epoch-kanal/s]
Veri yükleniyor:  16%|█▌        | 17788/111532 [01:36<11:31, 135.47epoch-kanal/s]
Veri yükleniyor:  16%|█▌        | 17803/111532 [01:36<11:17, 138.39epoch-kanal/s]
Veri yükleniyor:  16%|█▌        | 17817/111532 [01:36<11:47, 132.42epoch-kanal/s]
Veri yükleniyor:  16%|█▌        | 17834/111532 [01:36<11:02, 141.51epoch-kanal/s]
Veri yükleniyor:  16%|█▌        | 17854/111532 [01:37<10:00, 156.01epoch-kanal/s]
Veri yükleniyor:  16%|█▌        | 17873/111532 [01:37<09:33, 163.38epoch-kanal/s]
Veri yükleniyor:  16%|█▌        | 17893/111532 [01:37<09:04, 172.07epoch-kanal/s]
Veri yükleniyor:  16%|█▌        | 17912/111532 [01:37<08:50, 176.55epoch-kanal/s]
Veri yükleniyor:  16%|█▌        | 17931/111532 [01:37<08:41, 179.47epoch-kanal/s]
Veri yükleniyor:  16%|█▌        | 17950/111532 [01:37<08:41, 179.54epoch-kanal/s]
Veri yükleniyor:  16%|█▌        | 17969/111532 [01:37<08:34, 181.84epoch-kanal/s]
Veri yükleniyor:  16%|█▌        | 17988/111532 [01:37<08:39, 180.02epoch-kanal/s]
Veri yükleniyor:  16%|█▌        | 18007/111532 [01:37<09:20, 166.88epoch-kanal/s]
Veri yükleniyor:  16%|█▌        | 18024/111532 [01:38<09:53, 157.51epoch-kanal/s]
Veri yükleniyor:  16%|█▌        | 18040/111532 [01:38<10:00, 155.73epoch-kanal/s]
Veri yükleniyor:  16%|█▌        | 18057/111532 [01:38<09:45, 159.58epoch-kanal/s]
Veri yükleniyor:  16%|█▌        | 18074/111532 [01:38<11:02, 141.08epoch-kanal/s]
Veri yükleniyor:  16%|█▌        | 18091/111532 [01:38<10:32, 147.64epoch-kanal/s]
Veri yükleniyor:  16%|█▌        | 18110/111532 [01:38<09:50, 158.15epoch-kanal/s]
Veri yükleniyor:  16%|█▋        | 18129/111532 [01:38<09:21, 166.45epoch-kanal/s]
Veri yükleniyor:  16%|█▋        | 18148/111532 [01:38<08:59, 172.95epoch-kanal/s]
Veri yükleniyor:  16%|█▋        | 18166/111532 [01:38<09:03, 171.78epoch-kanal/s]
Veri yükleniyor:  16%|█▋        | 18185/111532 [01:39<08:50, 175.89epoch-kanal/s]
Veri yükleniyor:  16%|█▋        | 18205/111532 [01:39<08:35, 180.96epoch-kanal/s]
Veri yükleniyor:  16%|█▋        | 18224/111532 [01:39<08:30, 182.75epoch-kanal/s]
Veri yükleniyor:  16%|█▋        | 18243/111532 [01:39<08:25, 184.50epoch-kanal/s]
Veri yükleniyor:  16%|█▋        | 18262/111532 [01:39<08:28, 183.49epoch-kanal/s]
Veri yükleniyor:  16%|█▋        | 18281/111532 [01:39<08:31, 182.38epoch-kanal/s]
Veri yükleniyor:  16%|█▋        | 18300/111532 [01:39<09:03, 171.58epoch-kanal/s]
Veri yükleniyor:  16%|█▋        | 18318/111532 [01:39<09:19, 166.50epoch-kanal/s]
Veri yükleniyor:  16%|█▋        | 18335/111532 [01:39<10:22, 149.83epoch-kanal/s]
Veri yükleniyor:  16%|█▋        | 18354/111532 [01:40<09:43, 159.63epoch-kanal/s]
Veri yükleniyor:  16%|█▋        | 18373/111532 [01:40<09:17, 166.97epoch-kanal/s]
Veri yükleniyor:  16%|█▋        | 18392/111532 [01:40<08:59, 172.69epoch-kanal/s]
Veri yükleniyor:  17%|█▋        | 18411/111532 [01:40<08:44, 177.45epoch-kanal/s]
Veri yükleniyor:  17%|█▋        | 18431/111532 [01:40<08:31, 181.84epoch-kanal/s]
Veri yükleniyor:  17%|█▋        | 18450/111532 [01:40<08:29, 182.76epoch-kanal/s]
Veri yükleniyor:  17%|█▋        | 18469/111532 [01:40<08:30, 182.23epoch-kanal/s]
Veri yükleniyor:  17%|█▋        | 18488/111532 [01:40<08:26, 183.53epoch-kanal/s]
Veri yükleniyor:  17%|█▋        | 18507/111532 [01:40<08:31, 181.98epoch-kanal/s]
Veri yükleniyor:  17%|█▋        | 18526/111532 [01:40<08:38, 179.46epoch-kanal/s]
Veri yükleniyor:  17%|█▋        | 18545/111532 [01:41<08:31, 181.89epoch-kanal/s]
Veri yükleniyor:  17%|█▋        | 18564/111532 [01:41<08:30, 182.21epoch-kanal/s]
Veri yükleniyor:  17%|█▋        | 18583/111532 [01:41<08:25, 183.91epoch-kanal/s]
Veri yükleniyor:  17%|█▋        | 18602/111532 [01:41<08:25, 183.68epoch-kanal/s]
Veri yükleniyor:  17%|█▋        | 18621/111532 [01:41<08:22, 184.78epoch-kanal/s]
Veri yükleniyor:  17%|█▋        | 18640/111532 [01:41<08:21, 185.31epoch-kanal/s]
Veri yükleniyor:  17%|█▋        | 18659/111532 [01:41<08:22, 184.79epoch-kanal/s]
Veri yükleniyor:  17%|█▋        | 18678/111532 [01:41<08:19, 185.84epoch-kanal/s]
Veri yükleniyor:  17%|█▋        | 18697/111532 [01:41<08:30, 181.88epoch-kanal/s]
Veri yükleniyor:  17%|█▋        | 18716/111532 [01:42<08:36, 179.85epoch-kanal/s]
Veri yükleniyor:  17%|█▋        | 18735/111532 [01:42<08:28, 182.34epoch-kanal/s]
Veri yükleniyor:  17%|█▋        | 18754/111532 [01:42<08:24, 183.88epoch-kanal/s]
Veri yükleniyor:  17%|█▋        | 18773/111532 [01:42<08:20, 185.46epoch-kanal/s]
Veri yükleniyor:  17%|█▋        | 18792/111532 [01:42<08:20, 185.14epoch-kanal/s]
Veri yükleniyor:  17%|█▋        | 18811/111532 [01:42<08:22, 184.52epoch-kanal/s]
Veri yükleniyor:  17%|█▋        | 18814/111532 [02:00<08:22, 184.52epoch-kanal/s]
Veri yükleniyor:  17%|█▋        | 18815/111532 [02:02<10:53:41,  2.36epoch-kanal/s]
Veri yükleniyor:  17%|█▋        | 18855/111532 [02:02<5:01:33,  5.12epoch-kanal/s] 
Veri yükleniyor:  17%|█▋        | 18895/111532 [02:02<2:51:36,  9.00epoch-kanal/s]
Veri yükleniyor:  17%|█▋        | 18936/111532 [02:03<1:46:09, 14.54epoch-kanal/s]
Veri yükleniyor:  17%|█▋        | 18977/111532 [02:03<1:09:30, 22.19epoch-kanal/s]
Veri yükleniyor:  17%|█▋        | 19018/111532 [02:03<47:16, 32.61epoch-kanal/s]  
Veri yükleniyor:  17%|█▋        | 19057/111532 [02:03<33:38, 45.81epoch-kanal/s]
Veri yükleniyor:  17%|█▋        | 19095/111532 [02:06<1:03:14, 24.36epoch-kanal/s]
Veri yükleniyor:  17%|█▋        | 19135/111532 [02:06<44:35, 34.54epoch-kanal/s]  
Veri yükleniyor:  17%|█▋        | 19176/111532 [02:06<31:43, 48.53epoch-kanal/s]
Veri yükleniyor:  17%|█▋        | 19217/111532 [02:06<23:02, 66.77epoch-kanal/s]
Veri yükleniyor:  17%|█▋        | 19258/111532 [02:06<17:07, 89.82epoch-kanal/s]
Veri yükleniyor:  17%|█▋        | 19298/111532 [02:07<13:09, 116.82epoch-kanal/s]
Veri yükleniyor:  17%|█▋        | 19339/111532 [02:07<10:18, 149.17epoch-kanal/s]
Veri yükleniyor:  17%|█▋        | 19380/111532 [02:07<08:19, 184.57epoch-kanal/s]
Veri yükleniyor:  17%|█▋        | 19420/111532 [02:07<07:00, 219.02epoch-kanal/s]
Veri yükleniyor:  17%|█▋        | 19460/111532 [02:10<41:22, 37.09epoch-kanal/s] 
Veri yükleniyor:  17%|█▋        | 19501/111532 [02:10<29:57, 51.21epoch-kanal/s]
Veri yükleniyor:  18%|█▊        | 19543/111532 [02:10<21:52, 70.10epoch-kanal/s]
Veri yükleniyor:  18%|█▊        | 19584/111532 [02:10<16:25, 93.27epoch-kanal/s]
Veri yükleniyor:  18%|█▊        | 19624/111532 [02:10<12:42, 120.50epoch-kanal/s]
Veri yükleniyor:  18%|█▊        | 19662/111532 [02:11<10:48, 141.58epoch-kanal/s]
Veri yükleniyor:  18%|█▊        | 19703/111532 [02:11<08:39, 176.73epoch-kanal/s]
Veri yükleniyor:  18%|█▊        | 19743/111532 [02:11<07:13, 211.59epoch-kanal/s]
Veri yükleniyor:  18%|█▊        | 19783/111532 [02:11<06:13, 245.92epoch-kanal/s]
Veri yükleniyor:  18%|█▊        | 19822/111532 [02:11<05:33, 275.20epoch-kanal/s]
Veri yükleniyor:  18%|█▊        | 19862/111532 [02:11<05:02, 302.55epoch-kanal/s]
Veri yükleniyor:  18%|█▊        | 19903/111532 [02:11<04:39, 327.32epoch-kanal/s]
Veri yükleniyor:  18%|█▊        | 19943/111532 [02:11<04:25, 345.49epoch-kanal/s]
Veri yükleniyor:  18%|█▊        | 19983/111532 [02:11<04:14, 359.13epoch-kanal/s]
Veri yükleniyor:  18%|█▊        | 20023/111532 [02:12<04:07, 370.10epoch-kanal/s]
Veri yükleniyor:  18%|█▊        | 20063/111532 [02:12<04:02, 377.73epoch-kanal/s]
Veri yükleniyor:  18%|█▊        | 20104/111532 [02:12<03:56, 385.80epoch-kanal/s]
Veri yükleniyor:  18%|█▊        | 20144/111532 [02:12<03:55, 387.50epoch-kanal/s]
Veri yükleniyor:  18%|█▊        | 20185/111532 [02:12<03:53, 391.69epoch-kanal/s]
Veri yükleniyor:  18%|█▊        | 20225/111532 [02:12<03:54, 389.44epoch-kanal/s]
Veri yükleniyor:  18%|█▊        | 20265/111532 [02:12<03:56, 385.39epoch-kanal/s]
Veri yükleniyor:  18%|█▊        | 20305/111532 [02:12<03:54, 389.58epoch-kanal/s]
Veri yükleniyor:  18%|█▊        | 20345/111532 [02:12<03:52, 392.54epoch-kanal/s]
Veri yükleniyor:  18%|█▊        | 20385/111532 [02:12<03:52, 392.26epoch-kanal/s]
Veri yükleniyor:  18%|█▊        | 20425/111532 [02:13<03:55, 387.58epoch-kanal/s]
Veri yükleniyor:  18%|█▊        | 20465/111532 [02:13<03:53, 390.03epoch-kanal/s]
Veri yükleniyor:  18%|█▊        | 20505/111532 [02:13<03:52, 391.38epoch-kanal/s]
Veri yükleniyor:  18%|█▊        | 20546/111532 [02:13<03:50, 394.35epoch-kanal/s]
Veri yükleniyor:  18%|█▊        | 20586/111532 [02:13<03:50, 394.90epoch-kanal/s]
Veri yükleniyor:  18%|█▊        | 20626/111532 [02:13<03:52, 390.65epoch-kanal/s]
Veri yükleniyor:  19%|█▊        | 20666/111532 [02:13<03:51, 392.61epoch-kanal/s]
Veri yükleniyor:  19%|█▊        | 20707/111532 [02:13<03:49, 395.22epoch-kanal/s]
Veri yükleniyor:  19%|█▊        | 20747/111532 [02:13<03:50, 393.97epoch-kanal/s]
Veri yükleniyor:  19%|█▊        | 20787/111532 [02:13<03:51, 392.43epoch-kanal/s]
Veri yükleniyor:  19%|█▊        | 20827/111532 [02:14<03:55, 384.87epoch-kanal/s]
Veri yükleniyor:  19%|█▊        | 20867/111532 [02:14<03:53, 389.05epoch-kanal/s]
Veri yükleniyor:  19%|█▊        | 20907/111532 [02:14<03:51, 391.35epoch-kanal/s]
Veri yükleniyor:  19%|█▉        | 20947/111532 [02:14<03:50, 393.75epoch-kanal/s]
Veri yükleniyor:  19%|█▉        | 20987/111532 [02:14<03:50, 392.18epoch-kanal/s]
Veri yükleniyor:  19%|█▉        | 21027/111532 [02:14<03:51, 391.68epoch-kanal/s]
Veri yükleniyor:  19%|█▉        | 21067/111532 [02:14<03:49, 393.46epoch-kanal/s]
Veri yükleniyor:  19%|█▉        | 21107/111532 [02:14<03:49, 394.59epoch-kanal/s]
Veri yükleniyor:  19%|█▉        | 21148/111532 [02:14<03:47, 397.01epoch-kanal/s]
Veri yükleniyor:  19%|█▉        | 21188/111532 [02:15<03:51, 390.54epoch-kanal/s]
Veri yükleniyor:  19%|█▉        | 21229/111532 [02:15<03:49, 393.39epoch-kanal/s]
Veri yükleniyor:  19%|█▉        | 21269/111532 [02:15<03:50, 392.05epoch-kanal/s]
Veri yükleniyor:  19%|█▉        | 21310/111532 [02:15<03:48, 395.66epoch-kanal/s]
Veri yükleniyor:  19%|█▉        | 21350/111532 [02:15<03:48, 395.41epoch-kanal/s]
Veri yükleniyor:  19%|█▉        | 21391/111532 [02:15<03:46, 398.03epoch-kanal/s]
Veri yükleniyor:  19%|█▉        | 21431/111532 [02:15<03:48, 394.89epoch-kanal/s]
Veri yükleniyor:  19%|█▉        | 21472/111532 [02:15<03:46, 397.04epoch-kanal/s]
Veri yükleniyor:  19%|█▉        | 21512/111532 [02:15<03:46, 397.61epoch-kanal/s]
Veri yükleniyor:  19%|█▉        | 21552/111532 [02:15<03:47, 396.01epoch-kanal/s]
Veri yükleniyor:  19%|█▉        | 21592/111532 [02:16<03:47, 394.55epoch-kanal/s]
Veri yükleniyor:  19%|█▉        | 21632/111532 [02:16<03:48, 392.85epoch-kanal/s]
Veri yükleniyor:  19%|█▉        | 21672/111532 [02:16<03:48, 392.65epoch-kanal/s]
Veri yükleniyor:  19%|█▉        | 21712/111532 [02:16<03:47, 394.40epoch-kanal/s]
Veri yükleniyor:  20%|█▉        | 21753/111532 [02:16<03:46, 397.18epoch-kanal/s]
Veri yükleniyor:  20%|█▉        | 21793/111532 [02:16<03:49, 390.20epoch-kanal/s]
Veri yükleniyor:  20%|█▉        | 21833/111532 [02:16<03:49, 390.95epoch-kanal/s]
Veri yükleniyor:  20%|█▉        | 21873/111532 [02:16<03:49, 391.31epoch-kanal/s]
Veri yükleniyor:  20%|█▉        | 21913/111532 [02:16<03:47, 393.65epoch-kanal/s]
Veri yükleniyor:  20%|█▉        | 21953/111532 [02:16<03:46, 394.98epoch-kanal/s]
Veri yükleniyor:  20%|█▉        | 21993/111532 [02:17<03:49, 390.37epoch-kanal/s]
Veri yükleniyor:  20%|█▉        | 22033/111532 [02:17<03:47, 392.62epoch-kanal/s]
Veri yükleniyor:  20%|█▉        | 22073/111532 [02:17<03:48, 391.61epoch-kanal/s]
Veri yükleniyor:  20%|█▉        | 22114/111532 [02:17<03:46, 394.66epoch-kanal/s]
Veri yükleniyor:  20%|█▉        | 22154/111532 [02:17<03:50, 388.24epoch-kanal/s]
Veri yükleniyor:  20%|█▉        | 22194/111532 [02:17<03:48, 390.59epoch-kanal/s]
Veri yükleniyor:  20%|█▉        | 22234/111532 [02:17<03:47, 393.01epoch-kanal/s]
Veri yükleniyor:  20%|█▉        | 22274/111532 [02:17<03:46, 394.34epoch-kanal/s]
Veri yükleniyor:  20%|██        | 22314/111532 [02:17<03:49, 389.58epoch-kanal/s]
Veri yükleniyor:  20%|██        | 22354/111532 [02:17<03:48, 391.09epoch-kanal/s]
Veri yükleniyor:  20%|██        | 22394/111532 [02:18<03:47, 392.54epoch-kanal/s]
Veri yükleniyor:  20%|██        | 22435/111532 [02:18<03:45, 395.35epoch-kanal/s]
Veri yükleniyor:  20%|██        | 22475/111532 [02:18<03:44, 396.27epoch-kanal/s]
Veri yükleniyor:  20%|██        | 22515/111532 [02:18<03:48, 390.10epoch-kanal/s]
Veri yükleniyor:  20%|██        | 22556/111532 [02:18<03:46, 393.21epoch-kanal/s]
Veri yükleniyor:  20%|██        | 22596/111532 [02:18<03:47, 390.12epoch-kanal/s]
Veri yükleniyor:  20%|██        | 22636/111532 [02:18<03:48, 388.48epoch-kanal/s]
Veri yükleniyor:  20%|██        | 22676/111532 [02:18<03:47, 389.75epoch-kanal/s]
Veri yükleniyor:  20%|██        | 22715/111532 [02:18<03:51, 383.91epoch-kanal/s]
Veri yükleniyor:  20%|██        | 22756/111532 [02:19<03:48, 388.84epoch-kanal/s]
Veri yükleniyor:  20%|██        | 22795/111532 [02:19<03:48, 387.81epoch-kanal/s]
Veri yükleniyor:  20%|██        | 22835/111532 [02:19<03:47, 389.66epoch-kanal/s]
Veri yükleniyor:  21%|██        | 22874/111532 [02:19<03:47, 388.96epoch-kanal/s]
Veri yükleniyor:  21%|██        | 22914/111532 [02:19<03:46, 391.04epoch-kanal/s]
Veri yükleniyor:  21%|██        | 22954/111532 [02:19<03:45, 393.00epoch-kanal/s]
Veri yükleniyor:  21%|██        | 22994/111532 [02:19<03:47, 388.96epoch-kanal/s]
Veri yükleniyor:  21%|██        | 23034/111532 [02:19<03:45, 391.60epoch-kanal/s]
Veri yükleniyor:  21%|██        | 23074/111532 [02:19<03:46, 389.81epoch-kanal/s]
Veri yükleniyor:  21%|██        | 23113/111532 [02:19<03:48, 387.74epoch-kanal/s]
Veri yükleniyor:  21%|██        | 23153/111532 [02:20<03:46, 390.54epoch-kanal/s]
Veri yükleniyor:  21%|██        | 23193/111532 [02:20<03:46, 389.51epoch-kanal/s]
Veri yükleniyor:  21%|██        | 23233/111532 [02:20<03:45, 392.10epoch-kanal/s]
Veri yükleniyor:  21%|██        | 23273/111532 [02:20<03:44, 392.47epoch-kanal/s]
Veri yükleniyor:  21%|██        | 23313/111532 [02:20<03:45, 390.54epoch-kanal/s]
Veri yükleniyor:  21%|██        | 23353/111532 [02:20<03:44, 392.35epoch-kanal/s]
Veri yükleniyor:  21%|██        | 23393/111532 [02:20<03:47, 386.85epoch-kanal/s]
Veri yükleniyor:  21%|██        | 23433/111532 [02:20<03:46, 389.35epoch-kanal/s]
Veri yükleniyor:  21%|██        | 23473/111532 [02:20<03:44, 392.43epoch-kanal/s]
Veri yükleniyor:  21%|██        | 23513/111532 [02:20<03:50, 381.98epoch-kanal/s]
Veri yükleniyor:  21%|██        | 23552/111532 [02:21<04:53, 299.79epoch-kanal/s]
Veri yükleniyor:  21%|██        | 23585/111532 [02:21<05:36, 261.05epoch-kanal/s]
Veri yükleniyor:  21%|██        | 23614/111532 [02:21<06:03, 241.61epoch-kanal/s]
Veri yükleniyor:  21%|██        | 23640/111532 [02:21<06:34, 222.70epoch-kanal/s]
Veri yükleniyor:  21%|██        | 23664/111532 [02:21<06:47, 215.43epoch-kanal/s]
Veri yükleniyor:  21%|██        | 23687/111532 [02:21<07:00, 209.13epoch-kanal/s]
Veri yükleniyor:  21%|██▏       | 23709/111532 [02:22<07:58, 183.48epoch-kanal/s]
Veri yükleniyor:  21%|██▏       | 23729/111532 [02:22<07:55, 184.71epoch-kanal/s]
Veri yükleniyor:  21%|██▏       | 23749/111532 [02:22<07:49, 187.12epoch-kanal/s]
Veri yükleniyor:  21%|██▏       | 23769/111532 [02:22<07:41, 190.14epoch-kanal/s]
Veri yükleniyor:  21%|██▏       | 23789/111532 [02:22<07:44, 189.01epoch-kanal/s]
Veri yükleniyor:  21%|██▏       | 23809/111532 [02:22<07:39, 191.02epoch-kanal/s]
Veri yükleniyor:  21%|██▏       | 23829/111532 [02:22<07:41, 189.91epoch-kanal/s]
Veri yükleniyor:  21%|██▏       | 23849/111532 [02:22<07:39, 190.84epoch-kanal/s]
Veri yükleniyor:  21%|██▏       | 23869/111532 [02:22<07:40, 190.35epoch-kanal/s]
Veri yükleniyor:  21%|██▏       | 23889/111532 [02:22<07:48, 187.09epoch-kanal/s]
Veri yükleniyor:  21%|██▏       | 23908/111532 [02:23<07:49, 186.75epoch-kanal/s]
Veri yükleniyor:  21%|██▏       | 23928/111532 [02:23<07:41, 189.85epoch-kanal/s]
Veri yükleniyor:  21%|██▏       | 23948/111532 [02:23<07:42, 189.36epoch-kanal/s]
Veri yükleniyor:  21%|██▏       | 23967/111532 [02:23<07:44, 188.31epoch-kanal/s]
Veri yükleniyor:  22%|██▏       | 23987/111532 [02:23<07:39, 190.62epoch-kanal/s]
Veri yükleniyor:  22%|██▏       | 24007/111532 [02:23<07:39, 190.34epoch-kanal/s]
Veri yükleniyor:  22%|██▏       | 24027/111532 [02:23<07:39, 190.49epoch-kanal/s]
Veri yükleniyor:  22%|██▏       | 24047/111532 [02:23<07:41, 189.50epoch-kanal/s]
Veri yükleniyor:  22%|██▏       | 24066/111532 [02:23<07:49, 186.15epoch-kanal/s]
Veri yükleniyor:  22%|██▏       | 24085/111532 [02:24<07:48, 186.74epoch-kanal/s]
Veri yükleniyor:  22%|██▏       | 24104/111532 [02:24<07:46, 187.54epoch-kanal/s]
Veri yükleniyor:  22%|██▏       | 24123/111532 [02:24<07:44, 188.08epoch-kanal/s]
Veri yükleniyor:  22%|██▏       | 24143/111532 [02:24<07:42, 189.12epoch-kanal/s]
Veri yükleniyor:  22%|██▏       | 24162/111532 [02:24<07:42, 189.04epoch-kanal/s]
Veri yükleniyor:  22%|██▏       | 24182/111532 [02:24<07:40, 189.66epoch-kanal/s]
Veri yükleniyor:  22%|██▏       | 24201/111532 [02:24<07:46, 187.40epoch-kanal/s]
Veri yükleniyor:  22%|██▏       | 24220/111532 [02:24<07:48, 186.25epoch-kanal/s]
Veri yükleniyor:  22%|██▏       | 24239/111532 [02:24<07:48, 186.16epoch-kanal/s]
Veri yükleniyor:  22%|██▏       | 24258/111532 [02:24<08:02, 180.85epoch-kanal/s]
Veri yükleniyor:  22%|██▏       | 24278/111532 [02:25<07:54, 183.98epoch-kanal/s]
Veri yükleniyor:  22%|██▏       | 24297/111532 [02:25<07:52, 184.53epoch-kanal/s]
Veri yükleniyor:  22%|██▏       | 24317/111532 [02:25<07:47, 186.46epoch-kanal/s]
Veri yükleniyor:  22%|██▏       | 24337/111532 [02:25<07:42, 188.70epoch-kanal/s]
Veri yükleniyor:  22%|██▏       | 24356/111532 [02:25<07:42, 188.65epoch-kanal/s]
Veri yükleniyor:  22%|██▏       | 24376/111532 [02:25<07:38, 190.25epoch-kanal/s]
Veri yükleniyor:  22%|██▏       | 24396/111532 [02:25<07:38, 189.91epoch-kanal/s]
Veri yükleniyor:  22%|██▏       | 24416/111532 [02:25<07:35, 191.40epoch-kanal/s]
Veri yükleniyor:  22%|██▏       | 24436/111532 [02:25<07:39, 189.49epoch-kanal/s]
Veri yükleniyor:  22%|██▏       | 24455/111532 [02:25<07:43, 187.72epoch-kanal/s]
Veri yükleniyor:  22%|██▏       | 24474/111532 [02:26<07:57, 182.40epoch-kanal/s]
Veri yükleniyor:  22%|██▏       | 24494/111532 [02:26<07:48, 185.92epoch-kanal/s]
Veri yükleniyor:  22%|██▏       | 24514/111532 [02:26<07:41, 188.76epoch-kanal/s]
Veri yükleniyor:  22%|██▏       | 24533/111532 [02:26<07:44, 187.27epoch-kanal/s]
Veri yükleniyor:  22%|██▏       | 24553/111532 [02:26<07:37, 190.06epoch-kanal/s]
Veri yükleniyor:  22%|██▏       | 24573/111532 [02:26<07:36, 190.65epoch-kanal/s]
Veri yükleniyor:  22%|██▏       | 24593/111532 [02:26<07:39, 189.33epoch-kanal/s]
Veri yükleniyor:  22%|██▏       | 24612/111532 [02:26<07:41, 188.26epoch-kanal/s]
Veri yükleniyor:  22%|██▏       | 24631/111532 [02:26<07:51, 184.22epoch-kanal/s]
Veri yükleniyor:  22%|██▏       | 24650/111532 [02:27<07:51, 184.13epoch-kanal/s]
Veri yükleniyor:  22%|██▏       | 24669/111532 [02:27<07:51, 184.40epoch-kanal/s]
Veri yükleniyor:  22%|██▏       | 24689/111532 [02:27<07:47, 185.78epoch-kanal/s]
Veri yükleniyor:  22%|██▏       | 24709/111532 [02:27<07:41, 188.19epoch-kanal/s]
Veri yükleniyor:  22%|██▏       | 24728/111532 [02:27<07:41, 188.29epoch-kanal/s]
Veri yükleniyor:  22%|██▏       | 24747/111532 [02:27<07:40, 188.45epoch-kanal/s]
Veri yükleniyor:  22%|██▏       | 24766/111532 [02:27<07:53, 183.08epoch-kanal/s]
Veri yükleniyor:  22%|██▏       | 24785/111532 [02:27<07:58, 181.47epoch-kanal/s]
Veri yükleniyor:  22%|██▏       | 24805/111532 [02:27<07:49, 184.91epoch-kanal/s]
Veri yükleniyor:  22%|██▏       | 24824/111532 [02:27<08:00, 180.35epoch-kanal/s]
Veri yükleniyor:  22%|██▏       | 24843/111532 [02:28<07:55, 182.16epoch-kanal/s]
Veri yükleniyor:  22%|██▏       | 24863/111532 [02:28<07:49, 184.78epoch-kanal/s]
Veri yükleniyor:  22%|██▏       | 24883/111532 [02:28<07:44, 186.72epoch-kanal/s]
Veri yükleniyor:  22%|██▏       | 24903/111532 [02:28<07:39, 188.34epoch-kanal/s]
Veri yükleniyor:  22%|██▏       | 24922/111532 [02:28<07:41, 187.61epoch-kanal/s]
Veri yükleniyor:  22%|██▏       | 24942/111532 [02:28<07:35, 190.00epoch-kanal/s]
Veri yükleniyor:  22%|██▏       | 24962/111532 [02:28<07:42, 187.05epoch-kanal/s]
Veri yükleniyor:  22%|██▏       | 24982/111532 [02:28<07:36, 189.39epoch-kanal/s]
Veri yükleniyor:  22%|██▏       | 25001/111532 [02:28<07:47, 185.29epoch-kanal/s]
Veri yükleniyor:  22%|██▏       | 25021/111532 [02:29<07:40, 187.79epoch-kanal/s]
Veri yükleniyor:  22%|██▏       | 25040/111532 [02:29<07:41, 187.40epoch-kanal/s]
Veri yükleniyor:  22%|██▏       | 25060/111532 [02:29<07:37, 189.18epoch-kanal/s]
Veri yükleniyor:  22%|██▏       | 25079/111532 [02:29<07:39, 188.30epoch-kanal/s]
Veri yükleniyor:  23%|██▎       | 25098/111532 [02:29<07:40, 187.79epoch-kanal/s]
Veri yükleniyor:  23%|██▎       | 25118/111532 [02:29<07:36, 189.20epoch-kanal/s]
Veri yükleniyor:  23%|██▎       | 25137/111532 [02:29<07:39, 187.85epoch-kanal/s]
Veri yükleniyor:  23%|██▎       | 25157/111532 [02:29<07:34, 190.03epoch-kanal/s]
Veri yükleniyor:  23%|██▎       | 25177/111532 [02:29<07:39, 188.12epoch-kanal/s]
Veri yükleniyor:  23%|██▎       | 25196/111532 [02:29<07:46, 184.96epoch-kanal/s]
Veri yükleniyor:  23%|██▎       | 25215/111532 [02:30<07:43, 186.40epoch-kanal/s]
Veri yükleniyor:  23%|██▎       | 25235/111532 [02:30<07:38, 188.19epoch-kanal/s]
Veri yükleniyor:  23%|██▎       | 25255/111532 [02:30<07:36, 188.95epoch-kanal/s]
Veri yükleniyor:  23%|██▎       | 25275/111532 [02:30<07:33, 190.03epoch-kanal/s]
Veri yükleniyor:  23%|██▎       | 25295/111532 [02:30<07:38, 188.28epoch-kanal/s]
Veri yükleniyor:  23%|██▎       | 25314/111532 [02:30<07:48, 183.93epoch-kanal/s]
Veri yükleniyor:  23%|██▎       | 25333/111532 [02:30<07:50, 183.37epoch-kanal/s]
Veri yükleniyor:  23%|██▎       | 25352/111532 [02:30<07:48, 184.13epoch-kanal/s]
Veri yükleniyor:  23%|██▎       | 25371/111532 [02:30<07:50, 183.01epoch-kanal/s]
Veri yükleniyor:  23%|██▎       | 25390/111532 [02:30<07:51, 182.61epoch-kanal/s]
Veri yükleniyor:  23%|██▎       | 25409/111532 [02:31<07:58, 179.92epoch-kanal/s]
Veri yükleniyor:  23%|██▎       | 25429/111532 [02:31<07:49, 183.34epoch-kanal/s]
Veri yükleniyor:  23%|██▎       | 25448/111532 [02:31<07:44, 185.24epoch-kanal/s]
Veri yükleniyor:  23%|██▎       | 25468/111532 [02:31<07:35, 188.96epoch-kanal/s]
Veri yükleniyor:  23%|██▎       | 25487/111532 [02:31<07:36, 188.54epoch-kanal/s]
Veri yükleniyor:  23%|██▎       | 25506/111532 [02:31<07:36, 188.53epoch-kanal/s]
Veri yükleniyor:  23%|██▎       | 25525/111532 [02:31<07:35, 188.80epoch-kanal/s]
Veri yükleniyor:  23%|██▎       | 25545/111532 [02:31<07:32, 189.94epoch-kanal/s]
Veri yükleniyor:  23%|██▎       | 25564/111532 [02:31<07:43, 185.63epoch-kanal/s]
Veri yükleniyor:  23%|██▎       | 25583/111532 [02:32<07:40, 186.57epoch-kanal/s]
Veri yükleniyor:  23%|██▎       | 25602/111532 [02:32<07:41, 186.15epoch-kanal/s]
Veri yükleniyor:  23%|██▎       | 25621/111532 [02:32<07:46, 184.15epoch-kanal/s]
Veri yükleniyor:  23%|██▎       | 25641/111532 [02:32<07:38, 187.22epoch-kanal/s]
Veri yükleniyor:  23%|██▎       | 25660/111532 [02:32<07:38, 187.32epoch-kanal/s]
Veri yükleniyor:  23%|██▎       | 25679/111532 [02:32<07:39, 186.84epoch-kanal/s]
Veri yükleniyor:  23%|██▎       | 25698/111532 [02:32<07:42, 185.52epoch-kanal/s]
Veri yükleniyor:  23%|██▎       | 25718/111532 [02:32<07:38, 187.23epoch-kanal/s]
Veri yükleniyor:  23%|██▎       | 25737/111532 [02:32<07:39, 186.69epoch-kanal/s]
Veri yükleniyor:  23%|██▎       | 25756/111532 [02:32<07:44, 184.54epoch-kanal/s]
Veri yükleniyor:  23%|██▎       | 25775/111532 [02:33<07:43, 184.88epoch-kanal/s]
Veri yükleniyor:  23%|██▎       | 25794/111532 [02:33<08:44, 163.53epoch-kanal/s]
Veri yükleniyor:  23%|██▎       | 25814/111532 [02:33<08:19, 171.52epoch-kanal/s]
Veri yükleniyor:  23%|██▎       | 25832/111532 [02:33<08:14, 173.20epoch-kanal/s]
Veri yükleniyor:  23%|██▎       | 25851/111532 [02:33<08:01, 177.82epoch-kanal/s]
Veri yükleniyor:  23%|██▎       | 25870/111532 [02:33<08:07, 175.64epoch-kanal/s]
Veri yükleniyor:  23%|██▎       | 25889/111532 [02:33<08:01, 177.86epoch-kanal/s]
Veri yükleniyor:  23%|██▎       | 25907/111532 [02:33<08:02, 177.51epoch-kanal/s]
Veri yükleniyor:  23%|██▎       | 25925/111532 [02:33<08:03, 177.09epoch-kanal/s]
Veri yükleniyor:  23%|██▎       | 25944/111532 [02:34<07:56, 179.43epoch-kanal/s]
Veri yükleniyor:  23%|██▎       | 25963/111532 [02:34<07:51, 181.53epoch-kanal/s]
Veri yükleniyor:  23%|██▎       | 25982/111532 [02:34<07:46, 183.37epoch-kanal/s]
Veri yükleniyor:  23%|██▎       | 26001/111532 [02:34<07:44, 184.06epoch-kanal/s]
Veri yükleniyor:  23%|██▎       | 26020/111532 [02:34<07:40, 185.74epoch-kanal/s]
Veri yükleniyor:  23%|██▎       | 26039/111532 [02:34<07:40, 185.80epoch-kanal/s]
Veri yükleniyor:  23%|██▎       | 26058/111532 [02:34<07:37, 186.68epoch-kanal/s]
Veri yükleniyor:  23%|██▎       | 26077/111532 [02:34<07:38, 186.19epoch-kanal/s]
Veri yükleniyor:  23%|██▎       | 26096/111532 [02:34<07:41, 185.23epoch-kanal/s]
Veri yükleniyor:  23%|██▎       | 26115/111532 [02:34<07:53, 180.57epoch-kanal/s]
Veri yükleniyor:  23%|██▎       | 26134/111532 [02:35<07:50, 181.59epoch-kanal/s]
Veri yükleniyor:  23%|██▎       | 26153/111532 [02:35<07:45, 183.47epoch-kanal/s]
Veri yükleniyor:  23%|██▎       | 26172/111532 [02:35<07:43, 184.36epoch-kanal/s]
Veri yükleniyor:  23%|██▎       | 26191/111532 [02:35<07:45, 183.25epoch-kanal/s]
Veri yükleniyor:  23%|██▎       | 26210/111532 [02:35<07:44, 183.88epoch-kanal/s]
Veri yükleniyor:  24%|██▎       | 26230/111532 [02:35<07:34, 187.64epoch-kanal/s]
Veri yükleniyor:  24%|██▎       | 26249/111532 [02:35<08:37, 164.80epoch-kanal/s]
Veri yükleniyor:  24%|██▎       | 26266/111532 [02:35<10:09, 139.87epoch-kanal/s]
Veri yükleniyor:  24%|██▎       | 26281/111532 [02:36<11:35, 122.56epoch-kanal/s]
Veri yükleniyor:  24%|██▎       | 26295/111532 [02:36<12:05, 117.56epoch-kanal/s]
Veri yükleniyor:  24%|██▎       | 26309/111532 [02:36<11:41, 121.53epoch-kanal/s]
Veri yükleniyor:  24%|██▎       | 26322/111532 [02:36<11:29, 123.53epoch-kanal/s]
Veri yükleniyor:  24%|██▎       | 26336/111532 [02:36<11:11, 126.89epoch-kanal/s]
Veri yükleniyor:  24%|██▎       | 26350/111532 [02:36<11:06, 127.87epoch-kanal/s]
Veri yükleniyor:  24%|██▎       | 26364/111532 [02:36<11:03, 128.35epoch-kanal/s]
Veri yükleniyor:  24%|██▎       | 26380/111532 [02:36<10:33, 134.48epoch-kanal/s]
Veri yükleniyor:  24%|██▎       | 26394/111532 [02:36<10:59, 129.01epoch-kanal/s]
Veri yükleniyor:  24%|██▎       | 26412/111532 [02:37<09:57, 142.44epoch-kanal/s]
Veri yükleniyor:  24%|██▎       | 26431/111532 [02:37<09:11, 154.43epoch-kanal/s]
Veri yükleniyor:  24%|██▎       | 26450/111532 [02:37<08:39, 163.76epoch-kanal/s]
Veri yükleniyor:  24%|██▎       | 26470/111532 [02:37<08:16, 171.15epoch-kanal/s]
Veri yükleniyor:  24%|██▍       | 26489/111532 [02:37<08:02, 176.35epoch-kanal/s]
Veri yükleniyor:  24%|██▍       | 26508/111532 [02:37<07:58, 177.80epoch-kanal/s]
Veri yükleniyor:  24%|██▍       | 26527/111532 [02:37<07:50, 180.50epoch-kanal/s]
Veri yükleniyor:  24%|██▍       | 26546/111532 [02:37<08:04, 175.49epoch-kanal/s]
Veri yükleniyor:  24%|██▍       | 26565/111532 [02:37<07:58, 177.70epoch-kanal/s]
Veri yükleniyor:  24%|██▍       | 26583/111532 [02:37<08:21, 169.31epoch-kanal/s]
Veri yükleniyor:  24%|██▍       | 26601/111532 [02:38<08:42, 162.44epoch-kanal/s]
Veri yükleniyor:  24%|██▍       | 26618/111532 [02:38<08:57, 158.08epoch-kanal/s]
Veri yükleniyor:  24%|██▍       | 26635/111532 [02:38<08:48, 160.54epoch-kanal/s]
Veri yükleniyor:  24%|██▍       | 26652/111532 [02:38<09:04, 156.02epoch-kanal/s]
Veri yükleniyor:  24%|██▍       | 26671/111532 [02:38<08:38, 163.53epoch-kanal/s]
Veri yükleniyor:  24%|██▍       | 26690/111532 [02:38<08:23, 168.66epoch-kanal/s]
Veri yükleniyor:  24%|██▍       | 26709/111532 [02:38<08:09, 173.40epoch-kanal/s]
Veri yükleniyor:  24%|██▍       | 26728/111532 [02:38<08:00, 176.45epoch-kanal/s]
Veri yükleniyor:  24%|██▍       | 26746/111532 [02:38<08:02, 175.65epoch-kanal/s]
Veri yükleniyor:  24%|██▍       | 26764/111532 [02:39<07:59, 176.70epoch-kanal/s]
Veri yükleniyor:  24%|██▍       | 26783/111532 [02:39<07:51, 179.76epoch-kanal/s]
Veri yükleniyor:  24%|██▍       | 26802/111532 [02:39<07:49, 180.54epoch-kanal/s]
Veri yükleniyor:  24%|██▍       | 26821/111532 [02:39<07:42, 183.14epoch-kanal/s]
Veri yükleniyor:  24%|██▍       | 26840/111532 [02:39<07:42, 183.20epoch-kanal/s]
Veri yükleniyor:  24%|██▍       | 26859/111532 [02:39<07:48, 180.63epoch-kanal/s]
Veri yükleniyor:  24%|██▍       | 26878/111532 [02:39<07:49, 180.22epoch-kanal/s]
Veri yükleniyor:  24%|██▍       | 26897/111532 [02:39<07:48, 180.84epoch-kanal/s]
Veri yükleniyor:  24%|██▍       | 26916/111532 [02:39<07:50, 179.73epoch-kanal/s]
Veri yükleniyor:  24%|██▍       | 26934/111532 [02:40<07:52, 179.07epoch-kanal/s]
Veri yükleniyor:  24%|██▍       | 26953/111532 [02:40<07:48, 180.71epoch-kanal/s]
Veri yükleniyor:  24%|██▍       | 26972/111532 [02:40<07:43, 182.62epoch-kanal/s]
Veri yükleniyor:  24%|██▍       | 26991/111532 [02:40<07:38, 184.50epoch-kanal/s]
Veri yükleniyor:  24%|██▍       | 27011/111532 [02:40<07:32, 186.82epoch-kanal/s]
Veri yükleniyor:  24%|██▍       | 27030/111532 [02:40<07:30, 187.75epoch-kanal/s]
Veri yükleniyor:  24%|██▍       | 27049/111532 [02:40<07:29, 187.79epoch-kanal/s]
Veri yükleniyor:  24%|██▍       | 27068/111532 [02:40<07:32, 186.71epoch-kanal/s]
Veri yükleniyor:  24%|██▍       | 27087/111532 [02:40<07:30, 187.39epoch-kanal/s]
Veri yükleniyor:  24%|██▍       | 27106/111532 [02:40<07:40, 183.35epoch-kanal/s]
Veri yükleniyor:  24%|██▍       | 27125/111532 [02:41<07:44, 181.63epoch-kanal/s]
Veri yükleniyor:  24%|██▍       | 27144/111532 [02:41<07:44, 181.87epoch-kanal/s]
Veri yükleniyor:  24%|██▍       | 27164/111532 [02:41<07:36, 184.93epoch-kanal/s]
Veri yükleniyor:  24%|██▍       | 27184/111532 [02:41<07:30, 187.35epoch-kanal/s]
Veri yükleniyor:  24%|██▍       | 27203/111532 [02:41<07:36, 184.76epoch-kanal/s]
Veri yükleniyor:  24%|██▍       | 27223/111532 [02:41<07:32, 186.48epoch-kanal/s]
Veri yükleniyor:  24%|██▍       | 27242/111532 [02:41<07:36, 184.77epoch-kanal/s]
Veri yükleniyor:  24%|██▍       | 27262/111532 [02:41<07:29, 187.50epoch-kanal/s]
Veri yükleniyor:  24%|██▍       | 27281/111532 [02:41<07:34, 185.34epoch-kanal/s]
Veri yükleniyor:  24%|██▍       | 27300/111532 [02:41<07:36, 184.61epoch-kanal/s]
Veri yükleniyor:  24%|██▍       | 27319/111532 [02:42<07:39, 183.42epoch-kanal/s]
Veri yükleniyor:  25%|██▍       | 27338/111532 [02:42<07:36, 184.56epoch-kanal/s]
Veri yükleniyor:  25%|██▍       | 27357/111532 [02:42<07:32, 186.02epoch-kanal/s]
Veri yükleniyor:  25%|██▍       | 27376/111532 [02:42<07:30, 186.97epoch-kanal/s]
Veri yükleniyor:  25%|██▍       | 27395/111532 [02:42<07:31, 186.48epoch-kanal/s]
Veri yükleniyor:  25%|██▍       | 27414/111532 [02:42<07:38, 183.58epoch-kanal/s]
Veri yükleniyor:  25%|██▍       | 27433/111532 [02:42<07:38, 183.50epoch-kanal/s]
Veri yükleniyor:  25%|██▍       | 27452/111532 [02:42<07:46, 180.37epoch-kanal/s]
Veri yükleniyor:  25%|██▍       | 27471/111532 [02:42<07:47, 179.64epoch-kanal/s]
Veri yükleniyor:  25%|██▍       | 27490/111532 [02:43<07:43, 181.51epoch-kanal/s]
Veri yükleniyor:  25%|██▍       | 27509/111532 [02:43<07:43, 181.18epoch-kanal/s]
Veri yükleniyor:  25%|██▍       | 27528/111532 [02:43<07:40, 182.60epoch-kanal/s]
Veri yükleniyor:  25%|██▍       | 27547/111532 [02:43<07:38, 183.32epoch-kanal/s]
Veri yükleniyor:  25%|██▍       | 27566/111532 [02:43<07:35, 184.21epoch-kanal/s]
Veri yükleniyor:  25%|██▍       | 27585/111532 [02:43<07:32, 185.50epoch-kanal/s]
Veri yükleniyor:  25%|██▍       | 27605/111532 [02:43<07:29, 186.62epoch-kanal/s]
Veri yükleniyor:  25%|██▍       | 27624/111532 [02:43<07:28, 186.94epoch-kanal/s]
Veri yükleniyor:  25%|██▍       | 27644/111532 [02:43<07:23, 189.22epoch-kanal/s]
Veri yükleniyor:  25%|██▍       | 27663/111532 [02:43<07:34, 184.39epoch-kanal/s]
Veri yükleniyor:  25%|██▍       | 27682/111532 [02:44<07:32, 185.37epoch-kanal/s]
Veri yükleniyor:  25%|██▍       | 27701/111532 [02:44<07:32, 185.09epoch-kanal/s]
Veri yükleniyor:  25%|██▍       | 27721/111532 [02:44<07:26, 187.56epoch-kanal/s]
Veri yükleniyor:  25%|██▍       | 27740/111532 [02:44<07:41, 181.73epoch-kanal/s]
Veri yükleniyor:  25%|██▍       | 27759/111532 [02:44<08:49, 158.35epoch-kanal/s]
Veri yükleniyor:  25%|██▍       | 27778/111532 [02:44<08:26, 165.33epoch-kanal/s]
Veri yükleniyor:  25%|██▍       | 27797/111532 [02:44<08:09, 171.01epoch-kanal/s]
Veri yükleniyor:  25%|██▍       | 27816/111532 [02:44<07:58, 174.81epoch-kanal/s]
Veri yükleniyor:  25%|██▍       | 27834/111532 [02:44<08:54, 156.70epoch-kanal/s]
Veri yükleniyor:  25%|██▍       | 27851/111532 [02:45<08:43, 159.82epoch-kanal/s]
Veri yükleniyor:  25%|██▍       | 27868/111532 [02:45<08:50, 157.79epoch-kanal/s]
Veri yükleniyor:  25%|██▌       | 27887/111532 [02:45<08:25, 165.37epoch-kanal/s]
Veri yükleniyor:  25%|██▌       | 27906/111532 [02:45<08:08, 171.10epoch-kanal/s]
Veri yükleniyor:  25%|██▌       | 27925/111532 [02:45<07:56, 175.57epoch-kanal/s]
Veri yükleniyor:  25%|██▌       | 27943/111532 [02:45<07:56, 175.38epoch-kanal/s]
Veri yükleniyor:  25%|██▌       | 27962/111532 [02:45<07:50, 177.68epoch-kanal/s]
Veri yükleniyor:  25%|██▌       | 27981/111532 [02:45<07:46, 179.29epoch-kanal/s]
Veri yükleniyor:  25%|██▌       | 27999/111532 [02:45<07:48, 178.20epoch-kanal/s]
Veri yükleniyor:  25%|██▌       | 28018/111532 [02:46<07:44, 179.89epoch-kanal/s]
Veri yükleniyor:  25%|██▌       | 28037/111532 [02:46<07:51, 177.12epoch-kanal/s]
Veri yükleniyor:  25%|██▌       | 28056/111532 [02:46<07:41, 180.79epoch-kanal/s]
Veri yükleniyor:  25%|██▌       | 28076/111532 [02:46<07:30, 185.10epoch-kanal/s]
Veri yükleniyor:  25%|██▌       | 28096/111532 [02:46<07:25, 187.09epoch-kanal/s]
Veri yükleniyor:  25%|██▌       | 28115/111532 [02:46<07:29, 185.71epoch-kanal/s]
Veri yükleniyor:  25%|██▌       | 28134/111532 [02:46<07:29, 185.36epoch-kanal/s]
Veri yükleniyor:  25%|██▌       | 28153/111532 [02:46<07:32, 184.46epoch-kanal/s]
Veri yükleniyor:  25%|██▌       | 28173/111532 [02:46<07:24, 187.38epoch-kanal/s]
Veri yükleniyor:  25%|██▌       | 28192/111532 [02:46<07:35, 183.01epoch-kanal/s]
Veri yükleniyor:  25%|██▌       | 28211/111532 [02:47<07:38, 181.85epoch-kanal/s]
Veri yükleniyor:  25%|██▌       | 28222/111532 [03:00<07:38, 181.85epoch-kanal/s]
Veri yükleniyor:  25%|██▌       | 28223/111532 [03:04<7:03:18,  3.28epoch-kanal/s]
Veri yükleniyor:  25%|██▌       | 28263/111532 [03:04<3:32:39,  6.53epoch-kanal/s]
Veri yükleniyor:  25%|██▌       | 28303/111532 [03:04<2:05:17, 11.07epoch-kanal/s]
Veri yükleniyor:  25%|██▌       | 28344/111532 [03:04<1:19:01, 17.55epoch-kanal/s]
Veri yükleniyor:  25%|██▌       | 28384/111532 [03:04<52:52, 26.21epoch-kanal/s]  
Veri yükleniyor:  25%|██▌       | 28425/111532 [03:04<36:14, 38.22epoch-kanal/s]
Veri yükleniyor:  26%|██▌       | 28462/111532 [03:08<1:07:11, 20.60epoch-kanal/s]
Veri yükleniyor:  26%|██▌       | 28503/111532 [03:08<46:31, 29.74epoch-kanal/s]  
Veri yükleniyor:  26%|██▌       | 28544/111532 [03:08<32:52, 42.08epoch-kanal/s]
Veri yükleniyor:  26%|██▌       | 28585/111532 [03:08<23:42, 58.33epoch-kanal/s]
Veri yükleniyor:  26%|██▌       | 28621/111532 [03:08<18:30, 74.66epoch-kanal/s]
Veri yükleniyor:  26%|██▌       | 28661/111532 [03:08<13:53, 99.48epoch-kanal/s]
Veri yükleniyor:  26%|██▌       | 28700/111532 [03:08<10:46, 128.15epoch-kanal/s]
Veri yükleniyor:  26%|██▌       | 28740/111532 [03:09<08:33, 161.31epoch-kanal/s]
Veri yükleniyor:  26%|██▌       | 28781/111532 [03:09<06:57, 198.26epoch-kanal/s]
Veri yükleniyor:  26%|██▌       | 28820/111532 [03:09<05:58, 230.55epoch-kanal/s]
Veri yükleniyor:  26%|██▌       | 28858/111532 [03:11<32:33, 42.32epoch-kanal/s] 
Veri yükleniyor:  26%|██▌       | 28899/111532 [03:12<23:30, 58.58epoch-kanal/s]
Veri yükleniyor:  26%|██▌       | 28940/111532 [03:12<17:19, 79.42epoch-kanal/s]
Veri yükleniyor:  26%|██▌       | 28981/111532 [03:12<13:04, 105.17epoch-kanal/s]
Veri yükleniyor:  26%|██▌       | 29022/111532 [03:12<10:08, 135.68epoch-kanal/s]
Veri yükleniyor:  26%|██▌       | 29064/111532 [03:12<08:02, 170.87epoch-kanal/s]
Veri yükleniyor:  26%|██▌       | 29103/111532 [03:12<06:43, 204.05epoch-kanal/s]
Veri yükleniyor:  26%|██▌       | 29143/111532 [03:12<05:45, 238.17epoch-kanal/s]
Veri yükleniyor:  26%|██▌       | 29184/111532 [03:12<05:02, 272.66epoch-kanal/s]
Veri yükleniyor:  26%|██▌       | 29224/111532 [03:12<04:33, 300.55epoch-kanal/s]
Veri yükleniyor:  26%|██▌       | 29264/111532 [03:12<04:15, 322.51epoch-kanal/s]
Veri yükleniyor:  26%|██▋       | 29305/111532 [03:13<03:59, 342.70epoch-kanal/s]
Veri yükleniyor:  26%|██▋       | 29345/111532 [03:16<35:40, 38.39epoch-kanal/s] 
Veri yükleniyor:  26%|██▋       | 29385/111532 [03:16<26:04, 52.52epoch-kanal/s]
Veri yükleniyor:  26%|██▋       | 29425/111532 [03:16<19:18, 70.88epoch-kanal/s]
Veri yükleniyor:  26%|██▋       | 29459/111532 [03:16<15:36, 87.61epoch-kanal/s]
Veri yükleniyor:  26%|██▋       | 29499/111532 [03:16<11:50, 115.44epoch-kanal/s]
Veri yükleniyor:  26%|██▋       | 29538/111532 [03:16<09:19, 146.44epoch-kanal/s]
Veri yükleniyor:  27%|██▋       | 29578/111532 [03:16<07:32, 181.26epoch-kanal/s]
Veri yükleniyor:  27%|██▋       | 29619/111532 [03:17<06:15, 218.23epoch-kanal/s]
Veri yükleniyor:  27%|██▋       | 29660/111532 [03:17<05:22, 253.92epoch-kanal/s]
Veri yükleniyor:  27%|██▋       | 29699/111532 [03:17<04:49, 282.24epoch-kanal/s]
Veri yükleniyor:  27%|██▋       | 29739/111532 [03:17<04:24, 309.39epoch-kanal/s]
Veri yükleniyor:  27%|██▋       | 29780/111532 [03:17<04:05, 333.14epoch-kanal/s]
Veri yükleniyor:  27%|██▋       | 29820/111532 [03:17<03:53, 349.88epoch-kanal/s]
Veri yükleniyor:  27%|██▋       | 29861/111532 [03:17<03:43, 364.95epoch-kanal/s]
Veri yükleniyor:  27%|██▋       | 29901/111532 [03:17<03:39, 371.51epoch-kanal/s]
Veri yükleniyor:  27%|██▋       | 29942/111532 [03:17<03:33, 381.26epoch-kanal/s]
Veri yükleniyor:  27%|██▋       | 29982/111532 [03:17<03:33, 382.66epoch-kanal/s]
Veri yükleniyor:  27%|██▋       | 30022/111532 [03:18<03:30, 387.05epoch-kanal/s]
Veri yükleniyor:  27%|██▋       | 30063/111532 [03:18<03:30, 387.82epoch-kanal/s]
Veri yükleniyor:  27%|██▋       | 30103/111532 [03:18<03:29, 389.47epoch-kanal/s]
Veri yükleniyor:  27%|██▋       | 30143/111532 [03:18<03:27, 392.48epoch-kanal/s]
Veri yükleniyor:  27%|██▋       | 30183/111532 [03:18<03:28, 390.07epoch-kanal/s]
Veri yükleniyor:  27%|██▋       | 30223/111532 [03:18<03:27, 392.24epoch-kanal/s]
Veri yükleniyor:  27%|██▋       | 30263/111532 [03:18<03:28, 389.76epoch-kanal/s]
Veri yükleniyor:  27%|██▋       | 30303/111532 [03:18<03:26, 392.67epoch-kanal/s]
Veri yükleniyor:  27%|██▋       | 30343/111532 [03:18<03:26, 393.63epoch-kanal/s]
Veri yükleniyor:  27%|██▋       | 30383/111532 [03:18<03:26, 392.57epoch-kanal/s]
Veri yükleniyor:  27%|██▋       | 30424/111532 [03:19<03:25, 395.09epoch-kanal/s]
Veri yükleniyor:  27%|██▋       | 30464/111532 [03:19<03:24, 395.63epoch-kanal/s]
Veri yükleniyor:  27%|██▋       | 30504/111532 [03:19<03:24, 396.25epoch-kanal/s]
Veri yükleniyor:  27%|██▋       | 30544/111532 [03:19<03:23, 397.00epoch-kanal/s]
Veri yükleniyor:  27%|██▋       | 30584/111532 [03:19<03:26, 391.55epoch-kanal/s]
Veri yükleniyor:  27%|██▋       | 30624/111532 [03:19<03:25, 393.20epoch-kanal/s]
Veri yükleniyor:  27%|██▋       | 30665/111532 [03:19<03:24, 395.92epoch-kanal/s]
Veri yükleniyor:  28%|██▊       | 30705/111532 [03:19<03:24, 395.51epoch-kanal/s]
Veri yükleniyor:  28%|██▊       | 30745/111532 [03:19<03:26, 391.07epoch-kanal/s]
Veri yükleniyor:  28%|██▊       | 30785/111532 [03:20<03:29, 384.89epoch-kanal/s]
Veri yükleniyor:  28%|██▊       | 30825/111532 [03:20<03:28, 387.82epoch-kanal/s]
Veri yükleniyor:  28%|██▊       | 30865/111532 [03:20<03:26, 390.42epoch-kanal/s]
Veri yükleniyor:  28%|██▊       | 30905/111532 [03:20<03:25, 391.40epoch-kanal/s]
Veri yükleniyor:  28%|██▊       | 30945/111532 [03:20<03:27, 388.68epoch-kanal/s]
Veri yükleniyor:  28%|██▊       | 30985/111532 [03:20<03:26, 390.36epoch-kanal/s]
Veri yükleniyor:  28%|██▊       | 31026/111532 [03:20<03:24, 393.45epoch-kanal/s]
Veri yükleniyor:  28%|██▊       | 31066/111532 [03:20<03:25, 392.23epoch-kanal/s]
Veri yükleniyor:  28%|██▊       | 31106/111532 [03:20<03:24, 393.43epoch-kanal/s]
Veri yükleniyor:  28%|██▊       | 31146/111532 [03:20<03:28, 385.41epoch-kanal/s]
Veri yükleniyor:  28%|██▊       | 31185/111532 [03:21<03:28, 386.08epoch-kanal/s]
Veri yükleniyor:  28%|██▊       | 31225/111532 [03:21<03:26, 387.96epoch-kanal/s]
Veri yükleniyor:  28%|██▊       | 31266/111532 [03:21<03:24, 392.27epoch-kanal/s]
Veri yükleniyor:  28%|██▊       | 31306/111532 [03:21<03:26, 389.06epoch-kanal/s]
Veri yükleniyor:  28%|██▊       | 31346/111532 [03:21<03:25, 389.75epoch-kanal/s]
Veri yükleniyor:  28%|██▊       | 31386/111532 [03:21<03:24, 391.31epoch-kanal/s]
Veri yükleniyor:  28%|██▊       | 31426/111532 [03:21<03:27, 386.46epoch-kanal/s]
Veri yükleniyor:  28%|██▊       | 31466/111532 [03:21<03:25, 390.25epoch-kanal/s]
Veri yükleniyor:  28%|██▊       | 31506/111532 [03:21<03:26, 388.27epoch-kanal/s]
Veri yükleniyor:  28%|██▊       | 31546/111532 [03:21<03:25, 389.68epoch-kanal/s]
Veri yükleniyor:  28%|██▊       | 31585/111532 [03:22<03:25, 388.76epoch-kanal/s]
Veri yükleniyor:  28%|██▊       | 31624/111532 [03:22<03:26, 387.65epoch-kanal/s]
Veri yükleniyor:  28%|██▊       | 31664/111532 [03:22<03:25, 388.47epoch-kanal/s]
Veri yükleniyor:  28%|██▊       | 31704/111532 [03:22<03:23, 391.73epoch-kanal/s]
Veri yükleniyor:  28%|██▊       | 31744/111532 [03:22<03:24, 390.59epoch-kanal/s]
Veri yükleniyor:  28%|██▊       | 31784/111532 [03:22<03:24, 390.68epoch-kanal/s]
Veri yükleniyor:  29%|██▊       | 31824/111532 [03:22<03:23, 391.97epoch-kanal/s]
Veri yükleniyor:  29%|██▊       | 31865/111532 [03:22<03:22, 394.31epoch-kanal/s]
Veri yükleniyor:  29%|██▊       | 31905/111532 [03:22<03:22, 392.58epoch-kanal/s]
Veri yükleniyor:  29%|██▊       | 31945/111532 [03:22<03:22, 393.25epoch-kanal/s]
Veri yükleniyor:  29%|██▊       | 31985/111532 [03:23<03:21, 394.49epoch-kanal/s]
Veri yükleniyor:  29%|██▊       | 32025/111532 [03:23<03:24, 388.82epoch-kanal/s]
Veri yükleniyor:  29%|██▊       | 32064/111532 [03:23<03:24, 388.56epoch-kanal/s]
Veri yükleniyor:  29%|██▉       | 32104/111532 [03:23<03:23, 389.60epoch-kanal/s]
Veri yükleniyor:  29%|██▉       | 32144/111532 [03:23<03:23, 390.77epoch-kanal/s]
Veri yükleniyor:  29%|██▉       | 32184/111532 [03:23<03:22, 392.07epoch-kanal/s]
Veri yükleniyor:  29%|██▉       | 32224/111532 [03:23<03:25, 385.21epoch-kanal/s]
Veri yükleniyor:  29%|██▉       | 32264/111532 [03:23<03:24, 387.20epoch-kanal/s]
Veri yükleniyor:  29%|██▉       | 32304/111532 [03:23<03:24, 388.21epoch-kanal/s]
Veri yükleniyor:  29%|██▉       | 32344/111532 [03:24<03:23, 389.49epoch-kanal/s]
Veri yükleniyor:  29%|██▉       | 32383/111532 [03:24<03:25, 385.33epoch-kanal/s]
Veri yükleniyor:  29%|██▉       | 32423/111532 [03:24<03:24, 386.83epoch-kanal/s]
Veri yükleniyor:  29%|██▉       | 32463/111532 [03:24<03:22, 389.84epoch-kanal/s]
Veri yükleniyor:  29%|██▉       | 32502/111532 [03:24<03:22, 389.74epoch-kanal/s]
Veri yükleniyor:  29%|██▉       | 32542/111532 [03:24<03:21, 392.57epoch-kanal/s]
Veri yükleniyor:  29%|██▉       | 32582/111532 [03:24<03:29, 376.43epoch-kanal/s]
Veri yükleniyor:  29%|██▉       | 32622/111532 [03:24<03:26, 382.75epoch-kanal/s]
Veri yükleniyor:  29%|██▉       | 32662/111532 [03:24<03:24, 386.18epoch-kanal/s]
Veri yükleniyor:  29%|██▉       | 32701/111532 [03:24<03:24, 386.09epoch-kanal/s]
Veri yükleniyor:  29%|██▉       | 32740/111532 [03:25<03:25, 382.63epoch-kanal/s]
Veri yükleniyor:  29%|██▉       | 32780/111532 [03:25<03:24, 385.26epoch-kanal/s]
Veri yükleniyor:  29%|██▉       | 32820/111532 [03:25<03:22, 388.67epoch-kanal/s]
Veri yükleniyor:  29%|██▉       | 32860/111532 [03:25<03:21, 390.39epoch-kanal/s]
Veri yükleniyor:  29%|██▉       | 32900/111532 [03:25<03:22, 387.54epoch-kanal/s]
Veri yükleniyor:  30%|██▉       | 32939/111532 [03:25<03:44, 350.37epoch-kanal/s]
Veri yükleniyor:  30%|██▉       | 32975/111532 [03:25<04:37, 283.13epoch-kanal/s]
Veri yükleniyor:  30%|██▉       | 33006/111532 [03:25<05:21, 244.10epoch-kanal/s]
Veri yükleniyor:  30%|██▉       | 33033/111532 [03:26<05:46, 226.53epoch-kanal/s]
Veri yükleniyor:  30%|██▉       | 33058/111532 [03:26<06:02, 216.38epoch-kanal/s]
Veri yükleniyor:  30%|██▉       | 33081/111532 [03:26<06:13, 209.78epoch-kanal/s]
Veri yükleniyor:  30%|██▉       | 33103/111532 [03:26<06:24, 204.04epoch-kanal/s]
Veri yükleniyor:  30%|██▉       | 33124/111532 [03:26<06:31, 200.47epoch-kanal/s]
Veri yükleniyor:  30%|██▉       | 33145/111532 [03:26<06:46, 193.01epoch-kanal/s]
Veri yükleniyor:  30%|██▉       | 33165/111532 [03:26<06:56, 188.02epoch-kanal/s]
Veri yükleniyor:  30%|██▉       | 33184/111532 [03:26<07:01, 186.02epoch-kanal/s]
Veri yükleniyor:  30%|██▉       | 33204/111532 [03:27<06:56, 187.95epoch-kanal/s]
Veri yükleniyor:  30%|██▉       | 33223/111532 [03:27<07:00, 186.13epoch-kanal/s]
Veri yükleniyor:  30%|██▉       | 33242/111532 [03:27<07:00, 186.01epoch-kanal/s]
Veri yükleniyor:  30%|██▉       | 33261/111532 [03:27<06:59, 186.71epoch-kanal/s]
Veri yükleniyor:  30%|██▉       | 33281/111532 [03:27<06:55, 188.55epoch-kanal/s]
Veri yükleniyor:  30%|██▉       | 33301/111532 [03:27<06:55, 188.10epoch-kanal/s]
Veri yükleniyor:  30%|██▉       | 33320/111532 [03:27<07:06, 183.31epoch-kanal/s]
Veri yükleniyor:  30%|██▉       | 33339/111532 [03:27<07:56, 164.20epoch-kanal/s]
Veri yükleniyor:  30%|██▉       | 33356/111532 [03:27<07:57, 163.65epoch-kanal/s]
Veri yükleniyor:  30%|██▉       | 33375/111532 [03:28<07:40, 169.79epoch-kanal/s]
Veri yükleniyor:  30%|██▉       | 33394/111532 [03:28<07:27, 174.53epoch-kanal/s]
Veri yükleniyor:  30%|██▉       | 33413/111532 [03:28<07:17, 178.70epoch-kanal/s]
Veri yükleniyor:  30%|██▉       | 33432/111532 [03:28<07:10, 181.39epoch-kanal/s]
Veri yükleniyor:  30%|██▉       | 33451/111532 [03:28<07:04, 183.78epoch-kanal/s]
Veri yükleniyor:  30%|███       | 33471/111532 [03:28<06:58, 186.56epoch-kanal/s]
Veri yükleniyor:  30%|███       | 33490/111532 [03:28<07:00, 185.76epoch-kanal/s]
Veri yükleniyor:  30%|███       | 33510/111532 [03:28<06:56, 187.46epoch-kanal/s]
Veri yükleniyor:  30%|███       | 33529/111532 [03:28<06:56, 187.45epoch-kanal/s]
Veri yükleniyor:  30%|███       | 33548/111532 [03:28<07:01, 185.21epoch-kanal/s]
Veri yükleniyor:  30%|███       | 33567/111532 [03:29<07:05, 183.38epoch-kanal/s]
Veri yükleniyor:  30%|███       | 33587/111532 [03:29<07:00, 185.55epoch-kanal/s]
Veri yükleniyor:  30%|███       | 33606/111532 [03:29<06:59, 185.83epoch-kanal/s]
Veri yükleniyor:  30%|███       | 33625/111532 [03:29<06:57, 186.70epoch-kanal/s]
Veri yükleniyor:  30%|███       | 33644/111532 [03:29<06:56, 187.10epoch-kanal/s]
Veri yükleniyor:  30%|███       | 33663/111532 [03:29<06:55, 187.61epoch-kanal/s]
Veri yükleniyor:  30%|███       | 33682/111532 [03:29<06:55, 187.42epoch-kanal/s]
Veri yükleniyor:  30%|███       | 33702/111532 [03:29<06:52, 188.70epoch-kanal/s]
Veri yükleniyor:  30%|███       | 33721/111532 [03:29<06:55, 187.27epoch-kanal/s]
Veri yükleniyor:  30%|███       | 33740/111532 [03:29<07:08, 181.68epoch-kanal/s]
Veri yükleniyor:  30%|███       | 33759/111532 [03:30<07:03, 183.80epoch-kanal/s]
Veri yükleniyor:  30%|███       | 33778/111532 [03:30<07:00, 184.88epoch-kanal/s]
Veri yükleniyor:  30%|███       | 33797/111532 [03:30<06:58, 185.58epoch-kanal/s]
Veri yükleniyor:  30%|███       | 33816/111532 [03:30<06:57, 186.14epoch-kanal/s]
Veri yükleniyor:  30%|███       | 33835/111532 [03:30<06:58, 185.79epoch-kanal/s]
Veri yükleniyor:  30%|███       | 33854/111532 [03:30<07:16, 177.98epoch-kanal/s]
Veri yükleniyor:  30%|███       | 33872/111532 [03:30<07:18, 177.13epoch-kanal/s]
Veri yükleniyor:  30%|███       | 33892/111532 [03:30<07:08, 181.25epoch-kanal/s]
Veri yükleniyor:  30%|███       | 33911/111532 [03:30<07:08, 181.01epoch-kanal/s]
Veri yükleniyor:  30%|███       | 33930/111532 [03:31<07:06, 182.13epoch-kanal/s]
Veri yükleniyor:  30%|███       | 33949/111532 [03:31<07:13, 178.98epoch-kanal/s]
Veri yükleniyor:  30%|███       | 33968/111532 [03:31<07:08, 181.10epoch-kanal/s]
Veri yükleniyor:  30%|███       | 33988/111532 [03:31<07:00, 184.47epoch-kanal/s]
Veri yükleniyor:  30%|███       | 34007/111532 [03:31<07:01, 183.75epoch-kanal/s]
Veri yükleniyor:  31%|███       | 34027/111532 [03:31<06:56, 186.14epoch-kanal/s]
Veri yükleniyor:  31%|███       | 34046/111532 [03:31<07:13, 178.81epoch-kanal/s]
Veri yükleniyor:  31%|███       | 34064/111532 [03:31<07:51, 164.22epoch-kanal/s]
Veri yükleniyor:  31%|███       | 34081/111532 [03:31<08:33, 150.69epoch-kanal/s]
Veri yükleniyor:  31%|███       | 34097/111532 [03:32<08:53, 145.04epoch-kanal/s]
Veri yükleniyor:  31%|███       | 34112/111532 [03:32<09:58, 129.40epoch-kanal/s]
Veri yükleniyor:  31%|███       | 34126/111532 [03:32<10:54, 118.22epoch-kanal/s]
Veri yükleniyor:  31%|███       | 34139/111532 [03:32<11:19, 113.88epoch-kanal/s]
Veri yükleniyor:  31%|███       | 34151/111532 [03:32<11:30, 112.06epoch-kanal/s]
Veri yükleniyor:  31%|███       | 34163/111532 [03:32<11:58, 107.75epoch-kanal/s]
Veri yükleniyor:  31%|███       | 34177/111532 [03:32<11:16, 114.34epoch-kanal/s]
Veri yükleniyor:  31%|███       | 34189/111532 [03:32<11:39, 110.51epoch-kanal/s]
Veri yükleniyor:  31%|███       | 34205/111532 [03:33<10:26, 123.33epoch-kanal/s]
Veri yükleniyor:  31%|███       | 34218/111532 [03:33<10:18, 125.04epoch-kanal/s]
Veri yükleniyor:  31%|███       | 34237/111532 [03:33<09:04, 141.98epoch-kanal/s]
Veri yükleniyor:  31%|███       | 34256/111532 [03:33<08:19, 154.60epoch-kanal/s]
Veri yükleniyor:  31%|███       | 34275/111532 [03:33<07:50, 164.24epoch-kanal/s]
Veri yükleniyor:  31%|███       | 34294/111532 [03:33<07:31, 171.11epoch-kanal/s]
Veri yükleniyor:  31%|███       | 34312/111532 [03:33<07:31, 170.91epoch-kanal/s]
Veri yükleniyor:  31%|███       | 34331/111532 [03:33<07:21, 174.98epoch-kanal/s]
Veri yükleniyor:  31%|███       | 34349/111532 [03:33<07:18, 176.10epoch-kanal/s]
Veri yükleniyor:  31%|███       | 34367/111532 [03:33<07:42, 166.80epoch-kanal/s]
Veri yükleniyor:  31%|███       | 34384/111532 [03:34<08:01, 160.25epoch-kanal/s]
Veri yükleniyor:  31%|███       | 34401/111532 [03:34<08:08, 157.99epoch-kanal/s]
Veri yükleniyor:  31%|███       | 34417/111532 [03:34<08:07, 158.05epoch-kanal/s]
Veri yükleniyor:  31%|███       | 34433/111532 [03:34<08:33, 150.24epoch-kanal/s]
Veri yükleniyor:  31%|███       | 34451/111532 [03:34<08:08, 157.89epoch-kanal/s]
Veri yükleniyor:  31%|███       | 34470/111532 [03:34<07:43, 166.35epoch-kanal/s]
Veri yükleniyor:  31%|███       | 34489/111532 [03:34<07:30, 171.16epoch-kanal/s]
Veri yükleniyor:  31%|███       | 34508/111532 [03:34<07:16, 176.32epoch-kanal/s]
Veri yükleniyor:  31%|███       | 34526/111532 [03:34<07:23, 173.75epoch-kanal/s]
Veri yükleniyor:  31%|███       | 34545/111532 [03:35<07:11, 178.25epoch-kanal/s]
Veri yükleniyor:  31%|███       | 34564/111532 [03:35<07:08, 179.45epoch-kanal/s]
Veri yükleniyor:  31%|███       | 34583/111532 [03:35<07:04, 181.24epoch-kanal/s]
Veri yükleniyor:  31%|███       | 34603/111532 [03:35<06:56, 184.71epoch-kanal/s]
Veri yükleniyor:  31%|███       | 34622/111532 [03:35<06:57, 184.35epoch-kanal/s]
Veri yükleniyor:  31%|███       | 34641/111532 [03:35<06:54, 185.73epoch-kanal/s]
Veri yükleniyor:  31%|███       | 34660/111532 [03:35<07:07, 179.65epoch-kanal/s]
Veri yükleniyor:  31%|███       | 34679/111532 [03:35<07:15, 176.32epoch-kanal/s]
Veri yükleniyor:  31%|███       | 34697/111532 [03:35<07:15, 176.45epoch-kanal/s]
Veri yükleniyor:  31%|███       | 34715/111532 [03:35<07:14, 176.83epoch-kanal/s]
Veri yükleniyor:  31%|███       | 34733/111532 [03:36<07:15, 176.43epoch-kanal/s]
Veri yükleniyor:  31%|███       | 34751/111532 [03:36<07:14, 176.88epoch-kanal/s]
Veri yükleniyor:  31%|███       | 34770/111532 [03:36<07:08, 179.03epoch-kanal/s]
Veri yükleniyor:  31%|███       | 34789/111532 [03:36<07:05, 180.29epoch-kanal/s]
Veri yükleniyor:  31%|███       | 34808/111532 [03:36<07:00, 182.67epoch-kanal/s]
Veri yükleniyor:  31%|███       | 34827/111532 [03:36<07:01, 181.84epoch-kanal/s]
Veri yükleniyor:  31%|███       | 34846/111532 [03:36<07:07, 179.54epoch-kanal/s]
Veri yükleniyor:  31%|███▏      | 34865/111532 [03:36<07:02, 181.63epoch-kanal/s]
Veri yükleniyor:  31%|███▏      | 34884/111532 [03:36<07:08, 178.95epoch-kanal/s]
Veri yükleniyor:  31%|███▏      | 34903/111532 [03:37<07:03, 181.13epoch-kanal/s]
Veri yükleniyor:  31%|███▏      | 34922/111532 [03:37<07:04, 180.57epoch-kanal/s]
Veri yükleniyor:  31%|███▏      | 34941/111532 [03:37<07:00, 182.02epoch-kanal/s]
Veri yükleniyor:  31%|███▏      | 34960/111532 [03:37<06:57, 183.59epoch-kanal/s]
Veri yükleniyor:  31%|███▏      | 34979/111532 [03:37<06:55, 184.28epoch-kanal/s]
Veri yükleniyor:  31%|███▏      | 34998/111532 [03:37<06:54, 184.68epoch-kanal/s]
Veri yükleniyor:  31%|███▏      | 35017/111532 [03:37<06:56, 183.69epoch-kanal/s]
Veri yükleniyor:  31%|███▏      | 35036/111532 [03:37<06:54, 184.70epoch-kanal/s]
Veri yükleniyor:  31%|███▏      | 35055/111532 [03:37<06:52, 185.31epoch-kanal/s]
Veri yükleniyor:  31%|███▏      | 35074/111532 [03:37<06:59, 182.29epoch-kanal/s]
Veri yükleniyor:  31%|███▏      | 35093/111532 [03:38<06:59, 182.15epoch-kanal/s]
Veri yükleniyor:  31%|███▏      | 35112/111532 [03:38<06:55, 184.07epoch-kanal/s]
Veri yükleniyor:  31%|███▏      | 35131/111532 [03:38<06:56, 183.57epoch-kanal/s]
Veri yükleniyor:  32%|███▏      | 35150/111532 [03:38<06:53, 184.53epoch-kanal/s]
Veri yükleniyor:  32%|███▏      | 35169/111532 [03:38<06:57, 182.98epoch-kanal/s]
Veri yükleniyor:  32%|███▏      | 35188/111532 [03:38<06:55, 183.56epoch-kanal/s]
Veri yükleniyor:  32%|███▏      | 35207/111532 [03:38<06:54, 184.26epoch-kanal/s]
Veri yükleniyor:  32%|███▏      | 35226/111532 [03:38<06:53, 184.62epoch-kanal/s]
Veri yükleniyor:  32%|███▏      | 35245/111532 [03:38<06:53, 184.69epoch-kanal/s]
Veri yükleniyor:  32%|███▏      | 35264/111532 [03:38<07:00, 181.21epoch-kanal/s]
Veri yükleniyor:  32%|███▏      | 35283/111532 [03:39<06:55, 183.39epoch-kanal/s]
Veri yükleniyor:  32%|███▏      | 35302/111532 [03:39<07:47, 163.23epoch-kanal/s]
Veri yükleniyor:  32%|███▏      | 35321/111532 [03:39<07:30, 169.08epoch-kanal/s]
Veri yükleniyor:  32%|███▏      | 35340/111532 [03:39<07:22, 172.35epoch-kanal/s]
Veri yükleniyor:  32%|███▏      | 35359/111532 [03:39<07:11, 176.67epoch-kanal/s]
Veri yükleniyor:  32%|███▏      | 35377/111532 [03:39<07:11, 176.36epoch-kanal/s]
Veri yükleniyor:  32%|███▏      | 35396/111532 [03:39<07:07, 178.04epoch-kanal/s]
Veri yükleniyor:  32%|███▏      | 35415/111532 [03:39<07:01, 180.40epoch-kanal/s]
Veri yükleniyor:  32%|███▏      | 35434/111532 [03:39<07:12, 176.09epoch-kanal/s]
Veri yükleniyor:  32%|███▏      | 35453/111532 [03:40<07:04, 179.03epoch-kanal/s]
Veri yükleniyor:  32%|███▏      | 35472/111532 [03:40<07:00, 180.79epoch-kanal/s]
Veri yükleniyor:  32%|███▏      | 35491/111532 [03:40<06:59, 181.42epoch-kanal/s]
Veri yükleniyor:  32%|███▏      | 35511/111532 [03:40<06:52, 184.47epoch-kanal/s]
Veri yükleniyor:  32%|███▏      | 35530/111532 [03:40<06:54, 183.36epoch-kanal/s]
Veri yükleniyor:  32%|███▏      | 35549/111532 [03:40<06:52, 184.14epoch-kanal/s]
Veri yükleniyor:  32%|███▏      | 35568/111532 [03:40<06:54, 183.22epoch-kanal/s]
Veri yükleniyor:  32%|███▏      | 35587/111532 [03:40<06:50, 184.86epoch-kanal/s]
Veri yükleniyor:  32%|███▏      | 35606/111532 [03:40<06:52, 183.95epoch-kanal/s]
Veri yükleniyor:  32%|███▏      | 35625/111532 [03:40<06:56, 182.19epoch-kanal/s]
Veri yükleniyor:  32%|███▏      | 35644/111532 [03:41<07:00, 180.49epoch-kanal/s]
Veri yükleniyor:  32%|███▏      | 35663/111532 [03:41<06:58, 181.15epoch-kanal/s]
Veri yükleniyor:  32%|███▏      | 35682/111532 [03:41<07:33, 167.20epoch-kanal/s]
Veri yükleniyor:  32%|███▏      | 35701/111532 [03:41<07:22, 171.38epoch-kanal/s]
Veri yükleniyor:  32%|███▏      | 35720/111532 [03:41<07:13, 174.87epoch-kanal/s]
Veri yükleniyor:  32%|███▏      | 35739/111532 [03:41<07:09, 176.52epoch-kanal/s]
Veri yükleniyor:  32%|███▏      | 35758/111532 [03:41<07:04, 178.46epoch-kanal/s]
Veri yükleniyor:  32%|███▏      | 35777/111532 [03:41<06:58, 181.18epoch-kanal/s]
Veri yükleniyor:  32%|███▏      | 35796/111532 [03:41<07:21, 171.48epoch-kanal/s]
Veri yükleniyor:  32%|███▏      | 35814/111532 [03:42<07:33, 167.14epoch-kanal/s]
Veri yükleniyor:  32%|███▏      | 35833/111532 [03:42<07:21, 171.51epoch-kanal/s]
Veri yükleniyor:  32%|███▏      | 35852/111532 [03:42<07:12, 174.85epoch-kanal/s]
Veri yükleniyor:  32%|███▏      | 35870/111532 [03:42<07:09, 176.01epoch-kanal/s]
Veri yükleniyor:  32%|███▏      | 35888/111532 [03:42<08:07, 155.02epoch-kanal/s]
Veri yükleniyor:  32%|███▏      | 35906/111532 [03:42<07:50, 160.85epoch-kanal/s]
Veri yükleniyor:  32%|███▏      | 35925/111532 [03:42<07:33, 166.62epoch-kanal/s]
Veri yükleniyor:  32%|███▏      | 35944/111532 [03:42<07:20, 171.51epoch-kanal/s]
Veri yükleniyor:  32%|███▏      | 35962/111532 [03:42<07:25, 169.57epoch-kanal/s]
Veri yükleniyor:  32%|███▏      | 35981/111532 [03:43<07:15, 173.34epoch-kanal/s]
Veri yükleniyor:  32%|███▏      | 36001/111532 [03:43<07:01, 179.02epoch-kanal/s]
Veri yükleniyor:  32%|███▏      | 36020/111532 [03:43<06:59, 180.05epoch-kanal/s]
Veri yükleniyor:  32%|███▏      | 36039/111532 [03:43<06:54, 182.11epoch-kanal/s]
Veri yükleniyor:  32%|███▏      | 36058/111532 [03:43<06:52, 182.77epoch-kanal/s]
Veri yükleniyor:  32%|███▏      | 36077/111532 [03:43<06:55, 181.60epoch-kanal/s]
Veri yükleniyor:  32%|███▏      | 36096/111532 [03:43<06:51, 183.50epoch-kanal/s]
Veri yükleniyor:  32%|███▏      | 36115/111532 [03:43<06:50, 183.73epoch-kanal/s]
Veri yükleniyor:  32%|███▏      | 36134/111532 [03:43<06:54, 181.74epoch-kanal/s]
Veri yükleniyor:  32%|███▏      | 36153/111532 [03:44<06:53, 182.41epoch-kanal/s]
Veri yükleniyor:  32%|███▏      | 36172/111532 [03:44<06:48, 184.26epoch-kanal/s]
Veri yükleniyor:  32%|███▏      | 36191/111532 [03:44<06:54, 181.71epoch-kanal/s]
Veri yükleniyor:  32%|███▏      | 36210/111532 [03:44<06:52, 182.71epoch-kanal/s]
Veri yükleniyor:  32%|███▏      | 36229/111532 [03:44<06:49, 183.92epoch-kanal/s]
Veri yükleniyor:  33%|███▎      | 36248/111532 [03:44<06:47, 184.71epoch-kanal/s]
Veri yükleniyor:  33%|███▎      | 36268/111532 [03:44<06:43, 186.32epoch-kanal/s]
Veri yükleniyor:  33%|███▎      | 36287/111532 [03:44<06:47, 184.52epoch-kanal/s]
Veri yükleniyor:  33%|███▎      | 36306/111532 [03:44<06:44, 185.88epoch-kanal/s]
Veri yükleniyor:  33%|███▎      | 36325/111532 [03:44<06:57, 180.28epoch-kanal/s]
Veri yükleniyor:  33%|███▎      | 36344/111532 [03:45<06:51, 182.60epoch-kanal/s]
Veri yükleniyor:  33%|███▎      | 36363/111532 [03:45<06:51, 182.64epoch-kanal/s]
Veri yükleniyor:  33%|███▎      | 36382/111532 [03:45<06:49, 183.34epoch-kanal/s]
Veri yükleniyor:  33%|███▎      | 36402/111532 [03:45<06:44, 185.65epoch-kanal/s]
Veri yükleniyor:  33%|███▎      | 36421/111532 [03:45<06:48, 183.98epoch-kanal/s]
Veri yükleniyor:  33%|███▎      | 36440/111532 [03:45<06:50, 182.71epoch-kanal/s]
Veri yükleniyor:  33%|███▎      | 36459/111532 [03:45<06:58, 179.22epoch-kanal/s]
Veri yükleniyor:  33%|███▎      | 36478/111532 [03:45<06:54, 180.92epoch-kanal/s]
Veri yükleniyor:  33%|███▎      | 36497/111532 [03:45<06:58, 179.16epoch-kanal/s]
Veri yükleniyor:  33%|███▎      | 36516/111532 [03:45<06:55, 180.66epoch-kanal/s]
Veri yükleniyor:  33%|███▎      | 36535/111532 [03:46<06:56, 180.01epoch-kanal/s]
Veri yükleniyor:  33%|███▎      | 36554/111532 [03:46<06:58, 179.36epoch-kanal/s]
Veri yükleniyor:  33%|███▎      | 36573/111532 [03:46<06:50, 182.42epoch-kanal/s]
Veri yükleniyor:  33%|███▎      | 36592/111532 [03:46<06:48, 183.51epoch-kanal/s]
Veri yükleniyor:  33%|███▎      | 36611/111532 [03:46<06:44, 185.02epoch-kanal/s]
Veri yükleniyor:  33%|███▎      | 36630/111532 [03:46<06:44, 185.24epoch-kanal/s]
Veri yükleniyor:  33%|███▎      | 36649/111532 [03:46<06:44, 185.17epoch-kanal/s]
Veri yükleniyor:  33%|███▎      | 36668/111532 [03:46<06:44, 185.00epoch-kanal/s]
Veri yükleniyor:  33%|███▎      | 36687/111532 [03:46<06:54, 180.44epoch-kanal/s]
Veri yükleniyor:  33%|███▎      | 36706/111532 [03:47<06:51, 181.88epoch-kanal/s]
Veri yükleniyor:  33%|███▎      | 36725/111532 [03:47<06:50, 182.02epoch-kanal/s]
Veri yükleniyor:  33%|███▎      | 36744/111532 [03:47<06:48, 183.01epoch-kanal/s]
Veri yükleniyor:  33%|███▎      | 36763/111532 [03:47<06:48, 183.21epoch-kanal/s]
Veri yükleniyor:  33%|███▎      | 36782/111532 [03:47<06:48, 183.19epoch-kanal/s]
Veri yükleniyor:  33%|███▎      | 36801/111532 [03:47<06:49, 182.29epoch-kanal/s]
Veri yükleniyor:  33%|███▎      | 36820/111532 [03:47<06:52, 181.01epoch-kanal/s]
Veri yükleniyor:  33%|███▎      | 36839/111532 [03:47<06:48, 183.00epoch-kanal/s]
Veri yükleniyor:  33%|███▎      | 36858/111532 [03:47<06:47, 183.09epoch-kanal/s]
Veri yükleniyor:  33%|███▎      | 36877/111532 [03:47<06:51, 181.57epoch-kanal/s]
Veri yükleniyor:  33%|███▎      | 36896/111532 [03:48<06:50, 181.74epoch-kanal/s]
Veri yükleniyor:  33%|███▎      | 36915/111532 [03:48<06:50, 181.97epoch-kanal/s]
Veri yükleniyor:  33%|███▎      | 36934/111532 [03:48<06:49, 182.25epoch-kanal/s]
Veri yükleniyor:  33%|███▎      | 36953/111532 [03:48<06:45, 183.90epoch-kanal/s]
Veri yükleniyor:  33%|███▎      | 36972/111532 [03:48<06:45, 183.88epoch-kanal/s]
Veri yükleniyor:  33%|███▎      | 36991/111532 [03:48<06:52, 180.86epoch-kanal/s]
Veri yükleniyor:  33%|███▎      | 37010/111532 [03:48<06:52, 180.70epoch-kanal/s]
Veri yükleniyor:  33%|███▎      | 37029/111532 [03:48<06:52, 180.82epoch-kanal/s]
Veri yükleniyor:  33%|███▎      | 37048/111532 [03:48<06:56, 178.93epoch-kanal/s]
Veri yükleniyor:  33%|███▎      | 37067/111532 [03:49<06:53, 179.88epoch-kanal/s]
Veri yükleniyor:  33%|███▎      | 37085/111532 [03:49<06:54, 179.70epoch-kanal/s]
Veri yükleniyor:  33%|███▎      | 37104/111532 [03:49<06:53, 179.88epoch-kanal/s]
Veri yükleniyor:  33%|███▎      | 37123/111532 [03:49<06:48, 182.29epoch-kanal/s]
Veri yükleniyor:  33%|███▎      | 37142/111532 [03:49<06:48, 182.16epoch-kanal/s]
Veri yükleniyor:  33%|███▎      | 37161/111532 [03:49<06:47, 182.50epoch-kanal/s]
Veri yükleniyor:  33%|███▎      | 37180/111532 [03:49<06:46, 183.05epoch-kanal/s]
Veri yükleniyor:  33%|███▎      | 37199/111532 [03:49<06:46, 182.96epoch-kanal/s]
Veri yükleniyor:  33%|███▎      | 37218/111532 [03:49<06:44, 183.57epoch-kanal/s]
Veri yükleniyor:  33%|███▎      | 37237/111532 [03:49<06:56, 178.22epoch-kanal/s]
Veri yükleniyor:  33%|███▎      | 37256/111532 [03:50<06:53, 179.75epoch-kanal/s]
Veri yükleniyor:  33%|███▎      | 37275/111532 [03:50<06:52, 179.89epoch-kanal/s]
Veri yükleniyor:  33%|███▎      | 37294/111532 [03:50<06:50, 180.65epoch-kanal/s]
Veri yükleniyor:  33%|███▎      | 37313/111532 [03:50<06:56, 178.32epoch-kanal/s]
Veri yükleniyor:  33%|███▎      | 37332/111532 [03:50<06:51, 180.12epoch-kanal/s]
Veri yükleniyor:  33%|███▎      | 37351/111532 [03:50<06:50, 180.69epoch-kanal/s]
Veri yükleniyor:  34%|███▎      | 37370/111532 [03:50<07:52, 157.00epoch-kanal/s]
Veri yükleniyor:  34%|███▎      | 37389/111532 [03:50<07:28, 165.26epoch-kanal/s]
Veri yükleniyor:  34%|███▎      | 37407/111532 [03:50<07:25, 166.37epoch-kanal/s]
Veri yükleniyor:  34%|███▎      | 37424/111532 [03:51<07:23, 167.19epoch-kanal/s]
Veri yükleniyor:  34%|███▎      | 37443/111532 [03:51<07:13, 171.09epoch-kanal/s]
Veri yükleniyor:  34%|███▎      | 37462/111532 [03:51<07:04, 174.35epoch-kanal/s]
Veri yükleniyor:  34%|███▎      | 37482/111532 [03:51<06:53, 179.25epoch-kanal/s]
Veri yükleniyor:  34%|███▎      | 37501/111532 [03:51<06:51, 179.73epoch-kanal/s]
Veri yükleniyor:  34%|███▎      | 37520/111532 [03:51<06:49, 180.85epoch-kanal/s]
Veri yükleniyor:  34%|███▎      | 37539/111532 [03:51<06:52, 179.53epoch-kanal/s]
Veri yükleniyor:  34%|███▎      | 37558/111532 [03:51<06:50, 180.08epoch-kanal/s]
Veri yükleniyor:  34%|███▎      | 37577/111532 [03:51<06:52, 179.39epoch-kanal/s]
Veri yükleniyor:  34%|███▎      | 37595/111532 [03:51<06:52, 179.06epoch-kanal/s]
Veri yükleniyor:  34%|███▎      | 37614/111532 [03:52<06:50, 180.12epoch-kanal/s]
Veri yükleniyor:  34%|███▎      | 37633/111532 [04:05<4:28:48,  4.58epoch-kanal/s]
Veri yükleniyor:  34%|███▍      | 37673/111532 [04:05<2:22:11,  8.66epoch-kanal/s]
Veri yükleniyor:  34%|███▍      | 37714/111532 [04:05<1:24:58, 14.48epoch-kanal/s]
Veri yükleniyor:  34%|███▍      | 37755/111532 [04:05<54:38, 22.50epoch-kanal/s]  
Veri yükleniyor:  34%|███▍      | 37796/111532 [04:05<36:47, 33.41epoch-kanal/s]
Veri yükleniyor:  34%|███▍      | 37836/111532 [04:06<25:49, 47.56epoch-kanal/s]
Veri yükleniyor:  34%|███▍      | 37873/111532 [04:09<54:53, 22.37epoch-kanal/s]
Veri yükleniyor:  34%|███▍      | 37914/111532 [04:09<38:09, 32.16epoch-kanal/s]
Veri yükleniyor:  34%|███▍      | 37953/111532 [04:10<27:53, 43.97epoch-kanal/s]
Veri yükleniyor:  34%|███▍      | 37992/111532 [04:10<20:23, 60.11epoch-kanal/s]
Veri yükleniyor:  34%|███▍      | 38033/111532 [04:10<14:56, 81.97epoch-kanal/s]
Veri yükleniyor:  34%|███▍      | 38074/111532 [04:10<11:15, 108.82epoch-kanal/s]
Veri yükleniyor:  34%|███▍      | 38115/111532 [04:10<08:44, 140.09epoch-kanal/s]
Veri yükleniyor:  34%|███▍      | 38153/111532 [04:13<35:47, 34.17epoch-kanal/s] 
Veri yükleniyor:  34%|███▍      | 38194/111532 [04:13<25:41, 47.57epoch-kanal/s]
Veri yükleniyor:  34%|███▍      | 38235/111532 [04:13<18:45, 65.10epoch-kanal/s]
Veri yükleniyor:  34%|███▍      | 38276/111532 [04:13<13:58, 87.33epoch-kanal/s]
Veri yükleniyor:  34%|███▍      | 38316/111532 [04:14<10:43, 113.78epoch-kanal/s]
Veri yükleniyor:  34%|███▍      | 38356/111532 [04:14<08:26, 144.58epoch-kanal/s]
Veri yükleniyor:  34%|███▍      | 38396/111532 [04:14<06:50, 178.12epoch-kanal/s]
Veri yükleniyor:  34%|███▍      | 38436/111532 [04:14<05:43, 212.85epoch-kanal/s]
Veri yükleniyor:  34%|███▍      | 38477/111532 [04:14<04:54, 248.47epoch-kanal/s]
Veri yükleniyor:  35%|███▍      | 38518/111532 [04:14<04:20, 280.81epoch-kanal/s]
Veri yükleniyor:  35%|███▍      | 38558/111532 [04:14<03:57, 307.69epoch-kanal/s]
Veri yükleniyor:  35%|███▍      | 38598/111532 [04:14<03:43, 326.70epoch-kanal/s]
Veri yükleniyor:  35%|███▍      | 38639/111532 [04:14<03:31, 344.82epoch-kanal/s]
Veri yükleniyor:  35%|███▍      | 38679/111532 [04:14<03:25, 354.48epoch-kanal/s]
Veri yükleniyor:  35%|███▍      | 38718/111532 [04:17<26:51, 45.20epoch-kanal/s] 
Veri yükleniyor:  35%|███▍      | 38758/111532 [04:17<19:42, 61.55epoch-kanal/s]
Veri yükleniyor:  35%|███▍      | 38790/111532 [04:17<15:52, 76.33epoch-kanal/s]
Veri yükleniyor:  35%|███▍      | 38830/111532 [04:17<11:51, 102.25epoch-kanal/s]
Veri yükleniyor:  35%|███▍      | 38871/111532 [04:18<09:03, 133.78epoch-kanal/s]
Veri yükleniyor:  35%|███▍      | 38912/111532 [04:18<07:10, 168.52epoch-kanal/s]
Veri yükleniyor:  35%|███▍      | 38952/111532 [04:18<05:56, 203.69epoch-kanal/s]
Veri yükleniyor:  35%|███▍      | 38992/111532 [04:18<05:03, 238.63epoch-kanal/s]
Veri yükleniyor:  35%|███▍      | 39032/111532 [04:18<04:27, 270.70epoch-kanal/s]
Veri yükleniyor:  35%|███▌      | 39072/111532 [04:18<04:02, 299.36epoch-kanal/s]
Veri yükleniyor:  35%|███▌      | 39111/111532 [04:18<03:50, 314.54epoch-kanal/s]
Veri yükleniyor:  35%|███▌      | 39149/111532 [04:21<32:14, 37.42epoch-kanal/s] 
Veri yükleniyor:  35%|███▌      | 39189/111532 [04:21<23:19, 51.69epoch-kanal/s]
Veri yükleniyor:  35%|███▌      | 39230/111532 [04:22<17:02, 70.74epoch-kanal/s]
Veri yükleniyor:  35%|███▌      | 39269/111532 [04:22<12:54, 93.26epoch-kanal/s]
Veri yükleniyor:  35%|███▌      | 39310/111532 [04:22<09:51, 122.14epoch-kanal/s]
Veri yükleniyor:  35%|███▌      | 39348/111532 [04:22<07:55, 151.71epoch-kanal/s]
Veri yükleniyor:  35%|███▌      | 39386/111532 [04:22<06:32, 183.90epoch-kanal/s]
Veri yükleniyor:  35%|███▌      | 39425/111532 [04:22<05:30, 218.34epoch-kanal/s]
Veri yükleniyor:  35%|███▌      | 39464/111532 [04:22<04:47, 250.73epoch-kanal/s]
Veri yükleniyor:  35%|███▌      | 39505/111532 [04:22<04:13, 284.61epoch-kanal/s]
Veri yükleniyor:  35%|███▌      | 39544/111532 [04:22<03:54, 306.58epoch-kanal/s]
Veri yükleniyor:  35%|███▌      | 39584/111532 [04:22<03:38, 329.52epoch-kanal/s]
Veri yükleniyor:  36%|███▌      | 39625/111532 [04:23<03:26, 348.46epoch-kanal/s]
Veri yükleniyor:  36%|███▌      | 39665/111532 [04:23<03:18, 361.24epoch-kanal/s]
Veri yükleniyor:  36%|███▌      | 39705/111532 [04:23<03:13, 370.77epoch-kanal/s]
Veri yükleniyor:  36%|███▌      | 39745/111532 [04:23<03:10, 377.29epoch-kanal/s]
Veri yükleniyor:  36%|███▌      | 39785/111532 [04:23<03:07, 382.77epoch-kanal/s]
Veri yükleniyor:  36%|███▌      | 39826/111532 [04:23<03:04, 388.34epoch-kanal/s]
Veri yükleniyor:  36%|███▌      | 39867/111532 [04:23<03:02, 393.03epoch-kanal/s]
Veri yükleniyor:  36%|███▌      | 39907/111532 [04:23<03:03, 390.83epoch-kanal/s]
Veri yükleniyor:  36%|███▌      | 39947/111532 [04:23<03:04, 388.54epoch-kanal/s]
Veri yükleniyor:  36%|███▌      | 39987/111532 [04:23<03:03, 390.89epoch-kanal/s]
Veri yükleniyor:  36%|███▌      | 40028/111532 [04:24<03:01, 394.73epoch-kanal/s]
Veri yükleniyor:  36%|███▌      | 40068/111532 [04:24<03:00, 394.84epoch-kanal/s]
Veri yükleniyor:  36%|███▌      | 40108/111532 [04:24<03:03, 389.98epoch-kanal/s]
Veri yükleniyor:  36%|███▌      | 40148/111532 [04:24<03:03, 390.07epoch-kanal/s]
Veri yükleniyor:  36%|███▌      | 40188/111532 [04:24<03:01, 392.99epoch-kanal/s]
Veri yükleniyor:  36%|███▌      | 40228/111532 [04:24<03:03, 389.28epoch-kanal/s]
Veri yükleniyor:  36%|███▌      | 40268/111532 [04:24<03:02, 390.68epoch-kanal/s]
Veri yükleniyor:  36%|███▌      | 40308/111532 [04:24<03:03, 388.25epoch-kanal/s]
Veri yükleniyor:  36%|███▌      | 40347/111532 [04:24<03:03, 387.79epoch-kanal/s]
Veri yükleniyor:  36%|███▌      | 40388/111532 [04:25<03:01, 391.54epoch-kanal/s]
Veri yükleniyor:  36%|███▌      | 40428/111532 [04:25<03:02, 389.97epoch-kanal/s]
Veri yükleniyor:  36%|███▋      | 40468/111532 [04:25<03:02, 389.59epoch-kanal/s]
Veri yükleniyor:  36%|███▋      | 40507/111532 [04:25<03:02, 388.60epoch-kanal/s]
Veri yükleniyor:  36%|███▋      | 40547/111532 [04:25<03:01, 390.29epoch-kanal/s]
Veri yükleniyor:  36%|███▋      | 40587/111532 [04:25<03:03, 386.46epoch-kanal/s]
Veri yükleniyor:  36%|███▋      | 40627/111532 [04:25<03:01, 389.95epoch-kanal/s]
Veri yükleniyor:  36%|███▋      | 40667/111532 [04:25<03:31, 335.41epoch-kanal/s]
Veri yükleniyor:  36%|███▋      | 40706/111532 [04:25<03:23, 347.90epoch-kanal/s]
Veri yükleniyor:  37%|███▋      | 40746/111532 [04:25<03:15, 361.18epoch-kanal/s]
Veri yükleniyor:  37%|███▋      | 40785/111532 [04:26<03:11, 369.05epoch-kanal/s]
Veri yükleniyor:  37%|███▋      | 40823/111532 [04:26<03:10, 370.39epoch-kanal/s]
Veri yükleniyor:  37%|███▋      | 40863/111532 [04:26<03:06, 377.97epoch-kanal/s]
Veri yükleniyor:  37%|███▋      | 40903/111532 [04:26<03:03, 383.97epoch-kanal/s]
Veri yükleniyor:  37%|███▋      | 40943/111532 [04:26<03:02, 387.77epoch-kanal/s]
Veri yükleniyor:  37%|███▋      | 40982/111532 [04:26<03:01, 387.96epoch-kanal/s]
Veri yükleniyor:  37%|███▋      | 41021/111532 [04:26<03:02, 386.40epoch-kanal/s]
Veri yükleniyor:  37%|███▋      | 41061/111532 [04:26<03:01, 388.25epoch-kanal/s]
Veri yükleniyor:  37%|███▋      | 41100/111532 [04:26<03:01, 388.44epoch-kanal/s]
Veri yükleniyor:  37%|███▋      | 41140/111532 [04:26<03:00, 390.98epoch-kanal/s]
Veri yükleniyor:  37%|███▋      | 41180/111532 [04:27<02:59, 391.45epoch-kanal/s]
Veri yükleniyor:  37%|███▋      | 41220/111532 [04:27<03:01, 386.67epoch-kanal/s]
Veri yükleniyor:  37%|███▋      | 41260/111532 [04:27<03:00, 389.39epoch-kanal/s]
Veri yükleniyor:  37%|███▋      | 41300/111532 [04:27<02:59, 390.40epoch-kanal/s]
Veri yükleniyor:  37%|███▋      | 41340/111532 [04:27<02:58, 392.56epoch-kanal/s]
Veri yükleniyor:  37%|███▋      | 41380/111532 [04:27<03:00, 388.88epoch-kanal/s]
Veri yükleniyor:  37%|███▋      | 41419/111532 [04:27<03:01, 385.78epoch-kanal/s]
Veri yükleniyor:  37%|███▋      | 41459/111532 [04:27<03:00, 388.11epoch-kanal/s]
Veri yükleniyor:  37%|███▋      | 41498/111532 [04:27<03:00, 387.26epoch-kanal/s]
Veri yükleniyor:  37%|███▋      | 41537/111532 [04:28<03:00, 387.41epoch-kanal/s]
Veri yükleniyor:  37%|███▋      | 41576/111532 [04:28<03:00, 387.73epoch-kanal/s]
Veri yükleniyor:  37%|███▋      | 41615/111532 [04:28<03:02, 382.62epoch-kanal/s]
Veri yükleniyor:  37%|███▋      | 41655/111532 [04:28<03:00, 386.92epoch-kanal/s]
Veri yükleniyor:  37%|███▋      | 41695/111532 [04:28<02:59, 387.99epoch-kanal/s]
Veri yükleniyor:  37%|███▋      | 41735/111532 [04:28<02:59, 389.70epoch-kanal/s]
Veri yükleniyor:  37%|███▋      | 41774/111532 [04:28<02:59, 387.69epoch-kanal/s]
Veri yükleniyor:  37%|███▋      | 41814/111532 [04:28<02:58, 390.67epoch-kanal/s]
Veri yükleniyor:  38%|███▊      | 41854/111532 [04:28<02:57, 393.41epoch-kanal/s]
Veri yükleniyor:  38%|███▊      | 41894/111532 [04:28<02:58, 390.40epoch-kanal/s]
Veri yükleniyor:  38%|███▊      | 41934/111532 [04:29<02:57, 392.58epoch-kanal/s]
Veri yükleniyor:  38%|███▊      | 41974/111532 [04:29<02:59, 386.85epoch-kanal/s]
Veri yükleniyor:  38%|███▊      | 42014/111532 [04:29<02:58, 389.39epoch-kanal/s]
Veri yükleniyor:  38%|███▊      | 42054/111532 [04:29<02:57, 390.70epoch-kanal/s]
Veri yükleniyor:  38%|███▊      | 42094/111532 [04:29<02:58, 389.64epoch-kanal/s]
Veri yükleniyor:  38%|███▊      | 42134/111532 [04:29<02:57, 390.92epoch-kanal/s]
Veri yükleniyor:  38%|███▊      | 42174/111532 [04:29<03:00, 385.05epoch-kanal/s]
Veri yükleniyor:  38%|███▊      | 42214/111532 [04:29<02:58, 388.59epoch-kanal/s]
Veri yükleniyor:  38%|███▊      | 42254/111532 [04:29<02:58, 388.99epoch-kanal/s]
Veri yükleniyor:  38%|███▊      | 42294/111532 [04:29<02:57, 389.43epoch-kanal/s]
Veri yükleniyor:  38%|███▊      | 42333/111532 [04:30<02:58, 387.59epoch-kanal/s]
Veri yükleniyor:  38%|███▊      | 42372/111532 [04:30<03:53, 295.72epoch-kanal/s]
Veri yükleniyor:  38%|███▊      | 42405/111532 [04:30<04:30, 255.75epoch-kanal/s]
Veri yükleniyor:  38%|███▊      | 42434/111532 [04:30<05:01, 228.95epoch-kanal/s]
Veri yükleniyor:  38%|███▊      | 42460/111532 [04:30<05:14, 219.28epoch-kanal/s]
Veri yükleniyor:  38%|███▊      | 42484/111532 [04:30<05:32, 207.57epoch-kanal/s]
Veri yükleniyor:  38%|███▊      | 42506/111532 [04:31<05:40, 202.58epoch-kanal/s]
Veri yükleniyor:  38%|███▊      | 42527/111532 [04:31<05:47, 198.45epoch-kanal/s]
Veri yükleniyor:  38%|███▊      | 42548/111532 [04:31<05:49, 197.38epoch-kanal/s]
Veri yükleniyor:  38%|███▊      | 42568/111532 [04:31<05:54, 194.44epoch-kanal/s]
Veri yükleniyor:  38%|███▊      | 42588/111532 [04:31<05:58, 192.25epoch-kanal/s]
Veri yükleniyor:  38%|███▊      | 42608/111532 [04:31<05:58, 192.11epoch-kanal/s]
Veri yükleniyor:  38%|███▊      | 42628/111532 [04:31<06:07, 187.72epoch-kanal/s]
Veri yükleniyor:  38%|███▊      | 42648/111532 [04:31<06:01, 190.38epoch-kanal/s]
Veri yükleniyor:  38%|███▊      | 42668/111532 [04:31<06:06, 188.02epoch-kanal/s]
Veri yükleniyor:  38%|███▊      | 42687/111532 [04:31<06:08, 186.61epoch-kanal/s]
Veri yükleniyor:  38%|███▊      | 42706/111532 [04:32<06:08, 186.66epoch-kanal/s]
Veri yükleniyor:  38%|███▊      | 42725/111532 [04:32<06:08, 186.63epoch-kanal/s]
Veri yükleniyor:  38%|███▊      | 42744/111532 [04:32<06:07, 187.38epoch-kanal/s]
Veri yükleniyor:  38%|███▊      | 42763/111532 [04:32<06:07, 187.34epoch-kanal/s]
Veri yükleniyor:  38%|███▊      | 42783/111532 [04:32<06:05, 188.10epoch-kanal/s]
Veri yükleniyor:  38%|███▊      | 42802/111532 [04:32<06:05, 187.80epoch-kanal/s]
Veri yükleniyor:  38%|███▊      | 42821/111532 [04:32<06:08, 186.44epoch-kanal/s]
Veri yükleniyor:  38%|███▊      | 42840/111532 [04:32<06:06, 187.35epoch-kanal/s]
Veri yükleniyor:  38%|███▊      | 42859/111532 [04:32<06:09, 185.76epoch-kanal/s]
Veri yükleniyor:  38%|███▊      | 42878/111532 [04:32<06:11, 184.66epoch-kanal/s]
Veri yükleniyor:  38%|███▊      | 42898/111532 [04:33<06:08, 186.47epoch-kanal/s]
Veri yükleniyor:  38%|███▊      | 42917/111532 [04:33<06:07, 186.60epoch-kanal/s]
Veri yükleniyor:  38%|███▊      | 42936/111532 [04:33<06:55, 165.04epoch-kanal/s]
Veri yükleniyor:  39%|███▊      | 42955/111532 [04:33<06:43, 169.91epoch-kanal/s]
Veri yükleniyor:  39%|███▊      | 42973/111532 [04:33<06:41, 170.88epoch-kanal/s]
Veri yükleniyor:  39%|███▊      | 42991/111532 [04:33<06:37, 172.33epoch-kanal/s]
Veri yükleniyor:  39%|███▊      | 43009/111532 [04:33<06:34, 173.91epoch-kanal/s]
Veri yükleniyor:  39%|███▊      | 43028/111532 [04:33<06:28, 176.12epoch-kanal/s]
Veri yükleniyor:  39%|███▊      | 43047/111532 [04:33<06:25, 177.61epoch-kanal/s]
Veri yükleniyor:  39%|███▊      | 43066/111532 [04:34<06:21, 179.53epoch-kanal/s]
Veri yükleniyor:  39%|███▊      | 43085/111532 [04:34<06:17, 181.50epoch-kanal/s]
Veri yükleniyor:  39%|███▊      | 43104/111532 [04:34<06:13, 182.98epoch-kanal/s]
Veri yükleniyor:  39%|███▊      | 43123/111532 [04:34<06:12, 183.87epoch-kanal/s]
Veri yükleniyor:  39%|███▊      | 43142/111532 [04:34<06:11, 184.00epoch-kanal/s]
Veri yükleniyor:  39%|███▊      | 43162/111532 [04:34<06:06, 186.75epoch-kanal/s]
Veri yükleniyor:  39%|███▊      | 43181/111532 [04:34<06:07, 186.06epoch-kanal/s]
Veri yükleniyor:  39%|███▊      | 43200/111532 [04:34<06:07, 185.93epoch-kanal/s]
Veri yükleniyor:  39%|███▉      | 43219/111532 [04:34<06:12, 183.34epoch-kanal/s]
Veri yükleniyor:  39%|███▉      | 43238/111532 [04:34<06:11, 183.90epoch-kanal/s]
Veri yükleniyor:  39%|███▉      | 43257/111532 [04:35<06:12, 183.51epoch-kanal/s]
Veri yükleniyor:  39%|███▉      | 43276/111532 [04:35<06:11, 183.50epoch-kanal/s]
Veri yükleniyor:  39%|███▉      | 43295/111532 [04:35<06:10, 184.19epoch-kanal/s]
Veri yükleniyor:  39%|███▉      | 43314/111532 [04:35<06:10, 184.36epoch-kanal/s]
Veri yükleniyor:  39%|███▉      | 43333/111532 [04:35<06:07, 185.38epoch-kanal/s]
Veri yükleniyor:  39%|███▉      | 43352/111532 [04:35<06:14, 182.29epoch-kanal/s]
Veri yükleniyor:  39%|███▉      | 43371/111532 [04:35<06:25, 177.00epoch-kanal/s]
Veri yükleniyor:  39%|███▉      | 43390/111532 [04:35<06:17, 180.53epoch-kanal/s]
Veri yükleniyor:  39%|███▉      | 43409/111532 [04:35<06:24, 176.96epoch-kanal/s]
Veri yükleniyor:  39%|███▉      | 43428/111532 [04:36<06:17, 180.56epoch-kanal/s]
Veri yükleniyor:  39%|███▉      | 43447/111532 [04:36<06:15, 181.36epoch-kanal/s]
Veri yükleniyor:  39%|███▉      | 43466/111532 [04:36<06:10, 183.60epoch-kanal/s]
Veri yükleniyor:  39%|███▉      | 43485/111532 [04:36<06:08, 184.48epoch-kanal/s]
Veri yükleniyor:  39%|███▉      | 43504/111532 [04:36<06:05, 185.89epoch-kanal/s]
Veri yükleniyor:  39%|███▉      | 43523/111532 [04:36<06:07, 185.16epoch-kanal/s]
Veri yükleniyor:  39%|███▉      | 43542/111532 [04:36<06:18, 179.47epoch-kanal/s]
Veri yükleniyor:  39%|███▉      | 43561/111532 [04:36<06:12, 182.38epoch-kanal/s]
Veri yükleniyor:  39%|███▉      | 43580/111532 [04:36<06:19, 179.25epoch-kanal/s]
Veri yükleniyor:  39%|███▉      | 43599/111532 [04:36<06:13, 181.97epoch-kanal/s]
Veri yükleniyor:  39%|███▉      | 43618/111532 [04:37<06:10, 183.21epoch-kanal/s]
Veri yükleniyor:  39%|███▉      | 43637/111532 [04:37<06:09, 183.74epoch-kanal/s]
Veri yükleniyor:  39%|███▉      | 43656/111532 [04:37<06:06, 185.11epoch-kanal/s]
Veri yükleniyor:  39%|███▉      | 43675/111532 [04:37<06:10, 183.34epoch-kanal/s]
Veri yükleniyor:  39%|███▉      | 43694/111532 [04:37<06:10, 183.33epoch-kanal/s]
Veri yükleniyor:  39%|███▉      | 43713/111532 [04:37<06:13, 181.54epoch-kanal/s]
Veri yükleniyor:  39%|███▉      | 43732/111532 [04:38<15:25, 73.24epoch-kanal/s] 
Veri yükleniyor:  39%|███▉      | 43752/111532 [04:38<12:28, 90.59epoch-kanal/s]
Veri yükleniyor:  39%|███▉      | 43771/111532 [04:38<10:33, 106.98epoch-kanal/s]
Veri yükleniyor:  39%|███▉      | 43791/111532 [04:38<09:06, 123.97epoch-kanal/s]
Veri yükleniyor:  39%|███▉      | 43810/111532 [04:38<08:12, 137.40epoch-kanal/s]
Veri yükleniyor:  39%|███▉      | 43830/111532 [04:38<07:27, 151.24epoch-kanal/s]
Veri yükleniyor:  39%|███▉      | 43849/111532 [04:38<07:03, 159.69epoch-kanal/s]
Veri yükleniyor:  39%|███▉      | 43868/111532 [04:38<06:51, 164.28epoch-kanal/s]
Veri yükleniyor:  39%|███▉      | 43888/111532 [04:39<06:32, 172.46epoch-kanal/s]
Veri yükleniyor:  39%|███▉      | 43907/111532 [04:39<06:22, 176.66epoch-kanal/s]
Veri yükleniyor:  39%|███▉      | 43927/111532 [04:39<06:12, 181.34epoch-kanal/s]
Veri yükleniyor:  39%|███▉      | 43946/111532 [04:39<06:09, 182.68epoch-kanal/s]
Veri yükleniyor:  39%|███▉      | 43965/111532 [04:39<06:08, 183.19epoch-kanal/s]
Veri yükleniyor:  39%|███▉      | 43984/111532 [04:39<06:10, 182.35epoch-kanal/s]
Veri yükleniyor:  39%|███▉      | 44003/111532 [04:39<06:10, 182.02epoch-kanal/s]
Veri yükleniyor:  39%|███▉      | 44022/111532 [04:39<06:10, 182.44epoch-kanal/s]
Veri yükleniyor:  39%|███▉      | 44041/111532 [04:39<06:15, 179.92epoch-kanal/s]
Veri yükleniyor:  40%|███▉      | 44060/111532 [04:39<06:12, 181.02epoch-kanal/s]
Veri yükleniyor:  40%|███▉      | 44079/111532 [04:40<06:11, 181.51epoch-kanal/s]
Veri yükleniyor:  40%|███▉      | 44098/111532 [04:40<06:09, 182.33epoch-kanal/s]
Veri yükleniyor:  40%|███▉      | 44117/111532 [04:40<06:09, 182.58epoch-kanal/s]
Veri yükleniyor:  40%|███▉      | 44136/111532 [04:40<06:06, 183.95epoch-kanal/s]
Veri yükleniyor:  40%|███▉      | 44156/111532 [04:40<06:02, 186.06epoch-kanal/s]
Veri yükleniyor:  40%|███▉      | 44175/111532 [04:40<06:04, 184.58epoch-kanal/s]
Veri yükleniyor:  40%|███▉      | 44194/111532 [04:40<06:04, 184.72epoch-kanal/s]
Veri yükleniyor:  40%|███▉      | 44213/111532 [04:40<06:02, 185.95epoch-kanal/s]
Veri yükleniyor:  40%|███▉      | 44232/111532 [04:40<06:08, 182.67epoch-kanal/s]
Veri yükleniyor:  40%|███▉      | 44251/111532 [04:41<06:10, 181.48epoch-kanal/s]
Veri yükleniyor:  40%|███▉      | 44270/111532 [04:41<06:08, 182.68epoch-kanal/s]
Veri yükleniyor:  40%|███▉      | 44289/111532 [04:41<06:05, 183.81epoch-kanal/s]
Veri yükleniyor:  40%|███▉      | 44309/111532 [04:41<06:01, 186.21epoch-kanal/s]
Veri yükleniyor:  40%|███▉      | 44328/111532 [04:41<05:59, 187.02epoch-kanal/s]
Veri yükleniyor:  40%|███▉      | 44348/111532 [04:41<05:54, 189.38epoch-kanal/s]
Veri yükleniyor:  40%|███▉      | 44367/111532 [04:41<06:11, 180.95epoch-kanal/s]
Veri yükleniyor:  40%|███▉      | 44386/111532 [04:41<06:07, 182.96epoch-kanal/s]
Veri yükleniyor:  40%|███▉      | 44405/111532 [04:41<06:09, 181.84epoch-kanal/s]
Veri yükleniyor:  40%|███▉      | 44424/111532 [04:41<06:12, 180.34epoch-kanal/s]
Veri yükleniyor:  40%|███▉      | 44443/111532 [04:42<06:11, 180.43epoch-kanal/s]
Veri yükleniyor:  40%|███▉      | 44462/111532 [04:42<06:08, 181.78epoch-kanal/s]
Veri yükleniyor:  40%|███▉      | 44481/111532 [04:42<06:05, 183.40epoch-kanal/s]
Veri yükleniyor:  40%|███▉      | 44500/111532 [04:42<06:06, 183.06epoch-kanal/s]
Veri yükleniyor:  40%|███▉      | 44519/111532 [04:42<06:02, 184.99epoch-kanal/s]
Veri yükleniyor:  40%|███▉      | 44538/111532 [04:42<06:05, 183.16epoch-kanal/s]
Veri yükleniyor:  40%|███▉      | 44557/111532 [04:42<06:09, 181.27epoch-kanal/s]
Veri yükleniyor:  40%|███▉      | 44576/111532 [04:42<06:05, 183.36epoch-kanal/s]
Veri yükleniyor:  40%|███▉      | 44595/111532 [04:42<06:10, 180.49epoch-kanal/s]
Veri yükleniyor:  40%|████      | 44614/111532 [04:43<06:09, 181.09epoch-kanal/s]
Veri yükleniyor:  40%|████      | 44633/111532 [04:43<06:10, 180.60epoch-kanal/s]
Veri yükleniyor:  40%|████      | 44652/111532 [04:43<06:08, 181.32epoch-kanal/s]
Veri yükleniyor:  40%|████      | 44671/111532 [04:43<06:06, 182.38epoch-kanal/s]
Veri yükleniyor:  40%|████      | 44690/111532 [04:43<06:07, 181.98epoch-kanal/s]
Veri yükleniyor:  40%|████      | 44709/111532 [04:43<06:03, 183.89epoch-kanal/s]
Veri yükleniyor:  40%|████      | 44728/111532 [04:43<06:02, 184.36epoch-kanal/s]
Veri yükleniyor:  40%|████      | 44747/111532 [04:43<06:01, 184.70epoch-kanal/s]
Veri yükleniyor:  40%|████      | 44766/111532 [04:43<06:00, 185.25epoch-kanal/s]
Veri yükleniyor:  40%|████      | 44785/111532 [04:43<06:07, 181.85epoch-kanal/s]
Veri yükleniyor:  40%|████      | 44804/111532 [04:44<06:06, 182.31epoch-kanal/s]
Veri yükleniyor:  40%|████      | 44823/111532 [04:44<06:04, 183.18epoch-kanal/s]
Veri yükleniyor:  40%|████      | 44842/111532 [04:44<06:00, 184.96epoch-kanal/s]
Veri yükleniyor:  40%|████      | 44861/111532 [04:44<06:01, 184.53epoch-kanal/s]
Veri yükleniyor:  40%|████      | 44880/111532 [04:44<06:02, 184.10epoch-kanal/s]
Veri yükleniyor:  40%|████      | 44899/111532 [04:44<06:01, 184.13epoch-kanal/s]
Veri yükleniyor:  40%|████      | 44918/111532 [04:44<06:02, 183.75epoch-kanal/s]
Veri yükleniyor:  40%|████      | 44937/111532 [04:44<06:03, 183.10epoch-kanal/s]
Veri yükleniyor:  40%|████      | 44956/111532 [04:44<06:57, 159.43epoch-kanal/s]
Veri yükleniyor:  40%|████      | 44975/111532 [04:45<06:40, 165.98epoch-kanal/s]
Veri yükleniyor:  40%|████      | 44994/111532 [04:45<06:30, 170.53epoch-kanal/s]
Veri yükleniyor:  40%|████      | 45013/111532 [04:45<06:20, 175.05epoch-kanal/s]
Veri yükleniyor:  40%|████      | 45031/111532 [04:45<06:19, 175.13epoch-kanal/s]
Veri yükleniyor:  40%|████      | 45050/111532 [04:45<06:12, 178.66epoch-kanal/s]
Veri yükleniyor:  40%|████      | 45069/111532 [04:45<06:16, 176.41epoch-kanal/s]
Veri yükleniyor:  40%|████      | 45088/111532 [04:45<06:13, 178.08epoch-kanal/s]
Veri yükleniyor:  40%|████      | 45107/111532 [04:45<06:07, 180.60epoch-kanal/s]
Veri yükleniyor:  40%|████      | 45126/111532 [04:45<06:07, 180.69epoch-kanal/s]
Veri yükleniyor:  40%|████      | 45145/111532 [04:45<06:11, 178.87epoch-kanal/s]
Veri yükleniyor:  40%|████      | 45164/111532 [04:46<06:12, 178.40epoch-kanal/s]
Veri yükleniyor:  41%|████      | 45183/111532 [04:46<06:06, 181.12epoch-kanal/s]
Veri yükleniyor:  41%|████      | 45202/111532 [04:46<06:02, 182.74epoch-kanal/s]
Veri yükleniyor:  41%|████      | 45221/111532 [04:46<06:02, 182.99epoch-kanal/s]
Veri yükleniyor:  41%|████      | 45240/111532 [04:46<06:00, 183.94epoch-kanal/s]
Veri yükleniyor:  41%|████      | 45259/111532 [04:46<06:06, 181.00epoch-kanal/s]
Veri yükleniyor:  41%|████      | 45278/111532 [04:46<06:04, 181.63epoch-kanal/s]
Veri yükleniyor:  41%|████      | 45297/111532 [04:46<06:03, 181.99epoch-kanal/s]
Veri yükleniyor:  41%|████      | 45316/111532 [04:46<06:09, 179.35epoch-kanal/s]
Veri yükleniyor:  41%|████      | 45335/111532 [04:47<06:06, 180.61epoch-kanal/s]
Veri yükleniyor:  41%|████      | 45354/111532 [04:47<06:05, 181.14epoch-kanal/s]
Veri yükleniyor:  41%|████      | 45373/111532 [04:47<06:02, 182.57epoch-kanal/s]
Veri yükleniyor:  41%|████      | 45392/111532 [04:47<06:02, 182.44epoch-kanal/s]
Veri yükleniyor:  41%|████      | 45411/111532 [04:47<06:01, 182.93epoch-kanal/s]
Veri yükleniyor:  41%|████      | 45430/111532 [04:47<05:57, 184.73epoch-kanal/s]
Veri yükleniyor:  41%|████      | 45449/111532 [04:47<06:03, 181.71epoch-kanal/s]
Veri yükleniyor:  41%|████      | 45468/111532 [04:47<06:06, 180.33epoch-kanal/s]
Veri yükleniyor:  41%|████      | 45488/111532 [04:47<06:03, 181.69epoch-kanal/s]
Veri yükleniyor:  41%|████      | 45507/111532 [04:47<06:08, 179.04epoch-kanal/s]
Veri yükleniyor:  41%|████      | 45526/111532 [04:48<06:02, 181.94epoch-kanal/s]
Veri yükleniyor:  41%|████      | 45545/111532 [04:48<06:01, 182.44epoch-kanal/s]
Veri yükleniyor:  41%|████      | 45564/111532 [04:48<05:58, 183.76epoch-kanal/s]
Veri yükleniyor:  41%|████      | 45583/111532 [04:48<05:58, 183.93epoch-kanal/s]
Veri yükleniyor:  41%|████      | 45602/111532 [04:48<06:00, 183.04epoch-kanal/s]
Veri yükleniyor:  41%|████      | 45621/111532 [04:48<06:02, 182.04epoch-kanal/s]
Veri yükleniyor:  41%|████      | 45640/111532 [04:48<06:08, 178.98epoch-kanal/s]
Veri yükleniyor:  41%|████      | 45658/111532 [04:48<06:13, 176.55epoch-kanal/s]
Veri yükleniyor:  41%|████      | 45676/111532 [04:48<06:27, 169.99epoch-kanal/s]
Veri yükleniyor:  41%|████      | 45695/111532 [04:49<06:18, 173.96epoch-kanal/s]
Veri yükleniyor:  41%|████      | 45713/111532 [04:49<06:16, 174.99epoch-kanal/s]
Veri yükleniyor:  41%|████      | 45732/111532 [04:49<06:10, 177.80epoch-kanal/s]
Veri yükleniyor:  41%|████      | 45751/111532 [04:49<06:08, 178.69epoch-kanal/s]
Veri yükleniyor:  41%|████      | 45769/111532 [04:49<06:09, 178.08epoch-kanal/s]
Veri yükleniyor:  41%|████      | 45787/111532 [04:49<06:17, 174.12epoch-kanal/s]
Veri yükleniyor:  41%|████      | 45805/111532 [04:49<06:17, 174.22epoch-kanal/s]
Veri yükleniyor:  41%|████      | 45824/111532 [04:49<06:11, 176.66epoch-kanal/s]
Veri yükleniyor:  41%|████      | 45843/111532 [04:49<06:04, 179.99epoch-kanal/s]
Veri yükleniyor:  41%|████      | 45862/111532 [04:49<06:12, 176.10epoch-kanal/s]
Veri yükleniyor:  41%|████      | 45881/111532 [04:50<06:08, 178.28epoch-kanal/s]
Veri yükleniyor:  41%|████      | 45900/111532 [04:50<06:05, 179.50epoch-kanal/s]
Veri yükleniyor:  41%|████      | 45919/111532 [04:50<06:02, 181.06epoch-kanal/s]
Veri yükleniyor:  41%|████      | 45938/111532 [04:50<06:05, 179.58epoch-kanal/s]
Veri yükleniyor:  41%|████      | 45957/111532 [04:50<06:00, 181.92epoch-kanal/s]
Veri yükleniyor:  41%|████      | 45976/111532 [04:50<05:59, 182.30epoch-kanal/s]
Veri yükleniyor:  41%|████      | 45995/111532 [04:50<06:00, 181.88epoch-kanal/s]
Veri yükleniyor:  41%|████▏     | 46014/111532 [04:50<05:58, 182.89epoch-kanal/s]
Veri yükleniyor:  41%|████▏     | 46033/111532 [04:50<06:06, 178.69epoch-kanal/s]
Veri yükleniyor:  41%|████▏     | 46052/111532 [04:51<06:04, 179.77epoch-kanal/s]
Veri yükleniyor:  41%|████▏     | 46071/111532 [04:51<06:02, 180.38epoch-kanal/s]
Veri yükleniyor:  41%|████▏     | 46090/111532 [04:51<05:59, 182.00epoch-kanal/s]
Veri yükleniyor:  41%|████▏     | 46109/111532 [04:51<06:02, 180.57epoch-kanal/s]
Veri yükleniyor:  41%|████▏     | 46128/111532 [04:51<06:01, 180.99epoch-kanal/s]
Veri yükleniyor:  41%|████▏     | 46147/111532 [04:51<06:00, 181.61epoch-kanal/s]
Veri yükleniyor:  41%|████▏     | 46166/111532 [04:51<06:13, 175.06epoch-kanal/s]
Veri yükleniyor:  41%|████▏     | 46185/111532 [04:51<06:05, 178.76epoch-kanal/s]
Veri yükleniyor:  41%|████▏     | 46204/111532 [04:51<06:04, 179.11epoch-kanal/s]
Veri yükleniyor:  41%|████▏     | 46222/111532 [04:51<06:08, 177.34epoch-kanal/s]
Veri yükleniyor:  41%|████▏     | 46240/111532 [04:52<06:07, 177.57epoch-kanal/s]
Veri yükleniyor:  41%|████▏     | 46259/111532 [04:52<06:02, 179.83epoch-kanal/s]
Veri yükleniyor:  41%|████▏     | 46278/111532 [04:52<06:00, 180.91epoch-kanal/s]
Veri yükleniyor:  42%|████▏     | 46297/111532 [04:52<06:01, 180.49epoch-kanal/s]
Veri yükleniyor:  42%|████▏     | 46316/111532 [04:52<05:57, 182.29epoch-kanal/s]
Veri yükleniyor:  42%|████▏     | 46335/111532 [04:52<05:57, 182.42epoch-kanal/s]
Veri yükleniyor:  42%|████▏     | 46354/111532 [04:52<06:01, 180.31epoch-kanal/s]
Veri yükleniyor:  42%|████▏     | 46373/111532 [04:52<06:00, 180.68epoch-kanal/s]
Veri yükleniyor:  42%|████▏     | 46392/111532 [04:52<06:02, 179.62epoch-kanal/s]
Veri yükleniyor:  42%|████▏     | 46410/111532 [04:53<06:03, 179.11epoch-kanal/s]
Veri yükleniyor:  42%|████▏     | 46429/111532 [04:53<05:59, 181.13epoch-kanal/s]
Veri yükleniyor:  42%|████▏     | 46448/111532 [04:53<05:59, 181.14epoch-kanal/s]
Veri yükleniyor:  42%|████▏     | 46467/111532 [04:53<05:57, 181.98epoch-kanal/s]
Veri yükleniyor:  42%|████▏     | 46486/111532 [04:53<05:59, 181.16epoch-kanal/s]
Veri yükleniyor:  42%|████▏     | 46505/111532 [04:53<05:58, 181.57epoch-kanal/s]
Veri yükleniyor:  42%|████▏     | 46524/111532 [04:53<05:56, 182.60epoch-kanal/s]
Veri yükleniyor:  42%|████▏     | 46543/111532 [04:53<06:00, 180.45epoch-kanal/s]
Veri yükleniyor:  42%|████▏     | 46562/111532 [04:53<05:55, 182.75epoch-kanal/s]
Veri yükleniyor:  42%|████▏     | 46581/111532 [04:53<06:03, 178.75epoch-kanal/s]
Veri yükleniyor:  42%|████▏     | 46600/111532 [04:54<05:59, 180.58epoch-kanal/s]
Veri yükleniyor:  42%|████▏     | 46619/111532 [04:54<05:56, 182.19epoch-kanal/s]
Veri yükleniyor:  42%|████▏     | 46638/111532 [04:54<05:57, 181.75epoch-kanal/s]
Veri yükleniyor:  42%|████▏     | 46657/111532 [04:54<05:56, 181.95epoch-kanal/s]
Veri yükleniyor:  42%|████▏     | 46676/111532 [04:54<06:01, 179.42epoch-kanal/s]
Veri yükleniyor:  42%|████▏     | 46694/111532 [04:54<06:04, 178.10epoch-kanal/s]
Veri yükleniyor:  42%|████▏     | 46712/111532 [04:54<06:10, 175.04epoch-kanal/s]
Veri yükleniyor:  42%|████▏     | 46731/111532 [04:54<06:04, 178.00epoch-kanal/s]
Veri yükleniyor:  42%|████▏     | 46749/111532 [04:54<06:10, 174.74epoch-kanal/s]
Veri yükleniyor:  42%|████▏     | 46767/111532 [04:54<06:10, 174.73epoch-kanal/s]
Veri yükleniyor:  42%|████▏     | 46785/111532 [04:55<06:07, 176.10epoch-kanal/s]
Veri yükleniyor:  42%|████▏     | 46803/111532 [04:55<06:09, 175.02epoch-kanal/s]
Veri yükleniyor:  42%|████▏     | 46822/111532 [04:55<06:03, 178.20epoch-kanal/s]
Veri yükleniyor:  42%|████▏     | 46840/111532 [04:55<06:02, 178.22epoch-kanal/s]
Veri yükleniyor:  42%|████▏     | 46859/111532 [04:55<05:58, 180.45epoch-kanal/s]
Veri yükleniyor:  42%|████▏     | 46878/111532 [04:55<05:58, 180.44epoch-kanal/s]
Veri yükleniyor:  42%|████▏     | 46897/111532 [04:55<06:00, 179.42epoch-kanal/s]
Veri yükleniyor:  42%|████▏     | 46916/111532 [04:55<05:55, 181.57epoch-kanal/s]
Veri yükleniyor:  42%|████▏     | 46935/111532 [04:55<06:01, 178.89epoch-kanal/s]
Veri yükleniyor:  42%|████▏     | 46954/111532 [04:56<05:58, 180.11epoch-kanal/s]
Veri yükleniyor:  42%|████▏     | 46973/111532 [04:56<05:56, 181.10epoch-kanal/s]
Veri yükleniyor:  42%|████▏     | 46992/111532 [04:56<05:55, 181.74epoch-kanal/s]
Veri yükleniyor:  42%|████▏     | 47011/111532 [04:56<06:43, 160.06epoch-kanal/s]
Veri yükleniyor:  42%|████▏     | 47030/111532 [04:56<06:29, 165.72epoch-kanal/s]
Veri yükleniyor:  42%|████▏     | 47047/111532 [05:06<3:07:11,  5.74epoch-kanal/s]
Veri yükleniyor:  42%|████▏     | 47069/111532 [05:07<2:05:21,  8.57epoch-kanal/s]
Veri yükleniyor:  42%|████▏     | 47109/111532 [05:07<1:07:53, 15.81epoch-kanal/s]
Veri yükleniyor:  42%|████▏     | 47149/111532 [05:07<41:45, 25.70epoch-kanal/s]  
Veri yükleniyor:  42%|████▏     | 47191/111532 [05:07<27:02, 39.67epoch-kanal/s]
Veri yükleniyor:  42%|████▏     | 47232/111532 [05:07<18:39, 57.44epoch-kanal/s]
Veri yükleniyor:  42%|████▏     | 47267/111532 [05:11<46:35, 22.99epoch-kanal/s]
Veri yükleniyor:  42%|████▏     | 47308/111532 [05:11<32:02, 33.40epoch-kanal/s]
Veri yükleniyor:  42%|████▏     | 47348/111532 [05:11<22:45, 46.99epoch-kanal/s]
Veri yükleniyor:  42%|████▏     | 47389/111532 [05:11<16:23, 65.22epoch-kanal/s]
Veri yükleniyor:  43%|████▎     | 47430/111532 [05:11<12:06, 88.26epoch-kanal/s]
Veri yükleniyor:  43%|████▎     | 47470/111532 [05:11<09:14, 115.44epoch-kanal/s]
Veri yükleniyor:  43%|████▎     | 47508/111532 [05:11<07:22, 144.74epoch-kanal/s]
Veri yükleniyor:  43%|████▎     | 47546/111532 [05:14<31:52, 33.45epoch-kanal/s] 
Veri yükleniyor:  43%|████▎     | 47586/111532 [05:15<22:55, 46.49epoch-kanal/s]
Veri yükleniyor:  43%|████▎     | 47626/111532 [05:15<16:45, 63.58epoch-kanal/s]
Veri yükleniyor:  43%|████▎     | 47666/111532 [05:15<12:29, 85.26epoch-kanal/s]
Veri yükleniyor:  43%|████▎     | 47707/111532 [05:15<09:26, 112.67epoch-kanal/s]
Veri yükleniyor:  43%|████▎     | 47747/111532 [05:15<07:24, 143.43epoch-kanal/s]
Veri yükleniyor:  43%|████▎     | 47785/111532 [05:15<06:05, 174.20epoch-kanal/s]
Veri yükleniyor:  43%|████▎     | 47823/111532 [05:15<05:08, 206.55epoch-kanal/s]
Veri yükleniyor:  43%|████▎     | 47863/111532 [05:15<04:22, 242.13epoch-kanal/s]
Veri yükleniyor:  43%|████▎     | 47903/111532 [05:15<03:51, 274.38epoch-kanal/s]
Veri yükleniyor:  43%|████▎     | 47942/111532 [05:15<03:32, 299.58epoch-kanal/s]
Veri yükleniyor:  43%|████▎     | 47981/111532 [05:19<28:29, 37.17epoch-kanal/s] 
Veri yükleniyor:  43%|████▎     | 48021/111532 [05:19<20:37, 51.31epoch-kanal/s]
Veri yükleniyor:  43%|████▎     | 48062/111532 [05:19<15:04, 70.21epoch-kanal/s]
Veri yükleniyor:  43%|████▎     | 48102/111532 [05:19<11:20, 93.24epoch-kanal/s]
Veri yükleniyor:  43%|████▎     | 48139/111532 [05:19<09:15, 114.17epoch-kanal/s]
Veri yükleniyor:  43%|████▎     | 48179/111532 [05:19<07:15, 145.59epoch-kanal/s]
Veri yükleniyor:  43%|████▎     | 48219/111532 [05:19<05:51, 180.24epoch-kanal/s]
Veri yükleniyor:  43%|████▎     | 48259/111532 [05:19<04:53, 215.86epoch-kanal/s]
Veri yükleniyor:  43%|████▎     | 48299/111532 [05:20<04:12, 250.32epoch-kanal/s]
Veri yükleniyor:  43%|████▎     | 48337/111532 [05:20<03:49, 275.57epoch-kanal/s]
Veri yükleniyor:  43%|████▎     | 48377/111532 [05:20<03:27, 304.11epoch-kanal/s]
Veri yükleniyor:  43%|████▎     | 48417/111532 [05:20<03:12, 327.80epoch-kanal/s]
Veri yükleniyor:  43%|████▎     | 48457/111532 [05:20<03:02, 344.85epoch-kanal/s]
Veri yükleniyor:  43%|████▎     | 48496/111532 [05:23<23:32, 44.62epoch-kanal/s] 
Veri yükleniyor:  44%|████▎     | 48537/111532 [05:23<17:05, 61.45epoch-kanal/s]
Veri yükleniyor:  44%|████▎     | 48578/111532 [05:23<12:39, 82.93epoch-kanal/s]
Veri yükleniyor:  44%|████▎     | 48618/111532 [05:23<09:39, 108.58epoch-kanal/s]
Veri yükleniyor:  44%|████▎     | 48659/111532 [05:23<07:30, 139.56epoch-kanal/s]
Veri yükleniyor:  44%|████▎     | 48700/111532 [05:23<06:01, 173.94epoch-kanal/s]
Veri yükleniyor:  44%|████▎     | 48739/111532 [05:23<05:04, 206.19epoch-kanal/s]
Veri yükleniyor:  44%|████▎     | 48777/111532 [05:23<04:38, 224.97epoch-kanal/s]
Veri yükleniyor:  44%|████▍     | 48813/111532 [05:23<04:10, 250.88epoch-kanal/s]
Veri yükleniyor:  44%|████▍     | 48853/111532 [05:24<03:41, 282.96epoch-kanal/s]
Veri yükleniyor:  44%|████▍     | 48893/111532 [05:24<03:23, 307.94epoch-kanal/s]
Veri yükleniyor:  44%|████▍     | 48931/111532 [05:24<03:12, 324.58epoch-kanal/s]
Veri yükleniyor:  44%|████▍     | 48969/111532 [05:27<28:04, 37.14epoch-kanal/s] 
Veri yükleniyor:  44%|████▍     | 49009/111532 [05:27<20:13, 51.51epoch-kanal/s]
Veri yükleniyor:  44%|████▍     | 49049/111532 [05:27<14:51, 70.08epoch-kanal/s]
Veri yükleniyor:  44%|████▍     | 49083/111532 [05:27<11:55, 87.28epoch-kanal/s]
Veri yükleniyor:  44%|████▍     | 49121/111532 [05:27<09:09, 113.55epoch-kanal/s]
Veri yükleniyor:  44%|████▍     | 49161/111532 [05:27<07:07, 145.90epoch-kanal/s]
Veri yükleniyor:  44%|████▍     | 49201/111532 [05:28<05:43, 181.36epoch-kanal/s]
Veri yükleniyor:  44%|████▍     | 49241/111532 [05:28<04:47, 216.87epoch-kanal/s]
Veri yükleniyor:  44%|████▍     | 49282/111532 [05:28<04:06, 252.73epoch-kanal/s]
Veri yükleniyor:  44%|████▍     | 49321/111532 [05:28<03:41, 280.66epoch-kanal/s]
Veri yükleniyor:  44%|████▍     | 49362/111532 [05:28<03:21, 309.10epoch-kanal/s]
Veri yükleniyor:  44%|████▍     | 49402/111532 [05:28<03:07, 330.91epoch-kanal/s]
Veri yükleniyor:  44%|████▍     | 49441/111532 [05:28<03:01, 341.83epoch-kanal/s]
Veri yükleniyor:  44%|████▍     | 49480/111532 [05:28<02:57, 350.11epoch-kanal/s]
Veri yükleniyor:  44%|████▍     | 49519/111532 [05:28<02:52, 359.48epoch-kanal/s]
Veri yükleniyor:  44%|████▍     | 49558/111532 [05:29<02:48, 367.58epoch-kanal/s]
Veri yükleniyor:  44%|████▍     | 49598/111532 [05:29<02:45, 375.30epoch-kanal/s]
Veri yükleniyor:  45%|████▍     | 49637/111532 [05:29<02:44, 376.47epoch-kanal/s]
Veri yükleniyor:  45%|████▍     | 49677/111532 [05:29<02:41, 383.07epoch-kanal/s]
Veri yükleniyor:  45%|████▍     | 49717/111532 [05:29<02:39, 387.27epoch-kanal/s]
Veri yükleniyor:  45%|████▍     | 49757/111532 [05:29<02:38, 389.74epoch-kanal/s]
Veri yükleniyor:  45%|████▍     | 49797/111532 [05:29<02:38, 390.25epoch-kanal/s]
Veri yükleniyor:  45%|████▍     | 49837/111532 [05:29<02:39, 387.80epoch-kanal/s]
Veri yükleniyor:  45%|████▍     | 49878/111532 [05:29<02:37, 391.80epoch-kanal/s]
Veri yükleniyor:  45%|████▍     | 49918/111532 [05:29<02:37, 392.00epoch-kanal/s]
Veri yükleniyor:  45%|████▍     | 49958/111532 [05:30<02:36, 393.57epoch-kanal/s]
Veri yükleniyor:  45%|████▍     | 49998/111532 [05:30<02:38, 389.10epoch-kanal/s]
Veri yükleniyor:  45%|████▍     | 50038/111532 [05:30<02:37, 391.27epoch-kanal/s]
Veri yükleniyor:  45%|████▍     | 50078/111532 [05:30<02:36, 392.33epoch-kanal/s]
Veri yükleniyor:  45%|████▍     | 50118/111532 [05:30<02:36, 393.54epoch-kanal/s]
Veri yükleniyor:  45%|████▍     | 50158/111532 [05:30<02:35, 394.54epoch-kanal/s]
Veri yükleniyor:  45%|████▌     | 50198/111532 [05:30<02:39, 385.17epoch-kanal/s]
Veri yükleniyor:  45%|████▌     | 50238/111532 [05:30<02:38, 387.86epoch-kanal/s]
Veri yükleniyor:  45%|████▌     | 50278/111532 [05:30<02:36, 390.73epoch-kanal/s]
Veri yükleniyor:  45%|████▌     | 50318/111532 [05:30<02:37, 389.77epoch-kanal/s]
Veri yükleniyor:  45%|████▌     | 50358/111532 [05:31<02:38, 386.45epoch-kanal/s]
Veri yükleniyor:  45%|████▌     | 50398/111532 [05:31<02:37, 389.27epoch-kanal/s]
Veri yükleniyor:  45%|████▌     | 50439/111532 [05:31<02:35, 392.68epoch-kanal/s]
Veri yükleniyor:  45%|████▌     | 50479/111532 [05:31<02:35, 393.43epoch-kanal/s]
Veri yükleniyor:  45%|████▌     | 50519/111532 [05:31<02:35, 391.68epoch-kanal/s]
Veri yükleniyor:  45%|████▌     | 50559/111532 [05:31<02:37, 387.74epoch-kanal/s]
Veri yükleniyor:  45%|████▌     | 50598/111532 [05:31<02:36, 388.22epoch-kanal/s]
Veri yükleniyor:  45%|████▌     | 50638/111532 [05:31<02:35, 391.26epoch-kanal/s]
Veri yükleniyor:  45%|████▌     | 50679/111532 [05:31<02:34, 394.27epoch-kanal/s]
Veri yükleniyor:  45%|████▌     | 50719/111532 [05:31<02:34, 393.45epoch-kanal/s]
Veri yükleniyor:  46%|████▌     | 50759/111532 [05:32<02:37, 386.93epoch-kanal/s]
Veri yükleniyor:  46%|████▌     | 50799/111532 [05:32<02:35, 389.48epoch-kanal/s]
Veri yükleniyor:  46%|████▌     | 50839/111532 [05:32<02:34, 391.93epoch-kanal/s]
Veri yükleniyor:  46%|████▌     | 50879/111532 [05:32<02:34, 393.14epoch-kanal/s]
Veri yükleniyor:  46%|████▌     | 50919/111532 [05:32<02:33, 393.97epoch-kanal/s]
Veri yükleniyor:  46%|████▌     | 50959/111532 [05:32<02:35, 388.77epoch-kanal/s]
Veri yükleniyor:  46%|████▌     | 50999/111532 [05:32<02:35, 389.59epoch-kanal/s]
Veri yükleniyor:  46%|████▌     | 51039/111532 [05:32<02:34, 391.12epoch-kanal/s]
Veri yükleniyor:  46%|████▌     | 51079/111532 [05:32<02:35, 389.90epoch-kanal/s]
Veri yükleniyor:  46%|████▌     | 51118/111532 [05:33<02:37, 382.54epoch-kanal/s]
Veri yükleniyor:  46%|████▌     | 51159/111532 [05:33<02:35, 388.40epoch-kanal/s]
Veri yükleniyor:  46%|████▌     | 51199/111532 [05:33<02:34, 391.60epoch-kanal/s]
Veri yükleniyor:  46%|████▌     | 51239/111532 [05:33<02:33, 391.71epoch-kanal/s]
Veri yükleniyor:  46%|████▌     | 51279/111532 [05:33<02:35, 387.59epoch-kanal/s]
Veri yükleniyor:  46%|████▌     | 51319/111532 [05:33<02:34, 389.48epoch-kanal/s]
Veri yükleniyor:  46%|████▌     | 51358/111532 [05:33<02:36, 385.45epoch-kanal/s]
Veri yükleniyor:  46%|████▌     | 51398/111532 [05:33<02:35, 387.55epoch-kanal/s]
Veri yükleniyor:  46%|████▌     | 51439/111532 [05:33<02:33, 392.52epoch-kanal/s]
Veri yükleniyor:  46%|████▌     | 51479/111532 [05:33<02:36, 382.87epoch-kanal/s]
Veri yükleniyor:  46%|████▌     | 51519/111532 [05:34<02:35, 386.49epoch-kanal/s]
Veri yükleniyor:  46%|████▌     | 51559/111532 [05:34<02:34, 388.04epoch-kanal/s]
Veri yükleniyor:  46%|████▋     | 51599/111532 [05:34<02:34, 388.94epoch-kanal/s]
Veri yükleniyor:  46%|████▋     | 51638/111532 [05:34<02:34, 386.63epoch-kanal/s]
Veri yükleniyor:  46%|████▋     | 51677/111532 [05:34<02:36, 381.48epoch-kanal/s]
Veri yükleniyor:  46%|████▋     | 51716/111532 [05:34<02:36, 383.09epoch-kanal/s]
Veri yükleniyor:  46%|████▋     | 51755/111532 [05:34<02:52, 345.79epoch-kanal/s]
Veri yükleniyor:  46%|████▋     | 51791/111532 [05:34<03:36, 276.54epoch-kanal/s]
Veri yükleniyor:  46%|████▋     | 51822/111532 [05:35<04:02, 246.49epoch-kanal/s]
Veri yükleniyor:  46%|████▋     | 51849/111532 [05:35<04:22, 227.28epoch-kanal/s]
Veri yükleniyor:  47%|████▋     | 51874/111532 [05:35<04:33, 218.46epoch-kanal/s]
Veri yükleniyor:  47%|████▋     | 51897/111532 [05:35<04:45, 208.91epoch-kanal/s]
Veri yükleniyor:  47%|████▋     | 51919/111532 [05:35<04:52, 203.70epoch-kanal/s]
Veri yükleniyor:  47%|████▋     | 51940/111532 [05:35<05:24, 183.43epoch-kanal/s]
Veri yükleniyor:  47%|████▋     | 51959/111532 [05:35<06:03, 163.69epoch-kanal/s]
Veri yükleniyor:  47%|████▋     | 51976/111532 [05:36<06:25, 154.37epoch-kanal/s]
Veri yükleniyor:  47%|████▋     | 51992/111532 [05:36<06:36, 150.00epoch-kanal/s]
Veri yükleniyor:  47%|████▋     | 52008/111532 [05:36<06:45, 146.69epoch-kanal/s]
Veri yükleniyor:  47%|████▋     | 52023/111532 [05:36<06:56, 142.72epoch-kanal/s]
Veri yükleniyor:  47%|████▋     | 52038/111532 [05:36<07:02, 140.89epoch-kanal/s]
Veri yükleniyor:  47%|████▋     | 52053/111532 [05:36<07:11, 137.81epoch-kanal/s]
Veri yükleniyor:  47%|████▋     | 52067/111532 [05:36<07:12, 137.35epoch-kanal/s]
Veri yükleniyor:  47%|████▋     | 52081/111532 [05:36<07:18, 135.73epoch-kanal/s]
Veri yükleniyor:  47%|████▋     | 52095/111532 [05:36<07:21, 134.67epoch-kanal/s]
Veri yükleniyor:  47%|████▋     | 52114/111532 [05:36<06:39, 148.60epoch-kanal/s]
Veri yükleniyor:  47%|████▋     | 52134/111532 [05:37<06:08, 161.20epoch-kanal/s]
Veri yükleniyor:  47%|████▋     | 52153/111532 [05:37<05:51, 168.69epoch-kanal/s]
Veri yükleniyor:  47%|████▋     | 52172/111532 [05:37<05:40, 174.17epoch-kanal/s]
Veri yükleniyor:  47%|████▋     | 52191/111532 [05:37<05:32, 178.25epoch-kanal/s]
Veri yükleniyor:  47%|████▋     | 52209/111532 [05:37<06:17, 156.99epoch-kanal/s]
Veri yükleniyor:  47%|████▋     | 52228/111532 [05:37<05:58, 165.35epoch-kanal/s]
Veri yükleniyor:  47%|████▋     | 52247/111532 [05:37<05:48, 170.26epoch-kanal/s]
Veri yükleniyor:  47%|████▋     | 52265/111532 [05:37<05:47, 170.78epoch-kanal/s]
Veri yükleniyor:  47%|████▋     | 52283/111532 [05:37<06:22, 154.73epoch-kanal/s]
Veri yükleniyor:  47%|████▋     | 52299/111532 [05:38<06:22, 154.75epoch-kanal/s]
Veri yükleniyor:  47%|████▋     | 52316/111532 [05:38<06:14, 158.05epoch-kanal/s]
Veri yükleniyor:  47%|████▋     | 52333/111532 [05:38<06:35, 149.81epoch-kanal/s]
Veri yükleniyor:  47%|████▋     | 52351/111532 [05:38<06:16, 157.03epoch-kanal/s]
Veri yükleniyor:  47%|████▋     | 52370/111532 [05:38<05:56, 165.91epoch-kanal/s]
Veri yükleniyor:  47%|████▋     | 52388/111532 [05:38<05:48, 169.51epoch-kanal/s]
Veri yükleniyor:  47%|████▋     | 52407/111532 [05:38<05:38, 174.63epoch-kanal/s]
Veri yükleniyor:  47%|████▋     | 52426/111532 [05:38<05:32, 178.02epoch-kanal/s]
Veri yükleniyor:  47%|████▋     | 52444/111532 [05:38<05:37, 175.10epoch-kanal/s]
Veri yükleniyor:  47%|████▋     | 52463/111532 [05:39<05:32, 177.85epoch-kanal/s]
Veri yükleniyor:  47%|████▋     | 52483/111532 [05:39<05:26, 181.12epoch-kanal/s]
Veri yükleniyor:  47%|████▋     | 52502/111532 [05:39<05:25, 181.60epoch-kanal/s]
Veri yükleniyor:  47%|████▋     | 52522/111532 [05:39<05:19, 184.97epoch-kanal/s]
Veri yükleniyor:  47%|████▋     | 52541/111532 [05:39<05:18, 185.31epoch-kanal/s]
Veri yükleniyor:  47%|████▋     | 52560/111532 [05:39<05:22, 183.02epoch-kanal/s]
Veri yükleniyor:  47%|████▋     | 52579/111532 [05:39<05:23, 182.29epoch-kanal/s]
Veri yükleniyor:  47%|████▋     | 52598/111532 [05:39<05:20, 184.09epoch-kanal/s]
Veri yükleniyor:  47%|████▋     | 52617/111532 [05:39<05:22, 182.43epoch-kanal/s]
Veri yükleniyor:  47%|████▋     | 52636/111532 [05:39<05:24, 181.49epoch-kanal/s]
Veri yükleniyor:  47%|████▋     | 52655/111532 [05:40<05:22, 182.69epoch-kanal/s]
Veri yükleniyor:  47%|████▋     | 52674/111532 [05:40<05:23, 181.71epoch-kanal/s]
Veri yükleniyor:  47%|████▋     | 52693/111532 [05:40<05:21, 183.16epoch-kanal/s]
Veri yükleniyor:  47%|████▋     | 52713/111532 [05:40<05:16, 186.07epoch-kanal/s]
Veri yükleniyor:  47%|████▋     | 52732/111532 [05:40<05:19, 183.82epoch-kanal/s]
Veri yükleniyor:  47%|████▋     | 52751/111532 [05:40<05:20, 183.40epoch-kanal/s]
Veri yükleniyor:  47%|████▋     | 52770/111532 [05:40<05:21, 182.50epoch-kanal/s]
Veri yükleniyor:  47%|████▋     | 52789/111532 [05:40<05:18, 184.24epoch-kanal/s]
Veri yükleniyor:  47%|████▋     | 52808/111532 [05:40<05:26, 179.99epoch-kanal/s]
Veri yükleniyor:  47%|████▋     | 52827/111532 [05:41<05:22, 181.88epoch-kanal/s]
Veri yükleniyor:  47%|████▋     | 52846/111532 [05:41<05:18, 184.06epoch-kanal/s]
Veri yükleniyor:  47%|████▋     | 52865/111532 [05:41<05:17, 184.71epoch-kanal/s]
Veri yükleniyor:  47%|████▋     | 52885/111532 [05:41<05:14, 186.59epoch-kanal/s]
Veri yükleniyor:  47%|████▋     | 52904/111532 [05:41<05:16, 185.21epoch-kanal/s]
Veri yükleniyor:  47%|████▋     | 52924/111532 [05:41<05:13, 187.24epoch-kanal/s]
Veri yükleniyor:  47%|████▋     | 52943/111532 [05:41<05:14, 186.19epoch-kanal/s]
Veri yükleniyor:  47%|████▋     | 52962/111532 [05:41<05:14, 186.32epoch-kanal/s]
Veri yükleniyor:  48%|████▊     | 52981/111532 [05:41<05:17, 184.14epoch-kanal/s]
Veri yükleniyor:  48%|████▊     | 53000/111532 [05:41<05:18, 183.75epoch-kanal/s]
Veri yükleniyor:  48%|████▊     | 53019/111532 [05:42<05:15, 185.43epoch-kanal/s]
Veri yükleniyor:  48%|████▊     | 53038/111532 [05:42<05:15, 185.50epoch-kanal/s]
Veri yükleniyor:  48%|████▊     | 53057/111532 [05:42<05:14, 185.89epoch-kanal/s]
Veri yükleniyor:  48%|████▊     | 53076/111532 [05:42<05:15, 185.55epoch-kanal/s]
Veri yükleniyor:  48%|████▊     | 53095/111532 [05:42<05:15, 185.08epoch-kanal/s]
Veri yükleniyor:  48%|████▊     | 53114/111532 [05:42<05:20, 182.18epoch-kanal/s]
Veri yükleniyor:  48%|████▊     | 53133/111532 [05:42<05:23, 180.61epoch-kanal/s]
Veri yükleniyor:  48%|████▊     | 53152/111532 [05:42<05:21, 181.81epoch-kanal/s]
Veri yükleniyor:  48%|████▊     | 53171/111532 [05:42<05:23, 180.29epoch-kanal/s]
Veri yükleniyor:  48%|████▊     | 53190/111532 [05:43<05:26, 178.78epoch-kanal/s]
Veri yükleniyor:  48%|████▊     | 53208/111532 [05:43<05:26, 178.70epoch-kanal/s]
Veri yükleniyor:  48%|████▊     | 53226/111532 [05:43<05:28, 177.44epoch-kanal/s]
Veri yükleniyor:  48%|████▊     | 53245/111532 [05:43<05:25, 178.98epoch-kanal/s]
Veri yükleniyor:  48%|████▊     | 53264/111532 [05:43<05:22, 180.62epoch-kanal/s]
Veri yükleniyor:  48%|████▊     | 53283/111532 [05:43<05:24, 179.59epoch-kanal/s]
Veri yükleniyor:  48%|████▊     | 53302/111532 [05:43<05:18, 182.57epoch-kanal/s]
Veri yükleniyor:  48%|████▊     | 53321/111532 [05:43<05:17, 183.30epoch-kanal/s]
Veri yükleniyor:  48%|████▊     | 53340/111532 [05:43<05:15, 184.31epoch-kanal/s]
Veri yükleniyor:  48%|████▊     | 53359/111532 [05:43<05:22, 180.14epoch-kanal/s]
Veri yükleniyor:  48%|████▊     | 53378/111532 [05:44<05:21, 180.65epoch-kanal/s]
Veri yükleniyor:  48%|████▊     | 53397/111532 [05:44<05:18, 182.37epoch-kanal/s]
Veri yükleniyor:  48%|████▊     | 53416/111532 [05:44<05:16, 183.43epoch-kanal/s]
Veri yükleniyor:  48%|████▊     | 53435/111532 [05:44<05:14, 184.78epoch-kanal/s]
Veri yükleniyor:  48%|████▊     | 53454/111532 [05:44<05:16, 183.26epoch-kanal/s]
Veri yükleniyor:  48%|████▊     | 53473/111532 [05:44<05:15, 183.92epoch-kanal/s]
Veri yükleniyor:  48%|████▊     | 53492/111532 [05:44<05:15, 183.86epoch-kanal/s]
Veri yükleniyor:  48%|████▊     | 53511/111532 [05:44<05:16, 183.36epoch-kanal/s]
Veri yükleniyor:  48%|████▊     | 53530/111532 [05:44<05:18, 182.04epoch-kanal/s]
Veri yükleniyor:  48%|████▊     | 53549/111532 [05:44<05:21, 180.61epoch-kanal/s]
Veri yükleniyor:  48%|████▊     | 53568/111532 [05:45<05:17, 182.59epoch-kanal/s]
Veri yükleniyor:  48%|████▊     | 53587/111532 [05:45<05:20, 180.92epoch-kanal/s]
Veri yükleniyor:  48%|████▊     | 53606/111532 [05:45<05:18, 182.04epoch-kanal/s]
Veri yükleniyor:  48%|████▊     | 53625/111532 [05:45<05:14, 183.86epoch-kanal/s]
Veri yükleniyor:  48%|████▊     | 53644/111532 [05:45<05:13, 184.46epoch-kanal/s]
Veri yükleniyor:  48%|████▊     | 53663/111532 [05:45<05:17, 182.12epoch-kanal/s]
Veri yükleniyor:  48%|████▊     | 53682/111532 [05:45<05:21, 179.76epoch-kanal/s]
Veri yükleniyor:  48%|████▊     | 53701/111532 [05:45<05:19, 180.80epoch-kanal/s]
Veri yükleniyor:  48%|████▊     | 53720/111532 [05:45<05:25, 177.59epoch-kanal/s]
Veri yükleniyor:  48%|████▊     | 53739/111532 [05:46<05:19, 180.90epoch-kanal/s]
Veri yükleniyor:  48%|████▊     | 53758/111532 [05:46<05:17, 181.81epoch-kanal/s]
Veri yükleniyor:  48%|████▊     | 53777/111532 [05:46<05:15, 183.29epoch-kanal/s]
Veri yükleniyor:  48%|████▊     | 53797/111532 [05:46<05:10, 185.71epoch-kanal/s]
Veri yükleniyor:  48%|████▊     | 53816/111532 [05:46<05:13, 183.93epoch-kanal/s]
Veri yükleniyor:  48%|████▊     | 53836/111532 [05:46<05:09, 186.27epoch-kanal/s]
Veri yükleniyor:  48%|████▊     | 53855/111532 [05:46<05:11, 185.37epoch-kanal/s]
Veri yükleniyor:  48%|████▊     | 53874/111532 [05:46<05:10, 185.85epoch-kanal/s]
Veri yükleniyor:  48%|████▊     | 53893/111532 [05:46<05:15, 182.93epoch-kanal/s]
Veri yükleniyor:  48%|████▊     | 53912/111532 [05:46<05:16, 182.01epoch-kanal/s]
Veri yükleniyor:  48%|████▊     | 53931/111532 [05:47<05:13, 183.69epoch-kanal/s]
Veri yükleniyor:  48%|████▊     | 53950/111532 [05:47<05:13, 183.77epoch-kanal/s]
Veri yükleniyor:  48%|████▊     | 53969/111532 [05:47<05:11, 184.85epoch-kanal/s]
Veri yükleniyor:  48%|████▊     | 53988/111532 [05:47<05:12, 184.25epoch-kanal/s]
Veri yükleniyor:  48%|████▊     | 54007/111532 [05:47<05:11, 184.58epoch-kanal/s]
Veri yükleniyor:  48%|████▊     | 54026/111532 [05:47<05:13, 183.17epoch-kanal/s]
Veri yükleniyor:  48%|████▊     | 54045/111532 [05:47<05:16, 181.85epoch-kanal/s]
Veri yükleniyor:  48%|████▊     | 54064/111532 [05:47<05:13, 183.50epoch-kanal/s]
Veri yükleniyor:  48%|████▊     | 54083/111532 [05:47<05:18, 180.12epoch-kanal/s]
Veri yükleniyor:  49%|████▊     | 54102/111532 [05:48<05:22, 178.13epoch-kanal/s]
Veri yükleniyor:  49%|████▊     | 54120/111532 [05:48<05:22, 178.21epoch-kanal/s]
Veri yükleniyor:  49%|████▊     | 54139/111532 [05:48<05:16, 181.53epoch-kanal/s]
Veri yükleniyor:  49%|████▊     | 54158/111532 [05:48<05:13, 183.10epoch-kanal/s]
Veri yükleniyor:  49%|████▊     | 54177/111532 [05:48<05:13, 182.94epoch-kanal/s]
Veri yükleniyor:  49%|████▊     | 54196/111532 [05:48<05:14, 182.56epoch-kanal/s]
Veri yükleniyor:  49%|████▊     | 54215/111532 [05:48<05:18, 180.12epoch-kanal/s]
Veri yükleniyor:  49%|████▊     | 54234/111532 [05:48<05:15, 181.68epoch-kanal/s]
Veri yükleniyor:  49%|████▊     | 54253/111532 [05:48<05:16, 180.81epoch-kanal/s]
Veri yükleniyor:  49%|████▊     | 54272/111532 [05:48<06:00, 158.66epoch-kanal/s]
Veri yükleniyor:  49%|████▊     | 54291/111532 [05:49<05:44, 166.32epoch-kanal/s]
Veri yükleniyor:  49%|████▊     | 54310/111532 [05:49<05:33, 171.58epoch-kanal/s]
Veri yükleniyor:  49%|████▊     | 54329/111532 [05:49<05:27, 174.78epoch-kanal/s]
Veri yükleniyor:  49%|████▊     | 54348/111532 [05:49<05:23, 177.03epoch-kanal/s]
Veri yükleniyor:  49%|████▊     | 54367/111532 [05:49<05:19, 178.88epoch-kanal/s]
Veri yükleniyor:  49%|████▉     | 54386/111532 [05:49<05:17, 180.17epoch-kanal/s]
Veri yükleniyor:  49%|████▉     | 54405/111532 [05:49<05:15, 180.81epoch-kanal/s]
Veri yükleniyor:  49%|████▉     | 54424/111532 [05:49<05:14, 181.67epoch-kanal/s]
Veri yükleniyor:  49%|████▉     | 54443/111532 [05:49<05:18, 179.09epoch-kanal/s]
Veri yükleniyor:  49%|████▉     | 54462/111532 [05:50<05:16, 180.36epoch-kanal/s]
Veri yükleniyor:  49%|████▉     | 54481/111532 [05:50<05:12, 182.49epoch-kanal/s]
Veri yükleniyor:  49%|████▉     | 54500/111532 [05:50<05:13, 181.94epoch-kanal/s]
Veri yükleniyor:  49%|████▉     | 54519/111532 [05:50<05:12, 182.32epoch-kanal/s]
Veri yükleniyor:  49%|████▉     | 54538/111532 [05:50<05:12, 182.48epoch-kanal/s]
Veri yükleniyor:  49%|████▉     | 54557/111532 [05:50<05:14, 181.39epoch-kanal/s]
Veri yükleniyor:  49%|████▉     | 54576/111532 [05:50<05:15, 180.51epoch-kanal/s]
Veri yükleniyor:  49%|████▉     | 54595/111532 [05:50<05:17, 179.16epoch-kanal/s]
Veri yükleniyor:  49%|████▉     | 54613/111532 [05:50<05:17, 179.34epoch-kanal/s]
Veri yükleniyor:  49%|████▉     | 54631/111532 [05:50<05:19, 178.16epoch-kanal/s]
Veri yükleniyor:  49%|████▉     | 54650/111532 [05:51<05:16, 179.76epoch-kanal/s]
Veri yükleniyor:  49%|████▉     | 54668/111532 [05:51<05:16, 179.53epoch-kanal/s]
Veri yükleniyor:  49%|████▉     | 54686/111532 [05:51<05:16, 179.51epoch-kanal/s]
Veri yükleniyor:  49%|████▉     | 54705/111532 [05:51<05:12, 181.76epoch-kanal/s]
Veri yükleniyor:  49%|████▉     | 54724/111532 [05:51<05:11, 182.26epoch-kanal/s]
Veri yükleniyor:  49%|████▉     | 54743/111532 [05:51<05:16, 179.46epoch-kanal/s]
Veri yükleniyor:  49%|████▉     | 54761/111532 [05:51<05:16, 179.27epoch-kanal/s]
Veri yükleniyor:  49%|████▉     | 54780/111532 [05:51<05:14, 180.33epoch-kanal/s]
Veri yükleniyor:  49%|████▉     | 54799/111532 [05:51<05:18, 177.94epoch-kanal/s]
Veri yükleniyor:  49%|████▉     | 54818/111532 [05:52<05:16, 179.27epoch-kanal/s]
Veri yükleniyor:  49%|████▉     | 54837/111532 [05:52<05:12, 181.37epoch-kanal/s]
Veri yükleniyor:  49%|████▉     | 54856/111532 [05:52<05:10, 182.71epoch-kanal/s]
Veri yükleniyor:  49%|████▉     | 54875/111532 [05:52<05:06, 184.55epoch-kanal/s]
Veri yükleniyor:  49%|████▉     | 54894/111532 [05:52<05:05, 185.12epoch-kanal/s]
Veri yükleniyor:  49%|████▉     | 54913/111532 [05:52<05:10, 182.38epoch-kanal/s]
Veri yükleniyor:  49%|████▉     | 54932/111532 [05:52<05:07, 184.13epoch-kanal/s]
Veri yükleniyor:  49%|████▉     | 54951/111532 [05:52<05:09, 182.84epoch-kanal/s]
Veri yükleniyor:  49%|████▉     | 54970/111532 [05:52<05:07, 183.80epoch-kanal/s]
Veri yükleniyor:  49%|████▉     | 54989/111532 [05:52<05:20, 176.28epoch-kanal/s]
Veri yükleniyor:  49%|████▉     | 55008/111532 [05:53<05:16, 178.82epoch-kanal/s]
Veri yükleniyor:  49%|████▉     | 55027/111532 [05:53<05:14, 179.71epoch-kanal/s]
Veri yükleniyor:  49%|████▉     | 55046/111532 [05:53<05:11, 181.62epoch-kanal/s]
Veri yükleniyor:  49%|████▉     | 55065/111532 [05:53<05:08, 182.98epoch-kanal/s]
Veri yükleniyor:  49%|████▉     | 55084/111532 [05:53<05:11, 181.44epoch-kanal/s]
Veri yükleniyor:  49%|████▉     | 55103/111532 [05:53<05:09, 182.09epoch-kanal/s]
Veri yükleniyor:  49%|████▉     | 55122/111532 [05:53<05:12, 180.60epoch-kanal/s]
Veri yükleniyor:  49%|████▉     | 55141/111532 [05:53<05:13, 180.10epoch-kanal/s]
Veri yükleniyor:  49%|████▉     | 55160/111532 [05:53<05:17, 177.55epoch-kanal/s]
Veri yükleniyor:  49%|████▉     | 55179/111532 [05:53<05:13, 179.63epoch-kanal/s]
Veri yükleniyor:  49%|████▉     | 55198/111532 [05:54<05:10, 181.54epoch-kanal/s]
Veri yükleniyor:  50%|████▉     | 55217/111532 [05:54<05:10, 181.51epoch-kanal/s]
Veri yükleniyor:  50%|████▉     | 55237/111532 [05:54<05:04, 184.59epoch-kanal/s]
Veri yükleniyor:  50%|████▉     | 55256/111532 [05:54<05:06, 183.55epoch-kanal/s]
Veri yükleniyor:  50%|████▉     | 55275/111532 [05:54<05:10, 181.06epoch-kanal/s]
Veri yükleniyor:  50%|████▉     | 55294/111532 [05:54<05:19, 175.79epoch-kanal/s]
Veri yükleniyor:  50%|████▉     | 55313/111532 [05:54<05:16, 177.56epoch-kanal/s]
Veri yükleniyor:  50%|████▉     | 55331/111532 [05:54<05:16, 177.61epoch-kanal/s]
Veri yükleniyor:  50%|████▉     | 55349/111532 [05:54<05:23, 173.73epoch-kanal/s]
Veri yükleniyor:  50%|████▉     | 55368/111532 [05:55<05:19, 176.06epoch-kanal/s]
Veri yükleniyor:  50%|████▉     | 55387/111532 [05:55<05:16, 177.59epoch-kanal/s]
Veri yükleniyor:  50%|████▉     | 55405/111532 [05:55<05:15, 177.71epoch-kanal/s]
Veri yükleniyor:  50%|████▉     | 55424/111532 [05:55<05:12, 179.36epoch-kanal/s]
Veri yükleniyor:  50%|████▉     | 55443/111532 [05:55<05:11, 179.90epoch-kanal/s]
Veri yükleniyor:  50%|████▉     | 55462/111532 [05:55<05:11, 180.26epoch-kanal/s]
Veri yükleniyor:  50%|████▉     | 55481/111532 [05:55<05:10, 180.35epoch-kanal/s]
Veri yükleniyor:  50%|████▉     | 55500/111532 [05:55<05:11, 179.59epoch-kanal/s]
Veri yükleniyor:  50%|████▉     | 55518/111532 [05:55<05:14, 178.35epoch-kanal/s]
Veri yükleniyor:  50%|████▉     | 55536/111532 [05:55<05:13, 178.61epoch-kanal/s]
Veri yükleniyor:  50%|████▉     | 55554/111532 [05:56<05:13, 178.71epoch-kanal/s]
Veri yükleniyor:  50%|████▉     | 55573/111532 [05:56<05:07, 181.75epoch-kanal/s]
Veri yükleniyor:  50%|████▉     | 55592/111532 [05:56<05:07, 182.05epoch-kanal/s]
Veri yükleniyor:  50%|████▉     | 55611/111532 [05:56<05:07, 181.91epoch-kanal/s]
Veri yükleniyor:  50%|████▉     | 55630/111532 [05:56<05:07, 181.78epoch-kanal/s]
Veri yükleniyor:  50%|████▉     | 55649/111532 [05:56<05:08, 181.04epoch-kanal/s]
Veri yükleniyor:  50%|████▉     | 55668/111532 [05:56<05:10, 180.11epoch-kanal/s]
Veri yükleniyor:  50%|████▉     | 55687/111532 [05:56<05:09, 180.55epoch-kanal/s]
Veri yükleniyor:  50%|████▉     | 55706/111532 [05:56<05:13, 177.84epoch-kanal/s]
Veri yükleniyor:  50%|████▉     | 55725/111532 [05:57<05:12, 178.61epoch-kanal/s]
Veri yükleniyor:  50%|████▉     | 55744/111532 [05:57<05:10, 179.66epoch-kanal/s]
Veri yükleniyor:  50%|████▉     | 55762/111532 [05:57<05:11, 179.18epoch-kanal/s]
Veri yükleniyor:  50%|█████     | 55781/111532 [05:57<05:09, 180.28epoch-kanal/s]
Veri yükleniyor:  50%|█████     | 55800/111532 [05:57<05:11, 178.91epoch-kanal/s]
Veri yükleniyor:  50%|█████     | 55818/111532 [05:57<05:18, 174.81epoch-kanal/s]
Veri yükleniyor:  50%|█████     | 55836/111532 [05:57<05:21, 173.16epoch-kanal/s]
Veri yükleniyor:  50%|█████     | 55855/111532 [05:57<05:15, 176.23epoch-kanal/s]
Veri yükleniyor:  50%|█████     | 55873/111532 [05:57<05:15, 176.67epoch-kanal/s]
Veri yükleniyor:  50%|█████     | 55891/111532 [05:57<05:23, 172.13epoch-kanal/s]
Veri yükleniyor:  50%|█████     | 55909/111532 [05:58<05:20, 173.58epoch-kanal/s]
Veri yükleniyor:  50%|█████     | 55928/111532 [05:58<05:17, 175.37epoch-kanal/s]
Veri yükleniyor:  50%|█████     | 55946/111532 [05:58<05:22, 172.58epoch-kanal/s]
Veri yükleniyor:  50%|█████     | 55965/111532 [05:58<05:15, 176.14epoch-kanal/s]
Veri yükleniyor:  50%|█████     | 55983/111532 [05:58<05:15, 176.19epoch-kanal/s]
Veri yükleniyor:  50%|█████     | 56002/111532 [05:58<05:09, 179.30epoch-kanal/s]
Veri yükleniyor:  50%|█████     | 56021/111532 [05:58<05:07, 180.67epoch-kanal/s]
Veri yükleniyor:  50%|█████     | 56040/111532 [05:58<05:07, 180.30epoch-kanal/s]
Veri yükleniyor:  50%|█████     | 56059/111532 [05:58<05:15, 176.08epoch-kanal/s]
Veri yükleniyor:  50%|█████     | 56077/111532 [05:59<05:14, 176.39epoch-kanal/s]
Veri yükleniyor:  50%|█████     | 56096/111532 [05:59<05:10, 178.73epoch-kanal/s]
Veri yükleniyor:  50%|█████     | 56114/111532 [05:59<05:11, 178.02epoch-kanal/s]
Veri yükleniyor:  50%|█████     | 56133/111532 [05:59<05:07, 179.97epoch-kanal/s]
Veri yükleniyor:  50%|█████     | 56152/111532 [05:59<05:12, 177.45epoch-kanal/s]
Veri yükleniyor:  50%|█████     | 56170/111532 [05:59<05:10, 178.02epoch-kanal/s]
Veri yükleniyor:  50%|█████     | 56189/111532 [05:59<05:08, 179.23epoch-kanal/s]
Veri yükleniyor:  50%|█████     | 56207/111532 [05:59<05:09, 178.98epoch-kanal/s]
Veri yükleniyor:  50%|█████     | 56226/111532 [05:59<05:07, 180.13epoch-kanal/s]
Veri yükleniyor:  50%|█████     | 56245/111532 [05:59<05:13, 176.28epoch-kanal/s]
Veri yükleniyor:  50%|█████     | 56264/111532 [06:00<05:09, 178.74epoch-kanal/s]
Veri yükleniyor:  50%|█████     | 56282/111532 [06:00<05:08, 179.06epoch-kanal/s]
Veri yükleniyor:  50%|█████     | 56300/111532 [06:00<05:48, 158.55epoch-kanal/s]
Veri yükleniyor:  50%|█████     | 56319/111532 [06:00<05:31, 166.69epoch-kanal/s]
Veri yükleniyor:  51%|█████     | 56338/111532 [06:00<05:22, 171.15epoch-kanal/s]
Veri yükleniyor:  51%|█████     | 56356/111532 [06:00<05:28, 167.97epoch-kanal/s]
Veri yükleniyor:  51%|█████     | 56374/111532 [06:00<05:24, 169.78epoch-kanal/s]
Veri yükleniyor:  51%|█████     | 56393/111532 [06:00<05:17, 173.60epoch-kanal/s]
Veri yükleniyor:  51%|█████     | 56411/111532 [06:00<05:19, 172.52epoch-kanal/s]
Veri yükleniyor:  51%|█████     | 56429/111532 [06:01<05:16, 174.38epoch-kanal/s]
Veri yükleniyor:  51%|█████     | 56447/111532 [06:08<1:54:42,  8.00epoch-kanal/s]
Veri yükleniyor:  51%|█████     | 56463/111532 [06:08<1:24:51, 10.82epoch-kanal/s]
Veri yükleniyor:  51%|█████     | 56501/111532 [06:08<45:08, 20.32epoch-kanal/s]  
Veri yükleniyor:  51%|█████     | 56534/111532 [06:08<29:16, 31.31epoch-kanal/s]
Veri yükleniyor:  51%|█████     | 56573/111532 [06:08<18:51, 48.59epoch-kanal/s]
Veri yükleniyor:  51%|█████     | 56612/111532 [06:08<12:58, 70.51epoch-kanal/s]
Veri yükleniyor:  51%|█████     | 56644/111532 [06:12<40:24, 22.64epoch-kanal/s]
Veri yükleniyor:  51%|█████     | 56684/111532 [06:12<27:15, 33.53epoch-kanal/s]
Veri yükleniyor:  51%|█████     | 56725/111532 [06:12<18:52, 48.41epoch-kanal/s]
Veri yükleniyor:  51%|█████     | 56765/111532 [06:12<13:35, 67.18epoch-kanal/s]
Veri yükleniyor:  51%|█████     | 56806/111532 [06:13<09:58, 91.39epoch-kanal/s]
Veri yükleniyor:  51%|█████     | 56842/111532 [06:13<08:08, 111.89epoch-kanal/s]
Veri yükleniyor:  51%|█████     | 56882/111532 [06:13<06:19, 144.13epoch-kanal/s]
Veri yükleniyor:  51%|█████     | 56917/111532 [06:16<27:47, 32.75epoch-kanal/s] 
Veri yükleniyor:  51%|█████     | 56957/111532 [06:16<19:46, 45.98epoch-kanal/s]
Veri yükleniyor:  51%|█████     | 56997/111532 [06:16<14:21, 63.31epoch-kanal/s]
Veri yükleniyor:  51%|█████     | 57037/111532 [06:16<10:38, 85.33epoch-kanal/s]
Veri yükleniyor:  51%|█████     | 57078/111532 [06:16<08:02, 112.87epoch-kanal/s]
Veri yükleniyor:  51%|█████     | 57118/111532 [06:16<06:18, 143.83epoch-kanal/s]
Veri yükleniyor:  51%|█████     | 57158/111532 [06:17<05:05, 178.00epoch-kanal/s]
Veri yükleniyor:  51%|█████▏    | 57197/111532 [06:17<04:16, 212.06epoch-kanal/s]
Veri yükleniyor:  51%|█████▏    | 57238/111532 [06:17<03:38, 247.97epoch-kanal/s]
Veri yükleniyor:  51%|█████▏    | 57278/111532 [06:17<03:14, 278.50epoch-kanal/s]
Veri yükleniyor:  51%|█████▏    | 57318/111532 [06:17<02:57, 304.78epoch-kanal/s]
Veri yükleniyor:  51%|█████▏    | 57357/111532 [06:20<23:48, 37.91epoch-kanal/s] 
Veri yükleniyor:  51%|█████▏    | 57398/111532 [06:20<17:10, 52.52epoch-kanal/s]
Veri yükleniyor:  52%|█████▏    | 57439/111532 [06:20<12:36, 71.47epoch-kanal/s]
Veri yükleniyor:  52%|█████▏    | 57479/111532 [06:20<09:32, 94.49epoch-kanal/s]
Veri yükleniyor:  52%|█████▏    | 57517/111532 [06:21<07:45, 116.11epoch-kanal/s]
Veri yükleniyor:  52%|█████▏    | 57556/111532 [06:21<06:07, 146.68epoch-kanal/s]
Veri yükleniyor:  52%|█████▏    | 57597/111532 [06:21<04:55, 182.41epoch-kanal/s]
Veri yükleniyor:  52%|█████▏    | 57636/111532 [06:21<04:09, 216.18epoch-kanal/s]
Veri yükleniyor:  52%|█████▏    | 57675/111532 [06:21<03:36, 248.25epoch-kanal/s]
Veri yükleniyor:  52%|█████▏    | 57714/111532 [06:21<03:14, 276.71epoch-kanal/s]
Veri yükleniyor:  52%|█████▏    | 57753/111532 [06:21<02:58, 301.48epoch-kanal/s]
Veri yükleniyor:  52%|█████▏    | 57791/111532 [06:24<24:08, 37.11epoch-kanal/s] 
Veri yükleniyor:  52%|█████▏    | 57831/111532 [06:24<17:25, 51.36epoch-kanal/s]
Veri yükleniyor:  52%|█████▏    | 57871/111532 [06:25<12:47, 69.89epoch-kanal/s]
Veri yükleniyor:  52%|█████▏    | 57910/111532 [06:25<09:40, 92.39epoch-kanal/s]
Veri yükleniyor:  52%|█████▏    | 57945/111532 [06:25<07:52, 113.52epoch-kanal/s]
Veri yükleniyor:  52%|█████▏    | 57984/111532 [06:25<06:10, 144.63epoch-kanal/s]
Veri yükleniyor:  52%|█████▏    | 58023/111532 [06:25<04:59, 178.65epoch-kanal/s]
Veri yükleniyor:  52%|█████▏    | 58064/111532 [06:25<04:07, 216.32epoch-kanal/s]
Veri yükleniyor:  52%|█████▏    | 58102/111532 [06:25<03:35, 247.37epoch-kanal/s]
Veri yükleniyor:  52%|█████▏    | 58143/111532 [06:25<03:09, 281.49epoch-kanal/s]
Veri yükleniyor:  52%|█████▏    | 58183/111532 [06:25<02:52, 309.02epoch-kanal/s]
Veri yükleniyor:  52%|█████▏    | 58224/111532 [06:26<02:41, 330.74epoch-kanal/s]
Veri yükleniyor:  52%|█████▏    | 58264/111532 [06:26<02:33, 347.20epoch-kanal/s]
Veri yükleniyor:  52%|█████▏    | 58304/111532 [06:28<19:37, 45.22epoch-kanal/s] 
Veri yükleniyor:  52%|█████▏    | 58344/111532 [06:28<14:23, 61.60epoch-kanal/s]
Veri yükleniyor:  52%|█████▏    | 58385/111532 [06:29<10:39, 83.09epoch-kanal/s]
Veri yükleniyor:  52%|█████▏    | 58426/111532 [06:29<08:04, 109.53epoch-kanal/s]
Veri yükleniyor:  52%|█████▏    | 58463/111532 [06:29<06:45, 130.82epoch-kanal/s]
Veri yükleniyor:  52%|█████▏    | 58504/111532 [06:29<05:21, 165.20epoch-kanal/s]
Veri yükleniyor:  52%|█████▏    | 58542/111532 [06:29<04:28, 197.33epoch-kanal/s]
Veri yükleniyor:  53%|█████▎    | 58582/111532 [06:29<03:47, 232.92epoch-kanal/s]
Veri yükleniyor:  53%|█████▎    | 58622/111532 [06:29<03:18, 266.19epoch-kanal/s]
Veri yükleniyor:  53%|█████▎    | 58662/111532 [06:29<02:58, 295.42epoch-kanal/s]
Veri yükleniyor:  53%|█████▎    | 58701/111532 [06:29<02:46, 318.20epoch-kanal/s]
Veri yükleniyor:  53%|█████▎    | 58740/111532 [06:33<23:17, 37.76epoch-kanal/s] 
Veri yükleniyor:  53%|█████▎    | 58780/111532 [06:33<16:53, 52.05epoch-kanal/s]
Veri yükleniyor:  53%|█████▎    | 58820/111532 [06:33<12:26, 70.62epoch-kanal/s]
Veri yükleniyor:  53%|█████▎    | 58861/111532 [06:33<09:16, 94.60epoch-kanal/s]
Veri yükleniyor:  53%|█████▎    | 58901/111532 [06:33<07:09, 122.42epoch-kanal/s]
Veri yükleniyor:  53%|█████▎    | 58940/111532 [06:33<05:43, 153.18epoch-kanal/s]
Veri yükleniyor:  53%|█████▎    | 58980/111532 [06:33<04:39, 188.04epoch-kanal/s]
Veri yükleniyor:  53%|█████▎    | 59021/111532 [06:33<03:53, 224.57epoch-kanal/s]
Veri yükleniyor:  53%|█████▎    | 59062/111532 [06:33<03:22, 259.67epoch-kanal/s]
Veri yükleniyor:  53%|█████▎    | 59102/111532 [06:33<03:01, 289.55epoch-kanal/s]
Veri yükleniyor:  53%|█████▎    | 59142/111532 [06:34<02:47, 312.74epoch-kanal/s]
Veri yükleniyor:  53%|█████▎    | 59182/111532 [06:34<02:36, 333.81epoch-kanal/s]
Veri yükleniyor:  53%|█████▎    | 59223/111532 [06:34<02:28, 351.55epoch-kanal/s]
Veri yükleniyor:  53%|█████▎    | 59264/111532 [06:34<02:22, 366.11epoch-kanal/s]
Veri yükleniyor:  53%|█████▎    | 59304/111532 [06:34<02:20, 372.22epoch-kanal/s]
Veri yükleniyor:  53%|█████▎    | 59344/111532 [06:34<02:19, 374.35epoch-kanal/s]
Veri yükleniyor:  53%|█████▎    | 59385/111532 [06:34<02:16, 382.35epoch-kanal/s]
Veri yükleniyor:  53%|█████▎    | 59425/111532 [06:34<02:15, 385.64epoch-kanal/s]
Veri yükleniyor:  53%|█████▎    | 59465/111532 [06:34<02:13, 389.66epoch-kanal/s]
Veri yükleniyor:  53%|█████▎    | 59505/111532 [06:34<02:15, 383.80epoch-kanal/s]
Veri yükleniyor:  53%|█████▎    | 59545/111532 [06:35<02:14, 387.08epoch-kanal/s]
Veri yükleniyor:  53%|█████▎    | 59585/111532 [06:35<02:14, 387.20epoch-kanal/s]
Veri yükleniyor:  53%|█████▎    | 59625/111532 [06:35<02:13, 388.35epoch-kanal/s]
Veri yükleniyor:  53%|█████▎    | 59664/111532 [06:35<02:14, 385.97epoch-kanal/s]
Veri yükleniyor:  54%|█████▎    | 59703/111532 [06:35<02:16, 379.25epoch-kanal/s]
Veri yükleniyor:  54%|█████▎    | 59743/111532 [06:35<02:15, 382.28epoch-kanal/s]
Veri yükleniyor:  54%|█████▎    | 59782/111532 [06:35<02:15, 381.79epoch-kanal/s]
Veri yükleniyor:  54%|█████▎    | 59821/111532 [06:35<02:17, 375.81epoch-kanal/s]
Veri yükleniyor:  54%|█████▎    | 59860/111532 [06:35<02:16, 379.35epoch-kanal/s]
Veri yükleniyor:  54%|█████▎    | 59899/111532 [06:36<02:15, 381.99epoch-kanal/s]
Veri yükleniyor:  54%|█████▎    | 59939/111532 [06:36<02:13, 386.47epoch-kanal/s]
Veri yükleniyor:  54%|█████▍    | 59978/111532 [06:36<02:13, 386.97epoch-kanal/s]
Veri yükleniyor:  54%|█████▍    | 60018/111532 [06:36<02:12, 389.89epoch-kanal/s]
Veri yükleniyor:  54%|█████▍    | 60058/111532 [06:36<02:11, 392.69epoch-kanal/s]
Veri yükleniyor:  54%|█████▍    | 60098/111532 [06:36<02:11, 390.64epoch-kanal/s]
Veri yükleniyor:  54%|█████▍    | 60138/111532 [06:36<02:13, 385.14epoch-kanal/s]
Veri yükleniyor:  54%|█████▍    | 60177/111532 [06:36<02:13, 386.08epoch-kanal/s]
Veri yükleniyor:  54%|█████▍    | 60216/111532 [06:36<02:12, 386.29epoch-kanal/s]
Veri yükleniyor:  54%|█████▍    | 60256/111532 [06:36<02:12, 388.33epoch-kanal/s]
Veri yükleniyor:  54%|█████▍    | 60295/111532 [06:37<02:11, 388.47epoch-kanal/s]
Veri yükleniyor:  54%|█████▍    | 60335/111532 [06:37<02:11, 388.88epoch-kanal/s]
Veri yükleniyor:  54%|█████▍    | 60375/111532 [06:37<02:10, 391.34epoch-kanal/s]
Veri yükleniyor:  54%|█████▍    | 60415/111532 [06:37<02:10, 391.97epoch-kanal/s]
Veri yükleniyor:  54%|█████▍    | 60455/111532 [06:37<02:10, 391.88epoch-kanal/s]
Veri yükleniyor:  54%|█████▍    | 60495/111532 [06:37<02:11, 389.41epoch-kanal/s]
Veri yükleniyor:  54%|█████▍    | 60534/111532 [06:37<02:10, 389.48epoch-kanal/s]
Veri yükleniyor:  54%|█████▍    | 60574/111532 [06:37<02:10, 390.82epoch-kanal/s]
Veri yükleniyor:  54%|█████▍    | 60614/111532 [06:37<02:10, 389.96epoch-kanal/s]
Veri yükleniyor:  54%|█████▍    | 60654/111532 [06:37<02:10, 391.24epoch-kanal/s]
Veri yükleniyor:  54%|█████▍    | 60694/111532 [06:38<02:12, 384.36epoch-kanal/s]
Veri yükleniyor:  54%|█████▍    | 60734/111532 [06:38<02:10, 388.70epoch-kanal/s]
Veri yükleniyor:  54%|█████▍    | 60774/111532 [06:38<02:10, 390.18epoch-kanal/s]
Veri yükleniyor:  55%|█████▍    | 60814/111532 [06:38<02:09, 390.77epoch-kanal/s]
Veri yükleniyor:  55%|█████▍    | 60854/111532 [06:38<02:09, 391.29epoch-kanal/s]
Veri yükleniyor:  55%|█████▍    | 60894/111532 [06:38<02:13, 380.08epoch-kanal/s]
Veri yükleniyor:  55%|█████▍    | 60934/111532 [06:38<02:11, 385.49epoch-kanal/s]
Veri yükleniyor:  55%|█████▍    | 60974/111532 [06:38<02:10, 387.99epoch-kanal/s]
Veri yükleniyor:  55%|█████▍    | 61014/111532 [06:38<02:09, 389.75epoch-kanal/s]
Veri yükleniyor:  55%|█████▍    | 61054/111532 [06:38<02:11, 383.51epoch-kanal/s]
Veri yükleniyor:  55%|█████▍    | 61094/111532 [06:39<02:10, 385.54epoch-kanal/s]
Veri yükleniyor:  55%|█████▍    | 61134/111532 [06:39<02:09, 387.88epoch-kanal/s]
Veri yükleniyor:  55%|█████▍    | 61173/111532 [06:39<02:35, 322.92epoch-kanal/s]
Veri yükleniyor:  55%|█████▍    | 61208/111532 [06:39<03:11, 262.80epoch-kanal/s]
Veri yükleniyor:  55%|█████▍    | 61238/111532 [06:39<03:35, 233.84epoch-kanal/s]
Veri yükleniyor:  55%|█████▍    | 61264/111532 [06:39<03:46, 221.73epoch-kanal/s]
Veri yükleniyor:  55%|█████▍    | 61288/111532 [06:39<03:59, 209.53epoch-kanal/s]
Veri yükleniyor:  55%|█████▍    | 61310/111532 [06:40<04:06, 203.42epoch-kanal/s]
Veri yükleniyor:  55%|█████▍    | 61331/111532 [06:40<04:12, 198.99epoch-kanal/s]
Veri yükleniyor:  55%|█████▌    | 61352/111532 [06:40<04:17, 195.00epoch-kanal/s]
Veri yükleniyor:  55%|█████▌    | 61372/111532 [06:40<04:23, 190.45epoch-kanal/s]
Veri yükleniyor:  55%|█████▌    | 61392/111532 [06:40<04:25, 188.95epoch-kanal/s]
Veri yükleniyor:  55%|█████▌    | 61411/111532 [06:40<04:28, 186.87epoch-kanal/s]
Veri yükleniyor:  55%|█████▌    | 61430/111532 [06:40<04:27, 187.43epoch-kanal/s]
Veri yükleniyor:  55%|█████▌    | 61449/111532 [06:40<04:29, 186.06epoch-kanal/s]
Veri yükleniyor:  55%|█████▌    | 61468/111532 [06:41<05:07, 163.04epoch-kanal/s]
Veri yükleniyor:  55%|█████▌    | 61487/111532 [06:41<04:54, 170.02epoch-kanal/s]
Veri yükleniyor:  55%|█████▌    | 61506/111532 [06:41<04:47, 174.07epoch-kanal/s]
Veri yükleniyor:  55%|█████▌    | 61526/111532 [06:41<04:38, 179.49epoch-kanal/s]
Veri yükleniyor:  55%|█████▌    | 61545/111532 [06:41<04:35, 181.42epoch-kanal/s]
Veri yükleniyor:  55%|█████▌    | 61564/111532 [06:41<04:32, 183.65epoch-kanal/s]
Veri yükleniyor:  55%|█████▌    | 61583/111532 [06:41<04:34, 182.24epoch-kanal/s]
Veri yükleniyor:  55%|█████▌    | 61602/111532 [06:41<04:33, 182.31epoch-kanal/s]
Veri yükleniyor:  55%|█████▌    | 61621/111532 [06:41<04:32, 183.17epoch-kanal/s]
Veri yükleniyor:  55%|█████▌    | 61640/111532 [06:41<04:37, 179.76epoch-kanal/s]
Veri yükleniyor:  55%|█████▌    | 61660/111532 [06:42<04:32, 183.19epoch-kanal/s]
Veri yükleniyor:  55%|█████▌    | 61679/111532 [06:42<04:32, 182.63epoch-kanal/s]
Veri yükleniyor:  55%|█████▌    | 61698/111532 [06:42<04:31, 183.86epoch-kanal/s]
Veri yükleniyor:  55%|█████▌    | 61717/111532 [06:42<04:30, 184.10epoch-kanal/s]
Veri yükleniyor:  55%|█████▌    | 61736/111532 [06:42<04:28, 185.51epoch-kanal/s]
Veri yükleniyor:  55%|█████▌    | 61755/111532 [06:42<04:32, 182.36epoch-kanal/s]
Veri yükleniyor:  55%|█████▌    | 61774/111532 [06:42<04:35, 180.32epoch-kanal/s]
Veri yükleniyor:  55%|█████▌    | 61793/111532 [06:42<04:32, 182.81epoch-kanal/s]
Veri yükleniyor:  55%|█████▌    | 61812/111532 [06:42<04:34, 180.91epoch-kanal/s]
Veri yükleniyor:  55%|█████▌    | 61831/111532 [06:42<04:34, 181.08epoch-kanal/s]
Veri yükleniyor:  55%|█████▌    | 61850/111532 [06:43<04:32, 182.10epoch-kanal/s]
Veri yükleniyor:  55%|█████▌    | 61869/111532 [06:43<04:30, 183.91epoch-kanal/s]
Veri yükleniyor:  55%|█████▌    | 61889/111532 [06:43<04:27, 185.80epoch-kanal/s]
Veri yükleniyor:  56%|█████▌    | 61908/111532 [06:43<04:31, 182.99epoch-kanal/s]
Veri yükleniyor:  56%|█████▌    | 61927/111532 [06:43<04:28, 184.64epoch-kanal/s]
Veri yükleniyor:  56%|█████▌    | 61946/111532 [06:43<04:31, 182.68epoch-kanal/s]
Veri yükleniyor:  56%|█████▌    | 61965/111532 [06:43<04:32, 181.81epoch-kanal/s]
Veri yükleniyor:  56%|█████▌    | 61984/111532 [06:43<04:31, 182.34epoch-kanal/s]
Veri yükleniyor:  56%|█████▌    | 62003/111532 [06:43<04:37, 178.54epoch-kanal/s]
Veri yükleniyor:  56%|█████▌    | 62022/111532 [06:44<04:35, 179.90epoch-kanal/s]
Veri yükleniyor:  56%|█████▌    | 62041/111532 [06:44<04:32, 181.84epoch-kanal/s]
Veri yükleniyor:  56%|█████▌    | 62060/111532 [06:44<04:31, 182.07epoch-kanal/s]
Veri yükleniyor:  56%|█████▌    | 62079/111532 [06:44<04:29, 183.73epoch-kanal/s]
Veri yükleniyor:  56%|█████▌    | 62098/111532 [06:44<04:32, 181.52epoch-kanal/s]
Veri yükleniyor:  56%|█████▌    | 62117/111532 [06:44<04:31, 181.79epoch-kanal/s]
Veri yükleniyor:  56%|█████▌    | 62136/111532 [06:44<04:31, 181.87epoch-kanal/s]
Veri yükleniyor:  56%|█████▌    | 62155/111532 [06:44<04:33, 180.81epoch-kanal/s]
Veri yükleniyor:  56%|█████▌    | 62174/111532 [06:45<11:08, 73.85epoch-kanal/s] 
Veri yükleniyor:  56%|█████▌    | 62188/111532 [06:45<10:13, 80.42epoch-kanal/s]
Veri yükleniyor:  56%|█████▌    | 62205/111532 [06:45<08:38, 95.07epoch-kanal/s]
Veri yükleniyor:  56%|█████▌    | 62223/111532 [06:45<07:26, 110.33epoch-kanal/s]
Veri yükleniyor:  56%|█████▌    | 62242/111532 [06:45<06:30, 126.12epoch-kanal/s]
Veri yükleniyor:  56%|█████▌    | 62259/111532 [06:45<06:03, 135.46epoch-kanal/s]
Veri yükleniyor:  56%|█████▌    | 62278/111532 [06:46<05:31, 148.47epoch-kanal/s]
Veri yükleniyor:  56%|█████▌    | 62297/111532 [06:46<05:10, 158.63epoch-kanal/s]
Veri yükleniyor:  56%|█████▌    | 62317/111532 [06:46<04:53, 167.92epoch-kanal/s]
Veri yükleniyor:  56%|█████▌    | 62336/111532 [06:46<04:45, 172.33epoch-kanal/s]
Veri yükleniyor:  56%|█████▌    | 62355/111532 [06:46<04:39, 176.23epoch-kanal/s]
Veri yükleniyor:  56%|█████▌    | 62374/111532 [06:46<04:34, 179.27epoch-kanal/s]
Veri yükleniyor:  56%|█████▌    | 62393/111532 [06:46<04:31, 180.82epoch-kanal/s]
Veri yükleniyor:  56%|█████▌    | 62412/111532 [06:46<04:30, 181.56epoch-kanal/s]
Veri yükleniyor:  56%|█████▌    | 62432/111532 [06:46<04:25, 184.60epoch-kanal/s]
Veri yükleniyor:  56%|█████▌    | 62451/111532 [06:46<04:29, 181.85epoch-kanal/s]
Veri yükleniyor:  56%|█████▌    | 62470/111532 [06:47<04:30, 181.62epoch-kanal/s]
Veri yükleniyor:  56%|█████▌    | 62489/111532 [06:47<04:27, 183.44epoch-kanal/s]
Veri yükleniyor:  56%|█████▌    | 62508/111532 [06:47<04:25, 184.70epoch-kanal/s]
Veri yükleniyor:  56%|█████▌    | 62527/111532 [06:47<04:25, 184.79epoch-kanal/s]
Veri yükleniyor:  56%|█████▌    | 62546/111532 [06:47<04:26, 184.04epoch-kanal/s]
Veri yükleniyor:  56%|█████▌    | 62565/111532 [06:47<04:28, 182.55epoch-kanal/s]
Veri yükleniyor:  56%|█████▌    | 62584/111532 [06:47<04:27, 183.20epoch-kanal/s]
Veri yükleniyor:  56%|█████▌    | 62603/111532 [06:47<04:26, 183.50epoch-kanal/s]
Veri yükleniyor:  56%|█████▌    | 62622/111532 [06:47<04:28, 181.94epoch-kanal/s]
Veri yükleniyor:  56%|█████▌    | 62641/111532 [06:47<04:28, 182.10epoch-kanal/s]
Veri yükleniyor:  56%|█████▌    | 62660/111532 [06:48<04:26, 183.28epoch-kanal/s]
Veri yükleniyor:  56%|█████▌    | 62679/111532 [06:48<04:29, 181.22epoch-kanal/s]
Veri yükleniyor:  56%|█████▌    | 62698/111532 [06:48<04:26, 183.55epoch-kanal/s]
Veri yükleniyor:  56%|█████▌    | 62717/111532 [06:48<04:25, 183.89epoch-kanal/s]
Veri yükleniyor:  56%|█████▌    | 62736/111532 [06:48<04:24, 184.71epoch-kanal/s]
Veri yükleniyor:  56%|█████▋    | 62755/111532 [06:48<04:34, 177.86epoch-kanal/s]
Veri yükleniyor:  56%|█████▋    | 62774/111532 [06:48<04:31, 179.44epoch-kanal/s]
Veri yükleniyor:  56%|█████▋    | 62794/111532 [06:48<04:26, 183.02epoch-kanal/s]
Veri yükleniyor:  56%|█████▋    | 62813/111532 [06:48<04:31, 179.43epoch-kanal/s]
Veri yükleniyor:  56%|█████▋    | 62832/111532 [06:49<04:26, 182.40epoch-kanal/s]
Veri yükleniyor:  56%|█████▋    | 62851/111532 [06:49<04:29, 180.39epoch-kanal/s]
Veri yükleniyor:  56%|█████▋    | 62871/111532 [06:49<04:23, 184.68epoch-kanal/s]
Veri yükleniyor:  56%|█████▋    | 62890/111532 [06:49<04:21, 186.13epoch-kanal/s]
Veri yükleniyor:  56%|█████▋    | 62909/111532 [06:49<04:25, 183.14epoch-kanal/s]
Veri yükleniyor:  56%|█████▋    | 62928/111532 [06:49<04:27, 181.93epoch-kanal/s]
Veri yükleniyor:  56%|█████▋    | 62947/111532 [06:49<04:27, 181.41epoch-kanal/s]
Veri yükleniyor:  56%|█████▋    | 62966/111532 [06:49<04:25, 182.74epoch-kanal/s]
Veri yükleniyor:  56%|█████▋    | 62985/111532 [06:49<04:29, 179.92epoch-kanal/s]
Veri yükleniyor:  56%|█████▋    | 63004/111532 [06:49<04:27, 181.22epoch-kanal/s]
Veri yükleniyor:  57%|█████▋    | 63023/111532 [06:50<04:27, 181.21epoch-kanal/s]
Veri yükleniyor:  57%|█████▋    | 63042/111532 [06:50<04:25, 182.85epoch-kanal/s]
Veri yükleniyor:  57%|█████▋    | 63061/111532 [06:50<04:24, 182.92epoch-kanal/s]
Veri yükleniyor:  57%|█████▋    | 63080/111532 [06:50<04:27, 181.20epoch-kanal/s]
Veri yükleniyor:  57%|█████▋    | 63099/111532 [06:50<04:25, 182.24epoch-kanal/s]
Veri yükleniyor:  57%|█████▋    | 63118/111532 [06:50<04:31, 178.18epoch-kanal/s]
Veri yükleniyor:  57%|█████▋    | 63137/111532 [06:50<04:29, 179.30epoch-kanal/s]
Veri yükleniyor:  57%|█████▋    | 63156/111532 [06:50<04:28, 180.18epoch-kanal/s]
Veri yükleniyor:  57%|█████▋    | 63175/111532 [06:50<04:30, 178.56epoch-kanal/s]
Veri yükleniyor:  57%|█████▋    | 63194/111532 [06:51<04:27, 180.48epoch-kanal/s]
Veri yükleniyor:  57%|█████▋    | 63213/111532 [06:51<04:26, 181.39epoch-kanal/s]
Veri yükleniyor:  57%|█████▋    | 63232/111532 [06:51<04:23, 183.51epoch-kanal/s]
Veri yükleniyor:  57%|█████▋    | 63251/111532 [06:51<04:23, 183.33epoch-kanal/s]
Veri yükleniyor:  57%|█████▋    | 63270/111532 [06:51<04:22, 183.54epoch-kanal/s]
Veri yükleniyor:  57%|█████▋    | 63289/111532 [06:51<04:28, 179.59epoch-kanal/s]
Veri yükleniyor:  57%|█████▋    | 63307/111532 [06:51<04:29, 179.05epoch-kanal/s]
Veri yükleniyor:  57%|█████▋    | 63326/111532 [06:51<04:26, 180.67epoch-kanal/s]
Veri yükleniyor:  57%|█████▋    | 63345/111532 [06:51<04:28, 179.67epoch-kanal/s]
Veri yükleniyor:  57%|█████▋    | 63363/111532 [06:51<04:28, 179.36epoch-kanal/s]
Veri yükleniyor:  57%|█████▋    | 63381/111532 [06:52<04:29, 178.51epoch-kanal/s]
Veri yükleniyor:  57%|█████▋    | 63400/111532 [06:52<04:25, 181.27epoch-kanal/s]
Veri yükleniyor:  57%|█████▋    | 63419/111532 [06:52<04:26, 180.63epoch-kanal/s]
Veri yükleniyor:  57%|█████▋    | 63438/111532 [06:52<04:25, 181.27epoch-kanal/s]
Veri yükleniyor:  57%|█████▋    | 63457/111532 [06:52<04:24, 181.81epoch-kanal/s]
Veri yükleniyor:  57%|█████▋    | 63476/111532 [06:52<04:23, 182.25epoch-kanal/s]
Veri yükleniyor:  57%|█████▋    | 63495/111532 [06:52<04:23, 182.07epoch-kanal/s]
Veri yükleniyor:  57%|█████▋    | 63514/111532 [06:52<04:23, 182.51epoch-kanal/s]
Veri yükleniyor:  57%|█████▋    | 63533/111532 [06:52<05:00, 159.68epoch-kanal/s]
Veri yükleniyor:  57%|█████▋    | 63552/111532 [06:53<04:48, 166.48epoch-kanal/s]
Veri yükleniyor:  57%|█████▋    | 63571/111532 [06:53<04:40, 170.97epoch-kanal/s]
Veri yükleniyor:  57%|█████▋    | 63590/111532 [06:53<04:33, 175.22epoch-kanal/s]
Veri yükleniyor:  57%|█████▋    | 63609/111532 [06:53<04:29, 177.53epoch-kanal/s]
Veri yükleniyor:  57%|█████▋    | 63628/111532 [06:53<04:24, 180.77epoch-kanal/s]
Veri yükleniyor:  57%|█████▋    | 63647/111532 [06:53<04:25, 180.10epoch-kanal/s]
Veri yükleniyor:  57%|█████▋    | 63666/111532 [06:53<04:25, 180.23epoch-kanal/s]
Veri yükleniyor:  57%|█████▋    | 63685/111532 [06:53<04:24, 180.80epoch-kanal/s]
Veri yükleniyor:  57%|█████▋    | 63704/111532 [06:53<04:27, 178.71epoch-kanal/s]
Veri yükleniyor:  57%|█████▋    | 63723/111532 [06:53<04:25, 179.86epoch-kanal/s]
Veri yükleniyor:  57%|█████▋    | 63742/111532 [06:54<04:30, 176.56epoch-kanal/s]
Veri yükleniyor:  57%|█████▋    | 63761/111532 [06:54<04:27, 178.66epoch-kanal/s]
Veri yükleniyor:  57%|█████▋    | 63780/111532 [06:54<04:25, 180.09epoch-kanal/s]
Veri yükleniyor:  57%|█████▋    | 63799/111532 [06:54<04:28, 177.93epoch-kanal/s]
Veri yükleniyor:  57%|█████▋    | 63817/111532 [06:54<04:27, 178.43epoch-kanal/s]
Veri yükleniyor:  57%|█████▋    | 63835/111532 [06:54<04:32, 174.84epoch-kanal/s]
Veri yükleniyor:  57%|█████▋    | 63854/111532 [06:54<04:28, 177.37epoch-kanal/s]
Veri yükleniyor:  57%|█████▋    | 63872/111532 [06:54<04:29, 177.01epoch-kanal/s]
Veri yükleniyor:  57%|█████▋    | 63890/111532 [06:54<04:38, 170.89epoch-kanal/s]
Veri yükleniyor:  57%|█████▋    | 63909/111532 [06:55<04:32, 174.73epoch-kanal/s]
Veri yükleniyor:  57%|█████▋    | 63927/111532 [06:55<04:30, 175.92epoch-kanal/s]
Veri yükleniyor:  57%|█████▋    | 63946/111532 [06:55<04:24, 179.82epoch-kanal/s]
Veri yükleniyor:  57%|█████▋    | 63965/111532 [06:55<04:25, 178.97epoch-kanal/s]
Veri yükleniyor:  57%|█████▋    | 63984/111532 [06:55<04:23, 180.45epoch-kanal/s]
Veri yükleniyor:  57%|█████▋    | 64003/111532 [06:55<04:23, 180.42epoch-kanal/s]
Veri yükleniyor:  57%|█████▋    | 64022/111532 [06:55<04:21, 181.61epoch-kanal/s]
Veri yükleniyor:  57%|█████▋    | 64041/111532 [06:55<04:21, 181.59epoch-kanal/s]
Veri yükleniyor:  57%|█████▋    | 64060/111532 [06:55<04:23, 180.47epoch-kanal/s]
Veri yükleniyor:  57%|█████▋    | 64079/111532 [06:55<04:22, 180.66epoch-kanal/s]
Veri yükleniyor:  57%|█████▋    | 64098/111532 [06:56<04:22, 180.37epoch-kanal/s]
Veri yükleniyor:  57%|█████▋    | 64117/111532 [06:56<04:20, 181.73epoch-kanal/s]
Veri yükleniyor:  58%|█████▊    | 64136/111532 [06:56<04:19, 182.31epoch-kanal/s]
Veri yükleniyor:  58%|█████▊    | 64155/111532 [06:56<04:19, 182.54epoch-kanal/s]
Veri yükleniyor:  58%|█████▊    | 64174/111532 [06:56<04:19, 182.16epoch-kanal/s]
Veri yükleniyor:  58%|█████▊    | 64193/111532 [06:56<04:19, 182.47epoch-kanal/s]
Veri yükleniyor:  58%|█████▊    | 64212/111532 [06:56<04:19, 182.44epoch-kanal/s]
Veri yükleniyor:  58%|█████▊    | 64231/111532 [06:56<04:17, 183.52epoch-kanal/s]
Veri yükleniyor:  58%|█████▊    | 64250/111532 [06:56<04:21, 180.52epoch-kanal/s]
Veri yükleniyor:  58%|█████▊    | 64269/111532 [06:57<04:21, 180.88epoch-kanal/s]
Veri yükleniyor:  58%|█████▊    | 64288/111532 [06:57<04:19, 182.09epoch-kanal/s]
Veri yükleniyor:  58%|█████▊    | 64307/111532 [06:57<04:22, 180.17epoch-kanal/s]
Veri yükleniyor:  58%|█████▊    | 64326/111532 [06:57<04:21, 180.51epoch-kanal/s]
Veri yükleniyor:  58%|█████▊    | 64345/111532 [06:57<04:22, 179.92epoch-kanal/s]
Veri yükleniyor:  58%|█████▊    | 64363/111532 [06:57<04:28, 175.85epoch-kanal/s]
Veri yükleniyor:  58%|█████▊    | 64381/111532 [06:57<04:29, 175.15epoch-kanal/s]
Veri yükleniyor:  58%|█████▊    | 64399/111532 [06:57<04:27, 176.51epoch-kanal/s]
Veri yükleniyor:  58%|█████▊    | 64417/111532 [06:57<04:27, 176.19epoch-kanal/s]
Veri yükleniyor:  58%|█████▊    | 64435/111532 [06:57<04:27, 175.83epoch-kanal/s]
Veri yükleniyor:  58%|█████▊    | 64454/111532 [06:58<04:25, 177.27epoch-kanal/s]
Veri yükleniyor:  58%|█████▊    | 64473/111532 [06:58<04:22, 179.38epoch-kanal/s]
Veri yükleniyor:  58%|█████▊    | 64492/111532 [06:58<04:20, 180.80epoch-kanal/s]
Veri yükleniyor:  58%|█████▊    | 64511/111532 [06:58<04:23, 178.15epoch-kanal/s]
Veri yükleniyor:  58%|█████▊    | 64529/111532 [06:58<04:24, 177.86epoch-kanal/s]
Veri yükleniyor:  58%|█████▊    | 64548/111532 [06:58<04:21, 180.00epoch-kanal/s]
Veri yükleniyor:  58%|█████▊    | 64567/111532 [06:58<04:21, 179.59epoch-kanal/s]
Veri yükleniyor:  58%|█████▊    | 64586/111532 [06:58<04:19, 181.09epoch-kanal/s]
Veri yükleniyor:  58%|█████▊    | 64605/111532 [06:58<04:23, 178.04epoch-kanal/s]
Veri yükleniyor:  58%|█████▊    | 64623/111532 [06:59<04:23, 178.18epoch-kanal/s]
Veri yükleniyor:  58%|█████▊    | 64642/111532 [06:59<04:21, 179.17epoch-kanal/s]
Veri yükleniyor:  58%|█████▊    | 64661/111532 [06:59<04:20, 179.78epoch-kanal/s]
Veri yükleniyor:  58%|█████▊    | 64681/111532 [06:59<04:15, 183.40epoch-kanal/s]
Veri yükleniyor:  58%|█████▊    | 64700/111532 [06:59<04:22, 178.25epoch-kanal/s]
Veri yükleniyor:  58%|█████▊    | 64719/111532 [06:59<04:18, 180.78epoch-kanal/s]
Veri yükleniyor:  58%|█████▊    | 64738/111532 [06:59<04:20, 179.55epoch-kanal/s]
Veri yükleniyor:  58%|█████▊    | 64757/111532 [06:59<04:18, 180.73epoch-kanal/s]
Veri yükleniyor:  58%|█████▊    | 64776/111532 [06:59<04:19, 180.25epoch-kanal/s]
Veri yükleniyor:  58%|█████▊    | 64795/111532 [06:59<04:22, 178.01epoch-kanal/s]
Veri yükleniyor:  58%|█████▊    | 64814/111532 [07:00<04:19, 180.33epoch-kanal/s]
Veri yükleniyor:  58%|█████▊    | 64833/111532 [07:00<04:19, 179.92epoch-kanal/s]
Veri yükleniyor:  58%|█████▊    | 64852/111532 [07:00<04:16, 181.98epoch-kanal/s]
Veri yükleniyor:  58%|█████▊    | 64871/111532 [07:00<04:18, 180.48epoch-kanal/s]
Veri yükleniyor:  58%|█████▊    | 64890/111532 [07:00<04:17, 181.21epoch-kanal/s]
Veri yükleniyor:  58%|█████▊    | 64909/111532 [07:00<04:26, 175.12epoch-kanal/s]
Veri yükleniyor:  58%|█████▊    | 64927/111532 [07:00<04:26, 174.79epoch-kanal/s]
Veri yükleniyor:  58%|█████▊    | 64946/111532 [07:00<04:21, 178.10epoch-kanal/s]
Veri yükleniyor:  58%|█████▊    | 64964/111532 [07:00<04:26, 174.76epoch-kanal/s]
Veri yükleniyor:  58%|█████▊    | 64983/111532 [07:01<04:22, 177.59epoch-kanal/s]
Veri yükleniyor:  58%|█████▊    | 65001/111532 [07:01<04:21, 178.18epoch-kanal/s]
Veri yükleniyor:  58%|█████▊    | 65020/111532 [07:01<04:17, 180.77epoch-kanal/s]
Veri yükleniyor:  58%|█████▊    | 65039/111532 [07:01<04:15, 181.72epoch-kanal/s]
Veri yükleniyor:  58%|█████▊    | 65058/111532 [07:01<04:15, 181.85epoch-kanal/s]
Veri yükleniyor:  58%|█████▊    | 65077/111532 [07:01<04:14, 182.52epoch-kanal/s]
Veri yükleniyor:  58%|█████▊    | 65096/111532 [07:01<04:13, 182.99epoch-kanal/s]
Veri yükleniyor:  58%|█████▊    | 65115/111532 [07:01<04:12, 183.93epoch-kanal/s]
Veri yükleniyor:  58%|█████▊    | 65134/111532 [07:01<04:13, 183.13epoch-kanal/s]
Veri yükleniyor:  58%|█████▊    | 65153/111532 [07:01<04:17, 179.81epoch-kanal/s]
Veri yükleniyor:  58%|█████▊    | 65172/111532 [07:02<04:17, 180.34epoch-kanal/s]
Veri yükleniyor:  58%|█████▊    | 65191/111532 [07:02<04:13, 182.52epoch-kanal/s]
Veri yükleniyor:  58%|█████▊    | 65210/111532 [07:02<04:13, 183.09epoch-kanal/s]
Veri yükleniyor:  58%|█████▊    | 65229/111532 [07:02<04:13, 182.77epoch-kanal/s]
Veri yükleniyor:  59%|█████▊    | 65248/111532 [07:02<04:14, 181.92epoch-kanal/s]
Veri yükleniyor:  59%|█████▊    | 65267/111532 [07:02<04:23, 175.86epoch-kanal/s]
Veri yükleniyor:  59%|█████▊    | 65285/111532 [07:02<04:21, 176.87epoch-kanal/s]
Veri yükleniyor:  59%|█████▊    | 65303/111532 [07:02<04:20, 177.62epoch-kanal/s]
Veri yükleniyor:  59%|█████▊    | 65321/111532 [07:02<04:22, 176.19epoch-kanal/s]
Veri yükleniyor:  59%|█████▊    | 65340/111532 [07:03<04:18, 178.81epoch-kanal/s]
Veri yükleniyor:  59%|█████▊    | 65358/111532 [07:03<04:19, 178.21epoch-kanal/s]
Veri yükleniyor:  59%|█████▊    | 65376/111532 [07:03<04:18, 178.65epoch-kanal/s]
Veri yükleniyor:  59%|█████▊    | 65395/111532 [07:03<04:17, 179.22epoch-kanal/s]
Veri yükleniyor:  59%|█████▊    | 65414/111532 [07:03<04:15, 180.40epoch-kanal/s]
Veri yükleniyor:  59%|█████▊    | 65433/111532 [07:03<04:19, 177.83epoch-kanal/s]
Veri yükleniyor:  59%|█████▊    | 65451/111532 [07:03<04:22, 175.44epoch-kanal/s]
Veri yükleniyor:  59%|█████▊    | 65469/111532 [07:03<04:23, 174.95epoch-kanal/s]
Veri yükleniyor:  59%|█████▊    | 65487/111532 [07:03<04:22, 175.26epoch-kanal/s]
Veri yükleniyor:  59%|█████▊    | 65505/111532 [07:03<04:26, 172.86epoch-kanal/s]
Veri yükleniyor:  59%|█████▊    | 65524/111532 [07:04<04:21, 175.61epoch-kanal/s]
Veri yükleniyor:  59%|█████▉    | 65543/111532 [07:04<04:19, 177.26epoch-kanal/s]
Veri yükleniyor:  59%|█████▉    | 65562/111532 [07:04<04:18, 178.12epoch-kanal/s]
Veri yükleniyor:  59%|█████▉    | 65580/111532 [07:04<04:17, 178.65epoch-kanal/s]
Veri yükleniyor:  59%|█████▉    | 65598/111532 [07:04<04:19, 176.84epoch-kanal/s]
Veri yükleniyor:  59%|█████▉    | 65617/111532 [07:04<04:16, 178.71epoch-kanal/s]
Veri yükleniyor:  59%|█████▉    | 65635/111532 [07:04<04:49, 158.40epoch-kanal/s]
Veri yükleniyor:  59%|█████▉    | 65654/111532 [07:04<04:37, 165.26epoch-kanal/s]
Veri yükleniyor:  59%|█████▉    | 65671/111532 [07:04<04:36, 166.12epoch-kanal/s]
Veri yükleniyor:  59%|█████▉    | 65690/111532 [07:05<04:27, 171.05epoch-kanal/s]
Veri yükleniyor:  59%|█████▉    | 65709/111532 [07:05<04:23, 174.01epoch-kanal/s]
Veri yükleniyor:  59%|█████▉    | 65728/111532 [07:05<04:16, 178.57epoch-kanal/s]
Veri yükleniyor:  59%|█████▉    | 65747/111532 [07:05<04:15, 179.55epoch-kanal/s]
Veri yükleniyor:  59%|█████▉    | 65766/111532 [07:05<04:15, 178.82epoch-kanal/s]
Veri yükleniyor:  59%|█████▉    | 65785/111532 [07:05<04:14, 179.46epoch-kanal/s]
Veri yükleniyor:  59%|█████▉    | 65803/111532 [07:05<04:16, 178.49epoch-kanal/s]
Veri yükleniyor:  59%|█████▉    | 65821/111532 [07:05<04:16, 178.43epoch-kanal/s]
Veri yükleniyor:  59%|█████▉    | 65839/111532 [07:05<04:20, 175.33epoch-kanal/s]
Veri yükleniyor:  59%|█████▉    | 65857/111532 [07:09<49:41, 15.32epoch-kanal/s] 
Veri yükleniyor:  59%|█████▉    | 65897/111532 [07:09<26:29, 28.70epoch-kanal/s]
Veri yükleniyor:  59%|█████▉    | 65937/111532 [07:09<16:25, 46.26epoch-kanal/s]
Veri yükleniyor:  59%|█████▉    | 65977/111532 [07:09<11:03, 68.64epoch-kanal/s]
Veri yükleniyor:  59%|█████▉    | 66009/111532 [07:10<13:00, 58.34epoch-kanal/s]
Veri yükleniyor:  59%|█████▉    | 66046/111532 [07:10<09:24, 80.60epoch-kanal/s]
Veri yükleniyor:  59%|█████▉    | 66073/111532 [07:13<29:42, 25.51epoch-kanal/s]
Veri yükleniyor:  59%|█████▉    | 66113/111532 [07:13<19:56, 37.97epoch-kanal/s]
Veri yükleniyor:  59%|█████▉    | 66154/111532 [07:14<13:47, 54.83epoch-kanal/s]
Veri yükleniyor:  59%|█████▉    | 66195/111532 [07:14<09:53, 76.36epoch-kanal/s]
Veri yükleniyor:  59%|█████▉    | 66236/111532 [07:14<07:20, 102.87epoch-kanal/s]
Veri yükleniyor:  59%|█████▉    | 66275/111532 [07:14<05:42, 132.09epoch-kanal/s]
Veri yükleniyor:  59%|█████▉    | 66312/111532 [07:18<26:03, 28.93epoch-kanal/s] 
Veri yükleniyor:  59%|█████▉    | 66353/111532 [07:18<18:25, 40.88epoch-kanal/s]
Veri yükleniyor:  60%|█████▉    | 66394/111532 [07:18<13:16, 56.69epoch-kanal/s]
Veri yükleniyor:  60%|█████▉    | 66435/111532 [07:18<10:02, 74.90epoch-kanal/s]
Veri yükleniyor:  60%|█████▉    | 66473/111532 [07:18<07:42, 97.52epoch-kanal/s]
Veri yükleniyor:  60%|█████▉    | 66512/111532 [07:18<05:58, 125.45epoch-kanal/s]
Veri yükleniyor:  60%|█████▉    | 66551/111532 [07:18<04:46, 157.26epoch-kanal/s]
Veri yükleniyor:  60%|█████▉    | 66591/111532 [07:18<03:53, 192.26epoch-kanal/s]
Veri yükleniyor:  60%|█████▉    | 66631/111532 [07:18<03:17, 227.48epoch-kanal/s]
Veri yükleniyor:  60%|█████▉    | 66670/111532 [07:19<02:53, 258.78epoch-kanal/s]
Veri yükleniyor:  60%|█████▉    | 66708/111532 [07:22<20:23, 36.62epoch-kanal/s] 
Veri yükleniyor:  60%|█████▉    | 66748/111532 [07:22<14:44, 50.64epoch-kanal/s]
Veri yükleniyor:  60%|█████▉    | 66788/111532 [07:22<10:49, 68.88epoch-kanal/s]
Veri yükleniyor:  60%|█████▉    | 66829/111532 [07:22<08:03, 92.47epoch-kanal/s]
Veri yükleniyor:  60%|█████▉    | 66869/111532 [07:22<06:11, 120.21epoch-kanal/s]
Veri yükleniyor:  60%|█████▉    | 66910/111532 [07:22<04:51, 152.96epoch-kanal/s]
Veri yükleniyor:  60%|██████    | 66950/111532 [07:22<03:57, 187.36epoch-kanal/s]
Veri yükleniyor:  60%|██████    | 66990/111532 [07:22<03:20, 222.38epoch-kanal/s]
Veri yükleniyor:  60%|██████    | 67030/111532 [07:23<02:53, 256.06epoch-kanal/s]
Veri yükleniyor:  60%|██████    | 67071/111532 [07:23<02:34, 288.02epoch-kanal/s]
Veri yükleniyor:  60%|██████    | 67111/111532 [07:25<16:34, 44.65epoch-kanal/s] 
Veri yükleniyor:  60%|██████    | 67151/111532 [07:25<12:10, 60.74epoch-kanal/s]
Veri yükleniyor:  60%|██████    | 67191/111532 [07:26<09:05, 81.32epoch-kanal/s]
Veri yükleniyor:  60%|██████    | 67230/111532 [07:26<07:12, 102.32epoch-kanal/s]
Veri yükleniyor:  60%|██████    | 67269/111532 [07:26<05:38, 130.59epoch-kanal/s]
Veri yükleniyor:  60%|██████    | 67309/111532 [07:26<04:29, 163.92epoch-kanal/s]
Veri yükleniyor:  60%|██████    | 67349/111532 [07:26<03:42, 198.83epoch-kanal/s]
Veri yükleniyor:  60%|██████    | 67387/111532 [07:26<03:11, 230.46epoch-kanal/s]
Veri yükleniyor:  60%|██████    | 67426/111532 [07:26<02:48, 262.32epoch-kanal/s]
Veri yükleniyor:  60%|██████    | 67464/111532 [07:26<02:34, 285.74epoch-kanal/s]
Veri yükleniyor:  61%|██████    | 67502/111532 [07:26<02:26, 301.51epoch-kanal/s]
Veri yükleniyor:  61%|██████    | 67539/111532 [07:30<20:04, 36.51epoch-kanal/s] 
Veri yükleniyor:  61%|██████    | 67579/111532 [07:30<14:24, 50.85epoch-kanal/s]
Veri yükleniyor:  61%|██████    | 67620/111532 [07:30<10:27, 69.95epoch-kanal/s]
Veri yükleniyor:  61%|██████    | 67660/111532 [07:30<07:50, 93.26epoch-kanal/s]
Veri yükleniyor:  61%|██████    | 67700/111532 [07:30<06:01, 121.39epoch-kanal/s]
Veri yükleniyor:  61%|██████    | 67738/111532 [07:30<04:49, 151.31epoch-kanal/s]
Veri yükleniyor:  61%|██████    | 67779/111532 [07:30<03:53, 187.46epoch-kanal/s]
Veri yükleniyor:  61%|██████    | 67817/111532 [07:30<03:26, 211.68epoch-kanal/s]
Veri yükleniyor:  61%|██████    | 67856/111532 [07:30<02:58, 245.16epoch-kanal/s]
Veri yükleniyor:  61%|██████    | 67897/111532 [07:31<02:37, 276.48epoch-kanal/s]
Veri yükleniyor:  61%|██████    | 67937/111532 [07:31<02:23, 304.13epoch-kanal/s]
Veri yükleniyor:  61%|██████    | 67977/111532 [07:31<02:13, 326.75epoch-kanal/s]
Veri yükleniyor:  61%|██████    | 68017/111532 [07:31<02:06, 345.33epoch-kanal/s]
Veri yükleniyor:  61%|██████    | 68056/111532 [07:31<02:01, 356.76epoch-kanal/s]
Veri yükleniyor:  61%|██████    | 68095/111532 [07:34<16:11, 44.73epoch-kanal/s] 
Veri yükleniyor:  61%|██████    | 68136/111532 [07:34<11:44, 61.62epoch-kanal/s]
Veri yükleniyor:  61%|██████    | 68168/111532 [07:34<09:28, 76.27epoch-kanal/s]
Veri yükleniyor:  61%|██████    | 68207/111532 [07:34<07:07, 101.27epoch-kanal/s]
Veri yükleniyor:  61%|██████    | 68248/111532 [07:34<05:26, 132.74epoch-kanal/s]
Veri yükleniyor:  61%|██████    | 68289/111532 [07:34<04:17, 167.69epoch-kanal/s]
Veri yükleniyor:  61%|██████▏   | 68329/111532 [07:34<03:32, 203.17epoch-kanal/s]
Veri yükleniyor:  61%|██████▏   | 68369/111532 [07:34<03:01, 237.64epoch-kanal/s]
Veri yükleniyor:  61%|██████▏   | 68409/111532 [07:34<02:39, 269.85epoch-kanal/s]
Veri yükleniyor:  61%|██████▏   | 68449/111532 [07:35<02:24, 299.08epoch-kanal/s]
Veri yükleniyor:  61%|██████▏   | 68488/111532 [07:38<19:05, 37.58epoch-kanal/s] 
Veri yükleniyor:  61%|██████▏   | 68529/111532 [07:38<13:45, 52.10epoch-kanal/s]
Veri yükleniyor:  61%|██████▏   | 68570/111532 [07:38<10:05, 70.97epoch-kanal/s]
Veri yükleniyor:  62%|██████▏   | 68611/111532 [07:38<07:33, 94.63epoch-kanal/s]
Veri yükleniyor:  62%|██████▏   | 68652/111532 [07:38<05:48, 123.19epoch-kanal/s]
Veri yükleniyor:  62%|██████▏   | 68693/111532 [07:38<04:34, 155.87epoch-kanal/s]
Veri yükleniyor:  62%|██████▏   | 68732/111532 [07:38<03:47, 188.01epoch-kanal/s]
Veri yükleniyor:  62%|██████▏   | 68772/111532 [07:38<03:11, 223.34epoch-kanal/s]
Veri yükleniyor:  62%|██████▏   | 68812/111532 [07:39<02:46, 257.24epoch-kanal/s]
Veri yükleniyor:  62%|██████▏   | 68853/111532 [07:39<02:27, 288.80epoch-kanal/s]
Veri yükleniyor:  62%|██████▏   | 68894/111532 [07:39<02:14, 316.31epoch-kanal/s]
Veri yükleniyor:  62%|██████▏   | 68934/111532 [07:39<02:08, 332.39epoch-kanal/s]
Veri yükleniyor:  62%|██████▏   | 68974/111532 [07:39<02:01, 349.55epoch-kanal/s]
Veri yükleniyor:  62%|██████▏   | 69014/111532 [07:39<01:57, 361.32epoch-kanal/s]
Veri yükleniyor:  62%|██████▏   | 69055/111532 [07:39<01:54, 372.51epoch-kanal/s]
Veri yükleniyor:  62%|██████▏   | 69095/111532 [07:39<01:51, 379.37epoch-kanal/s]
Veri yükleniyor:  62%|██████▏   | 69135/111532 [07:39<01:52, 377.00epoch-kanal/s]
Veri yükleniyor:  62%|██████▏   | 69176/111532 [07:40<01:50, 384.84epoch-kanal/s]
Veri yükleniyor:  62%|██████▏   | 69216/111532 [07:40<01:49, 387.44epoch-kanal/s]
Veri yükleniyor:  62%|██████▏   | 69257/111532 [07:40<01:47, 391.74epoch-kanal/s]
Veri yükleniyor:  62%|██████▏   | 69298/111532 [07:40<01:46, 395.46epoch-kanal/s]
Veri yükleniyor:  62%|██████▏   | 69338/111532 [07:40<01:46, 394.92epoch-kanal/s]
Veri yükleniyor:  62%|██████▏   | 69379/111532 [07:40<01:46, 396.95epoch-kanal/s]
Veri yükleniyor:  62%|██████▏   | 69420/111532 [07:40<01:45, 398.33epoch-kanal/s]
Veri yükleniyor:  62%|██████▏   | 69460/111532 [07:40<01:45, 398.20epoch-kanal/s]
Veri yükleniyor:  62%|██████▏   | 69500/111532 [07:40<01:45, 397.92epoch-kanal/s]
Veri yükleniyor:  62%|██████▏   | 69540/111532 [07:40<01:45, 396.18epoch-kanal/s]
Veri yükleniyor:  62%|██████▏   | 69581/111532 [07:41<01:45, 398.04epoch-kanal/s]
Veri yükleniyor:  62%|██████▏   | 69622/111532 [07:41<01:45, 398.90epoch-kanal/s]
Veri yükleniyor:  62%|██████▏   | 69662/111532 [07:41<01:45, 398.06epoch-kanal/s]
Veri yükleniyor:  62%|██████▏   | 69702/111532 [07:41<01:46, 392.94epoch-kanal/s]
Veri yükleniyor:  63%|██████▎   | 69743/111532 [07:41<01:45, 395.55epoch-kanal/s]
Veri yükleniyor:  63%|██████▎   | 69784/111532 [07:41<01:44, 397.70epoch-kanal/s]
Veri yükleniyor:  63%|██████▎   | 69824/111532 [07:41<01:45, 397.10epoch-kanal/s]
Veri yükleniyor:  63%|██████▎   | 69864/111532 [07:41<01:45, 395.78epoch-kanal/s]
Veri yükleniyor:  63%|██████▎   | 69904/111532 [07:41<01:46, 389.10epoch-kanal/s]
Veri yükleniyor:  63%|██████▎   | 69943/111532 [07:41<01:46, 389.34epoch-kanal/s]
Veri yükleniyor:  63%|██████▎   | 69983/111532 [07:42<01:46, 391.13epoch-kanal/s]
Veri yükleniyor:  63%|██████▎   | 70024/111532 [07:42<01:45, 393.73epoch-kanal/s]
Veri yükleniyor:  63%|██████▎   | 70064/111532 [07:42<01:45, 392.38epoch-kanal/s]
Veri yükleniyor:  63%|██████▎   | 70104/111532 [07:42<01:47, 386.74epoch-kanal/s]
Veri yükleniyor:  63%|██████▎   | 70145/111532 [07:42<01:45, 391.24epoch-kanal/s]
Veri yükleniyor:  63%|██████▎   | 70185/111532 [07:42<01:45, 392.85epoch-kanal/s]
Veri yükleniyor:  63%|██████▎   | 70225/111532 [07:42<01:45, 392.16epoch-kanal/s]
Veri yükleniyor:  63%|██████▎   | 70265/111532 [07:42<01:45, 391.90epoch-kanal/s]
Veri yükleniyor:  63%|██████▎   | 70305/111532 [07:42<01:46, 387.47epoch-kanal/s]
Veri yükleniyor:  63%|██████▎   | 70345/111532 [07:42<01:45, 390.68epoch-kanal/s]
Veri yükleniyor:  63%|██████▎   | 70385/111532 [07:43<01:44, 392.17epoch-kanal/s]
Veri yükleniyor:  63%|██████▎   | 70425/111532 [07:43<01:45, 389.49epoch-kanal/s]
Veri yükleniyor:  63%|██████▎   | 70465/111532 [07:43<01:44, 392.03epoch-kanal/s]
Veri yükleniyor:  63%|██████▎   | 70505/111532 [07:43<01:45, 390.23epoch-kanal/s]
Veri yükleniyor:  63%|██████▎   | 70545/111532 [07:43<01:45, 388.76epoch-kanal/s]
Veri yükleniyor:  63%|██████▎   | 70584/111532 [07:43<02:08, 318.07epoch-kanal/s]
Veri yükleniyor:  63%|██████▎   | 70618/111532 [07:43<02:32, 267.86epoch-kanal/s]
Veri yükleniyor:  63%|██████▎   | 70648/111532 [07:44<02:51, 237.73epoch-kanal/s]
Veri yükleniyor:  63%|██████▎   | 70674/111532 [07:44<03:01, 225.28epoch-kanal/s]
Veri yükleniyor:  63%|██████▎   | 70698/111532 [07:44<03:17, 206.41epoch-kanal/s]
Veri yükleniyor:  63%|██████▎   | 70720/111532 [07:44<03:30, 194.32epoch-kanal/s]
Veri yükleniyor:  63%|██████▎   | 70741/111532 [07:44<03:29, 194.42epoch-kanal/s]
Veri yükleniyor:  63%|██████▎   | 70761/111532 [07:44<03:32, 191.56epoch-kanal/s]
Veri yükleniyor:  63%|██████▎   | 70781/111532 [07:44<03:35, 189.35epoch-kanal/s]
Veri yükleniyor:  63%|██████▎   | 70801/111532 [07:44<04:06, 165.01epoch-kanal/s]
Veri yükleniyor:  63%|██████▎   | 70819/111532 [07:45<04:17, 158.08epoch-kanal/s]
Veri yükleniyor:  64%|██████▎   | 70838/111532 [07:45<04:05, 165.75epoch-kanal/s]
Veri yükleniyor:  64%|██████▎   | 70856/111532 [07:45<04:01, 168.20epoch-kanal/s]
Veri yükleniyor:  64%|██████▎   | 70875/111532 [07:45<03:53, 173.81epoch-kanal/s]
Veri yükleniyor:  64%|██████▎   | 70894/111532 [07:45<03:51, 175.39epoch-kanal/s]
Veri yükleniyor:  64%|██████▎   | 70913/111532 [07:45<03:49, 176.81epoch-kanal/s]
Veri yükleniyor:  64%|██████▎   | 70931/111532 [07:45<03:48, 177.62epoch-kanal/s]
Veri yükleniyor:  64%|██████▎   | 70949/111532 [07:45<03:47, 178.21epoch-kanal/s]
Veri yükleniyor:  64%|██████▎   | 70968/111532 [07:45<03:45, 179.57epoch-kanal/s]
Veri yükleniyor:  64%|██████▎   | 70987/111532 [07:45<03:45, 179.91epoch-kanal/s]
Veri yükleniyor:  64%|██████▎   | 71006/111532 [07:46<03:42, 182.09epoch-kanal/s]
Veri yükleniyor:  64%|██████▎   | 71025/111532 [07:46<03:42, 181.68epoch-kanal/s]
Veri yükleniyor:  64%|██████▎   | 71045/111532 [07:46<03:39, 184.77epoch-kanal/s]
Veri yükleniyor:  64%|██████▎   | 71064/111532 [07:46<03:42, 182.15epoch-kanal/s]
Veri yükleniyor:  64%|██████▎   | 71083/111532 [07:46<03:40, 183.29epoch-kanal/s]
Veri yükleniyor:  64%|██████▍   | 71102/111532 [07:46<04:06, 164.17epoch-kanal/s]
Veri yükleniyor:  64%|██████▍   | 71120/111532 [07:46<03:59, 168.42epoch-kanal/s]
Veri yükleniyor:  64%|██████▍   | 71139/111532 [07:46<03:51, 174.25epoch-kanal/s]
Veri yükleniyor:  64%|██████▍   | 71157/111532 [07:46<03:52, 173.53epoch-kanal/s]
Veri yükleniyor:  64%|██████▍   | 71176/111532 [07:47<03:48, 176.93epoch-kanal/s]
Veri yükleniyor:  64%|██████▍   | 71196/111532 [07:47<03:41, 181.79epoch-kanal/s]
Veri yükleniyor:  64%|██████▍   | 71215/111532 [07:47<03:39, 183.45epoch-kanal/s]
Veri yükleniyor:  64%|██████▍   | 71235/111532 [07:47<03:35, 187.10epoch-kanal/s]
Veri yükleniyor:  64%|██████▍   | 71254/111532 [07:47<03:36, 185.90epoch-kanal/s]
Veri yükleniyor:  64%|██████▍   | 71273/111532 [07:47<03:39, 183.05epoch-kanal/s]
Veri yükleniyor:  64%|██████▍   | 71292/111532 [07:47<03:40, 182.90epoch-kanal/s]
Veri yükleniyor:  64%|██████▍   | 71311/111532 [07:47<03:38, 183.96epoch-kanal/s]
Veri yükleniyor:  64%|██████▍   | 71330/111532 [07:47<03:41, 181.67epoch-kanal/s]
Veri yükleniyor:  64%|██████▍   | 71349/111532 [07:47<03:41, 181.44epoch-kanal/s]
Veri yükleniyor:  64%|██████▍   | 71368/111532 [07:48<03:39, 183.26epoch-kanal/s]
Veri yükleniyor:  64%|██████▍   | 71387/111532 [07:48<03:38, 183.57epoch-kanal/s]
Veri yükleniyor:  64%|██████▍   | 71406/111532 [07:48<03:37, 184.12epoch-kanal/s]
Veri yükleniyor:  64%|██████▍   | 71425/111532 [07:48<03:38, 183.87epoch-kanal/s]
Veri yükleniyor:  64%|██████▍   | 71444/111532 [07:48<03:36, 185.30epoch-kanal/s]
Veri yükleniyor:  64%|██████▍   | 71463/111532 [07:48<03:40, 181.69epoch-kanal/s]
Veri yükleniyor:  64%|██████▍   | 71482/111532 [07:48<03:40, 181.63epoch-kanal/s]
Veri yükleniyor:  64%|██████▍   | 71501/111532 [07:48<03:40, 181.84epoch-kanal/s]
Veri yükleniyor:  64%|██████▍   | 71520/111532 [07:48<03:42, 179.80epoch-kanal/s]
Veri yükleniyor:  64%|██████▍   | 71539/111532 [07:49<03:39, 182.48epoch-kanal/s]
Veri yükleniyor:  64%|██████▍   | 71558/111532 [07:49<03:39, 182.18epoch-kanal/s]
Veri yükleniyor:  64%|██████▍   | 71577/111532 [07:49<03:36, 184.26epoch-kanal/s]
Veri yükleniyor:  64%|██████▍   | 71596/111532 [07:49<03:36, 184.44epoch-kanal/s]
Veri yükleniyor:  64%|██████▍   | 71615/111532 [07:49<03:40, 181.23epoch-kanal/s]
Veri yükleniyor:  64%|██████▍   | 71634/111532 [07:49<03:39, 182.05epoch-kanal/s]
Veri yükleniyor:  64%|██████▍   | 71653/111532 [07:49<03:38, 182.48epoch-kanal/s]
Veri yükleniyor:  64%|██████▍   | 71672/111532 [07:49<03:39, 181.77epoch-kanal/s]
Veri yükleniyor:  64%|██████▍   | 71692/111532 [07:49<03:34, 185.71epoch-kanal/s]
Veri yükleniyor:  64%|██████▍   | 71711/111532 [07:49<03:42, 179.00epoch-kanal/s]
Veri yükleniyor:  64%|██████▍   | 71729/111532 [07:50<09:02, 73.42epoch-kanal/s] 
Veri yükleniyor:  64%|██████▍   | 71748/111532 [07:50<07:24, 89.59epoch-kanal/s]
Veri yükleniyor:  64%|██████▍   | 71767/111532 [07:50<06:15, 105.89epoch-kanal/s]
Veri yükleniyor:  64%|██████▍   | 71786/111532 [07:50<05:28, 121.07epoch-kanal/s]
Veri yükleniyor:  64%|██████▍   | 71805/111532 [07:50<04:53, 135.42epoch-kanal/s]
Veri yükleniyor:  64%|██████▍   | 71824/111532 [07:51<04:29, 147.59epoch-kanal/s]
Veri yükleniyor:  64%|██████▍   | 71843/111532 [07:51<04:11, 157.78epoch-kanal/s]
Veri yükleniyor:  64%|██████▍   | 71863/111532 [07:51<03:57, 167.18epoch-kanal/s]
Veri yükleniyor:  64%|██████▍   | 71882/111532 [07:51<03:49, 172.51epoch-kanal/s]
Veri yükleniyor:  64%|██████▍   | 71901/111532 [07:51<03:43, 177.26epoch-kanal/s]
Veri yükleniyor:  64%|██████▍   | 71920/111532 [07:51<03:43, 177.32epoch-kanal/s]
Veri yükleniyor:  65%|██████▍   | 71939/111532 [07:51<03:42, 177.91epoch-kanal/s]
Veri yükleniyor:  65%|██████▍   | 71958/111532 [07:51<03:38, 181.08epoch-kanal/s]
Veri yükleniyor:  65%|██████▍   | 71977/111532 [07:51<03:42, 178.09epoch-kanal/s]
Veri yükleniyor:  65%|██████▍   | 71996/111532 [07:52<03:38, 181.02epoch-kanal/s]
Veri yükleniyor:  65%|██████▍   | 72015/111532 [07:52<03:37, 182.01epoch-kanal/s]
Veri yükleniyor:  65%|██████▍   | 72034/111532 [07:52<03:38, 180.40epoch-kanal/s]
Veri yükleniyor:  65%|██████▍   | 72053/111532 [07:52<03:36, 182.45epoch-kanal/s]
Veri yükleniyor:  65%|██████▍   | 72072/111532 [07:52<03:37, 181.51epoch-kanal/s]
Veri yükleniyor:  65%|██████▍   | 72091/111532 [07:52<03:35, 183.44epoch-kanal/s]
Veri yükleniyor:  65%|██████▍   | 72110/111532 [07:52<03:37, 181.15epoch-kanal/s]
Veri yükleniyor:  65%|██████▍   | 72129/111532 [07:52<03:36, 181.65epoch-kanal/s]
Veri yükleniyor:  65%|██████▍   | 72148/111532 [07:52<03:36, 181.58epoch-kanal/s]
Veri yükleniyor:  65%|██████▍   | 72167/111532 [07:52<03:40, 178.50epoch-kanal/s]
Veri yükleniyor:  65%|██████▍   | 72186/111532 [07:53<03:39, 179.60epoch-kanal/s]
Veri yükleniyor:  65%|██████▍   | 72205/111532 [07:53<03:36, 181.88epoch-kanal/s]
Veri yükleniyor:  65%|██████▍   | 72224/111532 [07:53<03:37, 180.71epoch-kanal/s]
Veri yükleniyor:  65%|██████▍   | 72243/111532 [07:53<03:36, 181.73epoch-kanal/s]
Veri yükleniyor:  65%|██████▍   | 72263/111532 [07:53<03:32, 185.22epoch-kanal/s]
Veri yükleniyor:  65%|██████▍   | 72282/111532 [07:53<03:32, 184.53epoch-kanal/s]
Veri yükleniyor:  65%|██████▍   | 72301/111532 [07:53<03:33, 184.12epoch-kanal/s]
Veri yükleniyor:  65%|██████▍   | 72320/111532 [07:53<03:33, 183.75epoch-kanal/s]
Veri yükleniyor:  65%|██████▍   | 72339/111532 [07:53<03:34, 182.35epoch-kanal/s]
Veri yükleniyor:  65%|██████▍   | 72358/111532 [07:54<03:33, 183.69epoch-kanal/s]
Veri yükleniyor:  65%|██████▍   | 72377/111532 [07:54<03:32, 184.47epoch-kanal/s]
Veri yükleniyor:  65%|██████▍   | 72396/111532 [07:54<03:31, 184.64epoch-kanal/s]
Veri yükleniyor:  65%|██████▍   | 72415/111532 [07:54<03:32, 184.13epoch-kanal/s]
Veri yükleniyor:  65%|██████▍   | 72434/111532 [07:54<03:34, 182.02epoch-kanal/s]
Veri yükleniyor:  65%|██████▍   | 72453/111532 [07:54<03:38, 179.00epoch-kanal/s]
Veri yükleniyor:  65%|██████▍   | 72471/111532 [07:54<03:43, 174.81epoch-kanal/s]
Veri yükleniyor:  65%|██████▍   | 72489/111532 [07:54<03:42, 175.54epoch-kanal/s]
Veri yükleniyor:  65%|██████▌   | 72508/111532 [07:54<03:40, 177.16epoch-kanal/s]
Veri yükleniyor:  65%|██████▌   | 72526/111532 [07:54<03:45, 173.31epoch-kanal/s]
Veri yükleniyor:  65%|██████▌   | 72544/111532 [07:55<03:44, 173.78epoch-kanal/s]
Veri yükleniyor:  65%|██████▌   | 72563/111532 [07:55<03:38, 177.98epoch-kanal/s]
Veri yükleniyor:  65%|██████▌   | 72582/111532 [07:55<03:36, 179.84epoch-kanal/s]
Veri yükleniyor:  65%|██████▌   | 72601/111532 [07:55<03:34, 181.39epoch-kanal/s]
Veri yükleniyor:  65%|██████▌   | 72620/111532 [07:55<03:34, 181.71epoch-kanal/s]
Veri yükleniyor:  65%|██████▌   | 72639/111532 [07:55<03:33, 182.40epoch-kanal/s]
Veri yükleniyor:  65%|██████▌   | 72658/111532 [07:55<03:32, 182.83epoch-kanal/s]
Veri yükleniyor:  65%|██████▌   | 72677/111532 [07:55<03:33, 182.10epoch-kanal/s]
Veri yükleniyor:  65%|██████▌   | 72696/111532 [07:55<03:34, 181.14epoch-kanal/s]
Veri yükleniyor:  65%|██████▌   | 72715/111532 [07:55<03:35, 180.52epoch-kanal/s]
Veri yükleniyor:  65%|██████▌   | 72734/111532 [07:56<03:33, 181.49epoch-kanal/s]
Veri yükleniyor:  65%|██████▌   | 72753/111532 [07:56<03:34, 181.17epoch-kanal/s]
Veri yükleniyor:  65%|██████▌   | 72772/111532 [07:56<03:32, 182.24epoch-kanal/s]
Veri yükleniyor:  65%|██████▌   | 72791/111532 [07:56<03:32, 182.68epoch-kanal/s]
Veri yükleniyor:  65%|██████▌   | 72810/111532 [07:56<03:31, 183.29epoch-kanal/s]
Veri yükleniyor:  65%|██████▌   | 72829/111532 [07:56<03:29, 184.71epoch-kanal/s]
Veri yükleniyor:  65%|██████▌   | 72848/111532 [07:56<03:32, 182.47epoch-kanal/s]
Veri yükleniyor:  65%|██████▌   | 72867/111532 [07:56<03:38, 177.03epoch-kanal/s]
Veri yükleniyor:  65%|██████▌   | 72885/111532 [07:56<03:41, 174.60epoch-kanal/s]
Veri yükleniyor:  65%|██████▌   | 72904/111532 [07:57<03:37, 177.55epoch-kanal/s]
Veri yükleniyor:  65%|██████▌   | 72923/111532 [07:57<03:33, 180.80epoch-kanal/s]
Veri yükleniyor:  65%|██████▌   | 72942/111532 [07:57<03:34, 180.20epoch-kanal/s]
Veri yükleniyor:  65%|██████▌   | 72961/111532 [07:57<03:34, 179.69epoch-kanal/s]
Veri yükleniyor:  65%|██████▌   | 72979/111532 [07:57<03:45, 171.31epoch-kanal/s]
Veri yükleniyor:  65%|██████▌   | 72997/111532 [07:57<03:46, 170.13epoch-kanal/s]
Veri yükleniyor:  65%|██████▌   | 73015/111532 [07:57<03:45, 170.59epoch-kanal/s]
Veri yükleniyor:  65%|██████▌   | 73034/111532 [07:57<03:39, 175.07epoch-kanal/s]
Veri yükleniyor:  65%|██████▌   | 73052/111532 [07:57<03:41, 174.09epoch-kanal/s]
Veri yükleniyor:  66%|██████▌   | 73070/111532 [07:57<03:39, 174.89epoch-kanal/s]
Veri yükleniyor:  66%|██████▌   | 73089/111532 [07:58<03:36, 177.96epoch-kanal/s]
Veri yükleniyor:  66%|██████▌   | 73108/111532 [07:58<03:33, 180.24epoch-kanal/s]
Veri yükleniyor:  66%|██████▌   | 73127/111532 [07:58<03:31, 181.88epoch-kanal/s]
Veri yükleniyor:  66%|██████▌   | 73146/111532 [07:58<03:59, 160.30epoch-kanal/s]
Veri yükleniyor:  66%|██████▌   | 73163/111532 [07:58<03:55, 162.65epoch-kanal/s]
Veri yükleniyor:  66%|██████▌   | 73182/111532 [07:58<03:46, 169.05epoch-kanal/s]
Veri yükleniyor:  66%|██████▌   | 73200/111532 [07:58<03:44, 170.57epoch-kanal/s]
Veri yükleniyor:  66%|██████▌   | 73218/111532 [07:58<03:42, 172.16epoch-kanal/s]
Veri yükleniyor:  66%|██████▌   | 73236/111532 [07:58<03:40, 173.96epoch-kanal/s]
Veri yükleniyor:  66%|██████▌   | 73255/111532 [07:59<03:36, 177.08epoch-kanal/s]
Veri yükleniyor:  66%|██████▌   | 73274/111532 [07:59<03:32, 179.83epoch-kanal/s]
Veri yükleniyor:  66%|██████▌   | 73293/111532 [07:59<03:29, 182.30epoch-kanal/s]
Veri yükleniyor:  66%|██████▌   | 73312/111532 [07:59<03:28, 183.28epoch-kanal/s]
Veri yükleniyor:  66%|██████▌   | 73331/111532 [07:59<03:32, 180.11epoch-kanal/s]
Veri yükleniyor:  66%|██████▌   | 73350/111532 [07:59<03:29, 181.93epoch-kanal/s]
Veri yükleniyor:  66%|██████▌   | 73369/111532 [07:59<03:30, 181.21epoch-kanal/s]
Veri yükleniyor:  66%|██████▌   | 73388/111532 [07:59<03:29, 182.04epoch-kanal/s]
Veri yükleniyor:  66%|██████▌   | 73407/111532 [07:59<03:32, 179.35epoch-kanal/s]
Veri yükleniyor:  66%|██████▌   | 73425/111532 [08:00<03:32, 179.43epoch-kanal/s]
Veri yükleniyor:  66%|██████▌   | 73444/111532 [08:00<03:31, 180.39epoch-kanal/s]
Veri yükleniyor:  66%|██████▌   | 73463/111532 [08:00<03:29, 181.85epoch-kanal/s]
Veri yükleniyor:  66%|██████▌   | 73482/111532 [08:00<03:30, 180.78epoch-kanal/s]
Veri yükleniyor:  66%|██████▌   | 73501/111532 [08:00<03:28, 182.38epoch-kanal/s]
Veri yükleniyor:  66%|██████▌   | 73520/111532 [08:00<03:29, 181.13epoch-kanal/s]
Veri yükleniyor:  66%|██████▌   | 73539/111532 [08:00<03:37, 174.62epoch-kanal/s]
Veri yükleniyor:  66%|██████▌   | 73558/111532 [08:00<03:34, 177.34epoch-kanal/s]
Veri yükleniyor:  66%|██████▌   | 73577/111532 [08:00<03:32, 178.83epoch-kanal/s]
Veri yükleniyor:  66%|██████▌   | 73595/111532 [08:00<03:33, 177.68epoch-kanal/s]
Veri yükleniyor:  66%|██████▌   | 73613/111532 [08:01<03:33, 177.51epoch-kanal/s]
Veri yükleniyor:  66%|██████▌   | 73632/111532 [08:01<03:31, 179.40epoch-kanal/s]
Veri yükleniyor:  66%|██████▌   | 73651/111532 [08:01<03:30, 180.29epoch-kanal/s]
Veri yükleniyor:  66%|██████▌   | 73670/111532 [08:01<03:29, 180.89epoch-kanal/s]
Veri yükleniyor:  66%|██████▌   | 73689/111532 [08:01<03:26, 183.38epoch-kanal/s]
Veri yükleniyor:  66%|██████▌   | 73708/111532 [08:01<03:26, 182.92epoch-kanal/s]
Veri yükleniyor:  66%|██████▌   | 73727/111532 [08:01<03:25, 183.83epoch-kanal/s]
Veri yükleniyor:  66%|██████▌   | 73746/111532 [08:01<03:26, 182.65epoch-kanal/s]
Veri yükleniyor:  66%|██████▌   | 73765/111532 [08:01<03:30, 179.70epoch-kanal/s]
Veri yükleniyor:  66%|██████▌   | 73784/111532 [08:01<03:28, 180.77epoch-kanal/s]
Veri yükleniyor:  66%|██████▌   | 73803/111532 [08:02<03:28, 181.02epoch-kanal/s]
Veri yükleniyor:  66%|██████▌   | 73822/111532 [08:02<03:26, 182.75epoch-kanal/s]
Veri yükleniyor:  66%|██████▌   | 73841/111532 [08:02<03:27, 181.71epoch-kanal/s]
Veri yükleniyor:  66%|██████▌   | 73860/111532 [08:02<03:25, 183.40epoch-kanal/s]
Veri yükleniyor:  66%|██████▌   | 73879/111532 [08:02<03:25, 183.37epoch-kanal/s]
Veri yükleniyor:  66%|██████▋   | 73898/111532 [08:02<03:38, 172.31epoch-kanal/s]
Veri yükleniyor:  66%|██████▋   | 73916/111532 [08:02<03:37, 172.81epoch-kanal/s]
Veri yükleniyor:  66%|██████▋   | 73935/111532 [08:02<03:34, 175.15epoch-kanal/s]
Veri yükleniyor:  66%|██████▋   | 73953/111532 [08:02<03:35, 174.38epoch-kanal/s]
Veri yükleniyor:  66%|██████▋   | 73971/111532 [08:03<03:34, 175.04epoch-kanal/s]
Veri yükleniyor:  66%|██████▋   | 73990/111532 [08:03<03:31, 177.60epoch-kanal/s]
Veri yükleniyor:  66%|██████▋   | 74009/111532 [08:03<03:29, 179.00epoch-kanal/s]
Veri yükleniyor:  66%|██████▋   | 74027/111532 [08:03<03:30, 178.39epoch-kanal/s]
Veri yükleniyor:  66%|██████▋   | 74046/111532 [08:03<03:28, 180.02epoch-kanal/s]
Veri yükleniyor:  66%|██████▋   | 74065/111532 [08:03<03:29, 178.43epoch-kanal/s]
Veri yükleniyor:  66%|██████▋   | 74083/111532 [08:03<03:31, 176.73epoch-kanal/s]
Veri yükleniyor:  66%|██████▋   | 74101/111532 [08:03<03:31, 176.89epoch-kanal/s]
Veri yükleniyor:  66%|██████▋   | 74120/111532 [08:03<03:30, 177.72epoch-kanal/s]
Veri yükleniyor:  66%|██████▋   | 74139/111532 [08:03<03:28, 179.71epoch-kanal/s]
Veri yükleniyor:  66%|██████▋   | 74158/111532 [08:04<03:27, 180.26epoch-kanal/s]
Veri yükleniyor:  67%|██████▋   | 74177/111532 [08:04<03:26, 181.24epoch-kanal/s]
Veri yükleniyor:  67%|██████▋   | 74196/111532 [08:04<03:26, 180.92epoch-kanal/s]
Veri yükleniyor:  67%|██████▋   | 74215/111532 [08:04<03:25, 181.67epoch-kanal/s]
Veri yükleniyor:  67%|██████▋   | 74234/111532 [08:04<03:29, 178.36epoch-kanal/s]
Veri yükleniyor:  67%|██████▋   | 74253/111532 [08:04<03:26, 180.60epoch-kanal/s]
Veri yükleniyor:  67%|██████▋   | 74272/111532 [08:04<03:25, 181.65epoch-kanal/s]
Veri yükleniyor:  67%|██████▋   | 74291/111532 [08:04<03:24, 182.18epoch-kanal/s]
Veri yükleniyor:  67%|██████▋   | 74310/111532 [08:04<03:30, 176.77epoch-kanal/s]
Veri yükleniyor:  67%|██████▋   | 74328/111532 [08:05<03:29, 177.49epoch-kanal/s]
Veri yükleniyor:  67%|██████▋   | 74347/111532 [08:05<03:25, 180.74epoch-kanal/s]
Veri yükleniyor:  67%|██████▋   | 74366/111532 [08:05<03:25, 181.28epoch-kanal/s]
Veri yükleniyor:  67%|██████▋   | 74385/111532 [08:05<03:23, 182.40epoch-kanal/s]
Veri yükleniyor:  67%|██████▋   | 74404/111532 [08:05<03:26, 180.18epoch-kanal/s]
Veri yükleniyor:  67%|██████▋   | 74423/111532 [08:05<03:24, 181.59epoch-kanal/s]
Veri yükleniyor:  67%|██████▋   | 74442/111532 [08:05<03:25, 180.46epoch-kanal/s]
Veri yükleniyor:  67%|██████▋   | 74461/111532 [08:05<03:25, 180.32epoch-kanal/s]
Veri yükleniyor:  67%|██████▋   | 74480/111532 [08:05<03:25, 180.20epoch-kanal/s]
Veri yükleniyor:  67%|██████▋   | 74499/111532 [08:05<03:27, 178.32epoch-kanal/s]
Veri yükleniyor:  67%|██████▋   | 74518/111532 [08:06<03:25, 179.88epoch-kanal/s]
Veri yükleniyor:  67%|██████▋   | 74537/111532 [08:06<03:23, 181.82epoch-kanal/s]
Veri yükleniyor:  67%|██████▋   | 74556/111532 [08:06<03:24, 180.40epoch-kanal/s]
Veri yükleniyor:  67%|██████▋   | 74575/111532 [08:06<03:24, 180.99epoch-kanal/s]
Veri yükleniyor:  67%|██████▋   | 74594/111532 [08:06<03:24, 180.83epoch-kanal/s]
Veri yükleniyor:  67%|██████▋   | 74613/111532 [08:06<03:26, 178.38epoch-kanal/s]
Veri yükleniyor:  67%|██████▋   | 74631/111532 [08:06<03:28, 176.75epoch-kanal/s]
Veri yükleniyor:  67%|██████▋   | 74650/111532 [08:06<03:26, 178.18epoch-kanal/s]
Veri yükleniyor:  67%|██████▋   | 74668/111532 [08:06<03:32, 173.65epoch-kanal/s]
Veri yükleniyor:  67%|██████▋   | 74687/111532 [08:07<03:27, 177.49epoch-kanal/s]
Veri yükleniyor:  67%|██████▋   | 74705/111532 [08:07<03:27, 177.57epoch-kanal/s]
Veri yükleniyor:  67%|██████▋   | 74723/111532 [08:07<03:27, 177.17epoch-kanal/s]
Veri yükleniyor:  67%|██████▋   | 74742/111532 [08:07<03:24, 179.56epoch-kanal/s]
Veri yükleniyor:  67%|██████▋   | 74761/111532 [08:07<03:23, 180.72epoch-kanal/s]
Veri yükleniyor:  67%|██████▋   | 74780/111532 [08:07<03:24, 180.06epoch-kanal/s]
Veri yükleniyor:  67%|██████▋   | 74799/111532 [08:07<03:23, 180.38epoch-kanal/s]
Veri yükleniyor:  67%|██████▋   | 74818/111532 [08:07<03:23, 180.78epoch-kanal/s]
Veri yükleniyor:  67%|██████▋   | 74837/111532 [08:07<03:24, 179.54epoch-kanal/s]
Veri yükleniyor:  67%|██████▋   | 74855/111532 [08:07<03:26, 177.77epoch-kanal/s]
Veri yükleniyor:  67%|██████▋   | 74874/111532 [08:08<03:25, 178.79epoch-kanal/s]
Veri yükleniyor:  67%|██████▋   | 74892/111532 [08:08<03:25, 178.67epoch-kanal/s]
Veri yükleniyor:  67%|██████▋   | 74911/111532 [08:08<03:22, 180.80epoch-kanal/s]
Veri yükleniyor:  67%|██████▋   | 74930/111532 [08:08<03:20, 182.56epoch-kanal/s]
Veri yükleniyor:  67%|██████▋   | 74949/111532 [08:08<03:18, 184.49epoch-kanal/s]
Veri yükleniyor:  67%|██████▋   | 74968/111532 [08:08<03:18, 184.61epoch-kanal/s]
Veri yükleniyor:  67%|██████▋   | 74987/111532 [08:08<03:21, 181.08epoch-kanal/s]
Veri yükleniyor:  67%|██████▋   | 75006/111532 [08:08<03:21, 181.26epoch-kanal/s]
Veri yükleniyor:  67%|██████▋   | 75025/111532 [08:08<03:27, 176.17epoch-kanal/s]
Veri yükleniyor:  67%|██████▋   | 75043/111532 [08:09<03:50, 158.15epoch-kanal/s]
Veri yükleniyor:  67%|██████▋   | 75062/111532 [08:09<03:41, 164.62epoch-kanal/s]
Veri yükleniyor:  67%|██████▋   | 75080/111532 [08:09<03:36, 168.47epoch-kanal/s]
Veri yükleniyor:  67%|██████▋   | 75099/111532 [08:09<03:31, 172.40epoch-kanal/s]
Veri yükleniyor:  67%|██████▋   | 75117/111532 [08:09<03:30, 172.60epoch-kanal/s]
Veri yükleniyor:  67%|██████▋   | 75136/111532 [08:09<03:26, 175.99epoch-kanal/s]
Veri yükleniyor:  67%|██████▋   | 75154/111532 [08:09<03:29, 173.51epoch-kanal/s]
Veri yükleniyor:  67%|██████▋   | 75172/111532 [08:09<03:27, 175.18epoch-kanal/s]
Veri yükleniyor:  67%|██████▋   | 75190/111532 [08:09<03:27, 174.99epoch-kanal/s]
Veri yükleniyor:  67%|██████▋   | 75208/111532 [08:09<03:27, 175.20epoch-kanal/s]
Veri yükleniyor:  67%|██████▋   | 75227/111532 [08:10<03:24, 177.88epoch-kanal/s]
Veri yükleniyor:  67%|██████▋   | 75245/111532 [08:10<03:25, 176.63epoch-kanal/s]
Veri yükleniyor:  67%|██████▋   | 75263/111532 [08:11<13:35, 44.47epoch-kanal/s] 
Veri yükleniyor:  68%|██████▊   | 75300/111532 [08:11<08:01, 75.30epoch-kanal/s]
Veri yükleniyor:  68%|██████▊   | 75337/111532 [08:11<05:28, 110.16epoch-kanal/s]
Veri yükleniyor:  68%|██████▊   | 75362/111532 [08:11<04:44, 127.03epoch-kanal/s]
Veri yükleniyor:  68%|██████▊   | 75400/111532 [08:11<03:33, 169.03epoch-kanal/s]
Veri yükleniyor:  68%|██████▊   | 75439/111532 [08:11<02:50, 211.42epoch-kanal/s]
Veri yükleniyor:  68%|██████▊   | 75471/111532 [08:15<22:23, 26.84epoch-kanal/s] 
Veri yükleniyor:  68%|██████▊   | 75506/111532 [08:15<15:51, 37.85epoch-kanal/s]
Veri yükleniyor:  68%|██████▊   | 75546/111532 [08:15<10:58, 54.62epoch-kanal/s]
Veri yükleniyor:  68%|██████▊   | 75587/111532 [08:15<07:49, 76.62epoch-kanal/s]
Veri yükleniyor:  68%|██████▊   | 75626/111532 [08:15<05:51, 102.10epoch-kanal/s]
Veri yükleniyor:  68%|██████▊   | 75666/111532 [08:16<04:29, 133.09epoch-kanal/s]
Veri yükleniyor:  68%|██████▊   | 75703/111532 [08:19<18:12, 32.79epoch-kanal/s] 
Veri yükleniyor:  68%|██████▊   | 75744/111532 [08:19<12:53, 46.24epoch-kanal/s]
Veri yükleniyor:  68%|██████▊   | 75784/111532 [08:19<09:24, 63.38epoch-kanal/s]
Veri yükleniyor:  68%|██████▊   | 75817/111532 [08:19<07:32, 78.91epoch-kanal/s]
Veri yükleniyor:  68%|██████▊   | 75856/111532 [08:19<05:41, 104.57epoch-kanal/s]
Veri yükleniyor:  68%|██████▊   | 75896/111532 [08:19<04:22, 135.79epoch-kanal/s]
Veri yükleniyor:  68%|██████▊   | 75936/111532 [08:19<03:29, 170.05epoch-kanal/s]
Veri yükleniyor:  68%|██████▊   | 75975/111532 [08:19<02:54, 203.67epoch-kanal/s]
Veri yükleniyor:  68%|██████▊   | 76015/111532 [08:20<02:28, 238.86epoch-kanal/s]
Veri yükleniyor:  68%|██████▊   | 76053/111532 [08:23<18:36, 31.78epoch-kanal/s] 
Veri yükleniyor:  68%|██████▊   | 76094/111532 [08:23<13:15, 44.57epoch-kanal/s]
Veri yükleniyor:  68%|██████▊   | 76134/111532 [08:23<09:40, 60.95epoch-kanal/s]
Veri yükleniyor:  68%|██████▊   | 76174/111532 [08:24<07:11, 81.88epoch-kanal/s]
Veri yükleniyor:  68%|██████▊   | 76215/111532 [08:24<05:26, 108.30epoch-kanal/s]
Veri yükleniyor:  68%|██████▊   | 76256/111532 [08:24<04:13, 139.24epoch-kanal/s]
Veri yükleniyor:  68%|██████▊   | 76296/111532 [08:24<03:23, 172.78epoch-kanal/s]
Veri yükleniyor:  68%|██████▊   | 76335/111532 [08:24<02:51, 205.23epoch-kanal/s]
Veri yükleniyor:  68%|██████▊   | 76374/111532 [08:24<02:31, 232.05epoch-kanal/s]
Veri yükleniyor:  69%|██████▊   | 76413/111532 [08:24<02:13, 263.66epoch-kanal/s]
Veri yükleniyor:  69%|██████▊   | 76451/111532 [08:27<15:56, 36.67epoch-kanal/s] 
Veri yükleniyor:  69%|██████▊   | 76491/111532 [08:28<11:42, 49.90epoch-kanal/s]
Veri yükleniyor:  69%|██████▊   | 76529/111532 [08:28<08:43, 66.87epoch-kanal/s]
Veri yükleniyor:  69%|██████▊   | 76570/111532 [08:28<06:26, 90.39epoch-kanal/s]
Veri yükleniyor:  69%|██████▊   | 76610/111532 [08:28<04:56, 117.89epoch-kanal/s]
Veri yükleniyor:  69%|██████▊   | 76650/111532 [08:28<03:53, 149.62epoch-kanal/s]
Veri yükleniyor:  69%|██████▉   | 76688/111532 [08:28<03:12, 181.37epoch-kanal/s]
Veri yükleniyor:  69%|██████▉   | 76728/111532 [08:28<02:40, 216.67epoch-kanal/s]
Veri yükleniyor:  69%|██████▉   | 76769/111532 [08:28<02:17, 252.44epoch-kanal/s]
Veri yükleniyor:  69%|██████▉   | 76808/111532 [08:28<02:03, 281.58epoch-kanal/s]
Veri yükleniyor:  69%|██████▉   | 76847/111532 [08:28<01:53, 305.45epoch-kanal/s]
Veri yükleniyor:  69%|██████▉   | 76886/111532 [08:29<01:46, 326.03epoch-kanal/s]
Veri yükleniyor:  69%|██████▉   | 76925/111532 [08:31<13:07, 43.95epoch-kanal/s] 
Veri yükleniyor:  69%|██████▉   | 76962/111532 [08:31<09:47, 58.89epoch-kanal/s]
Veri yükleniyor:  69%|██████▉   | 77000/111532 [08:31<07:19, 78.59epoch-kanal/s]
Veri yükleniyor:  69%|██████▉   | 77036/111532 [08:32<05:40, 101.17epoch-kanal/s]
Veri yükleniyor:  69%|██████▉   | 77074/111532 [08:32<04:25, 129.81epoch-kanal/s]
Veri yükleniyor:  69%|██████▉   | 77114/111532 [08:32<03:29, 164.20epoch-kanal/s]
Veri yükleniyor:  69%|██████▉   | 77153/111532 [08:32<02:52, 199.14epoch-kanal/s]
Veri yükleniyor:  69%|██████▉   | 77192/111532 [08:32<02:27, 233.42epoch-kanal/s]
Veri yükleniyor:  69%|██████▉   | 77232/111532 [08:32<02:08, 266.51epoch-kanal/s]
Veri yükleniyor:  69%|██████▉   | 77271/111532 [08:32<01:57, 292.18epoch-kanal/s]
Veri yükleniyor:  69%|██████▉   | 77310/111532 [08:32<01:48, 314.78epoch-kanal/s]
Veri yükleniyor:  69%|██████▉   | 77349/111532 [08:32<01:42, 333.82epoch-kanal/s]
Veri yükleniyor:  69%|██████▉   | 77388/111532 [08:35<12:57, 43.92epoch-kanal/s] 
Veri yükleniyor:  69%|██████▉   | 77416/111532 [08:35<10:29, 54.22epoch-kanal/s]
Veri yükleniyor:  69%|██████▉   | 77450/111532 [08:35<07:56, 71.55epoch-kanal/s]
Veri yükleniyor:  69%|██████▉   | 77488/111532 [08:35<05:54, 96.15epoch-kanal/s]
Veri yükleniyor:  70%|██████▉   | 77524/111532 [08:35<04:36, 123.10epoch-kanal/s]
Veri yükleniyor:  70%|██████▉   | 77562/111532 [08:36<03:38, 155.55epoch-kanal/s]
Veri yükleniyor:  70%|██████▉   | 77599/111532 [08:36<03:00, 188.03epoch-kanal/s]
Veri yükleniyor:  70%|██████▉   | 77637/111532 [08:36<02:32, 222.47epoch-kanal/s]
Veri yükleniyor:  70%|██████▉   | 77674/111532 [08:36<02:14, 252.54epoch-kanal/s]
Veri yükleniyor:  70%|██████▉   | 77711/111532 [08:36<02:01, 277.85epoch-kanal/s]
Veri yükleniyor:  70%|██████▉   | 77748/111532 [08:36<01:54, 295.05epoch-kanal/s]
Veri yükleniyor:  70%|██████▉   | 77784/111532 [08:36<01:50, 305.24epoch-kanal/s]
Veri yükleniyor:  70%|██████▉   | 77820/111532 [08:36<01:45, 318.07epoch-kanal/s]
Veri yükleniyor:  70%|██████▉   | 77856/111532 [08:36<01:44, 323.23epoch-kanal/s]
Veri yükleniyor:  70%|██████▉   | 77891/111532 [08:40<16:13, 34.56epoch-kanal/s] 
Veri yükleniyor:  70%|██████▉   | 77933/111532 [08:40<11:15, 49.78epoch-kanal/s]
Veri yükleniyor:  70%|██████▉   | 77974/111532 [08:40<08:06, 68.97epoch-kanal/s]
Veri yükleniyor:  70%|██████▉   | 78014/111532 [08:40<06:03, 92.32epoch-kanal/s]
Veri yükleniyor:  70%|██████▉   | 78055/111532 [08:40<04:36, 121.27epoch-kanal/s]
Veri yükleniyor:  70%|███████   | 78094/111532 [08:40<03:39, 152.10epoch-kanal/s]
Veri yükleniyor:  70%|███████   | 78134/111532 [08:40<02:58, 187.22epoch-kanal/s]
Veri yükleniyor:  70%|███████   | 78174/111532 [08:40<02:29, 222.73epoch-kanal/s]
Veri yükleniyor:  70%|███████   | 78213/111532 [08:40<02:11, 253.90epoch-kanal/s]
Veri yükleniyor:  70%|███████   | 78253/111532 [08:41<01:56, 285.31epoch-kanal/s]
Veri yükleniyor:  70%|███████   | 78292/111532 [08:41<01:47, 308.50epoch-kanal/s]
Veri yükleniyor:  70%|███████   | 78331/111532 [08:41<01:40, 328.82epoch-kanal/s]
Veri yükleniyor:  70%|███████   | 78370/111532 [08:43<12:43, 43.41epoch-kanal/s] 
Veri yükleniyor:  70%|███████   | 78408/111532 [08:44<09:24, 58.65epoch-kanal/s]
Veri yükleniyor:  70%|███████   | 78449/111532 [08:44<06:54, 79.90epoch-kanal/s]
Veri yükleniyor:  70%|███████   | 78490/111532 [08:44<05:11, 106.22epoch-kanal/s]
Veri yükleniyor:  70%|███████   | 78531/111532 [08:44<04:00, 136.98epoch-kanal/s]
Veri yükleniyor:  70%|███████   | 78571/111532 [08:44<03:13, 170.44epoch-kanal/s]
Veri yükleniyor:  70%|███████   | 78610/111532 [08:44<02:41, 204.20epoch-kanal/s]
Veri yükleniyor:  71%|███████   | 78651/111532 [08:44<02:16, 240.30epoch-kanal/s]
Veri yükleniyor:  71%|███████   | 78692/111532 [08:44<01:59, 274.42epoch-kanal/s]
Veri yükleniyor:  71%|███████   | 78733/111532 [08:44<01:47, 303.87epoch-kanal/s]
Veri yükleniyor:  71%|███████   | 78773/111532 [08:44<01:40, 325.78epoch-kanal/s]
Veri yükleniyor:  71%|███████   | 78813/111532 [08:45<01:35, 341.04epoch-kanal/s]
Veri yükleniyor:  71%|███████   | 78854/111532 [08:45<01:31, 357.29epoch-kanal/s]
Veri yükleniyor:  71%|███████   | 78894/111532 [08:45<01:28, 368.78epoch-kanal/s]
Veri yükleniyor:  71%|███████   | 78935/111532 [08:45<01:25, 379.60epoch-kanal/s]
Veri yükleniyor:  71%|███████   | 78975/111532 [08:45<01:24, 383.23epoch-kanal/s]
Veri yükleniyor:  71%|███████   | 79015/111532 [08:45<01:25, 381.96epoch-kanal/s]
Veri yükleniyor:  71%|███████   | 79055/111532 [08:45<01:24, 386.37epoch-kanal/s]
Veri yükleniyor:  71%|███████   | 79096/111532 [08:45<01:22, 390.86epoch-kanal/s]
Veri yükleniyor:  71%|███████   | 79137/111532 [08:45<01:22, 394.19epoch-kanal/s]
Veri yükleniyor:  71%|███████   | 79177/111532 [08:45<01:22, 393.30epoch-kanal/s]
Veri yükleniyor:  71%|███████   | 79217/111532 [08:46<01:23, 388.96epoch-kanal/s]
Veri yükleniyor:  71%|███████   | 79258/111532 [08:46<01:21, 394.17epoch-kanal/s]
Veri yükleniyor:  71%|███████   | 79298/111532 [08:46<01:21, 395.68epoch-kanal/s]
Veri yükleniyor:  71%|███████   | 79338/111532 [08:46<01:21, 395.64epoch-kanal/s]
Veri yükleniyor:  71%|███████   | 79379/111532 [08:46<01:22, 391.51epoch-kanal/s]
Veri yükleniyor:  71%|███████   | 79419/111532 [08:46<01:23, 384.05epoch-kanal/s]
Veri yükleniyor:  71%|███████   | 79458/111532 [08:46<01:23, 383.61epoch-kanal/s]
Veri yükleniyor:  71%|███████▏  | 79497/111532 [08:46<01:23, 384.90epoch-kanal/s]
Veri yükleniyor:  71%|███████▏  | 79536/111532 [08:46<01:24, 380.71epoch-kanal/s]
Veri yükleniyor:  71%|███████▏  | 79575/111532 [08:47<01:23, 381.04epoch-kanal/s]
Veri yükleniyor:  71%|███████▏  | 79615/111532 [08:47<01:22, 386.35epoch-kanal/s]
Veri yükleniyor:  71%|███████▏  | 79655/111532 [08:47<01:22, 387.74epoch-kanal/s]
Veri yükleniyor:  71%|███████▏  | 79694/111532 [08:47<01:26, 367.08epoch-kanal/s]
Veri yükleniyor:  71%|███████▏  | 79733/111532 [08:47<01:25, 371.68epoch-kanal/s]
Veri yükleniyor:  72%|███████▏  | 79773/111532 [08:47<01:23, 378.35epoch-kanal/s]
Veri yükleniyor:  72%|███████▏  | 79813/111532 [08:47<01:22, 382.36epoch-kanal/s]
Veri yükleniyor:  72%|███████▏  | 79853/111532 [08:47<01:22, 385.59epoch-kanal/s]
Veri yükleniyor:  72%|███████▏  | 79892/111532 [08:47<01:23, 378.69epoch-kanal/s]
Veri yükleniyor:  72%|███████▏  | 79931/111532 [08:47<01:23, 380.06epoch-kanal/s]
Veri yükleniyor:  72%|███████▏  | 79970/111532 [08:48<01:25, 369.99epoch-kanal/s]
Veri yükleniyor:  72%|███████▏  | 80008/111532 [08:48<01:49, 287.02epoch-kanal/s]
Veri yükleniyor:  72%|███████▏  | 80040/111532 [08:48<02:04, 252.86epoch-kanal/s]
Veri yükleniyor:  72%|███████▏  | 80068/111532 [08:48<02:14, 233.25epoch-kanal/s]
Veri yükleniyor:  72%|███████▏  | 80094/111532 [08:48<02:22, 220.62epoch-kanal/s]
Veri yükleniyor:  72%|███████▏  | 80118/111532 [08:48<02:28, 211.69epoch-kanal/s]
Veri yükleniyor:  72%|███████▏  | 80140/111532 [08:48<02:35, 202.50epoch-kanal/s]
Veri yükleniyor:  72%|███████▏  | 80161/111532 [08:49<02:37, 199.33epoch-kanal/s]
Veri yükleniyor:  72%|███████▏  | 80182/111532 [08:49<02:39, 196.68epoch-kanal/s]
Veri yükleniyor:  72%|███████▏  | 80202/111532 [08:49<02:40, 194.76epoch-kanal/s]
Veri yükleniyor:  72%|███████▏  | 80222/111532 [08:49<02:45, 189.75epoch-kanal/s]
Veri yükleniyor:  72%|███████▏  | 80242/111532 [08:49<02:47, 187.31epoch-kanal/s]
Veri yükleniyor:  72%|███████▏  | 80261/111532 [08:49<02:50, 183.90epoch-kanal/s]
Veri yükleniyor:  72%|███████▏  | 80280/111532 [08:49<02:49, 184.41epoch-kanal/s]
Veri yükleniyor:  72%|███████▏  | 80300/111532 [08:49<02:47, 186.60epoch-kanal/s]
Veri yükleniyor:  72%|███████▏  | 80319/111532 [08:49<02:51, 182.25epoch-kanal/s]
Veri yükleniyor:  72%|███████▏  | 80338/111532 [08:50<02:51, 181.69epoch-kanal/s]
Veri yükleniyor:  72%|███████▏  | 80357/111532 [08:50<02:52, 180.75epoch-kanal/s]
Veri yükleniyor:  72%|███████▏  | 80376/111532 [08:50<02:54, 178.82epoch-kanal/s]
Veri yükleniyor:  72%|███████▏  | 80395/111532 [08:50<02:53, 179.67epoch-kanal/s]
Veri yükleniyor:  72%|███████▏  | 80413/111532 [08:50<02:58, 174.48epoch-kanal/s]
Veri yükleniyor:  72%|███████▏  | 80431/111532 [08:50<02:57, 175.40epoch-kanal/s]
Veri yükleniyor:  72%|███████▏  | 80449/111532 [08:50<02:55, 176.62epoch-kanal/s]
Veri yükleniyor:  72%|███████▏  | 80469/111532 [08:50<02:51, 181.17epoch-kanal/s]
Veri yükleniyor:  72%|███████▏  | 80488/111532 [08:50<02:52, 180.25epoch-kanal/s]
Veri yükleniyor:  72%|███████▏  | 80507/111532 [08:50<02:53, 179.08epoch-kanal/s]
Veri yükleniyor:  72%|███████▏  | 80527/111532 [08:51<02:49, 182.85epoch-kanal/s]
Veri yükleniyor:  72%|███████▏  | 80546/111532 [08:51<02:47, 184.48epoch-kanal/s]
Veri yükleniyor:  72%|███████▏  | 80565/111532 [08:51<02:46, 186.00epoch-kanal/s]
Veri yükleniyor:  72%|███████▏  | 80584/111532 [08:51<02:45, 186.54epoch-kanal/s]
Veri yükleniyor:  72%|███████▏  | 80604/111532 [08:51<02:43, 188.68epoch-kanal/s]
Veri yükleniyor:  72%|███████▏  | 80623/111532 [08:51<02:44, 187.66epoch-kanal/s]
Veri yükleniyor:  72%|███████▏  | 80642/111532 [08:51<02:45, 187.07epoch-kanal/s]
Veri yükleniyor:  72%|███████▏  | 80661/111532 [08:51<02:44, 187.25epoch-kanal/s]
Veri yükleniyor:  72%|███████▏  | 80680/111532 [08:51<02:52, 178.97epoch-kanal/s]
Veri yükleniyor:  72%|███████▏  | 80700/111532 [08:52<02:48, 183.12epoch-kanal/s]
Veri yükleniyor:  72%|███████▏  | 80719/111532 [08:52<02:46, 184.68epoch-kanal/s]
Veri yükleniyor:  72%|███████▏  | 80738/111532 [08:52<02:45, 185.58epoch-kanal/s]
Veri yükleniyor:  72%|███████▏  | 80757/111532 [08:52<02:47, 183.76epoch-kanal/s]
Veri yükleniyor:  72%|███████▏  | 80777/111532 [08:52<02:44, 186.41epoch-kanal/s]
Veri yükleniyor:  72%|███████▏  | 80796/111532 [08:52<02:47, 182.97epoch-kanal/s]
Veri yükleniyor:  72%|███████▏  | 80815/111532 [08:52<02:49, 181.37epoch-kanal/s]
Veri yükleniyor:  72%|███████▏  | 80834/111532 [08:52<02:48, 181.74epoch-kanal/s]
Veri yükleniyor:  72%|███████▏  | 80853/111532 [08:52<02:49, 181.45epoch-kanal/s]
Veri yükleniyor:  73%|███████▎  | 80872/111532 [08:52<02:49, 181.20epoch-kanal/s]
Veri yükleniyor:  73%|███████▎  | 80891/111532 [08:53<02:48, 181.51epoch-kanal/s]
Veri yükleniyor:  73%|███████▎  | 80911/111532 [08:53<02:45, 184.77epoch-kanal/s]
Veri yükleniyor:  73%|███████▎  | 80930/111532 [08:53<02:46, 183.78epoch-kanal/s]
Veri yükleniyor:  73%|███████▎  | 80949/111532 [08:53<02:45, 184.79epoch-kanal/s]
Veri yükleniyor:  73%|███████▎  | 80968/111532 [08:53<02:44, 185.67epoch-kanal/s]
Veri yükleniyor:  73%|███████▎  | 80987/111532 [08:53<02:43, 186.61epoch-kanal/s]
Veri yükleniyor:  73%|███████▎  | 81007/111532 [08:53<02:41, 189.44epoch-kanal/s]
Veri yükleniyor:  73%|███████▎  | 81026/111532 [08:53<02:42, 187.37epoch-kanal/s]
Veri yükleniyor:  73%|███████▎  | 81045/111532 [08:53<02:45, 184.60epoch-kanal/s]
Veri yükleniyor:  73%|███████▎  | 81064/111532 [08:54<02:45, 183.64epoch-kanal/s]
Veri yükleniyor:  73%|███████▎  | 81084/111532 [08:54<02:43, 186.51epoch-kanal/s]
Veri yükleniyor:  73%|███████▎  | 81103/111532 [08:54<02:43, 185.67epoch-kanal/s]
Veri yükleniyor:  73%|███████▎  | 81122/111532 [08:54<02:44, 184.75epoch-kanal/s]
Veri yükleniyor:  73%|███████▎  | 81141/111532 [08:54<02:46, 182.61epoch-kanal/s]
Veri yükleniyor:  73%|███████▎  | 81160/111532 [08:54<02:47, 181.05epoch-kanal/s]
Veri yükleniyor:  73%|███████▎  | 81179/111532 [08:54<02:46, 182.78epoch-kanal/s]
Veri yükleniyor:  73%|███████▎  | 81198/111532 [08:54<02:46, 182.28epoch-kanal/s]
Veri yükleniyor:  73%|███████▎  | 81217/111532 [08:54<02:44, 184.23epoch-kanal/s]
Veri yükleniyor:  73%|███████▎  | 81236/111532 [08:54<02:52, 175.90epoch-kanal/s]
Veri yükleniyor:  73%|███████▎  | 81254/111532 [08:55<02:51, 176.73epoch-kanal/s]
Veri yükleniyor:  73%|███████▎  | 81272/111532 [08:55<02:50, 177.64epoch-kanal/s]
Veri yükleniyor:  73%|███████▎  | 81291/111532 [08:55<02:48, 179.78epoch-kanal/s]
Veri yükleniyor:  73%|███████▎  | 81310/111532 [08:55<02:45, 182.38epoch-kanal/s]
Veri yükleniyor:  73%|███████▎  | 81329/111532 [08:55<02:48, 179.67epoch-kanal/s]
Veri yükleniyor:  73%|███████▎  | 81347/111532 [08:55<02:50, 177.02epoch-kanal/s]
Veri yükleniyor:  73%|███████▎  | 81365/111532 [08:56<06:53, 72.87epoch-kanal/s] 
Veri yükleniyor:  73%|███████▎  | 81385/111532 [08:56<05:31, 90.99epoch-kanal/s]
Veri yükleniyor:  73%|███████▎  | 81404/111532 [08:56<04:39, 107.79epoch-kanal/s]
Veri yükleniyor:  73%|███████▎  | 81424/111532 [08:56<04:02, 124.25epoch-kanal/s]
Veri yükleniyor:  73%|███████▎  | 81442/111532 [08:56<04:05, 122.41epoch-kanal/s]
Veri yükleniyor:  73%|███████▎  | 81461/111532 [08:56<03:41, 135.85epoch-kanal/s]
Veri yükleniyor:  73%|███████▎  | 81480/111532 [08:56<03:22, 148.45epoch-kanal/s]
Veri yükleniyor:  73%|███████▎  | 81498/111532 [08:56<03:17, 152.34epoch-kanal/s]
Veri yükleniyor:  73%|███████▎  | 81517/111532 [08:57<03:05, 161.87epoch-kanal/s]
Veri yükleniyor:  73%|███████▎  | 81537/111532 [08:57<02:56, 170.22epoch-kanal/s]
Veri yükleniyor:  73%|███████▎  | 81556/111532 [08:57<02:52, 173.62epoch-kanal/s]
Veri yükleniyor:  73%|███████▎  | 81575/111532 [08:57<02:48, 177.77epoch-kanal/s]
Veri yükleniyor:  73%|███████▎  | 81594/111532 [08:57<02:46, 179.74epoch-kanal/s]
Veri yükleniyor:  73%|███████▎  | 81613/111532 [08:57<02:46, 179.42epoch-kanal/s]
Veri yükleniyor:  73%|███████▎  | 81632/111532 [08:57<02:46, 179.89epoch-kanal/s]
Veri yükleniyor:  73%|███████▎  | 81651/111532 [08:57<02:44, 181.55epoch-kanal/s]
Veri yükleniyor:  73%|███████▎  | 81670/111532 [08:57<02:46, 179.38epoch-kanal/s]
Veri yükleniyor:  73%|███████▎  | 81689/111532 [08:57<02:46, 179.72epoch-kanal/s]
Veri yükleniyor:  73%|███████▎  | 81708/111532 [08:58<02:45, 180.57epoch-kanal/s]
Veri yükleniyor:  73%|███████▎  | 81727/111532 [08:58<02:43, 182.33epoch-kanal/s]
Veri yükleniyor:  73%|███████▎  | 81746/111532 [08:58<02:42, 183.64epoch-kanal/s]
Veri yükleniyor:  73%|███████▎  | 81765/111532 [08:58<02:45, 180.08epoch-kanal/s]
Veri yükleniyor:  73%|███████▎  | 81784/111532 [08:58<02:43, 181.45epoch-kanal/s]
Veri yükleniyor:  73%|███████▎  | 81803/111532 [08:58<02:47, 177.55epoch-kanal/s]
Veri yükleniyor:  73%|███████▎  | 81821/111532 [08:58<02:48, 176.27epoch-kanal/s]
Veri yükleniyor:  73%|███████▎  | 81840/111532 [08:58<02:45, 179.48epoch-kanal/s]
Veri yükleniyor:  73%|███████▎  | 81858/111532 [08:58<02:47, 176.95epoch-kanal/s]
Veri yükleniyor:  73%|███████▎  | 81877/111532 [08:59<02:45, 178.76epoch-kanal/s]
Veri yükleniyor:  73%|███████▎  | 81896/111532 [08:59<02:43, 180.93epoch-kanal/s]
Veri yükleniyor:  73%|███████▎  | 81915/111532 [08:59<02:42, 182.33epoch-kanal/s]
Veri yükleniyor:  73%|███████▎  | 81934/111532 [08:59<02:41, 183.48epoch-kanal/s]
Veri yükleniyor:  73%|███████▎  | 81953/111532 [08:59<03:03, 161.50epoch-kanal/s]
Veri yükleniyor:  73%|███████▎  | 81972/111532 [08:59<02:56, 167.70epoch-kanal/s]
Veri yükleniyor:  74%|███████▎  | 81991/111532 [08:59<02:51, 172.32epoch-kanal/s]
Veri yükleniyor:  74%|███████▎  | 82010/111532 [08:59<02:47, 176.04epoch-kanal/s]
Veri yükleniyor:  74%|███████▎  | 82028/111532 [08:59<02:50, 173.45epoch-kanal/s]
Veri yükleniyor:  74%|███████▎  | 82047/111532 [09:00<02:46, 177.37epoch-kanal/s]
Veri yükleniyor:  74%|███████▎  | 82066/111532 [09:00<02:44, 179.29epoch-kanal/s]
Veri yükleniyor:  74%|███████▎  | 82086/111532 [09:00<02:40, 183.52epoch-kanal/s]
Veri yükleniyor:  74%|███████▎  | 82105/111532 [09:00<02:39, 184.02epoch-kanal/s]
Veri yükleniyor:  74%|███████▎  | 82124/111532 [09:00<02:40, 183.71epoch-kanal/s]
Veri yükleniyor:  74%|███████▎  | 82143/111532 [09:00<02:39, 184.72epoch-kanal/s]
Veri yükleniyor:  74%|███████▎  | 82162/111532 [09:00<02:41, 181.60epoch-kanal/s]
Veri yükleniyor:  74%|███████▎  | 82181/111532 [09:00<02:40, 183.06epoch-kanal/s]
Veri yükleniyor:  74%|███████▎  | 82200/111532 [09:00<02:39, 183.44epoch-kanal/s]
Veri yükleniyor:  74%|███████▎  | 82219/111532 [09:00<02:43, 178.94epoch-kanal/s]
Veri yükleniyor:  74%|███████▎  | 82238/111532 [09:01<02:42, 180.56epoch-kanal/s]
Veri yükleniyor:  74%|███████▍  | 82257/111532 [09:01<02:41, 181.51epoch-kanal/s]
Veri yükleniyor:  74%|███████▍  | 82276/111532 [09:01<02:40, 181.92epoch-kanal/s]
Veri yükleniyor:  74%|███████▍  | 82295/111532 [09:01<02:39, 183.80epoch-kanal/s]
Veri yükleniyor:  74%|███████▍  | 82314/111532 [09:01<02:38, 184.07epoch-kanal/s]
Veri yükleniyor:  74%|███████▍  | 82333/111532 [09:01<02:39, 182.61epoch-kanal/s]
Veri yükleniyor:  74%|███████▍  | 82352/111532 [09:01<02:38, 183.58epoch-kanal/s]
Veri yükleniyor:  74%|███████▍  | 82371/111532 [09:01<02:38, 183.77epoch-kanal/s]
Veri yükleniyor:  74%|███████▍  | 82390/111532 [09:01<02:40, 181.50epoch-kanal/s]
Veri yükleniyor:  74%|███████▍  | 82409/111532 [09:01<02:40, 180.95epoch-kanal/s]
Veri yükleniyor:  74%|███████▍  | 82429/111532 [09:02<02:39, 182.08epoch-kanal/s]
Veri yükleniyor:  74%|███████▍  | 82448/111532 [09:02<02:38, 183.81epoch-kanal/s]
Veri yükleniyor:  74%|███████▍  | 82467/111532 [09:02<02:37, 184.80epoch-kanal/s]
Veri yükleniyor:  74%|███████▍  | 82486/111532 [09:02<02:36, 185.46epoch-kanal/s]
Veri yükleniyor:  74%|███████▍  | 82505/111532 [09:02<02:36, 185.16epoch-kanal/s]
Veri yükleniyor:  74%|███████▍  | 82524/111532 [09:02<02:41, 179.31epoch-kanal/s]
Veri yükleniyor:  74%|███████▍  | 82543/111532 [09:02<02:40, 180.19epoch-kanal/s]
Veri yükleniyor:  74%|███████▍  | 82562/111532 [09:02<02:39, 182.07epoch-kanal/s]
Veri yükleniyor:  74%|███████▍  | 82581/111532 [09:02<02:43, 177.24epoch-kanal/s]
Veri yükleniyor:  74%|███████▍  | 82600/111532 [09:03<02:40, 180.03epoch-kanal/s]
Veri yükleniyor:  74%|███████▍  | 82619/111532 [09:03<02:40, 180.53epoch-kanal/s]
Veri yükleniyor:  74%|███████▍  | 82638/111532 [09:03<02:39, 180.73epoch-kanal/s]
Veri yükleniyor:  74%|███████▍  | 82657/111532 [09:03<02:37, 183.37epoch-kanal/s]
Veri yükleniyor:  74%|███████▍  | 82676/111532 [09:03<02:39, 181.34epoch-kanal/s]
Veri yükleniyor:  74%|███████▍  | 82695/111532 [09:03<02:37, 182.87epoch-kanal/s]
Veri yükleniyor:  74%|███████▍  | 82714/111532 [09:03<02:39, 180.23epoch-kanal/s]
Veri yükleniyor:  74%|███████▍  | 82733/111532 [09:03<02:38, 181.57epoch-kanal/s]
Veri yükleniyor:  74%|███████▍  | 82752/111532 [09:03<02:42, 177.65epoch-kanal/s]
Veri yükleniyor:  74%|███████▍  | 82771/111532 [09:03<02:40, 179.42epoch-kanal/s]
Veri yükleniyor:  74%|███████▍  | 82790/111532 [09:04<02:38, 181.06epoch-kanal/s]
Veri yükleniyor:  74%|███████▍  | 82809/111532 [09:04<02:39, 180.36epoch-kanal/s]
Veri yükleniyor:  74%|███████▍  | 82828/111532 [09:04<02:38, 181.61epoch-kanal/s]
Veri yükleniyor:  74%|███████▍  | 82847/111532 [09:04<02:40, 179.04epoch-kanal/s]
Veri yükleniyor:  74%|███████▍  | 82866/111532 [09:04<02:38, 180.99epoch-kanal/s]
Veri yükleniyor:  74%|███████▍  | 82885/111532 [09:04<02:39, 180.06epoch-kanal/s]
Veri yükleniyor:  74%|███████▍  | 82904/111532 [09:04<02:37, 182.08epoch-kanal/s]
Veri yükleniyor:  74%|███████▍  | 82923/111532 [09:04<02:35, 183.68epoch-kanal/s]
Veri yükleniyor:  74%|███████▍  | 82942/111532 [09:04<02:39, 179.11epoch-kanal/s]
Veri yükleniyor:  74%|███████▍  | 82961/111532 [09:05<02:37, 181.34epoch-kanal/s]
Veri yükleniyor:  74%|███████▍  | 82980/111532 [09:05<02:37, 181.08epoch-kanal/s]
Veri yükleniyor:  74%|███████▍  | 82999/111532 [09:05<02:36, 182.22epoch-kanal/s]
Veri yükleniyor:  74%|███████▍  | 83018/111532 [09:05<02:36, 181.82epoch-kanal/s]
Veri yükleniyor:  74%|███████▍  | 83037/111532 [09:05<02:37, 181.33epoch-kanal/s]
Veri yükleniyor:  74%|███████▍  | 83056/111532 [09:05<02:36, 182.42epoch-kanal/s]
Veri yükleniyor:  74%|███████▍  | 83075/111532 [09:05<02:37, 180.63epoch-kanal/s]
Veri yükleniyor:  75%|███████▍  | 83094/111532 [09:05<02:37, 180.10epoch-kanal/s]
Veri yükleniyor:  75%|███████▍  | 83113/111532 [09:05<02:43, 173.75epoch-kanal/s]
Veri yükleniyor:  75%|███████▍  | 83131/111532 [09:05<02:41, 175.41epoch-kanal/s]
Veri yükleniyor:  75%|███████▍  | 83149/111532 [09:06<02:40, 176.56epoch-kanal/s]
Veri yükleniyor:  75%|███████▍  | 83168/111532 [09:06<02:38, 179.00epoch-kanal/s]
Veri yükleniyor:  75%|███████▍  | 83186/111532 [09:06<02:38, 178.97epoch-kanal/s]
Veri yükleniyor:  75%|███████▍  | 83205/111532 [09:06<02:37, 179.86epoch-kanal/s]
Veri yükleniyor:  75%|███████▍  | 83223/111532 [09:06<02:44, 171.83epoch-kanal/s]
Veri yükleniyor:  75%|███████▍  | 83242/111532 [09:06<02:41, 175.09epoch-kanal/s]
Veri yükleniyor:  75%|███████▍  | 83261/111532 [09:06<02:39, 177.73epoch-kanal/s]
Veri yükleniyor:  75%|███████▍  | 83279/111532 [09:06<02:38, 177.85epoch-kanal/s]
Veri yükleniyor:  75%|███████▍  | 83297/111532 [09:06<02:44, 172.06epoch-kanal/s]
Veri yükleniyor:  75%|███████▍  | 83317/111532 [09:07<02:38, 178.15epoch-kanal/s]
Veri yükleniyor:  75%|███████▍  | 83336/111532 [09:07<02:36, 180.04epoch-kanal/s]
Veri yükleniyor:  75%|███████▍  | 83355/111532 [09:07<02:36, 180.13epoch-kanal/s]
Veri yükleniyor:  75%|███████▍  | 83374/111532 [09:07<02:36, 180.06epoch-kanal/s]
Veri yükleniyor:  75%|███████▍  | 83393/111532 [09:07<02:34, 182.22epoch-kanal/s]
Veri yükleniyor:  75%|███████▍  | 83412/111532 [09:07<02:39, 176.56epoch-kanal/s]
Veri yükleniyor:  75%|███████▍  | 83430/111532 [09:07<02:38, 177.05epoch-kanal/s]
Veri yükleniyor:  75%|███████▍  | 83449/111532 [09:07<02:36, 179.19epoch-kanal/s]
Veri yükleniyor:  75%|███████▍  | 83467/111532 [09:07<02:36, 178.87epoch-kanal/s]
Veri yükleniyor:  75%|███████▍  | 83485/111532 [09:07<02:37, 178.24epoch-kanal/s]
Veri yükleniyor:  75%|███████▍  | 83503/111532 [09:08<02:37, 178.34epoch-kanal/s]
Veri yükleniyor:  75%|███████▍  | 83522/111532 [09:08<02:35, 180.56epoch-kanal/s]
Veri yükleniyor:  75%|███████▍  | 83541/111532 [09:08<02:35, 180.08epoch-kanal/s]
Veri yükleniyor:  75%|███████▍  | 83560/111532 [09:08<02:34, 181.35epoch-kanal/s]
Veri yükleniyor:  75%|███████▍  | 83579/111532 [09:08<02:33, 182.68epoch-kanal/s]
Veri yükleniyor:  75%|███████▍  | 83598/111532 [09:08<02:34, 181.18epoch-kanal/s]
Veri yükleniyor:  75%|███████▍  | 83617/111532 [09:08<02:33, 182.03epoch-kanal/s]
Veri yükleniyor:  75%|███████▍  | 83636/111532 [09:08<02:33, 182.18epoch-kanal/s]
Veri yükleniyor:  75%|███████▌  | 83655/111532 [09:08<02:37, 177.18epoch-kanal/s]
Veri yükleniyor:  75%|███████▌  | 83674/111532 [09:09<02:34, 179.99epoch-kanal/s]
Veri yükleniyor:  75%|███████▌  | 83693/111532 [09:09<02:33, 181.53epoch-kanal/s]
Veri yükleniyor:  75%|███████▌  | 83712/111532 [09:09<02:32, 182.18epoch-kanal/s]
Veri yükleniyor:  75%|███████▌  | 83731/111532 [09:09<02:33, 181.61epoch-kanal/s]
Veri yükleniyor:  75%|███████▌  | 83750/111532 [09:09<02:33, 180.76epoch-kanal/s]
Veri yükleniyor:  75%|███████▌  | 83769/111532 [09:09<02:32, 182.09epoch-kanal/s]
Veri yükleniyor:  75%|███████▌  | 83788/111532 [09:09<02:32, 181.98epoch-kanal/s]
Veri yükleniyor:  75%|███████▌  | 83807/111532 [09:09<02:32, 182.13epoch-kanal/s]
Veri yükleniyor:  75%|███████▌  | 83826/111532 [09:09<02:32, 181.98epoch-kanal/s]
Veri yükleniyor:  75%|███████▌  | 83845/111532 [09:09<02:35, 178.04epoch-kanal/s]
Veri yükleniyor:  75%|███████▌  | 83863/111532 [09:10<02:51, 160.96epoch-kanal/s]
Veri yükleniyor:  75%|███████▌  | 83882/111532 [09:10<02:45, 167.47epoch-kanal/s]
Veri yükleniyor:  75%|███████▌  | 83901/111532 [09:10<02:40, 171.87epoch-kanal/s]
Veri yükleniyor:  75%|███████▌  | 83920/111532 [09:10<02:38, 174.75epoch-kanal/s]
Veri yükleniyor:  75%|███████▌  | 83939/111532 [09:10<02:35, 177.22epoch-kanal/s]
Veri yükleniyor:  75%|███████▌  | 83957/111532 [09:10<02:39, 172.67epoch-kanal/s]
Veri yükleniyor:  75%|███████▌  | 83975/111532 [09:10<02:37, 174.63epoch-kanal/s]
Veri yükleniyor:  75%|███████▌  | 83994/111532 [09:10<02:34, 178.62epoch-kanal/s]
Veri yükleniyor:  75%|███████▌  | 84012/111532 [09:10<02:35, 176.87epoch-kanal/s]
Veri yükleniyor:  75%|███████▌  | 84031/111532 [09:11<02:34, 178.31epoch-kanal/s]
Veri yükleniyor:  75%|███████▌  | 84050/111532 [09:11<02:32, 179.70epoch-kanal/s]
Veri yükleniyor:  75%|███████▌  | 84069/111532 [09:11<02:32, 180.04epoch-kanal/s]
Veri yükleniyor:  75%|███████▌  | 84088/111532 [09:11<02:31, 181.45epoch-kanal/s]
Veri yükleniyor:  75%|███████▌  | 84107/111532 [09:11<02:31, 181.15epoch-kanal/s]
Veri yükleniyor:  75%|███████▌  | 84126/111532 [09:11<02:29, 183.39epoch-kanal/s]
Veri yükleniyor:  75%|███████▌  | 84145/111532 [09:11<02:30, 181.77epoch-kanal/s]
Veri yükleniyor:  75%|███████▌  | 84164/111532 [09:11<02:29, 182.87epoch-kanal/s]
Veri yükleniyor:  75%|███████▌  | 84183/111532 [09:11<02:29, 182.95epoch-kanal/s]
Veri yükleniyor:  75%|███████▌  | 84202/111532 [09:11<02:32, 179.67epoch-kanal/s]
Veri yükleniyor:  76%|███████▌  | 84221/111532 [09:12<02:30, 181.77epoch-kanal/s]
Veri yükleniyor:  76%|███████▌  | 84240/111532 [09:12<02:29, 182.09epoch-kanal/s]
Veri yükleniyor:  76%|███████▌  | 84259/111532 [09:12<02:29, 182.15epoch-kanal/s]
Veri yükleniyor:  76%|███████▌  | 84283/111532 [09:12<02:17, 198.86epoch-kanal/s]
Veri yükleniyor:  76%|███████▌  | 84324/111532 [09:12<01:45, 258.94epoch-kanal/s]
Veri yükleniyor:  76%|███████▌  | 84364/111532 [09:12<01:30, 298.83epoch-kanal/s]
Veri yükleniyor:  76%|███████▌  | 84404/111532 [09:12<01:23, 326.51epoch-kanal/s]
Veri yükleniyor:  76%|███████▌  | 84443/111532 [09:12<01:18, 343.37epoch-kanal/s]
Veri yükleniyor:  76%|███████▌  | 84478/111532 [09:12<01:37, 277.78epoch-kanal/s]
Veri yükleniyor:  76%|███████▌  | 84508/111532 [09:13<01:50, 245.37epoch-kanal/s]
Veri yükleniyor:  76%|███████▌  | 84535/111532 [09:13<02:00, 224.91epoch-kanal/s]
Veri yükleniyor:  76%|███████▌  | 84559/111532 [09:13<02:06, 213.14epoch-kanal/s]
Veri yükleniyor:  76%|███████▌  | 84582/111532 [09:13<02:12, 203.38epoch-kanal/s]
Veri yükleniyor:  76%|███████▌  | 84603/111532 [09:13<02:16, 197.20epoch-kanal/s]
Veri yükleniyor:  76%|███████▌  | 84624/111532 [09:13<02:20, 191.32epoch-kanal/s]
Veri yükleniyor:  76%|███████▌  | 84644/111532 [09:13<02:24, 186.03epoch-kanal/s]
Veri yükleniyor:  76%|███████▌  | 84663/111532 [09:14<02:25, 185.08epoch-kanal/s]
Veri yükleniyor:  76%|███████▌  | 84682/111532 [09:14<02:26, 183.58epoch-kanal/s]
Veri yükleniyor:  76%|███████▌  | 84701/111532 [09:14<02:25, 184.54epoch-kanal/s]
Veri yükleniyor:  76%|███████▌  | 84720/111532 [09:14<02:25, 184.37epoch-kanal/s]
Veri yükleniyor:  76%|███████▌  | 84739/111532 [09:14<02:26, 182.33epoch-kanal/s]
Veri yükleniyor:  76%|███████▌  | 84758/111532 [09:14<02:26, 182.99epoch-kanal/s]
Veri yükleniyor:  76%|███████▌  | 84777/111532 [09:14<02:26, 182.79epoch-kanal/s]
Veri yükleniyor:  76%|███████▌  | 84796/111532 [09:14<02:26, 182.20epoch-kanal/s]
Veri yükleniyor:  76%|███████▌  | 84815/111532 [09:14<02:25, 183.19epoch-kanal/s]
Veri yükleniyor:  76%|███████▌  | 84834/111532 [09:14<02:31, 176.30epoch-kanal/s]
Veri yükleniyor:  76%|███████▌  | 84852/111532 [09:16<13:29, 32.94epoch-kanal/s] 
Veri yükleniyor:  76%|███████▌  | 84892/111532 [09:16<07:35, 58.54epoch-kanal/s]
Veri yükleniyor:  76%|███████▌  | 84933/111532 [09:16<04:54, 90.25epoch-kanal/s]
Veri yükleniyor:  76%|███████▌  | 84973/111532 [09:16<03:31, 125.43epoch-kanal/s]
Veri yükleniyor:  76%|███████▌  | 85004/111532 [09:17<03:02, 145.08epoch-kanal/s]
Veri yükleniyor:  76%|███████▌  | 85043/111532 [09:17<02:23, 184.40epoch-kanal/s]
Veri yükleniyor:  76%|███████▋  | 85083/111532 [09:17<01:58, 223.95epoch-kanal/s]
Veri yükleniyor:  76%|███████▋  | 85117/111532 [09:20<15:10, 29.00epoch-kanal/s] 
Veri yükleniyor:  76%|███████▋  | 85158/111532 [09:21<10:29, 41.89epoch-kanal/s]
Veri yükleniyor:  76%|███████▋  | 85197/111532 [09:21<07:34, 57.92epoch-kanal/s]
Veri yükleniyor:  76%|███████▋  | 85237/111532 [09:21<05:32, 78.97epoch-kanal/s]
Veri yükleniyor:  76%|███████▋  | 85276/111532 [09:21<04:12, 104.03epoch-kanal/s]
Veri yükleniyor:  76%|███████▋  | 85315/111532 [09:21<03:16, 133.56epoch-kanal/s]
Veri yükleniyor:  77%|███████▋  | 85355/111532 [09:21<02:36, 167.74epoch-kanal/s]
Veri yükleniyor:  77%|███████▋  | 85394/111532 [09:21<02:09, 202.24epoch-kanal/s]
Veri yükleniyor:  77%|███████▋  | 85432/111532 [09:24<12:15, 35.49epoch-kanal/s] 
Veri yükleniyor:  77%|███████▋  | 85472/111532 [09:24<08:49, 49.24epoch-kanal/s]
Veri yükleniyor:  77%|███████▋  | 85512/111532 [09:25<06:27, 67.16epoch-kanal/s]
Veri yükleniyor:  77%|███████▋  | 85552/111532 [09:25<04:49, 89.78epoch-kanal/s]
Veri yükleniyor:  77%|███████▋  | 85588/111532 [09:25<03:57, 109.27epoch-kanal/s]
Veri yükleniyor:  77%|███████▋  | 85629/111532 [09:25<03:03, 141.54epoch-kanal/s]
Veri yükleniyor:  77%|███████▋  | 85668/111532 [09:25<02:28, 174.40epoch-kanal/s]
Veri yükleniyor:  77%|███████▋  | 85708/111532 [09:25<02:02, 210.06epoch-kanal/s]
Veri yükleniyor:  77%|███████▋  | 85745/111532 [09:28<12:03, 35.62epoch-kanal/s] 
Veri yükleniyor:  77%|███████▋  | 85786/111532 [09:28<08:37, 49.79epoch-kanal/s]
Veri yükleniyor:  77%|███████▋  | 85826/111532 [09:28<06:19, 67.78epoch-kanal/s]
Veri yükleniyor:  77%|███████▋  | 85867/111532 [09:29<04:41, 91.12epoch-kanal/s]
Veri yükleniyor:  77%|███████▋  | 85908/111532 [09:29<03:34, 119.32epoch-kanal/s]
Veri yükleniyor:  77%|███████▋  | 85948/111532 [09:29<02:49, 150.84epoch-kanal/s]
Veri yükleniyor:  77%|███████▋  | 85988/111532 [09:29<02:18, 184.75epoch-kanal/s]
Veri yükleniyor:  77%|███████▋  | 86027/111532 [09:29<01:56, 218.18epoch-kanal/s]
Veri yükleniyor:  77%|███████▋  | 86067/111532 [09:29<01:40, 252.23epoch-kanal/s]
Veri yükleniyor:  77%|███████▋  | 86106/111532 [09:29<01:30, 280.17epoch-kanal/s]
Veri yükleniyor:  77%|███████▋  | 86145/111532 [09:33<13:01, 32.47epoch-kanal/s] 
Veri yükleniyor:  77%|███████▋  | 86185/111532 [09:33<09:23, 44.99epoch-kanal/s]
Veri yükleniyor:  77%|███████▋  | 86226/111532 [09:33<06:48, 61.88epoch-kanal/s]
Veri yükleniyor:  77%|███████▋  | 86260/111532 [09:33<05:27, 77.08epoch-kanal/s]
Veri yükleniyor:  77%|███████▋  | 86301/111532 [09:33<04:03, 103.44epoch-kanal/s]
Veri yükleniyor:  77%|███████▋  | 86340/111532 [09:33<03:10, 132.59epoch-kanal/s]
Veri yükleniyor:  77%|███████▋  | 86380/111532 [09:34<02:31, 166.16epoch-kanal/s]
Veri yükleniyor:  77%|███████▋  | 86421/111532 [09:34<02:03, 202.98epoch-kanal/s]
Veri yükleniyor:  78%|███████▊  | 86460/111532 [09:34<01:46, 235.70epoch-kanal/s]
Veri yükleniyor:  78%|███████▊  | 86500/111532 [09:34<01:33, 268.79epoch-kanal/s]
Veri yükleniyor:  78%|███████▊  | 86540/111532 [09:34<01:23, 297.82epoch-kanal/s]
Veri yükleniyor:  78%|███████▊  | 86579/111532 [09:34<01:18, 317.65epoch-kanal/s]
Veri yükleniyor:  78%|███████▊  | 86619/111532 [09:34<01:13, 338.36epoch-kanal/s]
Veri yükleniyor:  78%|███████▊  | 86658/111532 [09:34<01:10, 350.86epoch-kanal/s]
Veri yükleniyor:  78%|███████▊  | 86697/111532 [09:37<09:18, 44.47epoch-kanal/s] 
Veri yükleniyor:  78%|███████▊  | 86737/111532 [09:37<06:47, 60.90epoch-kanal/s]
Veri yükleniyor:  78%|███████▊  | 86777/111532 [09:37<05:02, 81.80epoch-kanal/s]
Veri yükleniyor:  78%|███████▊  | 86816/111532 [09:37<03:51, 106.77epoch-kanal/s]
Veri yükleniyor:  78%|███████▊  | 86853/111532 [09:37<03:04, 133.96epoch-kanal/s]
Veri yükleniyor:  78%|███████▊  | 86891/111532 [09:37<02:28, 165.44epoch-kanal/s]
Veri yükleniyor:  78%|███████▊  | 86930/111532 [09:38<02:03, 199.69epoch-kanal/s]
Veri yükleniyor:  78%|███████▊  | 86969/111532 [09:38<01:44, 234.08epoch-kanal/s]
Veri yükleniyor:  78%|███████▊  | 87007/111532 [09:38<01:34, 259.76epoch-kanal/s]
Veri yükleniyor:  78%|███████▊  | 87046/111532 [09:38<01:24, 288.20epoch-kanal/s]
Veri yükleniyor:  78%|███████▊  | 87086/111532 [09:38<01:17, 314.51epoch-kanal/s]
Veri yükleniyor:  78%|███████▊  | 87126/111532 [09:38<01:12, 335.02epoch-kanal/s]
Veri yükleniyor:  78%|███████▊  | 87166/111532 [09:38<01:09, 351.28epoch-kanal/s]
Veri yükleniyor:  78%|███████▊  | 87205/111532 [09:38<01:08, 356.51epoch-kanal/s]
Veri yükleniyor:  78%|███████▊  | 87244/111532 [09:41<09:02, 44.78epoch-kanal/s] 
Veri yükleniyor:  78%|███████▊  | 87284/111532 [09:41<06:35, 61.30epoch-kanal/s]
Veri yükleniyor:  78%|███████▊  | 87315/111532 [09:41<05:21, 75.42epoch-kanal/s]
Veri yükleniyor:  78%|███████▊  | 87354/111532 [09:41<04:00, 100.63epoch-kanal/s]
Veri yükleniyor:  78%|███████▊  | 87393/111532 [09:41<03:05, 130.13epoch-kanal/s]
Veri yükleniyor:  78%|███████▊  | 87433/111532 [09:41<02:26, 164.62epoch-kanal/s]
Veri yükleniyor:  78%|███████▊  | 87473/111532 [09:42<01:59, 200.77epoch-kanal/s]
Veri yükleniyor:  78%|███████▊  | 87512/111532 [09:42<01:42, 234.46epoch-kanal/s]
Veri yükleniyor:  78%|███████▊  | 87552/111532 [09:42<01:29, 268.31epoch-kanal/s]
Veri yükleniyor:  79%|███████▊  | 87591/111532 [09:42<01:21, 295.15epoch-kanal/s]
Veri yükleniyor:  79%|███████▊  | 87630/111532 [09:45<10:39, 37.38epoch-kanal/s] 
Veri yükleniyor:  79%|███████▊  | 87671/111532 [09:45<07:38, 52.00epoch-kanal/s]
Veri yükleniyor:  79%|███████▊  | 87712/111532 [09:45<05:35, 70.95epoch-kanal/s]
Veri yükleniyor:  79%|███████▊  | 87752/111532 [09:45<04:12, 94.02epoch-kanal/s]
Veri yükleniyor:  79%|███████▊  | 87792/111532 [09:45<03:14, 121.86epoch-kanal/s]
Veri yükleniyor:  79%|███████▉  | 87833/111532 [09:46<02:32, 155.02epoch-kanal/s]
Veri yükleniyor:  79%|███████▉  | 87874/111532 [09:46<02:04, 190.49epoch-kanal/s]
Veri yükleniyor:  79%|███████▉  | 87914/111532 [09:46<01:44, 225.07epoch-kanal/s]
Veri yükleniyor:  79%|███████▉  | 87953/111532 [09:46<01:31, 256.38epoch-kanal/s]
Veri yükleniyor:  79%|███████▉  | 87992/111532 [09:46<01:22, 283.87epoch-kanal/s]
Veri yükleniyor:  79%|███████▉  | 88031/111532 [09:46<01:16, 305.77epoch-kanal/s]
Veri yükleniyor:  79%|███████▉  | 88070/111532 [09:46<01:12, 325.69epoch-kanal/s]
Veri yükleniyor:  79%|███████▉  | 88109/111532 [09:46<01:09, 338.23epoch-kanal/s]
Veri yükleniyor:  79%|███████▉  | 88149/111532 [09:46<01:06, 353.15epoch-kanal/s]
Veri yükleniyor:  79%|███████▉  | 88188/111532 [09:49<08:43, 44.58epoch-kanal/s] 
Veri yükleniyor:  79%|███████▉  | 88224/111532 [09:49<06:40, 58.23epoch-kanal/s]
Veri yükleniyor:  79%|███████▉  | 88262/111532 [09:49<04:59, 77.79epoch-kanal/s]
Veri yükleniyor:  79%|███████▉  | 88302/111532 [09:49<03:44, 103.61epoch-kanal/s]
Veri yükleniyor:  79%|███████▉  | 88342/111532 [09:50<02:53, 134.03epoch-kanal/s]
Veri yükleniyor:  79%|███████▉  | 88383/111532 [09:50<02:17, 168.86epoch-kanal/s]
Veri yükleniyor:  79%|███████▉  | 88422/111532 [09:50<01:53, 202.92epoch-kanal/s]
Veri yükleniyor:  79%|███████▉  | 88462/111532 [09:50<01:36, 238.10epoch-kanal/s]
Veri yükleniyor:  79%|███████▉  | 88502/111532 [09:50<01:25, 270.22epoch-kanal/s]
Veri yükleniyor:  79%|███████▉  | 88542/111532 [09:50<01:16, 298.85epoch-kanal/s]
Veri yükleniyor:  79%|███████▉  | 88581/111532 [09:50<01:11, 319.52epoch-kanal/s]
Veri yükleniyor:  79%|███████▉  | 88620/111532 [09:50<01:08, 336.83epoch-kanal/s]
Veri yükleniyor:  79%|███████▉  | 88660/111532 [09:50<01:04, 352.33epoch-kanal/s]
Veri yükleniyor:  80%|███████▉  | 88699/111532 [09:50<01:03, 359.94epoch-kanal/s]
Veri yükleniyor:  80%|███████▉  | 88740/111532 [09:51<01:01, 372.23epoch-kanal/s]
Veri yükleniyor:  80%|███████▉  | 88780/111532 [09:51<01:00, 373.19epoch-kanal/s]
Veri yükleniyor:  80%|███████▉  | 88820/111532 [09:51<00:59, 380.40epoch-kanal/s]
Veri yükleniyor:  80%|███████▉  | 88859/111532 [09:51<01:05, 347.25epoch-kanal/s]
Veri yükleniyor:  80%|███████▉  | 88898/111532 [09:51<01:03, 356.19epoch-kanal/s]
Veri yükleniyor:  80%|███████▉  | 88936/111532 [09:51<01:02, 361.87epoch-kanal/s]
Veri yükleniyor:  80%|███████▉  | 88975/111532 [09:51<01:01, 367.67epoch-kanal/s]
Veri yükleniyor:  80%|███████▉  | 89014/111532 [09:51<01:00, 373.95epoch-kanal/s]
Veri yükleniyor:  80%|███████▉  | 89053/111532 [09:51<00:59, 377.70epoch-kanal/s]
Veri yükleniyor:  80%|███████▉  | 89092/111532 [09:51<00:58, 381.20epoch-kanal/s]
Veri yükleniyor:  80%|███████▉  | 89131/111532 [09:52<00:59, 379.41epoch-kanal/s]
Veri yükleniyor:  80%|███████▉  | 89171/111532 [09:52<00:58, 385.36epoch-kanal/s]
Veri yükleniyor:  80%|███████▉  | 89212/111532 [09:52<00:57, 390.58epoch-kanal/s]
Veri yükleniyor:  80%|████████  | 89252/111532 [09:52<00:57, 390.53epoch-kanal/s]
Veri yükleniyor:  80%|████████  | 89292/111532 [09:52<00:56, 392.10epoch-kanal/s]
Veri yükleniyor:  80%|████████  | 89332/111532 [09:52<00:57, 387.93epoch-kanal/s]
Veri yükleniyor:  80%|████████  | 89371/111532 [09:52<00:57, 383.02epoch-kanal/s]
Veri yükleniyor:  80%|████████  | 89410/111532 [09:52<01:16, 290.15epoch-kanal/s]
Veri yükleniyor:  80%|████████  | 89443/111532 [09:53<01:27, 252.12epoch-kanal/s]
Veri yükleniyor:  80%|████████  | 89472/111532 [09:53<01:34, 234.50epoch-kanal/s]
Veri yükleniyor:  80%|████████  | 89498/111532 [09:53<01:39, 221.32epoch-kanal/s]
Veri yükleniyor:  80%|████████  | 89522/111532 [09:53<01:43, 212.77epoch-kanal/s]
Veri yükleniyor:  80%|████████  | 89545/111532 [09:53<01:46, 205.70epoch-kanal/s]
Veri yükleniyor:  80%|████████  | 89567/111532 [09:53<01:50, 199.51epoch-kanal/s]
Veri yükleniyor:  80%|████████  | 89588/111532 [09:53<01:51, 196.73epoch-kanal/s]
Veri yükleniyor:  80%|████████  | 89608/111532 [09:53<01:55, 190.46epoch-kanal/s]
Veri yükleniyor:  80%|████████  | 89628/111532 [09:54<01:55, 190.23epoch-kanal/s]
Veri yükleniyor:  80%|████████  | 89648/111532 [09:54<01:55, 189.93epoch-kanal/s]
Veri yükleniyor:  80%|████████  | 89668/111532 [09:54<01:56, 188.28epoch-kanal/s]
Veri yükleniyor:  80%|████████  | 89688/111532 [09:54<01:55, 189.33epoch-kanal/s]
Veri yükleniyor:  80%|████████  | 89707/111532 [09:54<01:58, 184.83epoch-kanal/s]
Veri yükleniyor:  80%|████████  | 89726/111532 [09:54<01:57, 184.87epoch-kanal/s]
Veri yükleniyor:  80%|████████  | 89745/111532 [09:54<01:57, 185.75epoch-kanal/s]
Veri yükleniyor:  80%|████████  | 89764/111532 [09:54<01:57, 185.14epoch-kanal/s]
Veri yükleniyor:  80%|████████  | 89783/111532 [09:54<02:03, 176.80epoch-kanal/s]
Veri yükleniyor:  81%|████████  | 89802/111532 [09:55<02:00, 179.65epoch-kanal/s]
Veri yükleniyor:  81%|████████  | 89821/111532 [09:55<01:58, 182.51epoch-kanal/s]
Veri yükleniyor:  81%|████████  | 89840/111532 [09:55<01:58, 182.29epoch-kanal/s]
Veri yükleniyor:  81%|████████  | 89860/111532 [09:55<01:57, 185.10epoch-kanal/s]
Veri yükleniyor:  81%|████████  | 89879/111532 [09:55<01:57, 183.67epoch-kanal/s]
Veri yükleniyor:  81%|████████  | 89898/111532 [09:55<01:57, 184.60epoch-kanal/s]
Veri yükleniyor:  81%|████████  | 89917/111532 [09:55<01:58, 182.44epoch-kanal/s]
Veri yükleniyor:  81%|████████  | 89936/111532 [09:55<01:57, 183.60epoch-kanal/s]
Veri yükleniyor:  81%|████████  | 89955/111532 [09:55<01:56, 185.23epoch-kanal/s]
Veri yükleniyor:  81%|████████  | 89974/111532 [09:55<01:58, 182.68epoch-kanal/s]
Veri yükleniyor:  81%|████████  | 89994/111532 [09:56<01:56, 184.48epoch-kanal/s]
Veri yükleniyor:  81%|████████  | 90013/111532 [09:56<01:56, 184.01epoch-kanal/s]
Veri yükleniyor:  81%|████████  | 90032/111532 [09:56<01:55, 185.60epoch-kanal/s]
Veri yükleniyor:  81%|████████  | 90051/111532 [09:56<01:56, 184.98epoch-kanal/s]
Veri yükleniyor:  81%|████████  | 90070/111532 [09:56<01:55, 186.11epoch-kanal/s]
Veri yükleniyor:  81%|████████  | 90089/111532 [09:56<01:57, 182.20epoch-kanal/s]
Veri yükleniyor:  81%|████████  | 90108/111532 [09:56<01:56, 183.55epoch-kanal/s]
Veri yükleniyor:  81%|████████  | 90127/111532 [09:56<01:56, 183.77epoch-kanal/s]
Veri yükleniyor:  81%|████████  | 90146/111532 [09:56<01:58, 181.10epoch-kanal/s]
Veri yükleniyor:  81%|████████  | 90165/111532 [09:56<01:57, 182.46epoch-kanal/s]
Veri yükleniyor:  81%|████████  | 90184/111532 [09:57<01:57, 182.06epoch-kanal/s]
Veri yükleniyor:  81%|████████  | 90203/111532 [09:57<01:55, 184.10epoch-kanal/s]
Veri yükleniyor:  81%|████████  | 90222/111532 [09:57<01:56, 183.34epoch-kanal/s]
Veri yükleniyor:  81%|████████  | 90241/111532 [09:57<01:55, 183.89epoch-kanal/s]
Veri yükleniyor:  81%|████████  | 90260/111532 [09:57<01:56, 183.06epoch-kanal/s]
Veri yükleniyor:  81%|████████  | 90279/111532 [09:57<01:56, 182.35epoch-kanal/s]
Veri yükleniyor:  81%|████████  | 90298/111532 [09:57<01:56, 182.75epoch-kanal/s]
Veri yükleniyor:  81%|████████  | 90317/111532 [09:57<01:55, 184.28epoch-kanal/s]
Veri yükleniyor:  81%|████████  | 90336/111532 [09:57<01:56, 181.19epoch-kanal/s]
Veri yükleniyor:  81%|████████  | 90355/111532 [09:58<01:55, 182.88epoch-kanal/s]
Veri yükleniyor:  81%|████████  | 90374/111532 [09:58<01:54, 184.12epoch-kanal/s]
Veri yükleniyor:  81%|████████  | 90393/111532 [09:58<01:54, 184.76epoch-kanal/s]
Veri yükleniyor:  81%|████████  | 90413/111532 [09:58<01:52, 187.15epoch-kanal/s]
Veri yükleniyor:  81%|████████  | 90432/111532 [09:58<01:54, 184.90epoch-kanal/s]
Veri yükleniyor:  81%|████████  | 90451/111532 [09:58<01:55, 183.27epoch-kanal/s]
Veri yükleniyor:  81%|████████  | 90470/111532 [09:58<01:56, 180.32epoch-kanal/s]
Veri yükleniyor:  81%|████████  | 90489/111532 [09:58<01:56, 181.35epoch-kanal/s]
Veri yükleniyor:  81%|████████  | 90508/111532 [09:58<01:57, 178.88epoch-kanal/s]
Veri yükleniyor:  81%|████████  | 90526/111532 [09:58<01:58, 177.53epoch-kanal/s]
Veri yükleniyor:  81%|████████  | 90545/111532 [09:59<01:56, 179.86epoch-kanal/s]
Veri yükleniyor:  81%|████████  | 90564/111532 [09:59<01:54, 182.52epoch-kanal/s]
Veri yükleniyor:  81%|████████  | 90584/111532 [09:59<01:52, 186.06epoch-kanal/s]
Veri yükleniyor:  81%|████████  | 90603/111532 [09:59<01:53, 184.80epoch-kanal/s]
Veri yükleniyor:  81%|████████▏ | 90622/111532 [09:59<01:54, 182.54epoch-kanal/s]
Veri yükleniyor:  81%|████████▏ | 90642/111532 [09:59<01:52, 185.93epoch-kanal/s]
Veri yükleniyor:  81%|████████▏ | 90661/111532 [09:59<01:52, 185.81epoch-kanal/s]
Veri yükleniyor:  81%|████████▏ | 90680/111532 [09:59<01:52, 186.15epoch-kanal/s]
Veri yükleniyor:  81%|████████▏ | 90699/111532 [09:59<01:55, 179.66epoch-kanal/s]
Veri yükleniyor:  81%|████████▏ | 90718/111532 [10:00<01:54, 182.23epoch-kanal/s]
Veri yükleniyor:  81%|████████▏ | 90737/111532 [10:00<01:53, 183.64epoch-kanal/s]
Veri yükleniyor:  81%|████████▏ | 90756/111532 [10:00<01:52, 184.88epoch-kanal/s]
Veri yükleniyor:  81%|████████▏ | 90776/111532 [10:00<01:51, 186.86epoch-kanal/s]
Veri yükleniyor:  81%|████████▏ | 90795/111532 [10:00<01:53, 182.91epoch-kanal/s]
Veri yükleniyor:  81%|████████▏ | 90814/111532 [10:00<01:52, 184.88epoch-kanal/s]
Veri yükleniyor:  81%|████████▏ | 90833/111532 [10:00<01:52, 183.21epoch-kanal/s]
Veri yükleniyor:  81%|████████▏ | 90852/111532 [10:00<01:51, 184.91epoch-kanal/s]
Veri yükleniyor:  81%|████████▏ | 90871/111532 [10:00<01:52, 183.16epoch-kanal/s]
Veri yükleniyor:  81%|████████▏ | 90890/111532 [10:00<01:54, 180.43epoch-kanal/s]
Veri yükleniyor:  82%|████████▏ | 90909/111532 [10:01<01:54, 180.77epoch-kanal/s]
Veri yükleniyor:  82%|████████▏ | 90928/111532 [10:01<01:52, 183.22epoch-kanal/s]
Veri yükleniyor:  82%|████████▏ | 90947/111532 [10:01<01:51, 183.82epoch-kanal/s]
Veri yükleniyor:  82%|████████▏ | 90966/111532 [10:01<04:43, 72.56epoch-kanal/s] 
Veri yükleniyor:  82%|████████▏ | 90985/111532 [10:02<03:51, 88.80epoch-kanal/s]
Veri yükleniyor:  82%|████████▏ | 91004/111532 [10:02<03:14, 105.49epoch-kanal/s]
Veri yükleniyor:  82%|████████▏ | 91023/111532 [10:02<02:48, 121.58epoch-kanal/s]
Veri yükleniyor:  82%|████████▏ | 91042/111532 [10:02<02:30, 136.24epoch-kanal/s]
Veri yükleniyor:  82%|████████▏ | 91061/111532 [10:02<02:17, 148.44epoch-kanal/s]
Veri yükleniyor:  82%|████████▏ | 91080/111532 [10:02<02:09, 158.15epoch-kanal/s]
Veri yükleniyor:  82%|████████▏ | 91099/111532 [10:02<02:21, 144.34epoch-kanal/s]
Veri yükleniyor:  82%|████████▏ | 91118/111532 [10:02<02:11, 154.68epoch-kanal/s]
Veri yükleniyor:  82%|████████▏ | 91136/111532 [10:02<02:06, 160.86epoch-kanal/s]
Veri yükleniyor:  82%|████████▏ | 91154/111532 [10:02<02:02, 165.79epoch-kanal/s]
Veri yükleniyor:  82%|████████▏ | 91173/111532 [10:03<01:59, 170.59epoch-kanal/s]
Veri yükleniyor:  82%|████████▏ | 91192/111532 [10:03<01:56, 175.02epoch-kanal/s]
Veri yükleniyor:  82%|████████▏ | 91211/111532 [10:03<01:53, 178.46epoch-kanal/s]
Veri yükleniyor:  82%|████████▏ | 91230/111532 [10:03<01:51, 181.59epoch-kanal/s]
Veri yükleniyor:  82%|████████▏ | 91249/111532 [10:03<01:52, 180.65epoch-kanal/s]
Veri yükleniyor:  82%|████████▏ | 91268/111532 [10:03<01:51, 181.78epoch-kanal/s]
Veri yükleniyor:  82%|████████▏ | 91287/111532 [10:03<01:50, 182.92epoch-kanal/s]
Veri yükleniyor:  82%|████████▏ | 91306/111532 [10:03<01:51, 180.72epoch-kanal/s]
Veri yükleniyor:  82%|████████▏ | 91325/111532 [10:03<01:53, 178.13epoch-kanal/s]
Veri yükleniyor:  82%|████████▏ | 91344/111532 [10:04<01:51, 180.34epoch-kanal/s]
Veri yükleniyor:  82%|████████▏ | 91363/111532 [10:04<01:50, 182.50epoch-kanal/s]
Veri yükleniyor:  82%|████████▏ | 91382/111532 [10:04<01:49, 183.93epoch-kanal/s]
Veri yükleniyor:  82%|████████▏ | 91401/111532 [10:04<01:49, 184.58epoch-kanal/s]
Veri yükleniyor:  82%|████████▏ | 91420/111532 [10:04<01:50, 181.77epoch-kanal/s]
Veri yükleniyor:  82%|████████▏ | 91439/111532 [10:04<01:49, 183.19epoch-kanal/s]
Veri yükleniyor:  82%|████████▏ | 91458/111532 [10:04<01:50, 180.96epoch-kanal/s]
Veri yükleniyor:  82%|████████▏ | 91477/111532 [10:04<01:50, 180.84epoch-kanal/s]
Veri yükleniyor:  82%|████████▏ | 91497/111532 [10:04<01:48, 184.03epoch-kanal/s]
Veri yükleniyor:  82%|████████▏ | 91516/111532 [10:04<01:51, 178.75epoch-kanal/s]
Veri yükleniyor:  82%|████████▏ | 91535/111532 [10:05<02:06, 158.41epoch-kanal/s]
Veri yükleniyor:  82%|████████▏ | 91553/111532 [10:05<02:03, 161.83epoch-kanal/s]
Veri yükleniyor:  82%|████████▏ | 91573/111532 [10:05<01:57, 170.53epoch-kanal/s]
Veri yükleniyor:  82%|████████▏ | 91592/111532 [10:05<01:53, 175.20epoch-kanal/s]
Veri yükleniyor:  82%|████████▏ | 91611/111532 [10:05<01:51, 178.42epoch-kanal/s]
Veri yükleniyor:  82%|████████▏ | 91630/111532 [10:05<01:51, 179.27epoch-kanal/s]
Veri yükleniyor:  82%|████████▏ | 91649/111532 [10:05<01:50, 179.68epoch-kanal/s]
Veri yükleniyor:  82%|████████▏ | 91668/111532 [10:05<01:55, 171.42epoch-kanal/s]
Veri yükleniyor:  82%|████████▏ | 91686/111532 [10:05<01:56, 170.34epoch-kanal/s]
Veri yükleniyor:  82%|████████▏ | 91705/111532 [10:06<01:53, 174.62epoch-kanal/s]
Veri yükleniyor:  82%|████████▏ | 91724/111532 [10:06<01:51, 177.71epoch-kanal/s]
Veri yükleniyor:  82%|████████▏ | 91743/111532 [10:06<01:49, 180.83epoch-kanal/s]
Veri yükleniyor:  82%|████████▏ | 91762/111532 [10:06<01:50, 178.34epoch-kanal/s]
Veri yükleniyor:  82%|████████▏ | 91780/111532 [10:06<01:55, 171.37epoch-kanal/s]
Veri yükleniyor:  82%|████████▏ | 91800/111532 [10:06<01:51, 177.10epoch-kanal/s]
Veri yükleniyor:  82%|████████▏ | 91819/111532 [10:06<01:49, 179.51epoch-kanal/s]
Veri yükleniyor:  82%|████████▏ | 91838/111532 [10:06<01:49, 179.60epoch-kanal/s]
Veri yükleniyor:  82%|████████▏ | 91856/111532 [10:06<01:52, 174.26epoch-kanal/s]
Veri yükleniyor:  82%|████████▏ | 91875/111532 [10:07<01:50, 178.40epoch-kanal/s]
Veri yükleniyor:  82%|████████▏ | 91894/111532 [10:07<01:48, 180.72epoch-kanal/s]
Veri yükleniyor:  82%|████████▏ | 91913/111532 [10:07<01:47, 182.95epoch-kanal/s]
Veri yükleniyor:  82%|████████▏ | 91932/111532 [10:07<01:46, 184.02epoch-kanal/s]
Veri yükleniyor:  82%|████████▏ | 91951/111532 [10:07<01:47, 182.69epoch-kanal/s]
Veri yükleniyor:  82%|████████▏ | 91970/111532 [10:07<01:46, 183.81epoch-kanal/s]
Veri yükleniyor:  82%|████████▏ | 91989/111532 [10:07<01:50, 177.51epoch-kanal/s]
Veri yükleniyor:  82%|████████▏ | 92008/111532 [10:07<01:49, 179.00epoch-kanal/s]
Veri yükleniyor:  83%|████████▎ | 92027/111532 [10:07<01:47, 181.60epoch-kanal/s]
Veri yükleniyor:  83%|████████▎ | 92046/111532 [10:07<01:49, 178.17epoch-kanal/s]
Veri yükleniyor:  83%|████████▎ | 92065/111532 [10:08<01:48, 178.97epoch-kanal/s]
Veri yükleniyor:  83%|████████▎ | 92083/111532 [10:08<01:48, 178.48epoch-kanal/s]
Veri yükleniyor:  83%|████████▎ | 92103/111532 [10:08<01:47, 181.58epoch-kanal/s]
Veri yükleniyor:  83%|████████▎ | 92122/111532 [10:08<01:46, 182.42epoch-kanal/s]
Veri yükleniyor:  83%|████████▎ | 92141/111532 [10:08<01:45, 182.95epoch-kanal/s]
Veri yükleniyor:  83%|████████▎ | 92160/111532 [10:08<01:45, 184.20epoch-kanal/s]
Veri yükleniyor:  83%|████████▎ | 92179/111532 [10:08<01:45, 183.29epoch-kanal/s]
Veri yükleniyor:  83%|████████▎ | 92198/111532 [10:08<01:45, 183.08epoch-kanal/s]
Veri yükleniyor:  83%|████████▎ | 92217/111532 [10:08<01:47, 180.38epoch-kanal/s]
Veri yükleniyor:  83%|████████▎ | 92236/111532 [10:09<01:46, 180.98epoch-kanal/s]
Veri yükleniyor:  83%|████████▎ | 92255/111532 [10:09<01:45, 183.49epoch-kanal/s]
Veri yükleniyor:  83%|████████▎ | 92274/111532 [10:09<01:44, 183.54epoch-kanal/s]
Veri yükleniyor:  83%|████████▎ | 92293/111532 [10:09<01:45, 183.14epoch-kanal/s]
Veri yükleniyor:  83%|████████▎ | 92312/111532 [10:09<01:46, 180.01epoch-kanal/s]
Veri yükleniyor:  83%|████████▎ | 92331/111532 [10:09<01:45, 182.16epoch-kanal/s]
Veri yükleniyor:  83%|████████▎ | 92350/111532 [10:09<01:45, 181.21epoch-kanal/s]
Veri yükleniyor:  83%|████████▎ | 92369/111532 [10:09<01:45, 181.66epoch-kanal/s]
Veri yükleniyor:  83%|████████▎ | 92388/111532 [10:09<01:44, 183.73epoch-kanal/s]
Veri yükleniyor:  83%|████████▎ | 92407/111532 [10:09<01:47, 178.67epoch-kanal/s]
Veri yükleniyor:  83%|████████▎ | 92426/111532 [10:10<01:45, 181.35epoch-kanal/s]
Veri yükleniyor:  83%|████████▎ | 92445/111532 [10:10<01:44, 182.87epoch-kanal/s]
Veri yükleniyor:  83%|████████▎ | 92464/111532 [10:10<01:43, 183.82epoch-kanal/s]
Veri yükleniyor:  83%|████████▎ | 92483/111532 [10:10<01:43, 184.93epoch-kanal/s]
Veri yükleniyor:  83%|████████▎ | 92502/111532 [10:10<01:44, 181.29epoch-kanal/s]
Veri yükleniyor:  83%|████████▎ | 92521/111532 [10:10<01:45, 179.63epoch-kanal/s]
Veri yükleniyor:  83%|████████▎ | 92539/111532 [10:10<01:46, 178.35epoch-kanal/s]
Veri yükleniyor:  83%|████████▎ | 92558/111532 [10:10<01:45, 180.28epoch-kanal/s]
Veri yükleniyor:  83%|████████▎ | 92577/111532 [10:10<01:46, 177.48epoch-kanal/s]
Veri yükleniyor:  83%|████████▎ | 92596/111532 [10:10<01:45, 178.78epoch-kanal/s]
Veri yükleniyor:  83%|████████▎ | 92614/111532 [10:11<01:45, 178.59epoch-kanal/s]
Veri yükleniyor:  83%|████████▎ | 92634/111532 [10:11<01:43, 182.21epoch-kanal/s]
Veri yükleniyor:  83%|████████▎ | 92653/111532 [10:11<01:43, 182.51epoch-kanal/s]
Veri yükleniyor:  83%|████████▎ | 92672/111532 [10:11<01:42, 183.64epoch-kanal/s]
Veri yükleniyor:  83%|████████▎ | 92692/111532 [10:11<01:41, 186.46epoch-kanal/s]
Veri yükleniyor:  83%|████████▎ | 92711/111532 [10:11<01:40, 186.37epoch-kanal/s]
Veri yükleniyor:  83%|████████▎ | 92731/111532 [10:11<01:39, 188.67epoch-kanal/s]
Veri yükleniyor:  83%|████████▎ | 92750/111532 [10:11<01:40, 187.68epoch-kanal/s]
Veri yükleniyor:  83%|████████▎ | 92769/111532 [10:11<01:44, 179.62epoch-kanal/s]
Veri yükleniyor:  83%|████████▎ | 92788/111532 [10:12<01:44, 180.09epoch-kanal/s]
Veri yükleniyor:  83%|████████▎ | 92808/111532 [10:12<01:41, 183.86epoch-kanal/s]
Veri yükleniyor:  83%|████████▎ | 92827/111532 [10:12<01:41, 183.71epoch-kanal/s]
Veri yükleniyor:  83%|████████▎ | 92846/111532 [10:12<01:41, 184.26epoch-kanal/s]
Veri yükleniyor:  83%|████████▎ | 92865/111532 [10:12<01:42, 182.74epoch-kanal/s]
Veri yükleniyor:  83%|████████▎ | 92884/111532 [10:12<01:41, 183.61epoch-kanal/s]
Veri yükleniyor:  83%|████████▎ | 92903/111532 [10:12<01:40, 184.49epoch-kanal/s]
Veri yükleniyor:  83%|████████▎ | 92922/111532 [10:12<01:41, 182.68epoch-kanal/s]
Veri yükleniyor:  83%|████████▎ | 92941/111532 [10:12<01:42, 181.75epoch-kanal/s]
Veri yükleniyor:  83%|████████▎ | 92960/111532 [10:12<01:43, 179.39epoch-kanal/s]
Veri yükleniyor:  83%|████████▎ | 92979/111532 [10:13<01:41, 182.25epoch-kanal/s]
Veri yükleniyor:  83%|████████▎ | 92998/111532 [10:13<01:40, 184.01epoch-kanal/s]
Veri yükleniyor:  83%|████████▎ | 93017/111532 [10:13<01:40, 183.90epoch-kanal/s]
Veri yükleniyor:  83%|████████▎ | 93036/111532 [10:13<01:40, 183.92epoch-kanal/s]
Veri yükleniyor:  83%|████████▎ | 93055/111532 [10:13<01:40, 183.43epoch-kanal/s]
Veri yükleniyor:  83%|████████▎ | 93074/111532 [10:13<01:41, 181.87epoch-kanal/s]
Veri yükleniyor:  83%|████████▎ | 93093/111532 [10:13<01:42, 179.49epoch-kanal/s]
Veri yükleniyor:  83%|████████▎ | 93112/111532 [10:13<01:40, 182.42epoch-kanal/s]
Veri yükleniyor:  84%|████████▎ | 93148/111532 [10:13<01:18, 234.09epoch-kanal/s]
Veri yükleniyor:  84%|████████▎ | 93188/111532 [10:14<01:05, 281.46epoch-kanal/s]
Veri yükleniyor:  84%|████████▎ | 93228/111532 [10:14<00:57, 316.20epoch-kanal/s]
Veri yükleniyor:  84%|████████▎ | 93268/111532 [10:14<00:53, 339.72epoch-kanal/s]
Veri yükleniyor:  84%|████████▎ | 93303/111532 [10:14<00:57, 314.46epoch-kanal/s]
Veri yükleniyor:  84%|████████▎ | 93335/111532 [10:14<01:10, 259.51epoch-kanal/s]
Veri yükleniyor:  84%|████████▎ | 93363/111532 [10:14<01:17, 233.05epoch-kanal/s]
Veri yükleniyor:  84%|████████▎ | 93388/111532 [10:14<01:30, 201.26epoch-kanal/s]
Veri yükleniyor:  84%|████████▍ | 93410/111532 [10:14<01:33, 193.96epoch-kanal/s]
Veri yükleniyor:  84%|████████▍ | 93431/111532 [10:15<01:34, 191.44epoch-kanal/s]
Veri yükleniyor:  84%|████████▍ | 93451/111532 [10:15<01:35, 189.87epoch-kanal/s]
Veri yükleniyor:  84%|████████▍ | 93471/111532 [10:15<01:35, 189.33epoch-kanal/s]
Veri yükleniyor:  84%|████████▍ | 93491/111532 [10:15<01:35, 187.97epoch-kanal/s]
Veri yükleniyor:  84%|████████▍ | 93510/111532 [10:15<01:36, 187.46epoch-kanal/s]
Veri yükleniyor:  84%|████████▍ | 93529/111532 [10:15<01:37, 185.48epoch-kanal/s]
Veri yükleniyor:  84%|████████▍ | 93548/111532 [10:15<01:36, 185.85epoch-kanal/s]
Veri yükleniyor:  84%|████████▍ | 93567/111532 [10:15<01:37, 184.21epoch-kanal/s]
Veri yükleniyor:  84%|████████▍ | 93586/111532 [10:15<01:40, 179.32epoch-kanal/s]
Veri yükleniyor:  84%|████████▍ | 93606/111532 [10:16<01:37, 183.21epoch-kanal/s]
Veri yükleniyor:  84%|████████▍ | 93625/111532 [10:16<01:37, 183.40epoch-kanal/s]
Veri yükleniyor:  84%|████████▍ | 93644/111532 [10:16<01:37, 183.64epoch-kanal/s]
Veri yükleniyor:  84%|████████▍ | 93663/111532 [10:16<01:37, 183.28epoch-kanal/s]
Veri yükleniyor:  84%|████████▍ | 93682/111532 [10:16<01:37, 183.22epoch-kanal/s]
Veri yükleniyor:  84%|████████▍ | 93701/111532 [10:16<01:38, 180.99epoch-kanal/s]
Veri yükleniyor:  84%|████████▍ | 93720/111532 [10:16<01:38, 180.82epoch-kanal/s]
Veri yükleniyor:  84%|████████▍ | 93739/111532 [10:16<01:37, 182.35epoch-kanal/s]
Veri yükleniyor:  84%|████████▍ | 93758/111532 [10:16<01:39, 179.46epoch-kanal/s]
Veri yükleniyor:  84%|████████▍ | 93776/111532 [10:16<01:39, 179.23epoch-kanal/s]
Veri yükleniyor:  84%|████████▍ | 93794/111532 [10:17<01:39, 178.67epoch-kanal/s]
Veri yükleniyor:  84%|████████▍ | 93813/111532 [10:17<01:37, 181.59epoch-kanal/s]
Veri yükleniyor:  84%|████████▍ | 93832/111532 [10:17<01:37, 181.25epoch-kanal/s]
Veri yükleniyor:  84%|████████▍ | 93851/111532 [10:17<01:37, 181.13epoch-kanal/s]
Veri yükleniyor:  84%|████████▍ | 93870/111532 [10:17<01:37, 180.87epoch-kanal/s]
Veri yükleniyor:  84%|████████▍ | 93889/111532 [10:17<01:37, 180.16epoch-kanal/s]
Veri yükleniyor:  84%|████████▍ | 93908/111532 [10:17<01:37, 181.58epoch-kanal/s]
Veri yükleniyor:  84%|████████▍ | 93927/111532 [10:17<01:36, 182.01epoch-kanal/s]
Veri yükleniyor:  84%|████████▍ | 93946/111532 [10:17<01:35, 184.18epoch-kanal/s]
Veri yükleniyor:  84%|████████▍ | 93985/111532 [10:18<01:12, 243.55epoch-kanal/s]
Veri yükleniyor:  84%|████████▍ | 94025/111532 [10:18<01:00, 287.94epoch-kanal/s]
Veri yükleniyor:  84%|████████▍ | 94065/111532 [10:18<00:54, 320.76epoch-kanal/s]
Veri yükleniyor:  84%|████████▍ | 94104/111532 [10:18<00:51, 340.25epoch-kanal/s]
Veri yükleniyor:  84%|████████▍ | 94143/111532 [10:18<00:49, 354.31epoch-kanal/s]
Veri yükleniyor:  84%|████████▍ | 94179/111532 [10:18<00:49, 352.04epoch-kanal/s]
Veri yükleniyor:  84%|████████▍ | 94215/111532 [10:18<01:07, 255.28epoch-kanal/s]
Veri yükleniyor:  85%|████████▍ | 94245/111532 [10:18<01:16, 226.04epoch-kanal/s]
Veri yükleniyor:  85%|████████▍ | 94271/111532 [10:19<01:21, 211.79epoch-kanal/s]
Veri yükleniyor:  85%|████████▍ | 94295/111532 [10:19<01:23, 206.19epoch-kanal/s]
Veri yükleniyor:  85%|████████▍ | 94318/111532 [10:19<01:25, 200.33epoch-kanal/s]
Veri yükleniyor:  85%|████████▍ | 94339/111532 [10:19<01:29, 191.80epoch-kanal/s]
Veri yükleniyor:  85%|████████▍ | 94359/111532 [10:19<01:31, 187.83epoch-kanal/s]
Veri yükleniyor:  85%|████████▍ | 94379/111532 [10:19<01:32, 186.05epoch-kanal/s]
Veri yükleniyor:  85%|████████▍ | 94398/111532 [10:19<01:32, 185.22epoch-kanal/s]
Veri yükleniyor:  85%|████████▍ | 94417/111532 [10:19<01:33, 183.04epoch-kanal/s]
Veri yükleniyor:  85%|████████▍ | 94436/111532 [10:19<01:34, 180.79epoch-kanal/s]
Veri yükleniyor:  85%|████████▍ | 94455/111532 [10:20<01:34, 179.97epoch-kanal/s]
Veri yükleniyor:  85%|████████▍ | 94474/111532 [10:20<01:33, 182.08epoch-kanal/s]
Veri yükleniyor:  85%|████████▍ | 94493/111532 [10:20<01:34, 179.41epoch-kanal/s]
Veri yükleniyor:  85%|████████▍ | 94511/111532 [10:22<10:44, 26.41epoch-kanal/s] 
Veri yükleniyor:  85%|████████▍ | 94549/111532 [10:22<06:07, 46.23epoch-kanal/s]
Veri yükleniyor:  85%|████████▍ | 94589/111532 [10:22<03:53, 72.48epoch-kanal/s]
Veri yükleniyor:  85%|████████▍ | 94629/111532 [10:22<02:42, 103.87epoch-kanal/s]
Veri yükleniyor:  85%|████████▍ | 94669/111532 [10:22<02:01, 139.35epoch-kanal/s]
Veri yükleniyor:  85%|████████▍ | 94708/111532 [10:22<01:35, 176.09epoch-kanal/s]
Veri yükleniyor:  85%|████████▍ | 94748/111532 [10:23<01:18, 214.34epoch-kanal/s]
Veri yükleniyor:  85%|████████▍ | 94788/111532 [10:23<01:06, 250.23epoch-kanal/s]
Veri yükleniyor:  85%|████████▌ | 94826/111532 [10:26<07:45, 35.90epoch-kanal/s] 
Veri yükleniyor:  85%|████████▌ | 94867/111532 [10:26<05:30, 50.42epoch-kanal/s]
Veri yükleniyor:  85%|████████▌ | 94905/111532 [10:26<04:05, 67.73epoch-kanal/s]
Veri yükleniyor:  85%|████████▌ | 94943/111532 [10:26<03:05, 89.48epoch-kanal/s]
Veri yükleniyor:  85%|████████▌ | 94978/111532 [10:26<02:32, 108.57epoch-kanal/s]
Veri yükleniyor:  85%|████████▌ | 95016/111532 [10:26<01:59, 138.27epoch-kanal/s]
Veri yükleniyor:  85%|████████▌ | 95054/111532 [10:26<01:36, 170.85epoch-kanal/s]
Veri yükleniyor:  85%|████████▌ | 95093/111532 [10:27<01:19, 206.31epoch-kanal/s]
Veri yükleniyor:  85%|████████▌ | 95133/111532 [10:27<01:07, 242.74epoch-kanal/s]
Veri yükleniyor:  85%|████████▌ | 95170/111532 [10:30<07:40, 35.51epoch-kanal/s] 
Veri yükleniyor:  85%|████████▌ | 95211/111532 [10:30<05:27, 49.84epoch-kanal/s]
Veri yükleniyor:  85%|████████▌ | 95251/111532 [10:30<03:59, 68.00epoch-kanal/s]
Veri yükleniyor:  85%|████████▌ | 95291/111532 [10:30<02:58, 90.86epoch-kanal/s]
Veri yükleniyor:  85%|████████▌ | 95332/111532 [10:30<02:15, 119.39epoch-kanal/s]
Veri yükleniyor:  86%|████████▌ | 95371/111532 [10:30<01:47, 149.88epoch-kanal/s]
Veri yükleniyor:  86%|████████▌ | 95412/111532 [10:31<01:26, 185.75epoch-kanal/s]
Veri yükleniyor:  86%|████████▌ | 95453/111532 [10:31<01:12, 222.00epoch-kanal/s]
Veri yükleniyor:  86%|████████▌ | 95494/111532 [10:31<01:02, 257.09epoch-kanal/s]
Veri yükleniyor:  86%|████████▌ | 95534/111532 [10:34<07:03, 37.78epoch-kanal/s] 
Veri yükleniyor:  86%|████████▌ | 95574/111532 [10:34<05:08, 51.71epoch-kanal/s]
Veri yükleniyor:  86%|████████▌ | 95613/111532 [10:34<03:49, 69.35epoch-kanal/s]
Veri yükleniyor:  86%|████████▌ | 95654/111532 [10:34<02:50, 92.88epoch-kanal/s]
Veri yükleniyor:  86%|████████▌ | 95695/111532 [10:34<02:16, 115.63epoch-kanal/s]
Veri yükleniyor:  86%|████████▌ | 95732/111532 [10:34<01:50, 143.36epoch-kanal/s]
Veri yükleniyor:  86%|████████▌ | 95772/111532 [10:35<01:28, 177.78epoch-kanal/s]
Veri yükleniyor:  86%|████████▌ | 95808/111532 [10:38<08:37, 30.36epoch-kanal/s] 
Veri yükleniyor:  86%|████████▌ | 95846/111532 [10:38<06:15, 41.78epoch-kanal/s]
Veri yükleniyor:  86%|████████▌ | 95886/111532 [10:38<04:30, 57.75epoch-kanal/s]
Veri yükleniyor:  86%|████████▌ | 95927/111532 [10:39<03:18, 78.79epoch-kanal/s]
Veri yükleniyor:  86%|████████▌ | 95967/111532 [10:39<02:29, 104.03epoch-kanal/s]
Veri yükleniyor:  86%|████████▌ | 96008/111532 [10:39<01:55, 134.72epoch-kanal/s]
Veri yükleniyor:  86%|████████▌ | 96048/111532 [10:39<01:32, 167.98epoch-kanal/s]
Veri yükleniyor:  86%|████████▌ | 96088/111532 [10:39<01:16, 203.04epoch-kanal/s]
Veri yükleniyor:  86%|████████▌ | 96129/111532 [10:39<01:04, 238.99epoch-kanal/s]
Veri yükleniyor:  86%|████████▌ | 96170/111532 [10:39<00:56, 272.50epoch-kanal/s]
Veri yükleniyor:  86%|████████▋ | 96211/111532 [10:39<00:50, 302.01epoch-kanal/s]
Veri yükleniyor:  86%|████████▋ | 96251/111532 [10:39<00:47, 324.96epoch-kanal/s]
Veri yükleniyor:  86%|████████▋ | 96291/111532 [10:39<00:45, 337.50epoch-kanal/s]
Veri yükleniyor:  86%|████████▋ | 96331/111532 [10:40<00:43, 352.36epoch-kanal/s]
Veri yükleniyor:  86%|████████▋ | 96371/111532 [10:40<00:41, 363.99epoch-kanal/s]
Veri yükleniyor:  86%|████████▋ | 96411/111532 [10:42<05:31, 45.61epoch-kanal/s] 
Veri yükleniyor:  86%|████████▋ | 96451/111532 [10:42<04:03, 62.04epoch-kanal/s]
Veri yükleniyor:  87%|████████▋ | 96492/111532 [10:43<02:59, 83.68epoch-kanal/s]
Veri yükleniyor:  87%|████████▋ | 96533/111532 [10:43<02:16, 110.20epoch-kanal/s]
Veri yükleniyor:  87%|████████▋ | 96570/111532 [10:43<01:54, 131.17epoch-kanal/s]
Veri yükleniyor:  87%|████████▋ | 96609/111532 [10:43<01:31, 163.15epoch-kanal/s]
Veri yükleniyor:  87%|████████▋ | 96649/111532 [10:43<01:15, 198.28epoch-kanal/s]
Veri yükleniyor:  87%|████████▋ | 96688/111532 [10:43<01:04, 231.76epoch-kanal/s]
Veri yükleniyor:  87%|████████▋ | 96728/111532 [10:43<00:55, 265.25epoch-kanal/s]
Veri yükleniyor:  87%|████████▋ | 96768/111532 [10:43<00:51, 288.41epoch-kanal/s]
Veri yükleniyor:  87%|████████▋ | 96806/111532 [10:43<00:47, 309.60epoch-kanal/s]
Veri yükleniyor:  87%|████████▋ | 96847/111532 [10:44<00:43, 334.21epoch-kanal/s]
Veri yükleniyor:  87%|████████▋ | 96887/111532 [10:44<00:41, 349.63epoch-kanal/s]
Veri yükleniyor:  87%|████████▋ | 96928/111532 [10:44<00:40, 362.40epoch-kanal/s]
Veri yükleniyor:  87%|████████▋ | 96967/111532 [10:46<05:21, 45.28epoch-kanal/s] 
Veri yükleniyor:  87%|████████▋ | 97007/111532 [10:47<03:55, 61.71epoch-kanal/s]
Veri yükleniyor:  87%|████████▋ | 97048/111532 [10:47<02:53, 83.29epoch-kanal/s]
Veri yükleniyor:  87%|████████▋ | 97089/111532 [10:47<02:11, 109.73epoch-kanal/s]
Veri yükleniyor:  87%|████████▋ | 97129/111532 [10:47<01:42, 139.93epoch-kanal/s]
Veri yükleniyor:  87%|████████▋ | 97169/111532 [10:47<01:22, 173.45epoch-kanal/s]
Veri yükleniyor:  87%|████████▋ | 97210/111532 [10:47<01:08, 209.61epoch-kanal/s]
Veri yükleniyor:  87%|████████▋ | 97250/111532 [10:47<00:58, 243.16epoch-kanal/s]
Veri yükleniyor:  87%|████████▋ | 97291/111532 [10:47<00:51, 276.08epoch-kanal/s]
Veri yükleniyor:  87%|████████▋ | 97331/111532 [10:47<00:46, 303.07epoch-kanal/s]
Veri yükleniyor:  87%|████████▋ | 97371/111532 [10:51<06:09, 38.36epoch-kanal/s] 
Veri yükleniyor:  87%|████████▋ | 97413/111532 [10:51<04:24, 53.28epoch-kanal/s]
Veri yükleniyor:  87%|████████▋ | 97454/111532 [10:51<03:15, 72.13epoch-kanal/s]
Veri yükleniyor:  87%|████████▋ | 97495/111532 [10:51<02:26, 95.79epoch-kanal/s]
Veri yükleniyor:  87%|████████▋ | 97532/111532 [10:51<02:01, 115.69epoch-kanal/s]
Veri yükleniyor:  87%|████████▋ | 97573/111532 [10:51<01:34, 148.06epoch-kanal/s]
Veri yükleniyor:  88%|████████▊ | 97612/111532 [10:51<01:17, 180.75epoch-kanal/s]
Veri yükleniyor:  88%|████████▊ | 97650/111532 [10:51<01:05, 212.71epoch-kanal/s]
Veri yükleniyor:  88%|████████▊ | 97690/111532 [10:51<00:56, 246.95epoch-kanal/s]
Veri yükleniyor:  88%|████████▊ | 97728/111532 [10:51<00:51, 268.08epoch-kanal/s]
Veri yükleniyor:  88%|████████▊ | 97768/111532 [10:52<00:46, 297.65epoch-kanal/s]
Veri yükleniyor:  88%|████████▊ | 97808/111532 [10:52<00:42, 321.68epoch-kanal/s]
Veri yükleniyor:  88%|████████▊ | 97847/111532 [10:52<00:40, 337.83epoch-kanal/s]
Veri yükleniyor:  88%|████████▊ | 97886/111532 [10:52<00:38, 351.24epoch-kanal/s]
Veri yükleniyor:  88%|████████▊ | 97926/111532 [10:52<00:37, 362.31epoch-kanal/s]
Veri yükleniyor:  88%|████████▊ | 97965/111532 [10:55<05:03, 44.76epoch-kanal/s] 
Veri yükleniyor:  88%|████████▊ | 98005/111532 [10:55<03:40, 61.27epoch-kanal/s]
Veri yükleniyor:  88%|████████▊ | 98045/111532 [10:55<02:43, 82.37epoch-kanal/s]
Veri yükleniyor:  88%|████████▊ | 98085/111532 [10:55<02:04, 108.28epoch-kanal/s]
Veri yükleniyor:  88%|████████▊ | 98121/111532 [10:55<01:39, 134.34epoch-kanal/s]
Veri yükleniyor:  88%|████████▊ | 98161/111532 [10:55<01:19, 168.27epoch-kanal/s]
Veri yükleniyor:  88%|████████▊ | 98201/111532 [10:55<01:05, 204.38epoch-kanal/s]
Veri yükleniyor:  88%|████████▊ | 98240/111532 [10:55<00:56, 237.18epoch-kanal/s]
Veri yükleniyor:  88%|████████▊ | 98280/111532 [10:55<00:49, 269.58epoch-kanal/s]
Veri yükleniyor:  88%|████████▊ | 98319/111532 [10:56<00:44, 296.17epoch-kanal/s]
Veri yükleniyor:  88%|████████▊ | 98359/111532 [10:56<00:41, 320.96epoch-kanal/s]
Veri yükleniyor:  88%|████████▊ | 98399/111532 [10:56<00:38, 340.78epoch-kanal/s]
Veri yükleniyor:  88%|████████▊ | 98439/111532 [10:56<00:37, 353.21epoch-kanal/s]
Veri yükleniyor:  88%|████████▊ | 98480/111532 [10:56<00:35, 366.49epoch-kanal/s]
Veri yükleniyor:  88%|████████▊ | 98520/111532 [10:56<00:34, 373.69epoch-kanal/s]
Veri yükleniyor:  88%|████████▊ | 98560/111532 [10:56<00:36, 359.43epoch-kanal/s]
Veri yükleniyor:  88%|████████▊ | 98598/111532 [10:56<00:36, 352.93epoch-kanal/s]
Veri yükleniyor:  88%|████████▊ | 98637/111532 [10:56<00:35, 360.70epoch-kanal/s]
Veri yükleniyor:  88%|████████▊ | 98676/111532 [10:57<00:35, 366.84epoch-kanal/s]
Veri yükleniyor:  89%|████████▊ | 98716/111532 [10:57<00:34, 375.78epoch-kanal/s]
Veri yükleniyor:  89%|████████▊ | 98755/111532 [10:57<00:34, 368.30epoch-kanal/s]
Veri yükleniyor:  89%|████████▊ | 98793/111532 [10:57<00:37, 338.13epoch-kanal/s]
Veri yükleniyor:  89%|████████▊ | 98828/111532 [10:57<00:46, 273.77epoch-kanal/s]
Veri yükleniyor:  89%|████████▊ | 98858/111532 [10:57<00:52, 242.45epoch-kanal/s]
Veri yükleniyor:  89%|████████▊ | 98885/111532 [10:57<00:56, 223.69epoch-kanal/s]
Veri yükleniyor:  89%|████████▊ | 98909/111532 [10:58<00:59, 213.13epoch-kanal/s]
Veri yükleniyor:  89%|████████▊ | 98932/111532 [10:58<01:01, 204.71epoch-kanal/s]
Veri yükleniyor:  89%|████████▊ | 98954/111532 [10:58<01:02, 200.13epoch-kanal/s]
Veri yükleniyor:  89%|████████▊ | 98975/111532 [10:58<01:03, 196.79epoch-kanal/s]
Veri yükleniyor:  89%|████████▉ | 98995/111532 [10:58<01:04, 193.82epoch-kanal/s]
Veri yükleniyor:  89%|████████▉ | 99015/111532 [10:58<01:05, 190.34epoch-kanal/s]
Veri yükleniyor:  89%|████████▉ | 99035/111532 [10:58<01:07, 186.24epoch-kanal/s]
Veri yükleniyor:  89%|████████▉ | 99054/111532 [10:58<01:06, 187.07epoch-kanal/s]
Veri yükleniyor:  89%|████████▉ | 99073/111532 [10:58<01:08, 182.37epoch-kanal/s]
Veri yükleniyor:  89%|████████▉ | 99092/111532 [10:59<01:08, 181.34epoch-kanal/s]
Veri yükleniyor:  89%|████████▉ | 99111/111532 [10:59<01:09, 179.97epoch-kanal/s]
Veri yükleniyor:  89%|████████▉ | 99131/111532 [10:59<01:07, 183.46epoch-kanal/s]
Veri yükleniyor:  89%|████████▉ | 99150/111532 [10:59<01:06, 184.89epoch-kanal/s]
Veri yükleniyor:  89%|████████▉ | 99169/111532 [10:59<01:07, 182.35epoch-kanal/s]
Veri yükleniyor:  89%|████████▉ | 99188/111532 [10:59<01:07, 181.83epoch-kanal/s]
Veri yükleniyor:  89%|████████▉ | 99207/111532 [10:59<01:07, 183.33epoch-kanal/s]
Veri yükleniyor:  89%|████████▉ | 99226/111532 [10:59<01:06, 183.89epoch-kanal/s]
Veri yükleniyor:  89%|████████▉ | 99245/111532 [10:59<01:06, 183.55epoch-kanal/s]
Veri yükleniyor:  89%|████████▉ | 99264/111532 [10:59<01:08, 179.48epoch-kanal/s]
Veri yükleniyor:  89%|████████▉ | 99283/111532 [11:00<01:07, 180.37epoch-kanal/s]
Veri yükleniyor:  89%|████████▉ | 99302/111532 [11:00<01:06, 182.75epoch-kanal/s]
Veri yükleniyor:  89%|████████▉ | 99321/111532 [11:00<01:06, 184.56epoch-kanal/s]
Veri yükleniyor:  89%|████████▉ | 99340/111532 [11:00<01:06, 182.74epoch-kanal/s]
Veri yükleniyor:  89%|████████▉ | 99359/111532 [11:00<01:06, 182.35epoch-kanal/s]
Veri yükleniyor:  89%|████████▉ | 99378/111532 [11:00<01:06, 182.29epoch-kanal/s]
Veri yükleniyor:  89%|████████▉ | 99397/111532 [11:00<01:06, 183.28epoch-kanal/s]
Veri yükleniyor:  89%|████████▉ | 99416/111532 [11:00<01:06, 182.19epoch-kanal/s]
Veri yükleniyor:  89%|████████▉ | 99435/111532 [11:00<01:07, 179.49epoch-kanal/s]
Veri yükleniyor:  89%|████████▉ | 99454/111532 [11:01<01:06, 180.71epoch-kanal/s]
Veri yükleniyor:  89%|████████▉ | 99473/111532 [11:01<01:06, 181.74epoch-kanal/s]
Veri yükleniyor:  89%|████████▉ | 99492/111532 [11:01<01:05, 184.05epoch-kanal/s]
Veri yükleniyor:  89%|████████▉ | 99511/111532 [11:01<01:05, 183.26epoch-kanal/s]
Veri yükleniyor:  89%|████████▉ | 99530/111532 [11:01<01:05, 184.49epoch-kanal/s]
Veri yükleniyor:  89%|████████▉ | 99549/111532 [11:01<01:05, 183.68epoch-kanal/s]
Veri yükleniyor:  89%|████████▉ | 99568/111532 [11:01<01:05, 181.67epoch-kanal/s]
Veri yükleniyor:  89%|████████▉ | 99587/111532 [11:01<01:05, 182.29epoch-kanal/s]
Veri yükleniyor:  89%|████████▉ | 99606/111532 [11:01<01:04, 184.42epoch-kanal/s]
Veri yükleniyor:  89%|████████▉ | 99625/111532 [11:01<01:05, 180.84epoch-kanal/s]
Veri yükleniyor:  89%|████████▉ | 99644/111532 [11:02<01:05, 180.22epoch-kanal/s]
Veri yükleniyor:  89%|████████▉ | 99663/111532 [11:02<01:05, 182.59epoch-kanal/s]
Veri yükleniyor:  89%|████████▉ | 99682/111532 [11:02<01:04, 182.84epoch-kanal/s]
Veri yükleniyor:  89%|████████▉ | 99701/111532 [11:02<01:04, 184.16epoch-kanal/s]
Veri yükleniyor:  89%|████████▉ | 99720/111532 [11:02<01:03, 185.17epoch-kanal/s]
Veri yükleniyor:  89%|████████▉ | 99739/111532 [11:02<01:05, 179.49epoch-kanal/s]
Veri yükleniyor:  89%|████████▉ | 99758/111532 [11:02<01:05, 180.36epoch-kanal/s]
Veri yükleniyor:  89%|████████▉ | 99777/111532 [11:02<01:04, 181.04epoch-kanal/s]
Veri yükleniyor:  89%|████████▉ | 99796/111532 [11:02<01:04, 181.36epoch-kanal/s]
Veri yükleniyor:  89%|████████▉ | 99815/111532 [11:02<01:05, 179.50epoch-kanal/s]
Veri yükleniyor:  90%|████████▉ | 99834/111532 [11:03<01:04, 180.15epoch-kanal/s]
Veri yükleniyor:  90%|████████▉ | 99853/111532 [11:03<01:04, 180.07epoch-kanal/s]
Veri yükleniyor:  90%|████████▉ | 99872/111532 [11:03<01:03, 182.38epoch-kanal/s]
Veri yükleniyor:  90%|████████▉ | 99891/111532 [11:03<01:03, 182.59epoch-kanal/s]
Veri yükleniyor:  90%|████████▉ | 99910/111532 [11:03<01:03, 182.42epoch-kanal/s]
Veri yükleniyor:  90%|████████▉ | 99929/111532 [11:03<01:03, 182.15epoch-kanal/s]
Veri yükleniyor:  90%|████████▉ | 99948/111532 [11:03<01:03, 182.17epoch-kanal/s]
Veri yükleniyor:  90%|████████▉ | 99967/111532 [11:03<01:02, 183.70epoch-kanal/s]
Veri yükleniyor:  90%|████████▉ | 99986/111532 [11:03<01:05, 177.38epoch-kanal/s]
Veri yükleniyor:  90%|████████▉ | 100005/111532 [11:04<01:03, 180.88epoch-kanal/s]
Veri yükleniyor:  90%|████████▉ | 100024/111532 [11:04<01:03, 182.16epoch-kanal/s]
Veri yükleniyor:  90%|████████▉ | 100043/111532 [11:04<01:03, 182.35epoch-kanal/s]
Veri yükleniyor:  90%|████████▉ | 100063/111532 [11:04<01:01, 185.24epoch-kanal/s]
Veri yükleniyor:  90%|████████▉ | 100082/111532 [11:04<01:02, 182.40epoch-kanal/s]
Veri yükleniyor:  90%|████████▉ | 100101/111532 [11:04<01:03, 180.10epoch-kanal/s]
Veri yükleniyor:  90%|████████▉ | 100120/111532 [11:04<01:02, 181.63epoch-kanal/s]
Veri yükleniyor:  90%|████████▉ | 100139/111532 [11:04<01:02, 181.42epoch-kanal/s]
Veri yükleniyor:  90%|████████▉ | 100158/111532 [11:04<01:03, 180.23epoch-kanal/s]
Veri yükleniyor:  90%|████████▉ | 100177/111532 [11:04<01:03, 179.01epoch-kanal/s]
Veri yükleniyor:  90%|████████▉ | 100196/111532 [11:05<01:02, 180.22epoch-kanal/s]
Veri yükleniyor:  90%|████████▉ | 100215/111532 [11:05<01:02, 181.98epoch-kanal/s]
Veri yükleniyor:  90%|████████▉ | 100235/111532 [11:05<01:00, 185.26epoch-kanal/s]
Veri yükleniyor:  90%|████████▉ | 100254/111532 [11:05<01:00, 185.92epoch-kanal/s]
Veri yükleniyor:  90%|████████▉ | 100273/111532 [11:05<01:01, 184.56epoch-kanal/s]
Veri yükleniyor:  90%|████████▉ | 100292/111532 [11:05<01:00, 184.75epoch-kanal/s]
Veri yükleniyor:  90%|████████▉ | 100311/111532 [11:05<01:00, 184.33epoch-kanal/s]
Veri yükleniyor:  90%|████████▉ | 100330/111532 [11:05<01:03, 175.86epoch-kanal/s]
Veri yükleniyor:  90%|████████▉ | 100348/111532 [11:05<01:04, 172.15epoch-kanal/s]
Veri yükleniyor:  90%|████████▉ | 100367/111532 [11:06<01:03, 176.18epoch-kanal/s]
Veri yükleniyor:  90%|█████████ | 100386/111532 [11:06<01:02, 178.76epoch-kanal/s]
Veri yükleniyor:  90%|█████████ | 100404/111532 [11:06<01:02, 178.71epoch-kanal/s]
Veri yükleniyor:  90%|█████████ | 100422/111532 [11:06<01:09, 159.53epoch-kanal/s]
Veri yükleniyor:  90%|█████████ | 100439/111532 [11:06<01:11, 155.70epoch-kanal/s]
Veri yükleniyor:  90%|█████████ | 100458/111532 [11:06<01:07, 163.23epoch-kanal/s]
Veri yükleniyor:  90%|█████████ | 100477/111532 [11:06<01:05, 168.69epoch-kanal/s]
Veri yükleniyor:  90%|█████████ | 100495/111532 [11:06<01:04, 170.91epoch-kanal/s]
Veri yükleniyor:  90%|█████████ | 100513/111532 [11:06<01:04, 170.97epoch-kanal/s]
Veri yükleniyor:  90%|█████████ | 100531/111532 [11:07<02:36, 70.30epoch-kanal/s] 
Veri yükleniyor:  90%|█████████ | 100548/111532 [11:07<02:10, 84.17epoch-kanal/s]
Veri yükleniyor:  90%|█████████ | 100567/111532 [11:07<01:47, 101.74epoch-kanal/s]
Veri yükleniyor:  90%|█████████ | 100583/111532 [11:07<01:45, 104.13epoch-kanal/s]
Veri yükleniyor:  90%|█████████ | 100601/111532 [11:07<01:31, 119.53epoch-kanal/s]
Veri yükleniyor:  90%|█████████ | 100619/111532 [11:08<01:22, 132.36epoch-kanal/s]
Veri yükleniyor:  90%|█████████ | 100638/111532 [11:08<01:14, 146.07epoch-kanal/s]
Veri yükleniyor:  90%|█████████ | 100657/111532 [11:08<01:09, 156.55epoch-kanal/s]
Veri yükleniyor:  90%|█████████ | 100677/111532 [11:08<01:05, 166.72epoch-kanal/s]
Veri yükleniyor:  90%|█████████ | 100696/111532 [11:08<01:03, 171.35epoch-kanal/s]
Veri yükleniyor:  90%|█████████ | 100715/111532 [11:08<01:02, 172.41epoch-kanal/s]
Veri yükleniyor:  90%|█████████ | 100734/111532 [11:08<01:01, 175.01epoch-kanal/s]
Veri yükleniyor:  90%|█████████ | 100753/111532 [11:08<01:00, 176.94epoch-kanal/s]
Veri yükleniyor:  90%|█████████ | 100772/111532 [11:08<01:01, 175.68epoch-kanal/s]
Veri yükleniyor:  90%|█████████ | 100791/111532 [11:09<01:00, 177.48epoch-kanal/s]
Veri yükleniyor:  90%|█████████ | 100810/111532 [11:09<00:59, 180.00epoch-kanal/s]
Veri yükleniyor:  90%|█████████ | 100829/111532 [11:09<00:59, 181.29epoch-kanal/s]
Veri yükleniyor:  90%|█████████ | 100848/111532 [11:09<00:58, 182.96epoch-kanal/s]
Veri yükleniyor:  90%|█████████ | 100867/111532 [11:09<00:59, 180.07epoch-kanal/s]
Veri yükleniyor:  90%|█████████ | 100886/111532 [11:09<00:58, 180.62epoch-kanal/s]
Veri yükleniyor:  90%|█████████ | 100905/111532 [11:09<00:58, 182.42epoch-kanal/s]
Veri yükleniyor:  90%|█████████ | 100924/111532 [11:09<00:58, 182.88epoch-kanal/s]
Veri yükleniyor:  91%|█████████ | 100943/111532 [11:09<00:57, 183.83epoch-kanal/s]
Veri yükleniyor:  91%|█████████ | 100962/111532 [11:09<00:59, 178.25epoch-kanal/s]
Veri yükleniyor:  91%|█████████ | 100981/111532 [11:10<00:58, 180.20epoch-kanal/s]
Veri yükleniyor:  91%|█████████ | 101000/111532 [11:10<00:58, 180.70epoch-kanal/s]
Veri yükleniyor:  91%|█████████ | 101019/111532 [11:10<00:57, 183.20epoch-kanal/s]
Veri yükleniyor:  91%|█████████ | 101038/111532 [11:10<00:57, 184.06epoch-kanal/s]
Veri yükleniyor:  91%|█████████ | 101057/111532 [11:10<00:57, 183.19epoch-kanal/s]
Veri yükleniyor:  91%|█████████ | 101076/111532 [11:10<00:58, 180.23epoch-kanal/s]
Veri yükleniyor:  91%|█████████ | 101095/111532 [11:10<00:58, 179.55epoch-kanal/s]
Veri yükleniyor:  91%|█████████ | 101114/111532 [11:10<00:57, 181.06epoch-kanal/s]
Veri yükleniyor:  91%|█████████ | 101133/111532 [11:10<00:57, 179.58epoch-kanal/s]
Veri yükleniyor:  91%|█████████ | 101151/111532 [11:11<00:58, 178.54epoch-kanal/s]
Veri yükleniyor:  91%|█████████ | 101169/111532 [11:11<00:58, 178.21epoch-kanal/s]
Veri yükleniyor:  91%|█████████ | 101188/111532 [11:11<00:57, 181.13epoch-kanal/s]
Veri yükleniyor:  91%|█████████ | 101207/111532 [11:11<00:56, 183.19epoch-kanal/s]
Veri yükleniyor:  91%|█████████ | 101226/111532 [11:11<00:56, 183.20epoch-kanal/s]
Veri yükleniyor:  91%|█████████ | 101245/111532 [11:11<00:55, 184.35epoch-kanal/s]
Veri yükleniyor:  91%|█████████ | 101264/111532 [11:11<00:55, 183.70epoch-kanal/s]
Veri yükleniyor:  91%|█████████ | 101283/111532 [11:11<00:55, 183.46epoch-kanal/s]
Veri yükleniyor:  91%|█████████ | 101302/111532 [11:11<00:55, 183.15epoch-kanal/s]
Veri yükleniyor:  91%|█████████ | 101321/111532 [11:11<00:56, 180.69epoch-kanal/s]
Veri yükleniyor:  91%|█████████ | 101340/111532 [11:12<00:55, 182.74epoch-kanal/s]
Veri yükleniyor:  91%|█████████ | 101359/111532 [11:12<00:55, 184.07epoch-kanal/s]
Veri yükleniyor:  91%|█████████ | 101378/111532 [11:12<00:55, 183.89epoch-kanal/s]
Veri yükleniyor:  91%|█████████ | 101397/111532 [11:12<00:55, 183.69epoch-kanal/s]
Veri yükleniyor:  91%|█████████ | 101416/111532 [11:12<00:54, 184.08epoch-kanal/s]
Veri yükleniyor:  91%|█████████ | 101435/111532 [11:12<00:54, 184.17epoch-kanal/s]
Veri yükleniyor:  91%|█████████ | 101454/111532 [11:12<00:54, 184.89epoch-kanal/s]
Veri yükleniyor:  91%|█████████ | 101473/111532 [11:12<00:54, 184.70epoch-kanal/s]
Veri yükleniyor:  91%|█████████ | 101492/111532 [11:12<00:54, 183.37epoch-kanal/s]
Veri yükleniyor:  91%|█████████ | 101511/111532 [11:12<00:55, 181.02epoch-kanal/s]
Veri yükleniyor:  91%|█████████ | 101530/111532 [11:13<00:54, 182.39epoch-kanal/s]
Veri yükleniyor:  91%|█████████ | 101550/111532 [11:13<00:54, 184.70epoch-kanal/s]
Veri yükleniyor:  91%|█████████ | 101569/111532 [11:13<00:53, 184.74epoch-kanal/s]
Veri yükleniyor:  91%|█████████ | 101588/111532 [11:13<00:53, 184.48epoch-kanal/s]
Veri yükleniyor:  91%|█████████ | 101607/111532 [11:13<00:53, 184.02epoch-kanal/s]
Veri yükleniyor:  91%|█████████ | 101626/111532 [11:13<00:54, 182.55epoch-kanal/s]
Veri yükleniyor:  91%|█████████ | 101645/111532 [11:13<00:54, 181.29epoch-kanal/s]
Veri yükleniyor:  91%|█████████ | 101664/111532 [11:13<00:54, 181.75epoch-kanal/s]
Veri yükleniyor:  91%|█████████ | 101683/111532 [11:13<00:54, 179.35epoch-kanal/s]
Veri yükleniyor:  91%|█████████ | 101701/111532 [11:14<00:55, 176.87epoch-kanal/s]
Veri yükleniyor:  91%|█████████ | 101720/111532 [11:14<00:54, 179.94epoch-kanal/s]
Veri yükleniyor:  91%|█████████ | 101739/111532 [11:14<00:54, 178.83epoch-kanal/s]
Veri yükleniyor:  91%|█████████ | 101758/111532 [11:14<00:53, 181.38epoch-kanal/s]
Veri yükleniyor:  91%|█████████▏| 101777/111532 [11:14<00:54, 180.34epoch-kanal/s]
Veri yükleniyor:  91%|█████████▏| 101796/111532 [11:14<00:54, 179.50epoch-kanal/s]
Veri yükleniyor:  91%|█████████▏| 101815/111532 [11:14<00:53, 181.25epoch-kanal/s]
Veri yükleniyor:  91%|█████████▏| 101834/111532 [11:14<00:53, 180.09epoch-kanal/s]
Veri yükleniyor:  91%|█████████▏| 101853/111532 [11:14<00:53, 182.45epoch-kanal/s]
Veri yükleniyor:  91%|█████████▏| 101872/111532 [11:14<00:54, 177.59epoch-kanal/s]
Veri yükleniyor:  91%|█████████▏| 101891/111532 [11:15<00:53, 180.24epoch-kanal/s]
Veri yükleniyor:  91%|█████████▏| 101910/111532 [11:15<00:53, 181.38epoch-kanal/s]
Veri yükleniyor:  91%|█████████▏| 101934/111532 [11:15<00:48, 198.14epoch-kanal/s]
Veri yükleniyor:  91%|█████████▏| 101973/111532 [11:15<00:37, 252.84epoch-kanal/s]
Veri yükleniyor:  91%|█████████▏| 102013/111532 [11:15<00:32, 295.38epoch-kanal/s]
Veri yükleniyor:  92%|█████████▏| 102052/111532 [11:15<00:29, 321.86epoch-kanal/s]
Veri yükleniyor:  92%|█████████▏| 102091/111532 [11:15<00:27, 339.86epoch-kanal/s]
Veri yükleniyor:  92%|█████████▏| 102126/111532 [11:15<00:32, 293.90epoch-kanal/s]
Veri yükleniyor:  92%|█████████▏| 102157/111532 [11:16<00:37, 246.72epoch-kanal/s]
Veri yükleniyor:  92%|█████████▏| 102184/111532 [11:16<00:41, 225.71epoch-kanal/s]
Veri yükleniyor:  92%|█████████▏| 102209/111532 [11:16<00:42, 216.99epoch-kanal/s]
Veri yükleniyor:  92%|█████████▏| 102232/111532 [11:16<00:44, 208.01epoch-kanal/s]
Veri yükleniyor:  92%|█████████▏| 102254/111532 [11:16<00:45, 201.81epoch-kanal/s]
Veri yükleniyor:  92%|█████████▏| 102275/111532 [11:16<00:47, 193.99epoch-kanal/s]
Veri yükleniyor:  92%|█████████▏| 102295/111532 [11:16<00:48, 191.27epoch-kanal/s]
Veri yükleniyor:  92%|█████████▏| 102315/111532 [11:16<00:48, 188.28epoch-kanal/s]
Veri yükleniyor:  92%|█████████▏| 102334/111532 [11:16<00:49, 185.13epoch-kanal/s]
Veri yükleniyor:  92%|█████████▏| 102353/111532 [11:17<00:49, 183.76epoch-kanal/s]
Veri yükleniyor:  92%|█████████▏| 102373/111532 [11:17<00:49, 186.08epoch-kanal/s]
Veri yükleniyor:  92%|█████████▏| 102392/111532 [11:17<00:49, 185.96epoch-kanal/s]
Veri yükleniyor:  92%|█████████▏| 102411/111532 [11:17<00:49, 185.61epoch-kanal/s]
Veri yükleniyor:  92%|█████████▏| 102430/111532 [11:17<00:48, 186.13epoch-kanal/s]
Veri yükleniyor:  92%|█████████▏| 102449/111532 [11:17<00:49, 183.46epoch-kanal/s]
Veri yükleniyor:  92%|█████████▏| 102468/111532 [11:17<00:49, 184.44epoch-kanal/s]
Veri yükleniyor:  92%|█████████▏| 102487/111532 [11:17<00:49, 182.69epoch-kanal/s]
Veri yükleniyor:  92%|█████████▏| 102506/111532 [11:17<00:49, 180.78epoch-kanal/s]
Veri yükleniyor:  92%|█████████▏| 102525/111532 [11:18<00:49, 180.70epoch-kanal/s]
Veri yükleniyor:  92%|█████████▏| 102544/111532 [11:18<00:50, 179.03epoch-kanal/s]
Veri yükleniyor:  92%|█████████▏| 102563/111532 [11:18<00:49, 180.37epoch-kanal/s]
Veri yükleniyor:  92%|█████████▏| 102582/111532 [11:18<00:49, 182.45epoch-kanal/s]
Veri yükleniyor:  92%|█████████▏| 102601/111532 [11:18<00:49, 182.17epoch-kanal/s]
Veri yükleniyor:  92%|█████████▏| 102620/111532 [11:18<00:55, 160.45epoch-kanal/s]
Veri yükleniyor:  92%|█████████▏| 102639/111532 [11:18<00:53, 167.66epoch-kanal/s]
Veri yükleniyor:  92%|█████████▏| 102658/111532 [11:18<00:51, 172.59epoch-kanal/s]
Veri yükleniyor:  92%|█████████▏| 102676/111532 [11:18<00:51, 172.82epoch-kanal/s]
Veri yükleniyor:  92%|█████████▏| 102694/111532 [11:19<00:50, 173.55epoch-kanal/s]
Veri yükleniyor:  92%|█████████▏| 102713/111532 [11:19<00:49, 177.37epoch-kanal/s]
Veri yükleniyor:  92%|█████████▏| 102732/111532 [11:19<00:49, 179.17epoch-kanal/s]
Veri yükleniyor:  92%|█████████▏| 102751/111532 [11:19<00:48, 180.60epoch-kanal/s]
Veri yükleniyor:  92%|█████████▏| 102785/111532 [11:19<00:38, 226.39epoch-kanal/s]
Veri yükleniyor:  92%|█████████▏| 102824/111532 [11:19<00:31, 272.71epoch-kanal/s]
Veri yükleniyor:  92%|█████████▏| 102864/111532 [11:19<00:28, 308.10epoch-kanal/s]
Veri yükleniyor:  92%|█████████▏| 102904/111532 [11:19<00:25, 334.16epoch-kanal/s]
Veri yükleniyor:  92%|█████████▏| 102944/111532 [11:19<00:24, 351.74epoch-kanal/s]
Veri yükleniyor:  92%|█████████▏| 102982/111532 [11:19<00:23, 359.19epoch-kanal/s]
Veri yükleniyor:  92%|█████████▏| 103018/111532 [11:20<00:28, 294.80epoch-kanal/s]
Veri yükleniyor:  92%|█████████▏| 103050/111532 [11:20<00:33, 253.59epoch-kanal/s]
Veri yükleniyor:  92%|█████████▏| 103078/111532 [11:20<00:36, 231.97epoch-kanal/s]
Veri yükleniyor:  92%|█████████▏| 103103/111532 [11:20<00:38, 216.65epoch-kanal/s]
Veri yükleniyor:  92%|█████████▏| 103126/111532 [11:20<00:40, 207.87epoch-kanal/s]
Veri yükleniyor:  92%|█████████▏| 103148/111532 [11:20<00:41, 201.77epoch-kanal/s]
Veri yükleniyor:  93%|█████████▎| 103169/111532 [11:20<00:43, 193.51epoch-kanal/s]
Veri yükleniyor:  93%|█████████▎| 103189/111532 [11:21<00:43, 189.97epoch-kanal/s]
Veri yükleniyor:  93%|█████████▎| 103209/111532 [11:21<00:43, 189.42epoch-kanal/s]
Veri yükleniyor:  93%|█████████▎| 103229/111532 [11:21<00:49, 166.10epoch-kanal/s]
Veri yükleniyor:  93%|█████████▎| 103247/111532 [11:21<00:49, 168.49epoch-kanal/s]
Veri yükleniyor:  93%|█████████▎| 103265/111532 [11:21<00:48, 170.78epoch-kanal/s]
Veri yükleniyor:  93%|█████████▎| 103284/111532 [11:21<00:47, 173.53epoch-kanal/s]
Veri yükleniyor:  93%|█████████▎| 103303/111532 [11:21<00:46, 176.86epoch-kanal/s]
Veri yükleniyor:  93%|█████████▎| 103322/111532 [11:21<00:45, 179.32epoch-kanal/s]
Veri yükleniyor:  93%|█████████▎| 103341/111532 [11:21<00:46, 176.01epoch-kanal/s]
Veri yükleniyor:  93%|█████████▎| 103360/111532 [11:22<00:45, 177.79epoch-kanal/s]
Veri yükleniyor:  93%|█████████▎| 103379/111532 [11:22<00:45, 181.03epoch-kanal/s]
Veri yükleniyor:  93%|█████████▎| 103398/111532 [11:22<00:44, 182.00epoch-kanal/s]
Veri yükleniyor:  93%|█████████▎| 103417/111532 [11:22<00:44, 183.28epoch-kanal/s]
Veri yükleniyor:  93%|█████████▎| 103436/111532 [11:22<00:44, 181.64epoch-kanal/s]
Veri yükleniyor:  93%|█████████▎| 103455/111532 [11:22<00:44, 181.56epoch-kanal/s]
Veri yükleniyor:  93%|█████████▎| 103474/111532 [11:22<00:44, 180.54epoch-kanal/s]
Veri yükleniyor:  93%|█████████▎| 103493/111532 [11:22<00:44, 180.70epoch-kanal/s]
Veri yükleniyor:  93%|█████████▎| 103512/111532 [11:22<00:44, 181.49epoch-kanal/s]
Veri yükleniyor:  93%|█████████▎| 103531/111532 [11:22<00:45, 177.76epoch-kanal/s]
Veri yükleniyor:  93%|█████████▎| 103550/111532 [11:23<00:44, 181.08epoch-kanal/s]
Veri yükleniyor:  93%|█████████▎| 103569/111532 [11:23<00:44, 180.96epoch-kanal/s]
Veri yükleniyor:  93%|█████████▎| 103588/111532 [11:23<00:43, 183.11epoch-kanal/s]
Veri yükleniyor:  93%|█████████▎| 103607/111532 [11:23<00:44, 179.91epoch-kanal/s]
Veri yükleniyor:  93%|█████████▎| 103638/111532 [11:23<00:36, 216.97epoch-kanal/s]
Veri yükleniyor:  93%|█████████▎| 103677/111532 [11:23<00:29, 267.22epoch-kanal/s]
Veri yükleniyor:  93%|█████████▎| 103715/111532 [11:23<00:26, 299.64epoch-kanal/s]
Veri yükleniyor:  93%|█████████▎| 103751/111532 [11:23<00:24, 315.92epoch-kanal/s]
Veri yükleniyor:  93%|█████████▎| 103787/111532 [11:23<00:23, 328.39epoch-kanal/s]
Veri yükleniyor:  93%|█████████▎| 103824/111532 [11:23<00:22, 338.44epoch-kanal/s]
Veri yükleniyor:  93%|█████████▎| 103859/111532 [11:24<00:22, 339.86epoch-kanal/s]
Veri yükleniyor:  93%|█████████▎| 103894/111532 [11:24<00:25, 295.31epoch-kanal/s]
Veri yükleniyor:  93%|█████████▎| 103925/111532 [11:24<00:38, 200.09epoch-kanal/s]
Veri yükleniyor:  93%|█████████▎| 103950/111532 [11:24<00:46, 162.23epoch-kanal/s]
Veri yükleniyor:  93%|█████████▎| 103971/111532 [11:24<00:49, 151.86epoch-kanal/s]
Veri yükleniyor:  93%|█████████▎| 103990/111532 [11:25<00:47, 157.57epoch-kanal/s]
Veri yükleniyor:  93%|█████████▎| 104009/111532 [11:25<00:48, 155.38epoch-kanal/s]
Veri yükleniyor:  93%|█████████▎| 104027/111532 [11:25<00:50, 148.73epoch-kanal/s]
Veri yükleniyor:  93%|█████████▎| 104043/111532 [11:25<00:50, 149.00epoch-kanal/s]
Veri yükleniyor:  93%|█████████▎| 104059/111532 [11:25<00:51, 145.60epoch-kanal/s]
Veri yükleniyor:  93%|█████████▎| 104075/111532 [11:25<00:52, 140.82epoch-kanal/s]
Veri yükleniyor:  93%|█████████▎| 104091/111532 [11:25<00:51, 144.28epoch-kanal/s]
Veri yükleniyor:  93%|█████████▎| 104109/111532 [11:25<00:48, 153.16epoch-kanal/s]
Veri yükleniyor:  93%|█████████▎| 104125/111532 [11:25<00:50, 148.02epoch-kanal/s]
Veri yükleniyor:  93%|█████████▎| 104141/111532 [11:26<00:50, 145.82epoch-kanal/s]
Veri yükleniyor:  93%|█████████▎| 104156/111532 [11:26<00:50, 146.17epoch-kanal/s]
Veri yükleniyor:  93%|█████████▎| 104171/111532 [11:26<00:50, 145.92epoch-kanal/s]
Veri yükleniyor:  93%|█████████▎| 104186/111532 [11:27<04:22, 27.97epoch-kanal/s] 
Veri yükleniyor:  93%|█████████▎| 104226/111532 [11:28<02:14, 54.48epoch-kanal/s]
Veri yükleniyor:  93%|█████████▎| 104266/111532 [11:28<01:24, 86.30epoch-kanal/s]
Veri yükleniyor:  94%|█████████▎| 104307/111532 [11:28<00:58, 123.83epoch-kanal/s]
Veri yükleniyor:  94%|█████████▎| 104348/111532 [11:28<00:43, 164.20epoch-kanal/s]
Veri yükleniyor:  94%|█████████▎| 104381/111532 [11:28<00:39, 179.57epoch-kanal/s]
Veri yükleniyor:  94%|█████████▎| 104420/111532 [11:28<00:32, 217.49epoch-kanal/s]
Veri yükleniyor:  94%|█████████▎| 104459/111532 [11:28<00:27, 253.04epoch-kanal/s]
Veri yükleniyor:  94%|█████████▎| 104499/111532 [11:28<00:24, 286.45epoch-kanal/s]
Veri yükleniyor:  94%|█████████▎| 104536/111532 [11:31<03:15, 35.71epoch-kanal/s] 
Veri yükleniyor:  94%|█████████▍| 104574/111532 [11:32<02:21, 49.21epoch-kanal/s]
Veri yükleniyor:  94%|█████████▍| 104615/111532 [11:32<01:41, 68.31epoch-kanal/s]
Veri yükleniyor:  94%|█████████▍| 104655/111532 [11:32<01:15, 91.61epoch-kanal/s]
Veri yükleniyor:  94%|█████████▍| 104696/111532 [11:32<00:56, 120.51epoch-kanal/s]
Veri yükleniyor:  94%|█████████▍| 104736/111532 [11:32<00:44, 152.47epoch-kanal/s]
Veri yükleniyor:  94%|█████████▍| 104774/111532 [11:32<00:36, 184.33epoch-kanal/s]
Veri yükleniyor:  94%|█████████▍| 104812/111532 [11:32<00:32, 207.55epoch-kanal/s]
Veri yükleniyor:  94%|█████████▍| 104851/111532 [11:32<00:27, 240.55epoch-kanal/s]
Veri yükleniyor:  94%|█████████▍| 104890/111532 [11:32<00:24, 271.38epoch-kanal/s]
Veri yükleniyor:  94%|█████████▍| 104927/111532 [11:36<03:01, 36.30epoch-kanal/s] 
Veri yükleniyor:  94%|█████████▍| 104966/111532 [11:36<02:11, 50.06epoch-kanal/s]
Veri yükleniyor:  94%|█████████▍| 105007/111532 [11:36<01:34, 68.99epoch-kanal/s]
Veri yükleniyor:  94%|█████████▍| 105048/111532 [11:36<01:09, 92.76epoch-kanal/s]
Veri yükleniyor:  94%|█████████▍| 105089/111532 [11:36<00:55, 115.72epoch-kanal/s]
Veri yükleniyor:  94%|█████████▍| 105127/111532 [11:36<00:44, 144.71epoch-kanal/s]
Veri yükleniyor:  94%|█████████▍| 105167/111532 [11:36<00:35, 179.22epoch-kanal/s]
Veri yükleniyor:  94%|█████████▍| 105205/111532 [11:36<00:29, 211.42epoch-kanal/s]
Veri yükleniyor:  94%|█████████▍| 105242/111532 [11:40<02:57, 35.45epoch-kanal/s] 
Veri yükleniyor:  94%|█████████▍| 105281/111532 [11:40<02:07, 48.87epoch-kanal/s]
Veri yükleniyor:  94%|█████████▍| 105321/111532 [11:40<01:32, 66.91epoch-kanal/s]
Veri yükleniyor:  94%|█████████▍| 105362/111532 [11:40<01:08, 90.24epoch-kanal/s]
Veri yükleniyor:  95%|█████████▍| 105403/111532 [11:40<00:51, 118.65epoch-kanal/s]
Veri yükleniyor:  95%|█████████▍| 105443/111532 [11:40<00:40, 150.34epoch-kanal/s]
Veri yükleniyor:  95%|█████████▍| 105482/111532 [11:40<00:33, 183.09epoch-kanal/s]
Veri yükleniyor:  95%|█████████▍| 105523/111532 [11:40<00:27, 219.82epoch-kanal/s]
Veri yükleniyor:  95%|█████████▍| 105562/111532 [11:40<00:23, 250.19epoch-kanal/s]
Veri yükleniyor:  95%|█████████▍| 105601/111532 [11:44<02:39, 37.14epoch-kanal/s] 
Veri yükleniyor:  95%|█████████▍| 105640/111532 [11:44<01:56, 50.76epoch-kanal/s]
Veri yükleniyor:  95%|█████████▍| 105680/111532 [11:44<01:24, 69.04epoch-kanal/s]
Veri yükleniyor:  95%|█████████▍| 105720/111532 [11:44<01:03, 92.07epoch-kanal/s]
Veri yükleniyor:  95%|█████████▍| 105756/111532 [11:44<00:52, 111.04epoch-kanal/s]
Veri yükleniyor:  95%|█████████▍| 105795/111532 [11:44<00:40, 141.35epoch-kanal/s]
Veri yükleniyor:  95%|█████████▍| 105835/111532 [11:44<00:32, 176.21epoch-kanal/s]
Veri yükleniyor:  95%|█████████▍| 105874/111532 [11:44<00:26, 210.74epoch-kanal/s]
Veri yükleniyor:  95%|█████████▍| 105914/111532 [11:44<00:22, 245.19epoch-kanal/s]
Veri yükleniyor:  95%|█████████▍| 105952/111532 [11:44<00:20, 269.23epoch-kanal/s]
Veri yükleniyor:  95%|█████████▌| 105991/111532 [11:45<00:18, 295.54epoch-kanal/s]
Veri yükleniyor:  95%|█████████▌| 106031/111532 [11:45<00:17, 320.63epoch-kanal/s]
Veri yükleniyor:  95%|█████████▌| 106070/111532 [11:45<00:16, 337.87epoch-kanal/s]
Veri yükleniyor:  95%|█████████▌| 106110/111532 [11:45<00:15, 353.56epoch-kanal/s]
Veri yükleniyor:  95%|█████████▌| 106149/111532 [11:48<02:01, 44.47epoch-kanal/s] 
Veri yükleniyor:  95%|█████████▌| 106190/111532 [11:48<01:27, 61.31epoch-kanal/s]
Veri yükleniyor:  95%|█████████▌| 106231/111532 [11:48<01:03, 82.84epoch-kanal/s]
Veri yükleniyor:  95%|█████████▌| 106272/111532 [11:48<00:48, 109.28epoch-kanal/s]
Veri yükleniyor:  95%|█████████▌| 106313/111532 [11:48<00:37, 140.20epoch-kanal/s]
Veri yükleniyor:  95%|█████████▌| 106354/111532 [11:48<00:29, 174.49epoch-kanal/s]
Veri yükleniyor:  95%|█████████▌| 106394/111532 [11:48<00:24, 209.46epoch-kanal/s]
Veri yükleniyor:  95%|█████████▌| 106434/111532 [11:48<00:20, 243.65epoch-kanal/s]
Veri yükleniyor:  95%|█████████▌| 106474/111532 [11:48<00:18, 274.59epoch-kanal/s]
Veri yükleniyor:  96%|█████████▌| 106514/111532 [11:48<00:16, 302.10epoch-kanal/s]
Veri yükleniyor:  96%|█████████▌| 106554/111532 [11:49<00:15, 325.33epoch-kanal/s]
Veri yükleniyor:  96%|█████████▌| 106595/111532 [11:49<00:14, 345.62epoch-kanal/s]
Veri yükleniyor:  96%|█████████▌| 106635/111532 [11:49<00:13, 360.19epoch-kanal/s]
Veri yükleniyor:  96%|█████████▌| 106675/111532 [11:49<00:13, 365.87epoch-kanal/s]
Veri yükleniyor:  96%|█████████▌| 106715/111532 [11:49<00:12, 371.84epoch-kanal/s]
Veri yükleniyor:  96%|█████████▌| 106755/111532 [11:52<01:44, 45.57epoch-kanal/s] 
Veri yükleniyor:  96%|█████████▌| 106795/111532 [11:52<01:16, 62.04epoch-kanal/s]
Veri yükleniyor:  96%|█████████▌| 106836/111532 [11:52<00:56, 83.64epoch-kanal/s]
Veri yükleniyor:  96%|█████████▌| 106871/111532 [11:52<00:45, 101.74epoch-kanal/s]
Veri yükleniyor:  96%|█████████▌| 106906/111532 [11:52<00:36, 126.74epoch-kanal/s]
Veri yükleniyor:  96%|█████████▌| 106946/111532 [11:52<00:28, 160.70epoch-kanal/s]
Veri yükleniyor:  96%|█████████▌| 106985/111532 [11:52<00:23, 194.69epoch-kanal/s]
Veri yükleniyor:  96%|█████████▌| 107023/111532 [11:52<00:19, 227.49epoch-kanal/s]
Veri yükleniyor:  96%|█████████▌| 107062/111532 [11:53<00:17, 259.93epoch-kanal/s]
Veri yükleniyor:  96%|█████████▌| 107102/111532 [11:53<00:15, 290.63epoch-kanal/s]
Veri yükleniyor:  96%|█████████▌| 107140/111532 [11:56<01:59, 36.90epoch-kanal/s] 
Veri yükleniyor:  96%|█████████▌| 107181/111532 [11:56<01:24, 51.54epoch-kanal/s]
Veri yükleniyor:  96%|█████████▌| 107222/111532 [11:56<01:01, 70.56epoch-kanal/s]
Veri yükleniyor:  96%|█████████▌| 107262/111532 [11:56<00:45, 93.73epoch-kanal/s]
Veri yükleniyor:  96%|█████████▌| 107302/111532 [11:56<00:34, 121.59epoch-kanal/s]
Veri yükleniyor:  96%|█████████▌| 107343/111532 [11:56<00:27, 154.51epoch-kanal/s]
Veri yükleniyor:  96%|█████████▋| 107383/111532 [11:56<00:21, 188.64epoch-kanal/s]
Veri yükleniyor:  96%|█████████▋| 107424/111532 [11:57<00:18, 225.06epoch-kanal/s]
Veri yükleniyor:  96%|█████████▋| 107465/111532 [11:57<00:15, 259.47epoch-kanal/s]
Veri yükleniyor:  96%|█████████▋| 107506/111532 [11:57<00:13, 290.35epoch-kanal/s]
Veri yükleniyor:  96%|█████████▋| 107546/111532 [11:57<00:12, 315.67epoch-kanal/s]
Veri yükleniyor:  96%|█████████▋| 107586/111532 [11:57<00:11, 332.30epoch-kanal/s]
Veri yükleniyor:  96%|█████████▋| 107626/111532 [11:57<00:11, 349.48epoch-kanal/s]
Veri yükleniyor:  97%|█████████▋| 107666/111532 [11:57<00:11, 344.95epoch-kanal/s]
Veri yükleniyor:  97%|█████████▋| 107704/111532 [11:57<00:11, 330.49epoch-kanal/s]
Veri yükleniyor:  97%|█████████▋| 107740/111532 [12:00<01:27, 43.49epoch-kanal/s] 
Veri yükleniyor:  97%|█████████▋| 107781/111532 [12:00<01:02, 60.36epoch-kanal/s]
Veri yükleniyor:  97%|█████████▋| 107821/111532 [12:00<00:45, 81.36epoch-kanal/s]
Veri yükleniyor:  97%|█████████▋| 107854/111532 [12:00<00:37, 98.35epoch-kanal/s]
Veri yükleniyor:  97%|█████████▋| 107893/111532 [12:00<00:28, 127.49epoch-kanal/s]
Veri yükleniyor:  97%|█████████▋| 107932/111532 [12:01<00:22, 160.38epoch-kanal/s]
Veri yükleniyor:  97%|█████████▋| 107972/111532 [12:01<00:18, 196.50epoch-kanal/s]
Veri yükleniyor:  97%|█████████▋| 108011/111532 [12:01<00:15, 229.97epoch-kanal/s]
Veri yükleniyor:  97%|█████████▋| 108052/111532 [12:01<00:13, 265.42epoch-kanal/s]
Veri yükleniyor:  97%|█████████▋| 108092/111532 [12:01<00:11, 294.16epoch-kanal/s]
Veri yükleniyor:  97%|█████████▋| 108131/111532 [12:01<00:10, 317.27epoch-kanal/s]
Veri yükleniyor:  97%|█████████▋| 108170/111532 [12:01<00:10, 331.46epoch-kanal/s]
Veri yükleniyor:  97%|█████████▋| 108208/111532 [12:01<00:10, 304.51epoch-kanal/s]
Veri yükleniyor:  97%|█████████▋| 108243/111532 [12:01<00:12, 253.91epoch-kanal/s]
Veri yükleniyor:  97%|█████████▋| 108273/111532 [12:02<00:14, 232.04epoch-kanal/s]
Veri yükleniyor:  97%|█████████▋| 108300/111532 [12:02<00:14, 220.80epoch-kanal/s]
Veri yükleniyor:  97%|█████████▋| 108325/111532 [12:02<00:15, 211.84epoch-kanal/s]
Veri yükleniyor:  97%|█████████▋| 108348/111532 [12:02<00:15, 206.52epoch-kanal/s]
Veri yükleniyor:  97%|█████████▋| 108370/111532 [12:02<00:16, 196.72epoch-kanal/s]
Veri yükleniyor:  97%|█████████▋| 108391/111532 [12:02<00:17, 184.28epoch-kanal/s]
Veri yükleniyor:  97%|█████████▋| 108410/111532 [12:02<00:18, 172.92epoch-kanal/s]
Veri yükleniyor:  97%|█████████▋| 108428/111532 [12:03<00:18, 170.61epoch-kanal/s]
Veri yükleniyor:  97%|█████████▋| 108447/111532 [12:03<00:17, 173.90epoch-kanal/s]
Veri yükleniyor:  97%|█████████▋| 108466/111532 [12:03<00:17, 176.15epoch-kanal/s]
Veri yükleniyor:  97%|█████████▋| 108485/111532 [12:03<00:17, 178.02epoch-kanal/s]
Veri yükleniyor:  97%|█████████▋| 108503/111532 [12:03<00:16, 178.29epoch-kanal/s]
Veri yükleniyor:  97%|█████████▋| 108522/111532 [12:03<00:16, 181.51epoch-kanal/s]
Veri yükleniyor:  97%|█████████▋| 108541/111532 [12:03<00:16, 181.68epoch-kanal/s]
Veri yükleniyor:  97%|█████████▋| 108560/111532 [12:03<00:16, 183.18epoch-kanal/s]
Veri yükleniyor:  97%|█████████▋| 108579/111532 [12:03<00:16, 183.41epoch-kanal/s]
Veri yükleniyor:  97%|█████████▋| 108598/111532 [12:03<00:16, 180.54epoch-kanal/s]
Veri yükleniyor:  97%|█████████▋| 108617/111532 [12:04<00:15, 182.71epoch-kanal/s]
Veri yükleniyor:  97%|█████████▋| 108636/111532 [12:04<00:15, 183.43epoch-kanal/s]
Veri yükleniyor:  97%|█████████▋| 108655/111532 [12:04<00:15, 183.50epoch-kanal/s]
Veri yükleniyor:  97%|█████████▋| 108674/111532 [12:04<00:15, 184.35epoch-kanal/s]
Veri yükleniyor:  97%|█████████▋| 108693/111532 [12:04<00:15, 181.04epoch-kanal/s]
Veri yükleniyor:  97%|█████████▋| 108712/111532 [12:04<00:15, 180.42epoch-kanal/s]
Veri yükleniyor:  97%|█████████▋| 108731/111532 [12:04<00:15, 182.15epoch-kanal/s]
Veri yükleniyor:  98%|█████████▊| 108750/111532 [12:04<00:15, 181.01epoch-kanal/s]
Veri yükleniyor:  98%|█████████▊| 108769/111532 [12:04<00:15, 181.09epoch-kanal/s]
Veri yükleniyor:  98%|█████████▊| 108788/111532 [12:04<00:15, 181.05epoch-kanal/s]
Veri yükleniyor:  98%|█████████▊| 108807/111532 [12:05<00:14, 182.63epoch-kanal/s]
Veri yükleniyor:  98%|█████████▊| 108826/111532 [12:05<00:14, 183.67epoch-kanal/s]
Veri yükleniyor:  98%|█████████▊| 108845/111532 [12:05<00:14, 184.10epoch-kanal/s]
Veri yükleniyor:  98%|█████████▊| 108865/111532 [12:05<00:14, 186.30epoch-kanal/s]
Veri yükleniyor:  98%|█████████▊| 108884/111532 [12:05<00:14, 185.63epoch-kanal/s]
Veri yükleniyor:  98%|█████████▊| 108903/111532 [12:05<00:14, 186.26epoch-kanal/s]
Veri yükleniyor:  98%|█████████▊| 108923/111532 [12:05<00:13, 187.44epoch-kanal/s]
Veri yükleniyor:  98%|█████████▊| 108942/111532 [12:05<00:13, 186.87epoch-kanal/s]
Veri yükleniyor:  98%|█████████▊| 108961/111532 [12:05<00:14, 183.54epoch-kanal/s]
Veri yükleniyor:  98%|█████████▊| 108980/111532 [12:06<00:13, 184.33epoch-kanal/s]
Veri yükleniyor:  98%|█████████▊| 108999/111532 [12:06<00:13, 184.33epoch-kanal/s]
Veri yükleniyor:  98%|█████████▊| 109018/111532 [12:06<00:13, 183.54epoch-kanal/s]
Veri yükleniyor:  98%|█████████▊| 109037/111532 [12:06<00:13, 184.41epoch-kanal/s]
Veri yükleniyor:  98%|█████████▊| 109056/111532 [12:06<00:13, 184.89epoch-kanal/s]
Veri yükleniyor:  98%|█████████▊| 109075/111532 [12:06<00:13, 185.27epoch-kanal/s]
Veri yükleniyor:  98%|█████████▊| 109094/111532 [12:06<00:13, 184.40epoch-kanal/s]
Veri yükleniyor:  98%|█████████▊| 109113/111532 [12:06<00:13, 184.28epoch-kanal/s]
Veri yükleniyor:  98%|█████████▊| 109132/111532 [12:06<00:13, 184.51epoch-kanal/s]
Veri yükleniyor:  98%|█████████▊| 109151/111532 [12:06<00:13, 178.87epoch-kanal/s]
Veri yükleniyor:  98%|█████████▊| 109171/111532 [12:07<00:12, 182.37epoch-kanal/s]
Veri yükleniyor:  98%|█████████▊| 109190/111532 [12:07<00:12, 182.63epoch-kanal/s]
Veri yükleniyor:  98%|█████████▊| 109209/111532 [12:07<00:12, 183.57epoch-kanal/s]
Veri yükleniyor:  98%|█████████▊| 109228/111532 [12:07<00:12, 185.09epoch-kanal/s]
Veri yükleniyor:  98%|█████████▊| 109248/111532 [12:07<00:12, 186.81epoch-kanal/s]
Veri yükleniyor:  98%|█████████▊| 109267/111532 [12:07<00:12, 180.12epoch-kanal/s]
Veri yükleniyor:  98%|█████████▊| 109286/111532 [12:07<00:12, 179.91epoch-kanal/s]
Veri yükleniyor:  98%|█████████▊| 109305/111532 [12:07<00:12, 181.97epoch-kanal/s]
Veri yükleniyor:  98%|█████████▊| 109324/111532 [12:07<00:12, 178.05epoch-kanal/s]
Veri yükleniyor:  98%|█████████▊| 109343/111532 [12:08<00:12, 178.19epoch-kanal/s]
Veri yükleniyor:  98%|█████████▊| 109362/111532 [12:08<00:12, 180.05epoch-kanal/s]
Veri yükleniyor:  98%|█████████▊| 109381/111532 [12:08<00:11, 182.61epoch-kanal/s]
Veri yükleniyor:  98%|█████████▊| 109401/111532 [12:08<00:11, 185.65epoch-kanal/s]
Veri yükleniyor:  98%|█████████▊| 109420/111532 [12:08<00:11, 185.48epoch-kanal/s]
Veri yükleniyor:  98%|█████████▊| 109439/111532 [12:08<00:11, 186.18epoch-kanal/s]
Veri yükleniyor:  98%|█████████▊| 109458/111532 [12:08<00:11, 184.00epoch-kanal/s]
Veri yükleniyor:  98%|█████████▊| 109477/111532 [12:08<00:11, 183.97epoch-kanal/s]
Veri yükleniyor:  98%|█████████▊| 109496/111532 [12:08<00:11, 184.65epoch-kanal/s]
Veri yükleniyor:  98%|█████████▊| 109515/111532 [12:08<00:11, 180.97epoch-kanal/s]
Veri yükleniyor:  98%|█████████▊| 109535/111532 [12:09<00:10, 184.28epoch-kanal/s]
Veri yükleniyor:  98%|█████████▊| 109554/111532 [12:09<00:10, 185.49epoch-kanal/s]
Veri yükleniyor:  98%|█████████▊| 109573/111532 [12:09<00:10, 186.15epoch-kanal/s]
Veri yükleniyor:  98%|█████████▊| 109592/111532 [12:09<00:10, 185.67epoch-kanal/s]
Veri yükleniyor:  98%|█████████▊| 109611/111532 [12:09<00:10, 182.44epoch-kanal/s]
Veri yükleniyor:  98%|█████████▊| 109630/111532 [12:09<00:10, 183.84epoch-kanal/s]
Veri yükleniyor:  98%|█████████▊| 109649/111532 [12:09<00:10, 183.97epoch-kanal/s]
Veri yükleniyor:  98%|█████████▊| 109668/111532 [12:09<00:10, 183.76epoch-kanal/s]
Veri yükleniyor:  98%|█████████▊| 109687/111532 [12:09<00:10, 181.54epoch-kanal/s]
Veri yükleniyor:  98%|█████████▊| 109706/111532 [12:09<00:10, 181.22epoch-kanal/s]
Veri yükleniyor:  98%|█████████▊| 109725/111532 [12:10<00:09, 182.63epoch-kanal/s]
Veri yükleniyor:  98%|█████████▊| 109744/111532 [12:10<00:09, 184.45epoch-kanal/s]
Veri yükleniyor:  98%|█████████▊| 109763/111532 [12:10<00:09, 182.68epoch-kanal/s]
Veri yükleniyor:  98%|█████████▊| 109782/111532 [12:10<00:09, 184.53epoch-kanal/s]
Veri yükleniyor:  98%|█████████▊| 109801/111532 [12:10<00:10, 160.00epoch-kanal/s]
Veri yükleniyor:  98%|█████████▊| 109819/111532 [12:10<00:10, 164.70epoch-kanal/s]
Veri yükleniyor:  98%|█████████▊| 109837/111532 [12:10<00:10, 168.57epoch-kanal/s]
Veri yükleniyor:  98%|█████████▊| 109856/111532 [12:10<00:09, 172.38epoch-kanal/s]
Veri yükleniyor:  99%|█████████▊| 109874/111532 [12:10<00:09, 170.98epoch-kanal/s]
Veri yükleniyor:  99%|█████████▊| 109892/111532 [12:11<00:09, 171.73epoch-kanal/s]
Veri yükleniyor:  99%|█████████▊| 109911/111532 [12:11<00:09, 176.07epoch-kanal/s]
Veri yükleniyor:  99%|█████████▊| 109930/111532 [12:11<00:08, 179.95epoch-kanal/s]
Veri yükleniyor:  99%|█████████▊| 109950/111532 [12:11<00:08, 183.38epoch-kanal/s]
Veri yükleniyor:  99%|█████████▊| 109969/111532 [12:11<00:08, 184.77epoch-kanal/s]
Veri yükleniyor:  99%|█████████▊| 109989/111532 [12:11<00:08, 187.96epoch-kanal/s]
Veri yükleniyor:  99%|█████████▊| 110008/111532 [12:11<00:08, 187.85epoch-kanal/s]
Veri yükleniyor:  99%|█████████▊| 110027/111532 [12:11<00:08, 187.37epoch-kanal/s]
Veri yükleniyor:  99%|█████████▊| 110046/111532 [12:11<00:08, 185.34epoch-kanal/s]
Veri yükleniyor:  99%|█████████▊| 110065/111532 [12:12<00:08, 177.92epoch-kanal/s]
Veri yükleniyor:  99%|█████████▊| 110083/111532 [12:12<00:20, 71.96epoch-kanal/s] 
Veri yükleniyor:  99%|█████████▊| 110102/111532 [12:12<00:16, 88.31epoch-kanal/s]
Veri yükleniyor:  99%|█████████▊| 110121/111532 [12:12<00:13, 105.22epoch-kanal/s]
Veri yükleniyor:  99%|█████████▉| 110138/111532 [12:12<00:11, 116.84epoch-kanal/s]
Veri yükleniyor:  99%|█████████▉| 110157/111532 [12:13<00:10, 132.34epoch-kanal/s]
Veri yükleniyor:  99%|█████████▉| 110177/111532 [12:13<00:09, 146.70epoch-kanal/s]
Veri yükleniyor:  99%|█████████▉| 110196/111532 [12:13<00:08, 156.46epoch-kanal/s]
Veri yükleniyor:  99%|█████████▉| 110215/111532 [12:13<00:07, 164.88epoch-kanal/s]
Veri yükleniyor:  99%|█████████▉| 110234/111532 [12:13<00:07, 168.98epoch-kanal/s]
Veri yükleniyor:  99%|█████████▉| 110253/111532 [12:13<00:07, 171.21epoch-kanal/s]
Veri yükleniyor:  99%|█████████▉| 110271/111532 [12:13<00:07, 173.38epoch-kanal/s]
Veri yükleniyor:  99%|█████████▉| 110290/111532 [12:13<00:07, 176.22epoch-kanal/s]
Veri yükleniyor:  99%|█████████▉| 110309/111532 [12:13<00:06, 178.34epoch-kanal/s]
Veri yükleniyor:  99%|█████████▉| 110328/111532 [12:13<00:06, 177.41epoch-kanal/s]
Veri yükleniyor:  99%|█████████▉| 110347/111532 [12:14<00:06, 179.18epoch-kanal/s]
Veri yükleniyor:  99%|█████████▉| 110366/111532 [12:14<00:06, 177.82epoch-kanal/s]
Veri yükleniyor:  99%|█████████▉| 110386/111532 [12:14<00:06, 181.88epoch-kanal/s]
Veri yükleniyor:  99%|█████████▉| 110405/111532 [12:14<00:06, 182.35epoch-kanal/s]
Veri yükleniyor:  99%|█████████▉| 110424/111532 [12:14<00:06, 182.07epoch-kanal/s]
Veri yükleniyor:  99%|█████████▉| 110443/111532 [12:14<00:05, 183.32epoch-kanal/s]
Veri yükleniyor:  99%|█████████▉| 110462/111532 [12:14<00:05, 182.55epoch-kanal/s]
Veri yükleniyor:  99%|█████████▉| 110481/111532 [12:14<00:05, 182.89epoch-kanal/s]
Veri yükleniyor:  99%|█████████▉| 110500/111532 [12:14<00:05, 178.48epoch-kanal/s]
Veri yükleniyor:  99%|█████████▉| 110519/111532 [12:15<00:05, 181.22epoch-kanal/s]
Veri yükleniyor:  99%|█████████▉| 110538/111532 [12:15<00:05, 182.34epoch-kanal/s]
Veri yükleniyor:  99%|█████████▉| 110557/111532 [12:15<00:05, 184.49epoch-kanal/s]
Veri yükleniyor:  99%|█████████▉| 110576/111532 [12:15<00:05, 184.09epoch-kanal/s]
Veri yükleniyor:  99%|█████████▉| 110595/111532 [12:15<00:05, 184.70epoch-kanal/s]
Veri yükleniyor:  99%|█████████▉| 110615/111532 [12:15<00:04, 186.63epoch-kanal/s]
Veri yükleniyor:  99%|█████████▉| 110634/111532 [12:15<00:04, 185.61epoch-kanal/s]
Veri yükleniyor:  99%|█████████▉| 110653/111532 [12:15<00:04, 186.59epoch-kanal/s]
Veri yükleniyor:  99%|█████████▉| 110672/111532 [12:15<00:04, 186.36epoch-kanal/s]
Veri yükleniyor:  99%|█████████▉| 110691/111532 [12:15<00:04, 181.10epoch-kanal/s]
Veri yükleniyor:  99%|█████████▉| 110710/111532 [12:16<00:04, 180.65epoch-kanal/s]
Veri yükleniyor:  99%|█████████▉| 110729/111532 [12:16<00:04, 182.93epoch-kanal/s]
Veri yükleniyor:  99%|█████████▉| 110748/111532 [12:16<00:04, 184.77epoch-kanal/s]
Veri yükleniyor:  99%|█████████▉| 110767/111532 [12:16<00:04, 183.65epoch-kanal/s]
Veri yükleniyor:  99%|█████████▉| 110786/111532 [12:16<00:04, 183.05epoch-kanal/s]
Veri yükleniyor:  99%|█████████▉| 110805/111532 [12:16<00:04, 180.55epoch-kanal/s]
Veri yükleniyor:  99%|█████████▉| 110824/111532 [12:17<00:09, 74.44epoch-kanal/s] 
Veri yükleniyor:  99%|█████████▉| 110865/111532 [12:17<00:05, 122.58epoch-kanal/s]
Veri yükleniyor:  99%|█████████▉| 110906/111532 [12:17<00:03, 171.06epoch-kanal/s]
Veri yükleniyor:  99%|█████████▉| 110934/111532 [12:17<00:03, 182.98epoch-kanal/s]
Veri yükleniyor:  99%|█████████▉| 110972/111532 [12:17<00:02, 224.09epoch-kanal/s]
Veri yükleniyor: 100%|█████████▉| 111004/111532 [12:17<00:02, 244.87epoch-kanal/s]
Veri yükleniyor: 100%|█████████▉| 111034/111532 [12:17<00:02, 220.45epoch-kanal/s]
Veri yükleniyor: 100%|█████████▉| 111061/111532 [12:18<00:02, 207.01epoch-kanal/s]
Veri yükleniyor: 100%|█████████▉| 111085/111532 [12:18<00:02, 201.94epoch-kanal/s]
Veri yükleniyor: 100%|█████████▉| 111108/111532 [12:18<00:02, 197.22epoch-kanal/s]
Veri yükleniyor: 100%|█████████▉| 111130/111532 [12:18<00:02, 194.79epoch-kanal/s]
Veri yükleniyor: 100%|█████████▉| 111151/111532 [12:18<00:01, 192.98epoch-kanal/s]
Veri yükleniyor: 100%|█████████▉| 111171/111532 [12:18<00:01, 191.80epoch-kanal/s]
Veri yükleniyor: 100%|█████████▉| 111191/111532 [12:18<00:01, 189.45epoch-kanal/s]
Veri yükleniyor: 100%|█████████▉| 111211/111532 [12:18<00:01, 188.53epoch-kanal/s]
Veri yükleniyor: 100%|█████████▉| 111231/111532 [12:18<00:01, 183.83epoch-kanal/s]
Veri yükleniyor: 100%|█████████▉| 111250/111532 [12:19<00:01, 185.27epoch-kanal/s]
Veri yükleniyor: 100%|█████████▉| 111269/111532 [12:19<00:01, 186.04epoch-kanal/s]
Veri yükleniyor: 100%|█████████▉| 111288/111532 [12:19<00:01, 185.71epoch-kanal/s]
Veri yükleniyor: 100%|█████████▉| 111307/111532 [12:19<00:01, 185.21epoch-kanal/s]
Veri yükleniyor: 100%|█████████▉| 111326/111532 [12:19<00:01, 181.69epoch-kanal/s]
Veri yükleniyor: 100%|█████████▉| 111345/111532 [12:19<00:01, 180.62epoch-kanal/s]
Veri yükleniyor: 100%|█████████▉| 111364/111532 [12:19<00:00, 180.56epoch-kanal/s]
Veri yükleniyor: 100%|█████████▉| 111383/111532 [12:19<00:00, 182.93epoch-kanal/s]
Veri yükleniyor: 100%|█████████▉| 111402/111532 [12:19<00:00, 181.82epoch-kanal/s]
Veri yükleniyor: 100%|█████████▉| 111421/111532 [12:20<00:00, 180.48epoch-kanal/s]
Veri yükleniyor: 100%|█████████▉| 111440/111532 [12:20<00:00, 181.87epoch-kanal/s]
Veri yükleniyor: 100%|█████████▉| 111459/111532 [12:20<00:00, 180.26epoch-kanal/s]
Veri yükleniyor: 100%|█████████▉| 111478/111532 [12:20<00:00, 182.93epoch-kanal/s]
Veri yükleniyor: 100%|█████████▉| 111497/111532 [12:20<00:00, 180.42epoch-kanal/s]
Veri yükleniyor: 100%|█████████▉| 111516/111532 [12:20<00:00, 182.69epoch-kanal/s]
Veri yükleniyor: 100%|██████████| 111532/111532 [12:20<00:00, 150.59epoch-kanal/s]

======================================================================
✓ RAM CACHE HAZIR!
======================================================================
Cache'deki veri sayısı: 111,532
Toplam bellek kullanımı: 1.25 GB
======================================================================

✓ Dataset oluşturuldu: 27883 epoch, 28 hasta
train_dataset bitti

======================================================================
EPOCH METADATA OLUŞTURULUYOR
======================================================================
  ST7051J0: 1018 epoch eklendi
  ST7222J0: 951 epoch eklendi
  ST7202J0: 898 epoch eklendi
  ST7022J0: 944 epoch eklendi
  ST7151J0: 897 epoch eklendi

======================================================================
TOPLAM: 4708 epoch

Sınıf dağılımı:
  W: 358 epoch (7.6%)
  N1: 480 epoch (10.2%)
  N2: 2125 epoch (45.1%)
  N3: 844 epoch (17.9%)
  REM: 901 epoch (19.1%)
======================================================================


⚠️ Balanced sampling kapalı - orijinal dağılım kullanılıyor


======================================================================
RAM CACHE OLUŞTURULUYOR - TÜM VERİLER YÜKLENİYOR
======================================================================
Toplam epoch: 4708
Kanal sayısı: 4
Tahmini boyut: ~0.54 GB
======================================================================


Veri yükleniyor:   0%|          | 0/18832 [00:00<?, ?epoch-kanal/s]
Veri yükleniyor:   0%|          | 18/18832 [00:00<01:49, 171.96epoch-kanal/s]
Veri yükleniyor:   0%|          | 47/18832 [00:00<01:18, 240.08epoch-kanal/s]
Veri yükleniyor:   0%|          | 84/18832 [00:00<01:02, 297.89epoch-kanal/s]
Veri yükleniyor:   1%|          | 123/18832 [00:00<00:56, 333.28epoch-kanal/s]
Veri yükleniyor:   1%|          | 162/18832 [00:00<00:52, 352.40epoch-kanal/s]
Veri yükleniyor:   1%|          | 202/18832 [00:00<00:50, 368.26epoch-kanal/s]
Veri yükleniyor:   1%|▏         | 242/18832 [00:00<00:49, 376.46epoch-kanal/s]
Veri yükleniyor:   1%|▏         | 280/18832 [00:00<00:57, 320.54epoch-kanal/s]
Veri yükleniyor:   2%|▏         | 314/18832 [00:01<01:10, 263.30epoch-kanal/s]
Veri yükleniyor:   2%|▏         | 343/18832 [00:01<01:18, 235.93epoch-kanal/s]
Veri yükleniyor:   2%|▏         | 369/18832 [00:01<01:24, 217.59epoch-kanal/s]
Veri yükleniyor:   2%|▏         | 393/18832 [00:01<01:27, 209.59epoch-kanal/s]
Veri yükleniyor:   2%|▏         | 415/18832 [00:01<01:29, 205.10epoch-kanal/s]
Veri yükleniyor:   2%|▏         | 437/18832 [00:01<01:31, 200.40epoch-kanal/s]
Veri yükleniyor:   2%|▏         | 458/18832 [00:01<01:33, 196.27epoch-kanal/s]
Veri yükleniyor:   3%|▎         | 478/18832 [00:01<01:35, 191.43epoch-kanal/s]
Veri yükleniyor:   3%|▎         | 498/18832 [00:02<01:36, 189.90epoch-kanal/s]
Veri yükleniyor:   3%|▎         | 518/18832 [00:02<01:37, 187.54epoch-kanal/s]
Veri yükleniyor:   3%|▎         | 537/18832 [00:02<01:39, 184.75epoch-kanal/s]
Veri yükleniyor:   3%|▎         | 556/18832 [00:02<01:40, 181.90epoch-kanal/s]
Veri yükleniyor:   3%|▎         | 575/18832 [00:02<01:40, 182.35epoch-kanal/s]
Veri yükleniyor:   3%|▎         | 595/18832 [00:02<01:38, 185.29epoch-kanal/s]
Veri yükleniyor:   3%|▎         | 614/18832 [00:02<01:38, 185.02epoch-kanal/s]
Veri yükleniyor:   3%|▎         | 633/18832 [00:02<01:37, 185.81epoch-kanal/s]
Veri yükleniyor:   3%|▎         | 652/18832 [00:02<01:37, 185.88epoch-kanal/s]
Veri yükleniyor:   4%|▎         | 671/18832 [00:03<01:51, 162.55epoch-kanal/s]
Veri yükleniyor:   4%|▎         | 689/18832 [00:03<01:48, 166.65epoch-kanal/s]
Veri yükleniyor:   4%|▍         | 708/18832 [00:03<01:45, 171.32epoch-kanal/s]
Veri yükleniyor:   4%|▍         | 726/18832 [00:03<01:44, 173.00epoch-kanal/s]
Veri yükleniyor:   4%|▍         | 744/18832 [00:03<01:43, 174.54epoch-kanal/s]
Veri yükleniyor:   4%|▍         | 763/18832 [00:03<01:41, 178.30epoch-kanal/s]
Veri yükleniyor:   4%|▍         | 782/18832 [00:03<01:40, 179.92epoch-kanal/s]
Veri yükleniyor:   4%|▍         | 802/18832 [00:03<01:38, 183.50epoch-kanal/s]
Veri yükleniyor:   4%|▍         | 821/18832 [00:03<01:39, 180.75epoch-kanal/s]
Veri yükleniyor:   4%|▍         | 840/18832 [00:03<01:38, 182.17epoch-kanal/s]
Veri yükleniyor:   5%|▍         | 859/18832 [00:04<01:38, 182.25epoch-kanal/s]
Veri yükleniyor:   5%|▍         | 878/18832 [00:04<01:37, 183.39epoch-kanal/s]
Veri yükleniyor:   5%|▍         | 902/18832 [00:04<01:30, 199.01epoch-kanal/s]
Veri yükleniyor:   5%|▍         | 941/18832 [00:04<01:10, 253.86epoch-kanal/s]
Veri yükleniyor:   5%|▌         | 981/18832 [00:04<01:00, 294.99epoch-kanal/s]
Veri yükleniyor:   5%|▌         | 1020/18832 [00:04<00:55, 322.60epoch-kanal/s]
Veri yükleniyor:   6%|▌         | 1053/18832 [00:04<01:01, 290.52epoch-kanal/s]
Veri yükleniyor:   6%|▌         | 1092/18832 [00:04<00:55, 317.00epoch-kanal/s]
Veri yükleniyor:   6%|▌         | 1130/18832 [00:04<00:53, 333.90epoch-kanal/s]
Veri yükleniyor:   6%|▌         | 1164/18832 [00:05<00:53, 331.90epoch-kanal/s]
Veri yükleniyor:   6%|▋         | 1198/18832 [00:05<01:05, 270.50epoch-kanal/s]
Veri yükleniyor:   7%|▋         | 1228/18832 [00:05<01:14, 236.08epoch-kanal/s]
Veri yükleniyor:   7%|▋         | 1254/18832 [00:05<01:20, 219.20epoch-kanal/s]
Veri yükleniyor:   7%|▋         | 1278/18832 [00:05<01:22, 212.74epoch-kanal/s]
Veri yükleniyor:   7%|▋         | 1301/18832 [00:05<01:25, 204.68epoch-kanal/s]
Veri yükleniyor:   7%|▋         | 1323/18832 [00:05<01:27, 200.42epoch-kanal/s]
Veri yükleniyor:   7%|▋         | 1344/18832 [00:06<01:30, 193.91epoch-kanal/s]
Veri yükleniyor:   7%|▋         | 1364/18832 [00:06<01:30, 192.29epoch-kanal/s]
Veri yükleniyor:   7%|▋         | 1384/18832 [00:06<01:31, 190.64epoch-kanal/s]
Veri yükleniyor:   7%|▋         | 1404/18832 [00:06<01:33, 186.33epoch-kanal/s]
Veri yükleniyor:   8%|▊         | 1423/18832 [00:06<01:33, 186.07epoch-kanal/s]
Veri yükleniyor:   8%|▊         | 1442/18832 [00:06<01:33, 185.34epoch-kanal/s]
Veri yükleniyor:   8%|▊         | 1461/18832 [00:06<01:33, 185.10epoch-kanal/s]
Veri yükleniyor:   8%|▊         | 1480/18832 [00:06<01:33, 185.98epoch-kanal/s]
Veri yükleniyor:   8%|▊         | 1499/18832 [00:06<01:33, 186.16epoch-kanal/s]
Veri yükleniyor:   8%|▊         | 1518/18832 [00:06<01:34, 184.14epoch-kanal/s]
Veri yükleniyor:   8%|▊         | 1537/18832 [00:07<01:34, 183.90epoch-kanal/s]
Veri yükleniyor:   8%|▊         | 1556/18832 [00:07<01:33, 183.88epoch-kanal/s]
Veri yükleniyor:   8%|▊         | 1575/18832 [00:07<01:34, 182.47epoch-kanal/s]
Veri yükleniyor:   8%|▊         | 1594/18832 [00:07<01:34, 182.26epoch-kanal/s]
Veri yükleniyor:   9%|▊         | 1613/18832 [00:07<01:34, 181.91epoch-kanal/s]
Veri yükleniyor:   9%|▊         | 1633/18832 [00:07<01:33, 184.74epoch-kanal/s]
Veri yükleniyor:   9%|▉         | 1652/18832 [00:07<01:33, 184.34epoch-kanal/s]
Veri yükleniyor:   9%|▉         | 1671/18832 [00:07<01:32, 184.63epoch-kanal/s]
Veri yükleniyor:   9%|▉         | 1690/18832 [00:07<01:33, 183.39epoch-kanal/s]
Veri yükleniyor:   9%|▉         | 1709/18832 [00:08<01:36, 178.26epoch-kanal/s]
Veri yükleniyor:   9%|▉         | 1728/18832 [00:08<01:36, 177.87epoch-kanal/s]
Veri yükleniyor:   9%|▉         | 1747/18832 [00:08<01:35, 179.51epoch-kanal/s]
Veri yükleniyor:   9%|▉         | 1765/18832 [00:08<01:37, 175.63epoch-kanal/s]
Veri yükleniyor:  10%|▉         | 1800/18832 [00:08<01:15, 224.72epoch-kanal/s]
Veri yükleniyor:  10%|▉         | 1840/18832 [00:08<01:02, 273.86epoch-kanal/s]
Veri yükleniyor:  10%|▉         | 1879/18832 [00:08<00:55, 307.38epoch-kanal/s]
Veri yükleniyor:  10%|█         | 1919/18832 [00:08<00:50, 334.09epoch-kanal/s]
Veri yükleniyor:  10%|█         | 1958/18832 [00:08<00:48, 349.25epoch-kanal/s]
Veri yükleniyor:  11%|█         | 1997/18832 [00:08<00:46, 361.13epoch-kanal/s]
Veri yükleniyor:  11%|█         | 2036/18832 [00:09<00:45, 369.48epoch-kanal/s]
Veri yükleniyor:  11%|█         | 2074/18832 [00:09<00:48, 348.94epoch-kanal/s]
Veri yükleniyor:  11%|█         | 2110/18832 [00:09<01:02, 269.44epoch-kanal/s]
Veri yükleniyor:  11%|█▏        | 2140/18832 [00:09<01:09, 241.35epoch-kanal/s]
Veri yükleniyor:  12%|█▏        | 2167/18832 [00:09<01:14, 224.93epoch-kanal/s]
Veri yükleniyor:  12%|█▏        | 2192/18832 [00:09<01:18, 213.05epoch-kanal/s]
Veri yükleniyor:  12%|█▏        | 2215/18832 [00:09<01:21, 205.06epoch-kanal/s]
Veri yükleniyor:  12%|█▏        | 2237/18832 [00:10<01:22, 199.99epoch-kanal/s]
Veri yükleniyor:  12%|█▏        | 2258/18832 [00:10<01:24, 195.24epoch-kanal/s]
Veri yükleniyor:  12%|█▏        | 2278/18832 [00:10<01:27, 189.81epoch-kanal/s]
Veri yükleniyor:  12%|█▏        | 2298/18832 [00:10<01:28, 187.00epoch-kanal/s]
Veri yükleniyor:  12%|█▏        | 2317/18832 [00:10<01:29, 184.91epoch-kanal/s]
Veri yükleniyor:  12%|█▏        | 2336/18832 [00:10<01:29, 184.84epoch-kanal/s]
Veri yükleniyor:  13%|█▎        | 2355/18832 [00:12<09:56, 27.60epoch-kanal/s] 
Veri yükleniyor:  13%|█▎        | 2396/18832 [00:12<05:36, 48.79epoch-kanal/s]
Veri yükleniyor:  13%|█▎        | 2435/18832 [00:12<03:42, 73.79epoch-kanal/s]
Veri yükleniyor:  13%|█▎        | 2475/18832 [00:13<02:36, 104.65epoch-kanal/s]
Veri yükleniyor:  13%|█▎        | 2515/18832 [00:13<01:56, 139.83epoch-kanal/s]
Veri yükleniyor:  14%|█▎        | 2549/18832 [00:13<01:41, 159.83epoch-kanal/s]
Veri yükleniyor:  14%|█▎        | 2589/18832 [00:13<01:21, 198.61epoch-kanal/s]
Veri yükleniyor:  14%|█▍        | 2628/18832 [00:13<01:09, 234.71epoch-kanal/s]
Veri yükleniyor:  14%|█▍        | 2668/18832 [00:13<01:00, 268.96epoch-kanal/s]
Veri yükleniyor:  14%|█▍        | 2709/18832 [00:13<00:53, 300.67epoch-kanal/s]
Veri yükleniyor:  15%|█▍        | 2747/18832 [00:16<07:14, 37.03epoch-kanal/s] 
Veri yükleniyor:  15%|█▍        | 2774/18832 [00:16<05:47, 46.19epoch-kanal/s]
Veri yükleniyor:  15%|█▍        | 2813/18832 [00:17<04:08, 64.44epoch-kanal/s]
Veri yükleniyor:  15%|█▌        | 2850/18832 [00:17<03:06, 85.90epoch-kanal/s]
Veri yükleniyor:  15%|█▌        | 2886/18832 [00:17<02:23, 110.91epoch-kanal/s]
Veri yükleniyor:  16%|█▌        | 2924/18832 [00:17<01:52, 141.89epoch-kanal/s]
Veri yükleniyor:  16%|█▌        | 2963/18832 [00:17<01:29, 176.87epoch-kanal/s]
Veri yükleniyor:  16%|█▌        | 2999/18832 [00:17<01:16, 207.26epoch-kanal/s]
Veri yükleniyor:  16%|█▌        | 3038/18832 [00:17<01:05, 241.93epoch-kanal/s]
Veri yükleniyor:  16%|█▋        | 3075/18832 [00:20<07:26, 35.27epoch-kanal/s] 
Veri yükleniyor:  17%|█▋        | 3115/18832 [00:20<05:18, 49.42epoch-kanal/s]
Veri yükleniyor:  17%|█▋        | 3156/18832 [00:21<03:49, 68.25epoch-kanal/s]
Veri yükleniyor:  17%|█▋        | 3196/18832 [00:21<02:51, 91.25epoch-kanal/s]
Veri yükleniyor:  17%|█▋        | 3231/18832 [00:21<02:20, 111.04epoch-kanal/s]
Veri yükleniyor:  17%|█▋        | 3271/18832 [00:21<01:48, 142.95epoch-kanal/s]
Veri yükleniyor:  18%|█▊        | 3312/18832 [00:21<01:26, 178.96epoch-kanal/s]
Veri yükleniyor:  18%|█▊        | 3352/18832 [00:21<01:12, 214.82epoch-kanal/s]
Veri yükleniyor:  18%|█▊        | 3392/18832 [00:21<01:02, 248.80epoch-kanal/s]
Veri yükleniyor:  18%|█▊        | 3430/18832 [00:24<07:02, 36.47epoch-kanal/s] 
Veri yükleniyor:  18%|█▊        | 3469/18832 [00:25<05:07, 50.02epoch-kanal/s]
Veri yükleniyor:  19%|█▊        | 3507/18832 [00:25<03:48, 67.14epoch-kanal/s]
Veri yükleniyor:  19%|█▉        | 3548/18832 [00:25<02:48, 90.71epoch-kanal/s]
Veri yükleniyor:  19%|█▉        | 3588/18832 [00:25<02:08, 118.31epoch-kanal/s]
Veri yükleniyor:  19%|█▉        | 3629/18832 [00:25<01:40, 151.07epoch-kanal/s]
Veri yükleniyor:  19%|█▉        | 3669/18832 [00:25<01:21, 185.24epoch-kanal/s]
Veri yükleniyor:  20%|█▉        | 3709/18832 [00:25<01:08, 220.25epoch-kanal/s]
Veri yükleniyor:  20%|█▉        | 3750/18832 [00:25<00:58, 256.06epoch-kanal/s]
Veri yükleniyor:  20%|██        | 3790/18832 [00:25<00:53, 283.43epoch-kanal/s]
Veri yükleniyor:  20%|██        | 3829/18832 [00:25<00:48, 307.42epoch-kanal/s]
Veri yükleniyor:  21%|██        | 3868/18832 [00:26<00:45, 327.18epoch-kanal/s]
Veri yükleniyor:  21%|██        | 3907/18832 [00:29<06:33, 37.94epoch-kanal/s] 
Veri yükleniyor:  21%|██        | 3947/18832 [00:29<04:44, 52.25epoch-kanal/s]
Veri yükleniyor:  21%|██        | 3988/18832 [00:29<03:27, 71.38epoch-kanal/s]
Veri yükleniyor:  21%|██▏       | 4028/18832 [00:29<02:36, 94.63epoch-kanal/s]
Veri yükleniyor:  22%|██▏       | 4064/18832 [00:29<02:08, 115.34epoch-kanal/s]
Veri yükleniyor:  22%|██▏       | 4105/18832 [00:29<01:39, 148.59epoch-kanal/s]
Veri yükleniyor:  22%|██▏       | 4145/18832 [00:29<01:20, 183.17epoch-kanal/s]
Veri yükleniyor:  22%|██▏       | 4185/18832 [00:29<01:07, 218.28epoch-kanal/s]
Veri yükleniyor:  22%|██▏       | 4224/18832 [00:30<00:58, 250.94epoch-kanal/s]
Veri yükleniyor:  23%|██▎       | 4262/18832 [00:30<00:52, 278.10epoch-kanal/s]
Veri yükleniyor:  23%|██▎       | 4302/18832 [00:30<00:47, 304.88epoch-kanal/s]
Veri yükleniyor:  23%|██▎       | 4342/18832 [00:30<00:44, 326.87epoch-kanal/s]
Veri yükleniyor:  23%|██▎       | 4382/18832 [00:30<00:41, 344.42epoch-kanal/s]
Veri yükleniyor:  23%|██▎       | 4422/18832 [00:30<00:40, 358.30epoch-kanal/s]
Veri yükleniyor:  24%|██▎       | 4461/18832 [00:30<00:39, 364.21epoch-kanal/s]
Veri yükleniyor:  24%|██▍       | 4500/18832 [00:30<00:39, 365.84epoch-kanal/s]
Veri yükleniyor:  24%|██▍       | 4539/18832 [00:33<05:19, 44.70epoch-kanal/s] 
Veri yükleniyor:  24%|██▍       | 4579/18832 [00:33<03:52, 61.21epoch-kanal/s]
Veri yükleniyor:  25%|██▍       | 4619/18832 [00:33<02:52, 82.29epoch-kanal/s]
Veri yükleniyor:  25%|██▍       | 4660/18832 [00:33<02:10, 108.88epoch-kanal/s]
Veri yükleniyor:  25%|██▍       | 4700/18832 [00:33<01:41, 139.20epoch-kanal/s]
Veri yükleniyor:  25%|██▌       | 4740/18832 [00:33<01:21, 172.78epoch-kanal/s]
Veri yükleniyor:  25%|██▌       | 4780/18832 [00:34<01:07, 208.00epoch-kanal/s]
Veri yükleniyor:  26%|██▌       | 4820/18832 [00:34<00:57, 242.65epoch-kanal/s]
Veri yükleniyor:  26%|██▌       | 4859/18832 [00:34<00:51, 271.10epoch-kanal/s]
Veri yükleniyor:  26%|██▌       | 4900/18832 [00:34<00:46, 301.19epoch-kanal/s]
Veri yükleniyor:  26%|██▌       | 4940/18832 [00:34<00:42, 325.16epoch-kanal/s]
Veri yükleniyor:  26%|██▋       | 4980/18832 [00:37<05:07, 45.10epoch-kanal/s] 
Veri yükleniyor:  27%|██▋       | 5020/18832 [00:37<03:45, 61.39epoch-kanal/s]
Veri yükleniyor:  27%|██▋       | 5060/18832 [00:37<02:47, 82.23epoch-kanal/s]
Veri yükleniyor:  27%|██▋       | 5099/18832 [00:37<02:12, 103.74epoch-kanal/s]
Veri yükleniyor:  27%|██▋       | 5139/18832 [00:37<01:42, 133.52epoch-kanal/s]
Veri yükleniyor:  28%|██▊       | 5179/18832 [00:37<01:21, 166.68epoch-kanal/s]
Veri yükleniyor:  28%|██▊       | 5218/18832 [00:37<01:07, 200.54epoch-kanal/s]
Veri yükleniyor:  28%|██▊       | 5258/18832 [00:37<00:57, 235.93epoch-kanal/s]
Veri yükleniyor:  28%|██▊       | 5296/18832 [00:37<00:51, 264.84epoch-kanal/s]
Veri yükleniyor:  28%|██▊       | 5336/18832 [00:38<00:45, 294.78epoch-kanal/s]
Veri yükleniyor:  29%|██▊       | 5376/18832 [00:38<00:42, 318.88epoch-kanal/s]
Veri yükleniyor:  29%|██▉       | 5416/18832 [00:38<00:39, 337.64epoch-kanal/s]
Veri yükleniyor:  29%|██▉       | 5456/18832 [00:38<00:37, 353.34epoch-kanal/s]
Veri yükleniyor:  29%|██▉       | 5496/18832 [00:41<05:45, 38.55epoch-kanal/s] 
Veri yükleniyor:  29%|██▉       | 5537/18832 [00:41<04:09, 53.31epoch-kanal/s]
Veri yükleniyor:  30%|██▉       | 5569/18832 [00:41<03:16, 67.39epoch-kanal/s]
Veri yükleniyor:  30%|██▉       | 5608/18832 [00:41<02:26, 90.27epoch-kanal/s]
Veri yükleniyor:  30%|██▉       | 5645/18832 [00:41<01:53, 115.82epoch-kanal/s]
Veri yükleniyor:  30%|███       | 5684/18832 [00:42<01:29, 147.25epoch-kanal/s]
Veri yükleniyor:  30%|███       | 5724/18832 [00:42<01:11, 182.65epoch-kanal/s]
Veri yükleniyor:  31%|███       | 5761/18832 [00:42<01:01, 214.02epoch-kanal/s]
Veri yükleniyor:  31%|███       | 5801/18832 [00:42<00:52, 249.64epoch-kanal/s]
Veri yükleniyor:  31%|███       | 5841/18832 [00:42<00:46, 281.75epoch-kanal/s]
Veri yükleniyor:  31%|███       | 5881/18832 [00:42<00:41, 309.20epoch-kanal/s]
Veri yükleniyor:  31%|███▏      | 5920/18832 [00:42<00:39, 329.38epoch-kanal/s]
Veri yükleniyor:  32%|███▏      | 5960/18832 [00:42<00:37, 346.21epoch-kanal/s]
Veri yükleniyor:  32%|███▏      | 5999/18832 [00:42<00:35, 357.26epoch-kanal/s]
Veri yükleniyor:  32%|███▏      | 6038/18832 [00:45<04:48, 44.35epoch-kanal/s] 
Veri yükleniyor:  32%|███▏      | 6075/18832 [00:45<03:35, 59.32epoch-kanal/s]
Veri yükleniyor:  32%|███▏      | 6106/18832 [00:45<02:58, 71.39epoch-kanal/s]
Veri yükleniyor:  33%|███▎      | 6133/18832 [00:46<02:35, 81.63epoch-kanal/s]
Veri yükleniyor:  33%|███▎      | 6156/18832 [00:46<02:15, 93.49epoch-kanal/s]
Veri yükleniyor:  33%|███▎      | 6178/18832 [00:46<02:00, 104.82epoch-kanal/s]
Veri yükleniyor:  33%|███▎      | 6199/18832 [00:46<01:47, 117.79epoch-kanal/s]
Veri yükleniyor:  33%|███▎      | 6219/18832 [00:46<01:37, 128.81epoch-kanal/s]
Veri yükleniyor:  33%|███▎      | 6239/18832 [00:46<01:29, 141.06epoch-kanal/s]
Veri yükleniyor:  33%|███▎      | 6259/18832 [00:46<01:22, 151.70epoch-kanal/s]
Veri yükleniyor:  33%|███▎      | 6279/18832 [00:46<01:17, 161.64epoch-kanal/s]
Veri yükleniyor:  33%|███▎      | 6299/18832 [00:46<01:19, 157.26epoch-kanal/s]
Veri yükleniyor:  34%|███▎      | 6317/18832 [00:47<01:19, 156.45epoch-kanal/s]
Veri yükleniyor:  34%|███▎      | 6335/18832 [00:47<01:18, 159.97epoch-kanal/s]
Veri yükleniyor:  34%|███▎      | 6353/18832 [00:47<01:17, 161.18epoch-kanal/s]
Veri yükleniyor:  34%|███▍      | 6372/18832 [00:47<01:14, 167.55epoch-kanal/s]
Veri yükleniyor:  34%|███▍      | 6390/18832 [00:47<01:13, 170.02epoch-kanal/s]
Veri yükleniyor:  34%|███▍      | 6410/18832 [00:47<01:10, 176.95epoch-kanal/s]
Veri yükleniyor:  34%|███▍      | 6429/18832 [00:47<01:09, 179.15epoch-kanal/s]
Veri yükleniyor:  34%|███▍      | 6448/18832 [00:47<01:08, 181.79epoch-kanal/s]
Veri yükleniyor:  34%|███▍      | 6467/18832 [00:47<01:07, 183.91epoch-kanal/s]
Veri yükleniyor:  34%|███▍      | 6486/18832 [00:48<01:07, 181.96epoch-kanal/s]
Veri yükleniyor:  35%|███▍      | 6505/18832 [00:48<01:07, 182.70epoch-kanal/s]
Veri yükleniyor:  35%|███▍      | 6524/18832 [00:48<01:07, 182.62epoch-kanal/s]
Veri yükleniyor:  35%|███▍      | 6543/18832 [00:48<01:07, 182.55epoch-kanal/s]
Veri yükleniyor:  35%|███▍      | 6562/18832 [00:48<01:06, 184.55epoch-kanal/s]
Veri yükleniyor:  35%|███▍      | 6581/18832 [00:48<01:06, 184.99epoch-kanal/s]
Veri yükleniyor:  35%|███▌      | 6600/18832 [00:48<01:05, 186.09epoch-kanal/s]
Veri yükleniyor:  35%|███▌      | 6620/18832 [00:48<01:05, 187.14epoch-kanal/s]
Veri yükleniyor:  35%|███▌      | 6639/18832 [00:48<01:06, 182.34epoch-kanal/s]
Veri yükleniyor:  35%|███▌      | 6658/18832 [00:48<01:06, 183.54epoch-kanal/s]
Veri yükleniyor:  35%|███▌      | 6677/18832 [00:49<01:05, 185.12epoch-kanal/s]
Veri yükleniyor:  36%|███▌      | 6696/18832 [00:49<01:06, 183.82epoch-kanal/s]
Veri yükleniyor:  36%|███▌      | 6715/18832 [00:49<01:07, 180.76epoch-kanal/s]
Veri yükleniyor:  36%|███▌      | 6734/18832 [00:49<01:06, 182.62epoch-kanal/s]
Veri yükleniyor:  36%|███▌      | 6753/18832 [00:49<01:05, 183.75epoch-kanal/s]
Veri yükleniyor:  36%|███▌      | 6773/18832 [00:49<01:04, 186.22epoch-kanal/s]
Veri yükleniyor:  36%|███▌      | 6792/18832 [00:49<01:04, 186.77epoch-kanal/s]
Veri yükleniyor:  36%|███▌      | 6812/18832 [00:49<01:04, 187.47epoch-kanal/s]
Veri yükleniyor:  36%|███▋      | 6831/18832 [00:49<01:04, 186.35epoch-kanal/s]
Veri yükleniyor:  36%|███▋      | 6850/18832 [00:50<01:05, 181.71epoch-kanal/s]
Veri yükleniyor:  36%|███▋      | 6869/18832 [00:50<01:05, 181.82epoch-kanal/s]
Veri yükleniyor:  37%|███▋      | 6888/18832 [00:50<01:05, 182.80epoch-kanal/s]
Veri yükleniyor:  37%|███▋      | 6907/18832 [00:50<01:06, 180.49epoch-kanal/s]
Veri yükleniyor:  37%|███▋      | 6926/18832 [00:50<01:05, 180.50epoch-kanal/s]
Veri yükleniyor:  37%|███▋      | 6946/18832 [00:50<01:04, 183.65epoch-kanal/s]
Veri yükleniyor:  37%|███▋      | 6965/18832 [00:50<01:04, 184.47epoch-kanal/s]
Veri yükleniyor:  37%|███▋      | 6984/18832 [00:50<01:03, 185.19epoch-kanal/s]
Veri yükleniyor:  37%|███▋      | 7003/18832 [00:50<01:04, 184.36epoch-kanal/s]
Veri yükleniyor:  37%|███▋      | 7022/18832 [00:50<01:03, 185.45epoch-kanal/s]
Veri yükleniyor:  37%|███▋      | 7041/18832 [00:51<01:03, 184.55epoch-kanal/s]
Veri yükleniyor:  37%|███▋      | 7060/18832 [00:51<01:04, 183.78epoch-kanal/s]
Veri yükleniyor:  38%|███▊      | 7079/18832 [00:51<01:05, 180.67epoch-kanal/s]
Veri yükleniyor:  38%|███▊      | 7098/18832 [00:51<01:04, 182.12epoch-kanal/s]
Veri yükleniyor:  38%|███▊      | 7118/18832 [00:51<01:03, 184.58epoch-kanal/s]
Veri yükleniyor:  38%|███▊      | 7137/18832 [00:51<01:03, 185.42epoch-kanal/s]
Veri yükleniyor:  38%|███▊      | 7156/18832 [00:51<01:02, 185.43epoch-kanal/s]
Veri yükleniyor:  38%|███▊      | 7175/18832 [00:51<01:02, 186.03epoch-kanal/s]
Veri yükleniyor:  38%|███▊      | 7195/18832 [00:51<01:02, 187.67epoch-kanal/s]
Veri yükleniyor:  38%|███▊      | 7214/18832 [00:51<01:02, 186.27epoch-kanal/s]
Veri yükleniyor:  38%|███▊      | 7233/18832 [00:52<01:02, 186.77epoch-kanal/s]
Veri yükleniyor:  39%|███▊      | 7252/18832 [00:52<01:02, 186.41epoch-kanal/s]
Veri yükleniyor:  39%|███▊      | 7271/18832 [00:52<01:03, 182.60epoch-kanal/s]
Veri yükleniyor:  39%|███▊      | 7290/18832 [00:52<01:02, 184.43epoch-kanal/s]
Veri yükleniyor:  39%|███▉      | 7309/18832 [00:52<01:02, 184.71epoch-kanal/s]
Veri yükleniyor:  39%|███▉      | 7329/18832 [00:52<01:01, 187.34epoch-kanal/s]
Veri yükleniyor:  39%|███▉      | 7348/18832 [00:52<01:01, 186.17epoch-kanal/s]
Veri yükleniyor:  39%|███▉      | 7367/18832 [00:52<01:01, 186.85epoch-kanal/s]
Veri yükleniyor:  39%|███▉      | 7386/18832 [00:52<01:02, 184.24epoch-kanal/s]
Veri yükleniyor:  39%|███▉      | 7405/18832 [00:53<01:03, 181.35epoch-kanal/s]
Veri yükleniyor:  39%|███▉      | 7424/18832 [00:53<01:03, 180.00epoch-kanal/s]
Veri yükleniyor:  40%|███▉      | 7443/18832 [00:53<01:03, 180.52epoch-kanal/s]
Veri yükleniyor:  40%|███▉      | 7462/18832 [00:53<01:11, 158.81epoch-kanal/s]
Veri yükleniyor:  40%|███▉      | 7481/18832 [00:53<01:09, 163.95epoch-kanal/s]
Veri yükleniyor:  40%|███▉      | 7500/18832 [00:53<01:06, 170.71epoch-kanal/s]
Veri yükleniyor:  40%|███▉      | 7518/18832 [00:53<01:05, 172.18epoch-kanal/s]
Veri yükleniyor:  40%|████      | 7536/18832 [00:53<01:05, 172.45epoch-kanal/s]
Veri yükleniyor:  40%|████      | 7555/18832 [00:53<01:03, 177.43epoch-kanal/s]
Veri yükleniyor:  40%|████      | 7574/18832 [00:54<01:02, 180.54epoch-kanal/s]
Veri yükleniyor:  40%|████      | 7593/18832 [00:54<01:02, 181.24epoch-kanal/s]
Veri yükleniyor:  40%|████      | 7612/18832 [00:54<01:01, 181.63epoch-kanal/s]
Veri yükleniyor:  41%|████      | 7631/18832 [00:54<01:03, 177.63epoch-kanal/s]
Veri yükleniyor:  41%|████      | 7650/18832 [00:54<01:02, 179.15epoch-kanal/s]
Veri yükleniyor:  41%|████      | 7669/18832 [00:54<01:01, 180.98epoch-kanal/s]
Veri yükleniyor:  41%|████      | 7688/18832 [00:54<01:01, 181.66epoch-kanal/s]
Veri yükleniyor:  41%|████      | 7707/18832 [00:54<01:00, 183.41epoch-kanal/s]
Veri yükleniyor:  41%|████      | 7726/18832 [00:54<01:00, 183.56epoch-kanal/s]
Veri yükleniyor:  41%|████      | 7745/18832 [00:54<01:00, 184.63epoch-kanal/s]
Veri yükleniyor:  41%|████      | 7764/18832 [00:55<00:59, 184.88epoch-kanal/s]
Veri yükleniyor:  41%|████▏     | 7783/18832 [00:55<01:00, 183.10epoch-kanal/s]
Veri yükleniyor:  41%|████▏     | 7802/18832 [00:55<01:00, 181.83epoch-kanal/s]
Veri yükleniyor:  42%|████▏     | 7821/18832 [00:55<01:00, 181.35epoch-kanal/s]
Veri yükleniyor:  42%|████▏     | 7840/18832 [00:55<00:59, 183.76epoch-kanal/s]
Veri yükleniyor:  42%|████▏     | 7859/18832 [00:55<01:00, 182.56epoch-kanal/s]
Veri yükleniyor:  42%|████▏     | 7878/18832 [00:55<00:59, 183.92epoch-kanal/s]
Veri yükleniyor:  42%|████▏     | 7897/18832 [00:55<00:59, 184.24epoch-kanal/s]
Veri yükleniyor:  42%|████▏     | 7917/18832 [00:55<00:58, 186.62epoch-kanal/s]
Veri yükleniyor:  42%|████▏     | 7936/18832 [00:55<01:00, 179.51epoch-kanal/s]
Veri yükleniyor:  42%|████▏     | 7955/18832 [00:56<01:00, 181.03epoch-kanal/s]
Veri yükleniyor:  42%|████▏     | 7974/18832 [00:56<01:00, 180.69epoch-kanal/s]
Veri yükleniyor:  42%|████▏     | 7993/18832 [00:56<01:00, 179.06epoch-kanal/s]
Veri yükleniyor:  43%|████▎     | 8012/18832 [00:56<00:59, 180.47epoch-kanal/s]
Veri yükleniyor:  43%|████▎     | 8031/18832 [00:56<00:59, 181.64epoch-kanal/s]
Veri yükleniyor:  43%|████▎     | 8050/18832 [00:56<00:59, 182.43epoch-kanal/s]
Veri yükleniyor:  43%|████▎     | 8069/18832 [00:56<00:58, 183.69epoch-kanal/s]
Veri yükleniyor:  43%|████▎     | 8088/18832 [00:56<00:58, 184.07epoch-kanal/s]
Veri yükleniyor:  43%|████▎     | 8107/18832 [00:56<00:59, 181.21epoch-kanal/s]
Veri yükleniyor:  43%|████▎     | 8126/18832 [00:57<00:58, 181.79epoch-kanal/s]
Veri yükleniyor:  43%|████▎     | 8145/18832 [00:57<00:59, 181.06epoch-kanal/s]
Veri yükleniyor:  43%|████▎     | 8164/18832 [00:57<00:59, 180.36epoch-kanal/s]
Veri yükleniyor:  43%|████▎     | 8183/18832 [00:57<02:26, 72.65epoch-kanal/s] 
Veri yükleniyor:  44%|████▎     | 8223/18832 [00:57<01:29, 118.73epoch-kanal/s]
Veri yükleniyor:  44%|████▍     | 8263/18832 [00:58<01:03, 165.70epoch-kanal/s]
Veri yükleniyor:  44%|████▍     | 8303/18832 [00:58<00:50, 210.35epoch-kanal/s]
Veri yükleniyor:  44%|████▍     | 8341/18832 [00:58<00:42, 246.88epoch-kanal/s]
Veri yükleniyor:  44%|████▍     | 8374/18832 [00:58<00:43, 241.57epoch-kanal/s]
Veri yükleniyor:  45%|████▍     | 8404/18832 [00:58<00:46, 223.48epoch-kanal/s]
Veri yükleniyor:  45%|████▍     | 8431/18832 [00:58<00:48, 213.15epoch-kanal/s]
Veri yükleniyor:  45%|████▍     | 8456/18832 [00:58<00:51, 202.27epoch-kanal/s]
Veri yükleniyor:  45%|████▌     | 8479/18832 [00:58<00:53, 195.00epoch-kanal/s]
Veri yükleniyor:  45%|████▌     | 8500/18832 [00:59<00:54, 191.28epoch-kanal/s]
Veri yükleniyor:  45%|████▌     | 8521/18832 [00:59<00:53, 191.60epoch-kanal/s]
Veri yükleniyor:  45%|████▌     | 8541/18832 [00:59<00:54, 187.38epoch-kanal/s]
Veri yükleniyor:  45%|████▌     | 8561/18832 [00:59<00:54, 187.06epoch-kanal/s]
Veri yükleniyor:  46%|████▌     | 8580/18832 [00:59<00:54, 186.61epoch-kanal/s]
Veri yükleniyor:  46%|████▌     | 8600/18832 [00:59<00:54, 188.46epoch-kanal/s]
Veri yükleniyor:  46%|████▌     | 8619/18832 [00:59<00:54, 187.70epoch-kanal/s]
Veri yükleniyor:  46%|████▌     | 8638/18832 [00:59<00:54, 187.17epoch-kanal/s]
Veri yükleniyor:  46%|████▌     | 8657/18832 [00:59<00:54, 186.55epoch-kanal/s]
Veri yükleniyor:  46%|████▌     | 8676/18832 [01:00<00:54, 185.80epoch-kanal/s]
Veri yükleniyor:  46%|████▌     | 8695/18832 [01:00<00:54, 185.63epoch-kanal/s]
Veri yükleniyor:  46%|████▋     | 8714/18832 [01:00<00:55, 182.76epoch-kanal/s]
Veri yükleniyor:  46%|████▋     | 8733/18832 [01:00<00:55, 183.49epoch-kanal/s]
Veri yükleniyor:  46%|████▋     | 8752/18832 [01:00<00:54, 183.44epoch-kanal/s]
Veri yükleniyor:  47%|████▋     | 8771/18832 [01:00<00:54, 183.00epoch-kanal/s]
Veri yükleniyor:  47%|████▋     | 8790/18832 [01:00<00:54, 183.73epoch-kanal/s]
Veri yükleniyor:  47%|████▋     | 8809/18832 [01:00<00:54, 184.09epoch-kanal/s]
Veri yükleniyor:  47%|████▋     | 8828/18832 [01:00<00:53, 185.28epoch-kanal/s]
Veri yükleniyor:  47%|████▋     | 8847/18832 [01:00<00:54, 184.66epoch-kanal/s]
Veri yükleniyor:  47%|████▋     | 8866/18832 [01:01<00:53, 184.75epoch-kanal/s]
Veri yükleniyor:  47%|████▋     | 8885/18832 [01:01<00:54, 181.96epoch-kanal/s]
Veri yükleniyor:  47%|████▋     | 8904/18832 [01:01<00:55, 179.62epoch-kanal/s]
Veri yükleniyor:  47%|████▋     | 8922/18832 [01:01<02:12, 74.69epoch-kanal/s] 
Veri yükleniyor:  48%|████▊     | 8961/18832 [01:01<01:21, 120.43epoch-kanal/s]
Veri yükleniyor:  48%|████▊     | 8984/18832 [01:02<01:10, 139.27epoch-kanal/s]
Veri yükleniyor:  48%|████▊     | 9024/18832 [01:02<00:51, 190.08epoch-kanal/s]
Veri yükleniyor:  48%|████▊     | 9064/18832 [01:02<00:41, 235.21epoch-kanal/s]
Veri yükleniyor:  48%|████▊     | 9105/18832 [01:02<00:35, 275.58epoch-kanal/s]
Veri yükleniyor:  49%|████▊     | 9144/18832 [01:02<00:31, 303.37epoch-kanal/s]
Veri yükleniyor:  49%|████▊     | 9179/18832 [01:02<00:33, 284.37epoch-kanal/s]
Veri yükleniyor:  49%|████▉     | 9211/18832 [01:02<00:38, 247.38epoch-kanal/s]
Veri yükleniyor:  49%|████▉     | 9239/18832 [01:02<00:42, 227.71epoch-kanal/s]
Veri yükleniyor:  49%|████▉     | 9265/18832 [01:03<00:44, 215.35epoch-kanal/s]
Veri yükleniyor:  49%|████▉     | 9289/18832 [01:03<00:46, 204.25epoch-kanal/s]
Veri yükleniyor:  49%|████▉     | 9311/18832 [01:03<00:48, 197.84epoch-kanal/s]
Veri yükleniyor:  50%|████▉     | 9332/18832 [01:03<00:48, 193.88epoch-kanal/s]
Veri yükleniyor:  50%|████▉     | 9352/18832 [01:03<00:48, 193.89epoch-kanal/s]
Veri yükleniyor:  50%|████▉     | 9372/18832 [01:03<00:49, 189.62epoch-kanal/s]
Veri yükleniyor:  50%|████▉     | 9392/18832 [01:03<00:50, 187.44epoch-kanal/s]
Veri yükleniyor:  50%|████▉     | 9411/18832 [01:03<00:50, 186.95epoch-kanal/s]
Veri yükleniyor:  50%|█████     | 9430/18832 [01:04<00:50, 185.96epoch-kanal/s]
Veri yükleniyor:  50%|█████     | 9449/18832 [01:04<00:50, 184.56epoch-kanal/s]
Veri yükleniyor:  50%|█████     | 9468/18832 [01:04<00:50, 184.90epoch-kanal/s]
Veri yükleniyor:  50%|█████     | 9487/18832 [01:04<00:51, 180.65epoch-kanal/s]
Veri yükleniyor:  50%|█████     | 9506/18832 [01:04<00:51, 182.41epoch-kanal/s]
Veri yükleniyor:  51%|█████     | 9526/18832 [01:04<00:50, 184.98epoch-kanal/s]
Veri yükleniyor:  51%|█████     | 9545/18832 [01:04<00:50, 183.48epoch-kanal/s]
Veri yükleniyor:  51%|█████     | 9565/18832 [01:04<00:49, 185.88epoch-kanal/s]
Veri yükleniyor:  51%|█████     | 9584/18832 [01:04<00:50, 184.78epoch-kanal/s]
Veri yükleniyor:  51%|█████     | 9603/18832 [01:04<00:50, 183.82epoch-kanal/s]
Veri yükleniyor:  51%|█████     | 9622/18832 [01:05<00:50, 183.17epoch-kanal/s]
Veri yükleniyor:  51%|█████     | 9641/18832 [01:05<00:50, 182.72epoch-kanal/s]
Veri yükleniyor:  51%|█████▏    | 9660/18832 [01:05<00:50, 180.36epoch-kanal/s]
Veri yükleniyor:  51%|█████▏    | 9679/18832 [01:05<00:50, 181.74epoch-kanal/s]
Veri yükleniyor:  51%|█████▏    | 9698/18832 [01:05<00:49, 182.95epoch-kanal/s]
Veri yükleniyor:  52%|█████▏    | 9717/18832 [01:05<00:50, 180.06epoch-kanal/s]
Veri yükleniyor:  52%|█████▏    | 9737/18832 [01:05<00:48, 185.77epoch-kanal/s]
Veri yükleniyor:  52%|█████▏    | 9777/18832 [01:05<00:36, 246.81epoch-kanal/s]
Veri yükleniyor:  52%|█████▏    | 9815/18832 [01:05<00:31, 285.79epoch-kanal/s]
Veri yükleniyor:  52%|█████▏    | 9854/18832 [01:05<00:28, 316.47epoch-kanal/s]
Veri yükleniyor:  53%|█████▎    | 9893/18832 [01:06<00:26, 337.38epoch-kanal/s]
Veri yükleniyor:  53%|█████▎    | 9927/18832 [01:06<00:27, 324.95epoch-kanal/s]
Veri yükleniyor:  53%|█████▎    | 9966/18832 [01:06<00:25, 342.99epoch-kanal/s]
Veri yükleniyor:  53%|█████▎    | 10005/18832 [01:06<00:24, 354.45epoch-kanal/s]
Veri yükleniyor:  53%|█████▎    | 10041/18832 [01:06<00:31, 277.75epoch-kanal/s]
Veri yükleniyor:  53%|█████▎    | 10072/18832 [01:06<00:35, 246.26epoch-kanal/s]
Veri yükleniyor:  54%|█████▎    | 10099/18832 [01:06<00:38, 226.73epoch-kanal/s]
Veri yükleniyor:  54%|█████▍    | 10124/18832 [01:07<00:40, 215.50epoch-kanal/s]
Veri yükleniyor:  54%|█████▍    | 10147/18832 [01:07<00:41, 207.47epoch-kanal/s]
Veri yükleniyor:  54%|█████▍    | 10169/18832 [01:07<00:43, 198.92epoch-kanal/s]
Veri yükleniyor:  54%|█████▍    | 10190/18832 [01:07<00:44, 196.37epoch-kanal/s]
Veri yükleniyor:  54%|█████▍    | 10210/18832 [01:07<00:44, 193.75epoch-kanal/s]
Veri yükleniyor:  54%|█████▍    | 10230/18832 [01:07<00:44, 191.93epoch-kanal/s]
Veri yükleniyor:  54%|█████▍    | 10250/18832 [01:07<00:44, 192.14epoch-kanal/s]
Veri yükleniyor:  55%|█████▍    | 10270/18832 [01:07<00:45, 188.80epoch-kanal/s]
Veri yükleniyor:  55%|█████▍    | 10289/18832 [01:07<00:45, 186.35epoch-kanal/s]
Veri yükleniyor:  55%|█████▍    | 10308/18832 [01:08<00:46, 184.08epoch-kanal/s]
Veri yükleniyor:  55%|█████▍    | 10327/18832 [01:08<00:46, 183.26epoch-kanal/s]
Veri yükleniyor:  55%|█████▍    | 10346/18832 [01:08<00:46, 182.49epoch-kanal/s]
Veri yükleniyor:  55%|█████▌    | 10365/18832 [01:08<00:46, 181.75epoch-kanal/s]
Veri yükleniyor:  55%|█████▌    | 10384/18832 [01:08<00:46, 183.47epoch-kanal/s]
Veri yükleniyor:  55%|█████▌    | 10403/18832 [01:08<00:45, 183.91epoch-kanal/s]
Veri yükleniyor:  55%|█████▌    | 10423/18832 [01:08<00:45, 186.75epoch-kanal/s]
Veri yükleniyor:  55%|█████▌    | 10442/18832 [01:08<00:46, 179.98epoch-kanal/s]
Veri yükleniyor:  56%|█████▌    | 10461/18832 [01:08<00:46, 181.58epoch-kanal/s]
Veri yükleniyor:  56%|█████▌    | 10480/18832 [01:08<00:45, 182.71epoch-kanal/s]
Veri yükleniyor:  56%|█████▌    | 10499/18832 [01:09<00:45, 182.62epoch-kanal/s]
Veri yükleniyor:  56%|█████▌    | 10518/18832 [01:09<00:45, 183.86epoch-kanal/s]
Veri yükleniyor:  56%|█████▌    | 10537/18832 [01:09<00:46, 178.75epoch-kanal/s]
Veri yükleniyor:  56%|█████▌    | 10557/18832 [01:09<00:45, 182.08epoch-kanal/s]
Veri yükleniyor:  56%|█████▌    | 10576/18832 [01:09<00:45, 181.86epoch-kanal/s]
Veri yükleniyor:  56%|█████▋    | 10595/18832 [01:09<00:45, 182.33epoch-kanal/s]
Veri yükleniyor:  56%|█████▋    | 10614/18832 [01:09<00:44, 183.83epoch-kanal/s]
Veri yükleniyor:  57%|█████▋    | 10641/18832 [01:09<00:39, 208.15epoch-kanal/s]
Veri yükleniyor:  57%|█████▋    | 10681/18832 [01:09<00:30, 263.12epoch-kanal/s]
Veri yükleniyor:  57%|█████▋    | 10720/18832 [01:10<00:27, 299.74epoch-kanal/s]
Veri yükleniyor:  57%|█████▋    | 10751/18832 [01:10<00:28, 278.80epoch-kanal/s]
Veri yükleniyor:  57%|█████▋    | 10791/18832 [01:10<00:25, 311.53epoch-kanal/s]
Veri yükleniyor:  58%|█████▊    | 10830/18832 [01:10<00:23, 333.44epoch-kanal/s]
Veri yükleniyor:  58%|█████▊    | 10869/18832 [01:10<00:22, 349.19epoch-kanal/s]
Veri yükleniyor:  58%|█████▊    | 10909/18832 [01:10<00:21, 362.52epoch-kanal/s]
Veri yükleniyor:  58%|█████▊    | 10946/18832 [01:10<00:25, 311.17epoch-kanal/s]
Veri yükleniyor:  58%|█████▊    | 10979/18832 [01:10<00:30, 260.30epoch-kanal/s]
Veri yükleniyor:  58%|█████▊    | 11008/18832 [01:11<00:33, 231.81epoch-kanal/s]
Veri yükleniyor:  59%|█████▊    | 11034/18832 [01:11<00:35, 218.14epoch-kanal/s]
Veri yükleniyor:  59%|█████▊    | 11058/18832 [01:11<00:37, 206.93epoch-kanal/s]
Veri yükleniyor:  59%|█████▉    | 11080/18832 [01:11<00:38, 201.22epoch-kanal/s]
Veri yükleniyor:  59%|█████▉    | 11101/18832 [01:11<00:39, 195.60epoch-kanal/s]
Veri yükleniyor:  59%|█████▉    | 11121/18832 [01:11<00:40, 192.36epoch-kanal/s]
Veri yükleniyor:  59%|█████▉    | 11141/18832 [01:11<00:40, 191.14epoch-kanal/s]
Veri yükleniyor:  59%|█████▉    | 11161/18832 [01:11<00:40, 189.48epoch-kanal/s]
Veri yükleniyor:  59%|█████▉    | 11181/18832 [01:12<00:40, 188.65epoch-kanal/s]
Veri yükleniyor:  59%|█████▉    | 11200/18832 [01:12<00:40, 187.22epoch-kanal/s]
Veri yükleniyor:  60%|█████▉    | 11219/18832 [01:12<00:40, 186.00epoch-kanal/s]
Veri yükleniyor:  60%|█████▉    | 11238/18832 [01:12<00:41, 180.83epoch-kanal/s]
Veri yükleniyor:  60%|█████▉    | 11257/18832 [01:12<00:41, 182.29epoch-kanal/s]
Veri yükleniyor:  60%|█████▉    | 11276/18832 [01:12<00:41, 182.98epoch-kanal/s]
Veri yükleniyor:  60%|█████▉    | 11295/18832 [01:12<00:41, 183.54epoch-kanal/s]
Veri yükleniyor:  60%|██████    | 11314/18832 [01:12<00:40, 184.69epoch-kanal/s]
Veri yükleniyor:  60%|██████    | 11333/18832 [01:12<00:40, 184.05epoch-kanal/s]
Veri yükleniyor:  60%|██████    | 11352/18832 [01:12<00:40, 184.89epoch-kanal/s]
Veri yükleniyor:  60%|██████    | 11371/18832 [01:13<00:40, 184.59epoch-kanal/s]
Veri yükleniyor:  60%|██████    | 11390/18832 [01:13<00:40, 183.61epoch-kanal/s]
Veri yükleniyor:  61%|██████    | 11409/18832 [01:13<00:41, 180.05epoch-kanal/s]
Veri yükleniyor:  61%|██████    | 11428/18832 [01:13<00:41, 179.45epoch-kanal/s]
Veri yükleniyor:  61%|██████    | 11448/18832 [01:13<00:40, 183.01epoch-kanal/s]
Veri yükleniyor:  61%|██████    | 11467/18832 [01:13<00:40, 181.49epoch-kanal/s]
Veri yükleniyor:  61%|██████    | 11486/18832 [01:13<00:40, 183.31epoch-kanal/s]
Veri yükleniyor:  61%|██████    | 11505/18832 [01:13<00:40, 182.46epoch-kanal/s]
Veri yükleniyor:  61%|██████    | 11525/18832 [01:13<00:38, 187.36epoch-kanal/s]
Veri yükleniyor:  61%|██████▏   | 11563/18832 [01:13<00:29, 243.75epoch-kanal/s]
Veri yükleniyor:  62%|██████▏   | 11603/18832 [01:14<00:25, 287.48epoch-kanal/s]
Veri yükleniyor:  62%|██████▏   | 11642/18832 [01:14<00:22, 317.65epoch-kanal/s]
Veri yükleniyor:  62%|██████▏   | 11681/18832 [01:14<00:21, 338.42epoch-kanal/s]
Veri yükleniyor:  62%|██████▏   | 11720/18832 [01:14<00:20, 353.11epoch-kanal/s]
Veri yükleniyor:  62%|██████▏   | 11760/18832 [01:14<00:19, 365.34epoch-kanal/s]
Veri yükleniyor:  63%|██████▎   | 11799/18832 [01:14<00:18, 372.66epoch-kanal/s]
Veri yükleniyor:  63%|██████▎   | 11839/18832 [01:14<00:18, 379.79epoch-kanal/s]
Veri yükleniyor:  63%|██████▎   | 11878/18832 [01:14<00:22, 307.89epoch-kanal/s]
Veri yükleniyor:  63%|██████▎   | 11912/18832 [01:15<00:29, 236.77epoch-kanal/s]
Veri yükleniyor:  63%|██████▎   | 11940/18832 [01:15<00:35, 192.35epoch-kanal/s]
Veri yükleniyor:  64%|██████▎   | 11963/18832 [01:15<00:39, 175.22epoch-kanal/s]
Veri yükleniyor:  64%|██████▎   | 11984/18832 [01:15<00:40, 168.60epoch-kanal/s]
Veri yükleniyor:  64%|██████▎   | 12003/18832 [01:15<00:42, 160.55epoch-kanal/s]
Veri yükleniyor:  64%|██████▍   | 12021/18832 [01:15<00:44, 151.93epoch-kanal/s]
Veri yükleniyor:  64%|██████▍   | 12037/18832 [01:16<00:46, 145.81epoch-kanal/s]
Veri yükleniyor:  64%|██████▍   | 12052/18832 [01:16<00:46, 144.91epoch-kanal/s]
Veri yükleniyor:  64%|██████▍   | 12067/18832 [01:16<00:49, 136.73epoch-kanal/s]
Veri yükleniyor:  64%|██████▍   | 12085/18832 [01:16<00:45, 146.91epoch-kanal/s]
Veri yükleniyor:  64%|██████▍   | 12101/18832 [01:17<03:40, 30.54epoch-kanal/s] 
Veri yükleniyor:  64%|██████▍   | 12141/18832 [01:18<01:58, 56.37epoch-kanal/s]
Veri yükleniyor:  65%|██████▍   | 12171/18832 [01:18<01:24, 78.49epoch-kanal/s]
Veri yükleniyor:  65%|██████▍   | 12211/18832 [01:18<00:57, 115.16epoch-kanal/s]
Veri yükleniyor:  65%|██████▌   | 12246/18832 [01:18<00:46, 141.96epoch-kanal/s]
Veri yükleniyor:  65%|██████▌   | 12286/18832 [01:18<00:35, 183.30epoch-kanal/s]
Veri yükleniyor:  65%|██████▌   | 12326/18832 [01:18<00:29, 222.88epoch-kanal/s]
Veri yükleniyor:  66%|██████▌   | 12366/18832 [01:18<00:24, 259.27epoch-kanal/s]
Veri yükleniyor:  66%|██████▌   | 12405/18832 [01:18<00:22, 288.39epoch-kanal/s]
Veri yükleniyor:  66%|██████▌   | 12442/18832 [01:22<03:25, 31.04epoch-kanal/s] 
Veri yükleniyor:  66%|██████▋   | 12481/18832 [01:22<02:26, 43.34epoch-kanal/s]
Veri yükleniyor:  66%|██████▋   | 12520/18832 [01:22<01:46, 59.45epoch-kanal/s]
Veri yükleniyor:  67%|██████▋   | 12560/18832 [01:22<01:17, 80.59epoch-kanal/s]
Veri yükleniyor:  67%|██████▋   | 12599/18832 [01:22<00:58, 105.79epoch-kanal/s]
Veri yükleniyor:  67%|██████▋   | 12639/18832 [01:23<00:45, 136.35epoch-kanal/s]
Veri yükleniyor:  67%|██████▋   | 12679/18832 [01:23<00:36, 170.16epoch-kanal/s]
Veri yükleniyor:  68%|██████▊   | 12718/18832 [01:23<00:29, 204.24epoch-kanal/s]
Veri yükleniyor:  68%|██████▊   | 12758/18832 [01:23<00:25, 238.93epoch-kanal/s]
Veri yükleniyor:  68%|██████▊   | 12797/18832 [01:23<00:22, 268.20epoch-kanal/s]
Veri yükleniyor:  68%|██████▊   | 12836/18832 [01:26<02:41, 37.08epoch-kanal/s] 
Veri yükleniyor:  68%|██████▊   | 12877/18832 [01:26<01:55, 51.57epoch-kanal/s]
Veri yükleniyor:  69%|██████▊   | 12917/18832 [01:26<01:24, 69.90epoch-kanal/s]
Veri yükleniyor:  69%|██████▉   | 12951/18832 [01:26<01:07, 86.88epoch-kanal/s]
Veri yükleniyor:  69%|██████▉   | 12991/18832 [01:27<00:50, 114.73epoch-kanal/s]
Veri yükleniyor:  69%|██████▉   | 13031/18832 [01:27<00:39, 146.82epoch-kanal/s]
Veri yükleniyor:  69%|██████▉   | 13069/18832 [01:27<00:32, 179.08epoch-kanal/s]
Veri yükleniyor:  70%|██████▉   | 13110/18832 [01:27<00:26, 216.59epoch-kanal/s]
Veri yükleniyor:  70%|██████▉   | 13149/18832 [01:27<00:22, 248.64epoch-kanal/s]
Veri yükleniyor:  70%|███████   | 13187/18832 [01:27<00:20, 275.30epoch-kanal/s]
Veri yükleniyor:  70%|███████   | 13226/18832 [01:27<00:18, 300.37epoch-kanal/s]
Veri yükleniyor:  70%|███████   | 13264/18832 [01:30<02:08, 43.22epoch-kanal/s] 
Veri yükleniyor:  71%|███████   | 13305/18832 [01:30<01:32, 59.94epoch-kanal/s]
Veri yükleniyor:  71%|███████   | 13345/18832 [01:30<01:07, 80.76epoch-kanal/s]
Veri yükleniyor:  71%|███████   | 13385/18832 [01:30<00:51, 106.39epoch-kanal/s]
Veri yükleniyor:  71%|███████▏  | 13425/18832 [01:30<00:39, 136.63epoch-kanal/s]
Veri yükleniyor:  72%|███████▏  | 13465/18832 [01:30<00:31, 170.26epoch-kanal/s]
Veri yükleniyor:  72%|███████▏  | 13505/18832 [01:30<00:25, 205.69epoch-kanal/s]
Veri yükleniyor:  72%|███████▏  | 13545/18832 [01:31<00:21, 240.42epoch-kanal/s]
Veri yükleniyor:  72%|███████▏  | 13585/18832 [01:31<00:19, 272.24epoch-kanal/s]
Veri yükleniyor:  72%|███████▏  | 13624/18832 [01:31<00:17, 297.72epoch-kanal/s]
Veri yükleniyor:  73%|███████▎  | 13663/18832 [01:34<02:17, 37.51epoch-kanal/s] 
Veri yükleniyor:  73%|███████▎  | 13703/18832 [01:34<01:39, 51.70epoch-kanal/s]
Veri yükleniyor:  73%|███████▎  | 13744/18832 [01:34<01:12, 70.61epoch-kanal/s]
Veri yükleniyor:  73%|███████▎  | 13778/18832 [01:34<00:57, 87.59epoch-kanal/s]
Veri yükleniyor:  73%|███████▎  | 13818/18832 [01:34<00:43, 115.41epoch-kanal/s]
Veri yükleniyor:  74%|███████▎  | 13858/18832 [01:35<00:33, 147.28epoch-kanal/s]
Veri yükleniyor:  74%|███████▍  | 13898/18832 [01:35<00:27, 181.80epoch-kanal/s]
Veri yükleniyor:  74%|███████▍  | 13937/18832 [01:35<00:22, 216.13epoch-kanal/s]
Veri yükleniyor:  74%|███████▍  | 13975/18832 [01:35<00:19, 245.91epoch-kanal/s]
Veri yükleniyor:  74%|███████▍  | 14015/18832 [01:35<00:17, 278.57epoch-kanal/s]
Veri yükleniyor:  75%|███████▍  | 14055/18832 [01:35<00:15, 305.96epoch-kanal/s]
Veri yükleniyor:  75%|███████▍  | 14095/18832 [01:35<00:14, 329.08epoch-kanal/s]
Veri yükleniyor:  75%|███████▌  | 14134/18832 [01:35<00:13, 343.84epoch-kanal/s]
Veri yükleniyor:  75%|███████▌  | 14174/18832 [01:35<00:13, 357.68epoch-kanal/s]
Veri yükleniyor:  75%|███████▌  | 14214/18832 [01:35<00:12, 367.94epoch-kanal/s]
Veri yükleniyor:  76%|███████▌  | 14254/18832 [01:38<01:41, 44.94epoch-kanal/s] 
Veri yükleniyor:  76%|███████▌  | 14295/18832 [01:38<01:13, 61.76epoch-kanal/s]
Veri yükleniyor:  76%|███████▌  | 14334/18832 [01:38<00:54, 82.01epoch-kanal/s]
Veri yükleniyor:  76%|███████▋  | 14375/18832 [01:38<00:41, 108.45epoch-kanal/s]
Veri yükleniyor:  77%|███████▋  | 14415/18832 [01:39<00:31, 138.51epoch-kanal/s]
Veri yükleniyor:  77%|███████▋  | 14455/18832 [01:39<00:25, 171.88epoch-kanal/s]
Veri yükleniyor:  77%|███████▋  | 14495/18832 [01:39<00:20, 207.27epoch-kanal/s]
Veri yükleniyor:  77%|███████▋  | 14534/18832 [01:39<00:17, 239.70epoch-kanal/s]
Veri yükleniyor:  77%|███████▋  | 14574/18832 [01:39<00:15, 272.42epoch-kanal/s]
Veri yükleniyor:  78%|███████▊  | 14615/18832 [01:39<00:13, 302.55epoch-kanal/s]
Veri yükleniyor:  78%|███████▊  | 14655/18832 [01:39<00:12, 323.94epoch-kanal/s]
Veri yükleniyor:  78%|███████▊  | 14695/18832 [01:39<00:12, 342.74epoch-kanal/s]
Veri yükleniyor:  78%|███████▊  | 14735/18832 [01:39<00:11, 356.63epoch-kanal/s]
Veri yükleniyor:  78%|███████▊  | 14775/18832 [01:39<00:11, 365.36epoch-kanal/s]
Veri yükleniyor:  79%|███████▊  | 14815/18832 [01:42<01:28, 45.34epoch-kanal/s] 
Veri yükleniyor:  79%|███████▉  | 14853/18832 [01:42<01:05, 60.83epoch-kanal/s]
Veri yükleniyor:  79%|███████▉  | 14892/18832 [01:42<00:48, 81.22epoch-kanal/s]
Veri yükleniyor:  79%|███████▉  | 14926/18832 [01:42<00:39, 99.50epoch-kanal/s]
Veri yükleniyor:  79%|███████▉  | 14965/18832 [01:43<00:29, 128.94epoch-kanal/s]
Veri yükleniyor:  80%|███████▉  | 15005/18832 [01:43<00:23, 163.03epoch-kanal/s]
Veri yükleniyor:  80%|███████▉  | 15045/18832 [01:43<00:19, 198.77epoch-kanal/s]
Veri yükleniyor:  80%|████████  | 15084/18832 [01:43<00:16, 232.22epoch-kanal/s]
Veri yükleniyor:  80%|████████  | 15124/18832 [01:43<00:13, 265.48epoch-kanal/s]
Veri yükleniyor:  81%|████████  | 15165/18832 [01:43<00:12, 296.17epoch-kanal/s]
Veri yükleniyor:  81%|████████  | 15204/18832 [01:46<01:35, 37.79epoch-kanal/s] 
Veri yükleniyor:  81%|████████  | 15245/18832 [01:46<01:08, 52.39epoch-kanal/s]
Veri yükleniyor:  81%|████████  | 15279/18832 [01:46<00:52, 67.65epoch-kanal/s]
Veri yükleniyor:  81%|████████▏ | 15319/18832 [01:47<00:38, 91.00epoch-kanal/s]
Veri yükleniyor:  82%|████████▏ | 15359/18832 [01:47<00:29, 119.15epoch-kanal/s]
Veri yükleniyor:  82%|████████▏ | 15399/18832 [01:47<00:22, 151.25epoch-kanal/s]
Veri yükleniyor:  82%|████████▏ | 15438/18832 [01:47<00:18, 184.36epoch-kanal/s]
Veri yükleniyor:  82%|████████▏ | 15476/18832 [01:47<00:15, 213.45epoch-kanal/s]
Veri yükleniyor:  82%|████████▏ | 15513/18832 [01:47<00:16, 206.54epoch-kanal/s]
Veri yükleniyor:  83%|████████▎ | 15545/18832 [01:47<00:17, 187.80epoch-kanal/s]
Veri yükleniyor:  83%|████████▎ | 15572/18832 [01:48<00:18, 180.85epoch-kanal/s]
Veri yükleniyor:  83%|████████▎ | 15596/18832 [01:48<00:17, 183.92epoch-kanal/s]
Veri yükleniyor:  83%|████████▎ | 15619/18832 [01:50<01:45, 30.54epoch-kanal/s] 
Veri yükleniyor:  83%|████████▎ | 15638/18832 [01:50<01:25, 37.56epoch-kanal/s]
Veri yükleniyor:  83%|████████▎ | 15657/18832 [01:51<01:08, 46.52epoch-kanal/s]
Veri yükleniyor:  83%|████████▎ | 15677/18832 [01:51<00:54, 58.28epoch-kanal/s]
Veri yükleniyor:  83%|████████▎ | 15695/18832 [01:51<00:46, 67.18epoch-kanal/s]
Veri yükleniyor:  83%|████████▎ | 15715/18832 [01:51<00:37, 82.74epoch-kanal/s]
Veri yükleniyor:  84%|████████▎ | 15735/18832 [01:51<00:31, 99.12epoch-kanal/s]
Veri yükleniyor:  84%|████████▎ | 15755/18832 [01:51<00:26, 115.65epoch-kanal/s]
Veri yükleniyor:  84%|████████▍ | 15774/18832 [01:51<00:23, 129.16epoch-kanal/s]
Veri yükleniyor:  84%|████████▍ | 15793/18832 [01:51<00:21, 141.87epoch-kanal/s]
Veri yükleniyor:  84%|████████▍ | 15813/18832 [01:51<00:19, 153.88epoch-kanal/s]
Veri yükleniyor:  84%|████████▍ | 15832/18832 [01:52<00:18, 159.61epoch-kanal/s]
Veri yükleniyor:  84%|████████▍ | 15851/18832 [01:52<00:17, 167.07epoch-kanal/s]
Veri yükleniyor:  84%|████████▍ | 15870/18832 [01:52<00:17, 168.78epoch-kanal/s]
Veri yükleniyor:  84%|████████▍ | 15889/18832 [01:52<00:16, 174.49epoch-kanal/s]
Veri yükleniyor:  84%|████████▍ | 15908/18832 [01:52<00:16, 178.77epoch-kanal/s]
Veri yükleniyor:  85%|████████▍ | 15928/18832 [01:52<00:15, 183.47epoch-kanal/s]
Veri yükleniyor:  85%|████████▍ | 15948/18832 [01:52<00:15, 185.68epoch-kanal/s]
Veri yükleniyor:  85%|████████▍ | 15967/18832 [01:52<00:16, 173.63epoch-kanal/s]
Veri yükleniyor:  85%|████████▍ | 15985/18832 [01:52<00:17, 167.14epoch-kanal/s]
Veri yükleniyor:  85%|████████▍ | 16003/18832 [01:53<00:17, 165.48epoch-kanal/s]
Veri yükleniyor:  85%|████████▌ | 16021/18832 [01:53<00:16, 168.05epoch-kanal/s]
Veri yükleniyor:  85%|████████▌ | 16039/18832 [01:53<00:16, 168.72epoch-kanal/s]
Veri yükleniyor:  85%|████████▌ | 16058/18832 [01:53<00:16, 172.16epoch-kanal/s]
Veri yükleniyor:  85%|████████▌ | 16077/18832 [01:53<00:15, 176.82epoch-kanal/s]
Veri yükleniyor:  85%|████████▌ | 16096/18832 [01:53<00:15, 178.76epoch-kanal/s]
Veri yükleniyor:  86%|████████▌ | 16115/18832 [01:53<00:14, 181.26epoch-kanal/s]
Veri yükleniyor:  86%|████████▌ | 16134/18832 [01:53<00:14, 182.75epoch-kanal/s]
Veri yükleniyor:  86%|████████▌ | 16153/18832 [01:53<00:14, 178.80epoch-kanal/s]
Veri yükleniyor:  86%|████████▌ | 16172/18832 [01:53<00:14, 180.67epoch-kanal/s]
Veri yükleniyor:  86%|████████▌ | 16191/18832 [01:54<00:14, 182.99epoch-kanal/s]
Veri yükleniyor:  86%|████████▌ | 16210/18832 [01:54<00:14, 184.31epoch-kanal/s]
Veri yükleniyor:  86%|████████▌ | 16229/18832 [01:54<00:14, 180.56epoch-kanal/s]
Veri yükleniyor:  86%|████████▋ | 16248/18832 [01:54<00:14, 183.03epoch-kanal/s]
Veri yükleniyor:  86%|████████▋ | 16267/18832 [01:54<00:13, 184.45epoch-kanal/s]
Veri yükleniyor:  86%|████████▋ | 16286/18832 [01:54<00:13, 185.80epoch-kanal/s]
Veri yükleniyor:  87%|████████▋ | 16305/18832 [01:54<00:13, 185.56epoch-kanal/s]
Veri yükleniyor:  87%|████████▋ | 16324/18832 [01:54<00:13, 184.62epoch-kanal/s]
Veri yükleniyor:  87%|████████▋ | 16343/18832 [01:54<00:13, 185.59epoch-kanal/s]
Veri yükleniyor:  87%|████████▋ | 16362/18832 [01:55<00:13, 186.40epoch-kanal/s]
Veri yükleniyor:  87%|████████▋ | 16382/18832 [01:55<00:13, 187.51epoch-kanal/s]
Veri yükleniyor:  87%|████████▋ | 16401/18832 [01:55<00:13, 185.63epoch-kanal/s]
Veri yükleniyor:  87%|████████▋ | 16420/18832 [01:55<00:13, 183.28epoch-kanal/s]
Veri yükleniyor:  87%|████████▋ | 16439/18832 [01:55<00:12, 185.12epoch-kanal/s]
Veri yükleniyor:  87%|████████▋ | 16459/18832 [01:55<00:12, 187.56epoch-kanal/s]
Veri yükleniyor:  88%|████████▊ | 16478/18832 [01:55<00:12, 187.01epoch-kanal/s]
Veri yükleniyor:  88%|████████▊ | 16497/18832 [01:55<00:12, 185.83epoch-kanal/s]
Veri yükleniyor:  88%|████████▊ | 16516/18832 [01:55<00:12, 184.42epoch-kanal/s]
Veri yükleniyor:  88%|████████▊ | 16535/18832 [01:55<00:12, 183.00epoch-kanal/s]
Veri yükleniyor:  88%|████████▊ | 16554/18832 [01:56<00:12, 183.04epoch-kanal/s]
Veri yükleniyor:  88%|████████▊ | 16573/18832 [01:56<00:12, 183.37epoch-kanal/s]
Veri yükleniyor:  88%|████████▊ | 16592/18832 [01:56<00:12, 181.99epoch-kanal/s]
Veri yükleniyor:  88%|████████▊ | 16611/18832 [01:56<00:12, 181.70epoch-kanal/s]
Veri yükleniyor:  88%|████████▊ | 16630/18832 [01:56<00:13, 162.02epoch-kanal/s]
Veri yükleniyor:  88%|████████▊ | 16649/18832 [01:56<00:13, 167.53epoch-kanal/s]
Veri yükleniyor:  89%|████████▊ | 16669/18832 [01:56<00:12, 175.18epoch-kanal/s]
Veri yükleniyor:  89%|████████▊ | 16688/18832 [01:56<00:11, 179.11epoch-kanal/s]
Veri yükleniyor:  89%|████████▊ | 16707/18832 [01:56<00:11, 178.93epoch-kanal/s]
Veri yükleniyor:  89%|████████▉ | 16727/18832 [01:57<00:11, 182.41epoch-kanal/s]
Veri yükleniyor:  89%|████████▉ | 16746/18832 [01:57<00:11, 183.26epoch-kanal/s]
Veri yükleniyor:  89%|████████▉ | 16765/18832 [01:57<00:11, 183.47epoch-kanal/s]
Veri yükleniyor:  89%|████████▉ | 16784/18832 [01:57<00:11, 179.96epoch-kanal/s]
Veri yükleniyor:  89%|████████▉ | 16803/18832 [01:57<00:11, 182.07epoch-kanal/s]
Veri yükleniyor:  89%|████████▉ | 16823/18832 [01:57<00:10, 185.21epoch-kanal/s]
Veri yükleniyor:  89%|████████▉ | 16842/18832 [01:57<00:10, 186.15epoch-kanal/s]
Veri yükleniyor:  90%|████████▉ | 16861/18832 [01:57<00:10, 184.55epoch-kanal/s]
Veri yükleniyor:  90%|████████▉ | 16881/18832 [01:57<00:10, 186.22epoch-kanal/s]
Veri yükleniyor:  90%|████████▉ | 16901/18832 [01:57<00:10, 186.81epoch-kanal/s]
Veri yükleniyor:  90%|████████▉ | 16920/18832 [01:58<00:10, 185.18epoch-kanal/s]
Veri yükleniyor:  90%|████████▉ | 16939/18832 [01:58<00:10, 186.49epoch-kanal/s]
Veri yükleniyor:  90%|█████████ | 16958/18832 [01:58<00:10, 180.56epoch-kanal/s]
Veri yükleniyor:  90%|█████████ | 16977/18832 [01:58<00:10, 181.64epoch-kanal/s]
Veri yükleniyor:  90%|█████████ | 16996/18832 [01:58<00:10, 182.97epoch-kanal/s]
Veri yükleniyor:  90%|█████████ | 17015/18832 [01:58<00:09, 184.08epoch-kanal/s]
Veri yükleniyor:  90%|█████████ | 17034/18832 [01:58<00:09, 184.50epoch-kanal/s]
Veri yükleniyor:  91%|█████████ | 17053/18832 [01:58<00:09, 180.76epoch-kanal/s]
Veri yükleniyor:  91%|█████████ | 17073/18832 [01:58<00:09, 182.52epoch-kanal/s]
Veri yükleniyor:  91%|█████████ | 17108/18832 [01:59<00:07, 229.60epoch-kanal/s]
Veri yükleniyor:  91%|█████████ | 17147/18832 [01:59<00:06, 275.10epoch-kanal/s]
Veri yükleniyor:  91%|█████████▏| 17186/18832 [01:59<00:05, 308.22epoch-kanal/s]
Veri yükleniyor:  91%|█████████▏| 17224/18832 [01:59<00:04, 328.36epoch-kanal/s]
Veri yükleniyor:  92%|█████████▏| 17258/18832 [01:59<00:05, 308.44epoch-kanal/s]
Veri yükleniyor:  92%|█████████▏| 17290/18832 [01:59<00:05, 259.69epoch-kanal/s]
Veri yükleniyor:  92%|█████████▏| 17318/18832 [01:59<00:06, 235.49epoch-kanal/s]
Veri yükleniyor:  92%|█████████▏| 17343/18832 [01:59<00:06, 219.25epoch-kanal/s]
Veri yükleniyor:  92%|█████████▏| 17366/18832 [02:00<00:07, 207.02epoch-kanal/s]
Veri yükleniyor:  92%|█████████▏| 17388/18832 [02:00<00:07, 202.17epoch-kanal/s]
Veri yükleniyor:  92%|█████████▏| 17409/18832 [02:00<00:07, 196.28epoch-kanal/s]
Veri yükleniyor:  93%|█████████▎| 17429/18832 [02:00<00:07, 193.08epoch-kanal/s]
Veri yükleniyor:  93%|█████████▎| 17449/18832 [02:00<00:07, 189.56epoch-kanal/s]
Veri yükleniyor:  93%|█████████▎| 17469/18832 [02:00<00:07, 188.44epoch-kanal/s]
Veri yükleniyor:  93%|█████████▎| 17488/18832 [02:00<00:07, 187.17epoch-kanal/s]
Veri yükleniyor:  93%|█████████▎| 17507/18832 [02:00<00:07, 185.10epoch-kanal/s]
Veri yükleniyor:  93%|█████████▎| 17526/18832 [02:00<00:07, 185.39epoch-kanal/s]
Veri yükleniyor:  93%|█████████▎| 17545/18832 [02:01<00:06, 185.95epoch-kanal/s]
Veri yükleniyor:  93%|█████████▎| 17564/18832 [02:01<00:06, 185.26epoch-kanal/s]
Veri yükleniyor:  93%|█████████▎| 17583/18832 [02:01<00:06, 185.77epoch-kanal/s]
Veri yükleniyor:  93%|█████████▎| 17602/18832 [02:01<00:06, 180.75epoch-kanal/s]
Veri yükleniyor:  94%|█████████▎| 17621/18832 [02:01<00:06, 182.86epoch-kanal/s]
Veri yükleniyor:  94%|█████████▎| 17640/18832 [02:01<00:06, 184.47epoch-kanal/s]
Veri yükleniyor:  94%|█████████▍| 17659/18832 [02:01<00:06, 184.64epoch-kanal/s]
Veri yükleniyor:  94%|█████████▍| 17679/18832 [02:01<00:06, 184.72epoch-kanal/s]
Veri yükleniyor:  94%|█████████▍| 17698/18832 [02:01<00:06, 184.46epoch-kanal/s]
Veri yükleniyor:  94%|█████████▍| 17717/18832 [02:01<00:06, 183.24epoch-kanal/s]
Veri yükleniyor:  94%|█████████▍| 17736/18832 [02:02<00:06, 180.62epoch-kanal/s]
Veri yükleniyor:  94%|█████████▍| 17755/18832 [02:02<00:05, 181.67epoch-kanal/s]
Veri yükleniyor:  94%|█████████▍| 17774/18832 [02:02<00:05, 179.36epoch-kanal/s]
Veri yükleniyor:  94%|█████████▍| 17792/18832 [02:02<00:05, 179.42epoch-kanal/s]
Veri yükleniyor:  95%|█████████▍| 17811/18832 [02:02<00:05, 180.86epoch-kanal/s]
Veri yükleniyor:  95%|█████████▍| 17830/18832 [02:02<00:05, 178.82epoch-kanal/s]
Veri yükleniyor:  95%|█████████▍| 17848/18832 [02:03<00:13, 73.42epoch-kanal/s] 
Veri yükleniyor:  95%|█████████▍| 17887/18832 [02:03<00:07, 119.01epoch-kanal/s]
Veri yükleniyor:  95%|█████████▌| 17927/18832 [02:03<00:05, 166.83epoch-kanal/s]
Veri yükleniyor:  95%|█████████▌| 17968/18832 [02:03<00:04, 214.01epoch-kanal/s]
Veri yükleniyor:  96%|█████████▌| 17999/18832 [02:03<00:03, 222.94epoch-kanal/s]
Veri yükleniyor:  96%|█████████▌| 18039/18832 [02:03<00:03, 262.14epoch-kanal/s]
Veri yükleniyor:  96%|█████████▌| 18079/18832 [02:03<00:02, 294.27epoch-kanal/s]
Veri yükleniyor:  96%|█████████▌| 18114/18832 [02:03<00:02, 259.04epoch-kanal/s]
Veri yükleniyor:  96%|█████████▋| 18144/18832 [02:04<00:02, 234.49epoch-kanal/s]
Veri yükleniyor:  96%|█████████▋| 18171/18832 [02:04<00:03, 213.61epoch-kanal/s]
Veri yükleniyor:  97%|█████████▋| 18195/18832 [02:04<00:03, 206.67epoch-kanal/s]
Veri yükleniyor:  97%|█████████▋| 18218/18832 [02:04<00:03, 201.47epoch-kanal/s]
Veri yükleniyor:  97%|█████████▋| 18240/18832 [02:04<00:02, 198.06epoch-kanal/s]
Veri yükleniyor:  97%|█████████▋| 18261/18832 [02:04<00:02, 195.41epoch-kanal/s]
Veri yükleniyor:  97%|█████████▋| 18281/18832 [02:04<00:02, 193.75epoch-kanal/s]
Veri yükleniyor:  97%|█████████▋| 18301/18832 [02:04<00:02, 188.92epoch-kanal/s]
Veri yükleniyor:  97%|█████████▋| 18321/18832 [02:05<00:02, 188.40epoch-kanal/s]
Veri yükleniyor:  97%|█████████▋| 18340/18832 [02:05<00:02, 187.13epoch-kanal/s]
Veri yükleniyor:  97%|█████████▋| 18359/18832 [02:05<00:02, 181.14epoch-kanal/s]
Veri yükleniyor:  98%|█████████▊| 18378/18832 [02:05<00:02, 182.03epoch-kanal/s]
Veri yükleniyor:  98%|█████████▊| 18397/18832 [02:05<00:02, 181.90epoch-kanal/s]
Veri yükleniyor:  98%|█████████▊| 18417/18832 [02:05<00:02, 184.67epoch-kanal/s]
Veri yükleniyor:  98%|█████████▊| 18436/18832 [02:05<00:02, 183.25epoch-kanal/s]
Veri yükleniyor:  98%|█████████▊| 18455/18832 [02:05<00:02, 183.76epoch-kanal/s]
Veri yükleniyor:  98%|█████████▊| 18474/18832 [02:05<00:01, 184.99epoch-kanal/s]
Veri yükleniyor:  98%|█████████▊| 18493/18832 [02:06<00:01, 183.05epoch-kanal/s]
Veri yükleniyor:  98%|█████████▊| 18512/18832 [02:06<00:01, 183.09epoch-kanal/s]
Veri yükleniyor:  98%|█████████▊| 18531/18832 [02:06<00:01, 180.54epoch-kanal/s]
Veri yükleniyor:  99%|█████████▊| 18550/18832 [02:06<00:01, 181.37epoch-kanal/s]
Veri yükleniyor:  99%|█████████▊| 18569/18832 [02:06<00:01, 182.08epoch-kanal/s]
Veri yükleniyor:  99%|█████████▊| 18588/18832 [02:06<00:01, 183.11epoch-kanal/s]
Veri yükleniyor:  99%|█████████▉| 18607/18832 [02:06<00:01, 183.79epoch-kanal/s]
Veri yükleniyor:  99%|█████████▉| 18626/18832 [02:07<00:02, 74.69epoch-kanal/s] 
Veri yükleniyor:  99%|█████████▉| 18667/18832 [02:07<00:01, 122.61epoch-kanal/s]
Veri yükleniyor:  99%|█████████▉| 18708/18832 [02:07<00:00, 171.00epoch-kanal/s]
Veri yükleniyor: 100%|█████████▉| 18749/18832 [02:07<00:00, 217.00epoch-kanal/s]
Veri yükleniyor: 100%|█████████▉| 18790/18832 [02:07<00:00, 257.65epoch-kanal/s]
Veri yükleniyor: 100%|█████████▉| 18831/18832 [02:07<00:00, 292.63epoch-kanal/s]
Veri yükleniyor: 100%|██████████| 18832/18832 [02:07<00:00, 147.37epoch-kanal/s]

======================================================================
✓ RAM CACHE HAZIR!
======================================================================
Cache'deki veri sayısı: 18,832
Toplam bellek kullanımı: 0.21 GB
======================================================================

✓ Dataset oluşturuldu: 4708 epoch, 5 hasta
val_dataset bitti

======================================================================
EPOCH METADATA OLUŞTURULUYOR
======================================================================
  ST7072J0: 915 epoch eklendi
  ST7012J0: 1040 epoch eklendi
  ST7011J0: 1092 epoch eklendi
  ST7062J0: 952 epoch eklendi

======================================================================
TOPLAM: 3999 epoch

Sınıf dağılımı:
  W: 600 epoch (15.0%)
  N1: 267 epoch (6.7%)
  N2: 2041 epoch (51.0%)
  N3: 431 epoch (10.8%)
  REM: 660 epoch (16.5%)
======================================================================


⚠️ Balanced sampling kapalı - orijinal dağılım kullanılıyor


======================================================================
RAM CACHE OLUŞTURULUYOR - TÜM VERİLER YÜKLENİYOR
======================================================================
Toplam epoch: 3999
Kanal sayısı: 4
Tahmini boyut: ~0.46 GB
======================================================================


Veri yükleniyor:   0%|          | 0/15996 [00:00<?, ?epoch-kanal/s]
Veri yükleniyor:   0%|          | 39/15996 [00:00<00:41, 382.08epoch-kanal/s]
Veri yükleniyor:   0%|          | 78/15996 [00:00<00:49, 322.49epoch-kanal/s]
Veri yükleniyor:   1%|          | 111/15996 [00:00<01:04, 244.54epoch-kanal/s]
Veri yükleniyor:   1%|          | 138/15996 [00:00<01:13, 215.43epoch-kanal/s]
Veri yükleniyor:   1%|          | 161/15996 [00:00<01:16, 206.16epoch-kanal/s]
Veri yükleniyor:   1%|          | 183/15996 [00:00<01:19, 199.64epoch-kanal/s]
Veri yükleniyor:   1%|▏         | 204/15996 [00:00<01:20, 197.28epoch-kanal/s]
Veri yükleniyor:   1%|▏         | 224/15996 [00:01<01:22, 190.30epoch-kanal/s]
Veri yükleniyor:   2%|▏         | 244/15996 [00:01<01:24, 186.70epoch-kanal/s]
Veri yükleniyor:   2%|▏         | 263/15996 [00:01<01:24, 186.19epoch-kanal/s]
Veri yükleniyor:   2%|▏         | 282/15996 [00:01<01:24, 185.58epoch-kanal/s]
Veri yükleniyor:   2%|▏         | 301/15996 [00:01<01:25, 182.86epoch-kanal/s]
Veri yükleniyor:   2%|▏         | 320/15996 [00:01<01:27, 179.72epoch-kanal/s]
Veri yükleniyor:   2%|▏         | 340/15996 [00:01<01:25, 182.91epoch-kanal/s]
Veri yükleniyor:   2%|▏         | 359/15996 [00:01<01:25, 183.30epoch-kanal/s]
Veri yükleniyor:   2%|▏         | 378/15996 [00:01<01:35, 162.91epoch-kanal/s]
Veri yükleniyor:   2%|▏         | 397/15996 [00:02<01:32, 167.99epoch-kanal/s]
Veri yükleniyor:   3%|▎         | 416/15996 [00:02<01:30, 172.60epoch-kanal/s]
Veri yükleniyor:   3%|▎         | 435/15996 [00:02<01:28, 175.29epoch-kanal/s]
Veri yükleniyor:   3%|▎         | 454/15996 [00:02<01:27, 177.32epoch-kanal/s]
Veri yükleniyor:   3%|▎         | 473/15996 [00:02<01:27, 177.90epoch-kanal/s]
Veri yükleniyor:   3%|▎         | 491/15996 [00:02<01:27, 178.00epoch-kanal/s]
Veri yükleniyor:   3%|▎         | 510/15996 [00:02<01:25, 180.72epoch-kanal/s]
Veri yükleniyor:   3%|▎         | 529/15996 [00:02<01:25, 181.35epoch-kanal/s]
Veri yükleniyor:   3%|▎         | 548/15996 [00:02<01:24, 183.23epoch-kanal/s]
Veri yükleniyor:   4%|▎         | 567/15996 [00:02<01:25, 181.24epoch-kanal/s]
Veri yükleniyor:   4%|▎         | 586/15996 [00:03<01:24, 183.44epoch-kanal/s]
Veri yükleniyor:   4%|▍         | 605/15996 [00:03<01:26, 178.60epoch-kanal/s]
Veri yükleniyor:   4%|▍         | 624/15996 [00:03<01:25, 180.23epoch-kanal/s]
Veri yükleniyor:   4%|▍         | 643/15996 [00:03<01:24, 181.24epoch-kanal/s]
Veri yükleniyor:   4%|▍         | 674/15996 [00:03<01:10, 218.37epoch-kanal/s]
Veri yükleniyor:   4%|▍         | 713/15996 [00:03<00:57, 267.58epoch-kanal/s]
Veri yükleniyor:   5%|▍         | 754/15996 [00:03<00:49, 307.87epoch-kanal/s]
Veri yükleniyor:   5%|▍         | 785/15996 [00:03<00:53, 286.30epoch-kanal/s]
Veri yükleniyor:   5%|▌         | 826/15996 [00:03<00:47, 319.00epoch-kanal/s]
Veri yükleniyor:   5%|▌         | 866/15996 [00:04<00:44, 340.73epoch-kanal/s]
Veri yükleniyor:   6%|▌         | 906/15996 [00:04<00:42, 355.24epoch-kanal/s]
Veri yükleniyor:   6%|▌         | 944/15996 [00:04<00:41, 360.97epoch-kanal/s]
Veri yükleniyor:   6%|▌         | 981/15996 [00:04<00:52, 285.26epoch-kanal/s]
Veri yükleniyor:   6%|▋         | 1013/15996 [00:04<01:01, 243.16epoch-kanal/s]
Veri yükleniyor:   7%|▋         | 1041/15996 [00:04<01:05, 226.62epoch-kanal/s]
Veri yükleniyor:   7%|▋         | 1066/15996 [00:04<01:08, 216.56epoch-kanal/s]
Veri yükleniyor:   7%|▋         | 1089/15996 [00:05<01:11, 207.57epoch-kanal/s]
Veri yükleniyor:   7%|▋         | 1111/15996 [00:05<01:13, 202.50epoch-kanal/s]
Veri yükleniyor:   7%|▋         | 1132/15996 [00:05<01:15, 197.63epoch-kanal/s]
Veri yükleniyor:   7%|▋         | 1153/15996 [00:05<01:16, 194.21epoch-kanal/s]
Veri yükleniyor:   7%|▋         | 1173/15996 [00:05<01:19, 187.11epoch-kanal/s]
Veri yükleniyor:   7%|▋         | 1192/15996 [00:05<01:19, 185.73epoch-kanal/s]
Veri yükleniyor:   8%|▊         | 1211/15996 [00:05<01:19, 186.32epoch-kanal/s]
Veri yükleniyor:   8%|▊         | 1230/15996 [00:05<01:19, 185.53epoch-kanal/s]
Veri yükleniyor:   8%|▊         | 1249/15996 [00:05<01:19, 186.05epoch-kanal/s]
Veri yükleniyor:   8%|▊         | 1268/15996 [00:05<01:19, 184.30epoch-kanal/s]
Veri yükleniyor:   8%|▊         | 1287/15996 [00:06<01:19, 184.56epoch-kanal/s]
Veri yükleniyor:   8%|▊         | 1306/15996 [00:06<01:21, 180.63epoch-kanal/s]
Veri yükleniyor:   8%|▊         | 1325/15996 [00:06<01:20, 182.05epoch-kanal/s]
Veri yükleniyor:   8%|▊         | 1344/15996 [00:06<01:19, 183.28epoch-kanal/s]
Veri yükleniyor:   9%|▊         | 1363/15996 [00:06<01:22, 178.43epoch-kanal/s]
Veri yükleniyor:   9%|▊         | 1382/15996 [00:06<01:20, 181.05epoch-kanal/s]
Veri yükleniyor:   9%|▉         | 1401/15996 [00:06<01:21, 179.39epoch-kanal/s]
Veri yükleniyor:   9%|▉         | 1420/15996 [00:06<01:20, 181.98epoch-kanal/s]
Veri yükleniyor:   9%|▉         | 1439/15996 [00:06<01:19, 182.89epoch-kanal/s]
Veri yükleniyor:   9%|▉         | 1458/15996 [00:07<01:19, 182.14epoch-kanal/s]
Veri yükleniyor:   9%|▉         | 1477/15996 [00:07<01:19, 182.37epoch-kanal/s]
Veri yükleniyor:   9%|▉         | 1496/15996 [00:07<01:25, 170.01epoch-kanal/s]
Veri yükleniyor:   9%|▉         | 1514/15996 [00:07<01:35, 151.63epoch-kanal/s]
Veri yükleniyor:  10%|▉         | 1530/15996 [00:07<01:37, 148.89epoch-kanal/s]
Veri yükleniyor:  10%|▉         | 1566/15996 [00:07<01:10, 204.23epoch-kanal/s]
Veri yükleniyor:  10%|█         | 1603/15996 [00:07<00:57, 249.14epoch-kanal/s]
Veri yükleniyor:  10%|█         | 1642/15996 [00:07<00:49, 287.10epoch-kanal/s]
Veri yükleniyor:  10%|█         | 1677/15996 [00:07<00:47, 303.21epoch-kanal/s]
Veri yükleniyor:  11%|█         | 1712/15996 [00:08<00:45, 315.06epoch-kanal/s]
Veri yükleniyor:  11%|█         | 1748/15996 [00:08<00:43, 326.88epoch-kanal/s]
Veri yükleniyor:  11%|█         | 1786/15996 [00:08<00:41, 342.07epoch-kanal/s]
Veri yükleniyor:  11%|█▏        | 1824/15996 [00:08<00:40, 352.52epoch-kanal/s]
Veri yükleniyor:  12%|█▏        | 1860/15996 [00:08<00:43, 327.68epoch-kanal/s]
Veri yükleniyor:  12%|█▏        | 1894/15996 [00:08<00:52, 266.26epoch-kanal/s]
Veri yükleniyor:  12%|█▏        | 1923/15996 [00:08<00:59, 237.64epoch-kanal/s]
Veri yükleniyor:  12%|█▏        | 1949/15996 [00:08<01:03, 222.77epoch-kanal/s]
Veri yükleniyor:  12%|█▏        | 1973/15996 [00:09<01:06, 211.33epoch-kanal/s]
Veri yükleniyor:  12%|█▏        | 1995/15996 [00:09<01:09, 200.60epoch-kanal/s]
Veri yükleniyor:  13%|█▎        | 2016/15996 [00:09<01:11, 196.74epoch-kanal/s]
Veri yükleniyor:  13%|█▎        | 2036/15996 [00:09<01:14, 186.18epoch-kanal/s]
Veri yükleniyor:  13%|█▎        | 2055/15996 [00:09<01:21, 170.13epoch-kanal/s]
Veri yükleniyor:  13%|█▎        | 2073/15996 [00:09<01:23, 167.42epoch-kanal/s]
Veri yükleniyor:  13%|█▎        | 2090/15996 [00:09<01:24, 164.02epoch-kanal/s]
Veri yükleniyor:  13%|█▎        | 2107/15996 [00:09<01:28, 156.84epoch-kanal/s]
Veri yükleniyor:  13%|█▎        | 2126/15996 [00:10<01:24, 163.51epoch-kanal/s]
Veri yükleniyor:  13%|█▎        | 2145/15996 [00:10<01:22, 168.65epoch-kanal/s]
Veri yükleniyor:  14%|█▎        | 2164/15996 [00:10<01:19, 173.10epoch-kanal/s]
Veri yükleniyor:  14%|█▎        | 2183/15996 [00:10<01:18, 175.77epoch-kanal/s]
Veri yükleniyor:  14%|█▍        | 2201/15996 [00:10<01:19, 173.11epoch-kanal/s]
Veri yükleniyor:  14%|█▍        | 2219/15996 [00:10<01:18, 174.71epoch-kanal/s]
Veri yükleniyor:  14%|█▍        | 2239/15996 [00:10<01:16, 179.49epoch-kanal/s]
Veri yükleniyor:  14%|█▍        | 2258/15996 [00:10<01:15, 181.61epoch-kanal/s]
Veri yükleniyor:  14%|█▍        | 2277/15996 [00:10<01:16, 180.51epoch-kanal/s]
Veri yükleniyor:  14%|█▍        | 2296/15996 [00:10<01:15, 181.34epoch-kanal/s]
Veri yükleniyor:  14%|█▍        | 2315/15996 [00:11<01:15, 180.08epoch-kanal/s]
Veri yükleniyor:  15%|█▍        | 2334/15996 [00:11<01:15, 180.66epoch-kanal/s]
Veri yükleniyor:  15%|█▍        | 2353/15996 [00:11<01:15, 181.11epoch-kanal/s]
Veri yükleniyor:  15%|█▍        | 2372/15996 [00:11<01:14, 181.93epoch-kanal/s]
Veri yükleniyor:  15%|█▍        | 2391/15996 [00:11<01:16, 177.50epoch-kanal/s]
Veri yükleniyor:  15%|█▌        | 2410/15996 [00:11<01:15, 180.24epoch-kanal/s]
Veri yükleniyor:  15%|█▌        | 2448/15996 [00:11<00:56, 237.74epoch-kanal/s]
Veri yükleniyor:  16%|█▌        | 2489/15996 [00:11<00:47, 286.49epoch-kanal/s]
Veri yükleniyor:  16%|█▌        | 2529/15996 [00:11<00:42, 318.16epoch-kanal/s]
Veri yükleniyor:  16%|█▌        | 2568/15996 [00:12<00:39, 339.03epoch-kanal/s]
Veri yükleniyor:  16%|█▋        | 2603/15996 [00:12<00:44, 301.88epoch-kanal/s]
Veri yükleniyor:  17%|█▋        | 2642/15996 [00:12<00:41, 324.92epoch-kanal/s]
Veri yükleniyor:  17%|█▋        | 2681/15996 [00:12<00:38, 342.49epoch-kanal/s]
Veri yükleniyor:  17%|█▋        | 2720/15996 [00:12<00:37, 354.59epoch-kanal/s]
Veri yükleniyor:  17%|█▋        | 2757/15996 [00:12<00:38, 343.99epoch-kanal/s]
Veri yükleniyor:  17%|█▋        | 2792/15996 [00:12<00:47, 276.67epoch-kanal/s]
Veri yükleniyor:  18%|█▊        | 2822/15996 [00:12<00:53, 244.92epoch-kanal/s]
Veri yükleniyor:  18%|█▊        | 2849/15996 [00:13<00:58, 224.62epoch-kanal/s]
Veri yükleniyor:  18%|█▊        | 2873/15996 [00:13<01:01, 213.97epoch-kanal/s]
Veri yükleniyor:  18%|█▊        | 2896/15996 [00:13<01:03, 206.46epoch-kanal/s]
Veri yükleniyor:  18%|█▊        | 2918/15996 [00:13<01:06, 195.88epoch-kanal/s]
Veri yükleniyor:  18%|█▊        | 2938/15996 [00:13<01:07, 193.57epoch-kanal/s]
Veri yükleniyor:  18%|█▊        | 2958/15996 [00:13<01:08, 190.53epoch-kanal/s]
Veri yükleniyor:  19%|█▊        | 2978/15996 [00:13<01:08, 189.05epoch-kanal/s]
Veri yükleniyor:  19%|█▊        | 2997/15996 [00:13<01:09, 187.62epoch-kanal/s]
Veri yükleniyor:  19%|█▉        | 3016/15996 [00:16<07:36, 28.45epoch-kanal/s] 
Veri yükleniyor:  19%|█▉        | 3056/15996 [00:16<04:22, 49.24epoch-kanal/s]
Veri yükleniyor:  19%|█▉        | 3096/15996 [00:16<02:51, 75.19epoch-kanal/s]
Veri yükleniyor:  20%|█▉        | 3136/15996 [00:16<02:01, 106.12epoch-kanal/s]
Veri yükleniyor:  20%|█▉        | 3177/15996 [00:16<01:30, 142.29epoch-kanal/s]
Veri yükleniyor:  20%|██        | 3216/15996 [00:16<01:11, 178.46epoch-kanal/s]
Veri yükleniyor:  20%|██        | 3256/15996 [00:16<00:58, 216.43epoch-kanal/s]
Veri yükleniyor:  21%|██        | 3296/15996 [00:16<00:50, 252.59epoch-kanal/s]
Veri yükleniyor:  21%|██        | 3334/15996 [00:19<05:50, 36.13epoch-kanal/s] 
Veri yükleniyor:  21%|██        | 3375/15996 [00:20<04:09, 50.64epoch-kanal/s]
Veri yükleniyor:  21%|██▏       | 3413/15996 [00:20<03:05, 67.96epoch-kanal/s]
Veri yükleniyor:  22%|██▏       | 3452/15996 [00:20<02:18, 90.33epoch-kanal/s]
Veri yükleniyor:  22%|██▏       | 3491/15996 [00:20<01:46, 117.26epoch-kanal/s]
Veri yükleniyor:  22%|██▏       | 3527/15996 [00:20<01:30, 137.88epoch-kanal/s]
Veri yükleniyor:  22%|██▏       | 3567/15996 [00:20<01:12, 172.55epoch-kanal/s]
Veri yükleniyor:  23%|██▎       | 3607/15996 [00:20<00:59, 209.03epoch-kanal/s]
Veri yükleniyor:  23%|██▎       | 3647/15996 [00:20<00:50, 243.62epoch-kanal/s]
Veri yükleniyor:  23%|██▎       | 3685/15996 [00:20<00:45, 271.62epoch-kanal/s]
Veri yükleniyor:  23%|██▎       | 3723/15996 [00:24<05:37, 36.33epoch-kanal/s] 
Veri yükleniyor:  24%|██▎       | 3762/15996 [00:24<04:04, 50.00epoch-kanal/s]
Veri yükleniyor:  24%|██▍       | 3803/15996 [00:24<02:57, 68.79epoch-kanal/s]
Veri yükleniyor:  24%|██▍       | 3843/15996 [00:24<02:12, 91.73epoch-kanal/s]
Veri yükleniyor:  24%|██▍       | 3882/15996 [00:24<01:42, 118.66epoch-kanal/s]
Veri yükleniyor:  25%|██▍       | 3923/15996 [00:24<01:19, 151.59epoch-kanal/s]
Veri yükleniyor:  25%|██▍       | 3963/15996 [00:24<01:04, 186.31epoch-kanal/s]
Veri yükleniyor:  25%|██▌       | 4004/15996 [00:24<00:53, 222.99epoch-kanal/s]
Veri yükleniyor:  25%|██▌       | 4044/15996 [00:24<00:46, 256.09epoch-kanal/s]
Veri yükleniyor:  26%|██▌       | 4083/15996 [00:24<00:42, 282.62epoch-kanal/s]
Veri yükleniyor:  26%|██▌       | 4123/15996 [00:25<00:38, 308.90epoch-kanal/s]
Veri yükleniyor:  26%|██▌       | 4162/15996 [00:25<00:36, 327.57epoch-kanal/s]
Veri yükleniyor:  26%|██▋       | 4201/15996 [00:28<05:12, 37.71epoch-kanal/s] 
Veri yükleniyor:  27%|██▋       | 4241/15996 [00:28<03:46, 51.95epoch-kanal/s]
Veri yükleniyor:  27%|██▋       | 4281/15996 [00:28<02:46, 70.48epoch-kanal/s]
Veri yükleniyor:  27%|██▋       | 4321/15996 [00:28<02:04, 93.69epoch-kanal/s]
Veri yükleniyor:  27%|██▋       | 4357/15996 [00:28<01:41, 114.13epoch-kanal/s]
Veri yükleniyor:  27%|██▋       | 4397/15996 [00:28<01:19, 145.94epoch-kanal/s]
Veri yükleniyor:  28%|██▊       | 4437/15996 [00:29<01:03, 180.89epoch-kanal/s]
Veri yükleniyor:  28%|██▊       | 4476/15996 [00:29<00:53, 215.03epoch-kanal/s]
Veri yükleniyor:  28%|██▊       | 4515/15996 [00:29<00:46, 247.43epoch-kanal/s]
Veri yükleniyor:  28%|██▊       | 4555/15996 [00:29<00:40, 279.76epoch-kanal/s]
Veri yükleniyor:  29%|██▊       | 4595/15996 [00:29<00:37, 307.55epoch-kanal/s]
Veri yükleniyor:  29%|██▉       | 4634/15996 [00:29<00:34, 326.22epoch-kanal/s]
Veri yükleniyor:  29%|██▉       | 4673/15996 [00:32<04:17, 44.04epoch-kanal/s] 
Veri yükleniyor:  29%|██▉       | 4714/15996 [00:32<03:05, 60.76epoch-kanal/s]
Veri yükleniyor:  30%|██▉       | 4754/15996 [00:32<02:17, 81.54epoch-kanal/s]
Veri yükleniyor:  30%|██▉       | 4794/15996 [00:32<01:44, 107.11epoch-kanal/s]
Veri yükleniyor:  30%|███       | 4834/15996 [00:32<01:21, 137.32epoch-kanal/s]
Veri yükleniyor:  30%|███       | 4875/15996 [00:32<01:04, 171.84epoch-kanal/s]
Veri yükleniyor:  31%|███       | 4914/15996 [00:32<00:53, 205.44epoch-kanal/s]
Veri yükleniyor:  31%|███       | 4954/15996 [00:32<00:45, 240.43epoch-kanal/s]
Veri yükleniyor:  31%|███       | 4994/15996 [00:33<00:40, 272.44epoch-kanal/s]
Veri yükleniyor:  31%|███▏      | 5034/15996 [00:33<00:36, 300.18epoch-kanal/s]
Veri yükleniyor:  32%|███▏      | 5074/15996 [00:33<00:33, 322.76epoch-kanal/s]
Veri yükleniyor:  32%|███▏      | 5114/15996 [00:33<00:31, 341.08epoch-kanal/s]
Veri yükleniyor:  32%|███▏      | 5154/15996 [00:33<00:30, 349.93epoch-kanal/s]
Veri yükleniyor:  32%|███▏      | 5194/15996 [00:33<00:29, 361.38epoch-kanal/s]
Veri yükleniyor:  33%|███▎      | 5233/15996 [00:33<00:29, 368.80epoch-kanal/s]
Veri yükleniyor:  33%|███▎      | 5272/15996 [00:36<03:59, 44.73epoch-kanal/s] 
Veri yükleniyor:  33%|███▎      | 5312/15996 [00:36<02:54, 61.14epoch-kanal/s]
Veri yükleniyor:  33%|███▎      | 5352/15996 [00:36<02:09, 82.08epoch-kanal/s]
Veri yükleniyor:  34%|███▎      | 5390/15996 [00:36<01:43, 102.92epoch-kanal/s]
Veri yükleniyor:  34%|███▍      | 5430/15996 [00:36<01:19, 132.65epoch-kanal/s]
Veri yükleniyor:  34%|███▍      | 5470/15996 [00:36<01:03, 166.18epoch-kanal/s]
Veri yükleniyor:  34%|███▍      | 5511/15996 [00:37<00:51, 202.55epoch-kanal/s]
Veri yükleniyor:  35%|███▍      | 5550/15996 [00:37<00:44, 235.43epoch-kanal/s]
Veri yükleniyor:  35%|███▍      | 5590/15996 [00:37<00:38, 268.31epoch-kanal/s]
Veri yükleniyor:  35%|███▌      | 5631/15996 [00:37<00:34, 298.84epoch-kanal/s]
Veri yükleniyor:  35%|███▌      | 5670/15996 [00:37<00:32, 319.45epoch-kanal/s]
Veri yükleniyor:  36%|███▌      | 5709/15996 [00:37<00:30, 335.80epoch-kanal/s]
Veri yükleniyor:  36%|███▌      | 5748/15996 [00:37<00:29, 350.03epoch-kanal/s]
Veri yükleniyor:  36%|███▌      | 5787/15996 [00:40<04:30, 37.76epoch-kanal/s] 
Veri yükleniyor:  36%|███▋      | 5827/15996 [00:40<03:15, 52.09epoch-kanal/s]
Veri yükleniyor:  37%|███▋      | 5867/15996 [00:41<02:23, 70.63epoch-kanal/s]
Veri yükleniyor:  37%|███▋      | 5907/15996 [00:41<01:47, 93.96epoch-kanal/s]
Veri yükleniyor:  37%|███▋      | 5948/15996 [00:41<01:21, 122.97epoch-kanal/s]
Veri yükleniyor:  37%|███▋      | 5988/15996 [00:41<01:04, 154.80epoch-kanal/s]
Veri yükleniyor:  38%|███▊      | 6028/15996 [00:41<00:52, 189.33epoch-kanal/s]
Veri yükleniyor:  38%|███▊      | 6067/15996 [00:41<00:48, 203.50epoch-kanal/s]
Veri yükleniyor:  38%|███▊      | 6102/15996 [00:41<00:49, 198.09epoch-kanal/s]
Veri yükleniyor:  38%|███▊      | 6132/15996 [00:44<04:23, 37.44epoch-kanal/s] 
Veri yükleniyor:  38%|███▊      | 6153/15996 [00:44<03:40, 44.66epoch-kanal/s]
Veri yükleniyor:  39%|███▊      | 6174/15996 [00:44<03:02, 53.92epoch-kanal/s]
Veri yükleniyor:  39%|███▊      | 6195/15996 [00:44<02:30, 65.16epoch-kanal/s]
Veri yükleniyor:  39%|███▉      | 6215/15996 [00:44<02:05, 77.98epoch-kanal/s]
Veri yükleniyor:  39%|███▉      | 6235/15996 [00:45<01:45, 92.34epoch-kanal/s]
Veri yükleniyor:  39%|███▉      | 6255/15996 [00:45<01:31, 106.81epoch-kanal/s]
Veri yükleniyor:  39%|███▉      | 6275/15996 [00:45<01:23, 116.26epoch-kanal/s]
Veri yükleniyor:  39%|███▉      | 6293/15996 [00:45<01:18, 124.27epoch-kanal/s]
Veri yükleniyor:  39%|███▉      | 6311/15996 [00:45<01:14, 130.73epoch-kanal/s]
Veri yükleniyor:  40%|███▉      | 6329/15996 [00:45<01:08, 140.71epoch-kanal/s]
Veri yükleniyor:  40%|███▉      | 6347/15996 [00:45<01:04, 150.05epoch-kanal/s]
Veri yükleniyor:  40%|███▉      | 6365/15996 [00:45<01:07, 141.85epoch-kanal/s]
Veri yükleniyor:  40%|███▉      | 6384/15996 [00:45<01:03, 152.30epoch-kanal/s]
Veri yükleniyor:  40%|████      | 6401/15996 [00:48<07:49, 20.45epoch-kanal/s] 
Veri yükleniyor:  40%|████      | 6421/15996 [00:48<05:34, 28.63epoch-kanal/s]
Veri yükleniyor:  40%|████      | 6441/15996 [00:48<04:04, 39.06epoch-kanal/s]
Veri yükleniyor:  40%|████      | 6460/15996 [00:48<03:06, 51.16epoch-kanal/s]
Veri yükleniyor:  41%|████      | 6480/15996 [00:49<02:23, 66.39epoch-kanal/s]
Veri yükleniyor:  41%|████      | 6499/15996 [00:49<01:56, 81.75epoch-kanal/s]
Veri yükleniyor:  41%|████      | 6518/15996 [00:49<01:36, 98.18epoch-kanal/s]
Veri yükleniyor:  41%|████      | 6537/15996 [00:49<01:23, 113.89epoch-kanal/s]
Veri yükleniyor:  41%|████      | 6556/15996 [00:49<01:14, 127.18epoch-kanal/s]
Veri yükleniyor:  41%|████      | 6575/15996 [00:49<01:07, 140.18epoch-kanal/s]
Veri yükleniyor:  41%|████      | 6594/15996 [00:49<01:01, 151.83epoch-kanal/s]
Veri yükleniyor:  41%|████▏     | 6613/15996 [00:49<00:58, 161.12epoch-kanal/s]
Veri yükleniyor:  41%|████▏     | 6632/15996 [00:49<00:55, 168.52epoch-kanal/s]
Veri yükleniyor:  42%|████▏     | 6652/15996 [00:49<00:53, 175.38epoch-kanal/s]
Veri yükleniyor:  42%|████▏     | 6671/15996 [00:50<00:52, 179.21epoch-kanal/s]
Veri yükleniyor:  42%|████▏     | 6690/15996 [00:50<00:51, 181.97epoch-kanal/s]
Veri yükleniyor:  42%|████▏     | 6709/15996 [00:50<00:53, 173.89epoch-kanal/s]
Veri yükleniyor:  42%|████▏     | 6727/15996 [00:50<00:55, 166.38epoch-kanal/s]
Veri yükleniyor:  42%|████▏     | 6745/15996 [00:50<00:56, 163.07epoch-kanal/s]
Veri yükleniyor:  42%|████▏     | 6763/15996 [00:50<00:55, 166.55epoch-kanal/s]
Veri yükleniyor:  42%|████▏     | 6782/15996 [00:50<00:53, 172.02epoch-kanal/s]
Veri yükleniyor:  43%|████▎     | 6800/15996 [00:50<00:52, 173.70epoch-kanal/s]
Veri yükleniyor:  43%|████▎     | 6820/15996 [00:50<00:51, 179.07epoch-kanal/s]
Veri yükleniyor:  43%|████▎     | 6839/15996 [00:51<00:50, 179.63epoch-kanal/s]
Veri yükleniyor:  43%|████▎     | 6858/15996 [00:51<00:51, 178.28epoch-kanal/s]
Veri yükleniyor:  43%|████▎     | 6877/15996 [00:51<00:50, 180.48epoch-kanal/s]
Veri yükleniyor:  43%|████▎     | 6896/15996 [00:51<00:50, 180.73epoch-kanal/s]
Veri yükleniyor:  43%|████▎     | 6915/15996 [00:51<00:50, 178.85epoch-kanal/s]
Veri yükleniyor:  43%|████▎     | 6934/15996 [00:51<00:50, 180.16epoch-kanal/s]
Veri yükleniyor:  43%|████▎     | 6953/15996 [00:51<00:49, 182.33epoch-kanal/s]
Veri yükleniyor:  44%|████▎     | 6972/15996 [00:51<00:49, 183.76epoch-kanal/s]
Veri yükleniyor:  44%|████▎     | 6991/15996 [00:51<00:48, 185.05epoch-kanal/s]
Veri yükleniyor:  44%|████▍     | 7010/15996 [00:51<00:48, 184.48epoch-kanal/s]
Veri yükleniyor:  44%|████▍     | 7029/15996 [00:52<00:48, 184.97epoch-kanal/s]
Veri yükleniyor:  44%|████▍     | 7048/15996 [00:52<00:50, 175.76epoch-kanal/s]
Veri yükleniyor:  44%|████▍     | 7066/15996 [00:52<00:55, 162.23epoch-kanal/s]
Veri yükleniyor:  44%|████▍     | 7083/15996 [00:52<00:59, 149.16epoch-kanal/s]
Veri yükleniyor:  44%|████▍     | 7100/15996 [00:52<00:57, 153.75epoch-kanal/s]
Veri yükleniyor:  45%|████▍     | 7131/15996 [00:52<00:45, 194.42epoch-kanal/s]
Veri yükleniyor:  45%|████▍     | 7162/15996 [00:52<00:39, 225.52epoch-kanal/s]
Veri yükleniyor:  45%|████▌     | 7200/15996 [00:52<00:33, 265.68epoch-kanal/s]
Veri yükleniyor:  45%|████▌     | 7239/15996 [00:53<00:29, 299.06epoch-kanal/s]
Veri yükleniyor:  45%|████▌     | 7270/15996 [00:53<00:30, 286.23epoch-kanal/s]
Veri yükleniyor:  46%|████▌     | 7300/15996 [00:53<00:47, 182.35epoch-kanal/s]
Veri yükleniyor:  46%|████▌     | 7324/15996 [00:53<00:53, 161.68epoch-kanal/s]
Veri yükleniyor:  46%|████▌     | 7344/15996 [00:53<00:54, 158.89epoch-kanal/s]
Veri yükleniyor:  46%|████▌     | 7363/15996 [00:53<00:54, 157.84epoch-kanal/s]
Veri yükleniyor:  46%|████▌     | 7381/15996 [00:54<00:55, 156.00epoch-kanal/s]
Veri yükleniyor:  46%|████▌     | 7398/15996 [00:54<00:54, 159.22epoch-kanal/s]
Veri yükleniyor:  46%|████▋     | 7415/15996 [00:54<00:56, 150.68epoch-kanal/s]
Veri yükleniyor:  46%|████▋     | 7434/15996 [00:54<00:53, 160.28epoch-kanal/s]
Veri yükleniyor:  47%|████▋     | 7453/15996 [00:54<00:51, 166.04epoch-kanal/s]
Veri yükleniyor:  47%|████▋     | 7471/15996 [00:54<00:52, 161.47epoch-kanal/s]
Veri yükleniyor:  47%|████▋     | 7488/15996 [00:54<00:54, 156.75epoch-kanal/s]
Veri yükleniyor:  47%|████▋     | 7504/15996 [00:54<00:54, 154.97epoch-kanal/s]
Veri yükleniyor:  47%|████▋     | 7521/15996 [00:54<00:54, 156.88epoch-kanal/s]
Veri yükleniyor:  47%|████▋     | 7537/15996 [00:55<00:56, 150.59epoch-kanal/s]
Veri yükleniyor:  47%|████▋     | 7556/15996 [00:55<00:52, 160.30epoch-kanal/s]
Veri yükleniyor:  47%|████▋     | 7575/15996 [00:55<00:50, 167.96epoch-kanal/s]
Veri yükleniyor:  47%|████▋     | 7593/15996 [00:55<00:49, 169.99epoch-kanal/s]
Veri yükleniyor:  48%|████▊     | 7612/15996 [00:55<00:47, 175.11epoch-kanal/s]
Veri yükleniyor:  48%|████▊     | 7630/15996 [00:55<00:48, 171.01epoch-kanal/s]
Veri yükleniyor:  48%|████▊     | 7650/15996 [00:55<00:46, 177.72epoch-kanal/s]
Veri yükleniyor:  48%|████▊     | 7669/15996 [00:55<00:46, 180.02epoch-kanal/s]
Veri yükleniyor:  48%|████▊     | 7688/15996 [00:55<00:45, 182.61epoch-kanal/s]
Veri yükleniyor:  48%|████▊     | 7707/15996 [00:55<00:45, 183.94epoch-kanal/s]
Veri yükleniyor:  48%|████▊     | 7726/15996 [00:56<00:45, 181.65epoch-kanal/s]
Veri yükleniyor:  48%|████▊     | 7745/15996 [00:56<00:45, 183.15epoch-kanal/s]
Veri yükleniyor:  49%|████▊     | 7764/15996 [00:56<00:44, 183.55epoch-kanal/s]
Veri yükleniyor:  49%|████▊     | 7783/15996 [00:56<00:44, 184.73epoch-kanal/s]
Veri yükleniyor:  49%|████▉     | 7802/15996 [00:56<00:45, 179.62epoch-kanal/s]
Veri yükleniyor:  49%|████▉     | 7821/15996 [00:56<00:45, 178.35epoch-kanal/s]
Veri yükleniyor:  49%|████▉     | 7841/15996 [00:56<00:44, 184.36epoch-kanal/s]
Veri yükleniyor:  49%|████▉     | 7879/15996 [00:56<00:33, 239.88epoch-kanal/s]
Veri yükleniyor:  50%|████▉     | 7919/15996 [00:56<00:28, 285.87epoch-kanal/s]
Veri yükleniyor:  50%|████▉     | 7948/15996 [00:56<00:29, 269.91epoch-kanal/s]
Veri yükleniyor:  50%|████▉     | 7987/15996 [00:57<00:26, 302.63epoch-kanal/s]
Veri yükleniyor:  50%|█████     | 8025/15996 [00:57<00:24, 323.18epoch-kanal/s]
Veri yükleniyor:  50%|█████     | 8064/15996 [00:57<00:23, 342.44epoch-kanal/s]
Veri yükleniyor:  51%|█████     | 8099/15996 [00:57<00:26, 298.34epoch-kanal/s]
Veri yükleniyor:  51%|█████     | 8131/15996 [00:57<00:31, 252.22epoch-kanal/s]
Veri yükleniyor:  51%|█████     | 8159/15996 [00:57<00:33, 231.28epoch-kanal/s]
Veri yükleniyor:  51%|█████     | 8184/15996 [00:57<00:35, 218.29epoch-kanal/s]
Veri yükleniyor:  51%|█████▏    | 8207/15996 [00:58<00:37, 209.89epoch-kanal/s]
Veri yükleniyor:  51%|█████▏    | 8229/15996 [00:58<00:38, 202.97epoch-kanal/s]
Veri yükleniyor:  52%|█████▏    | 8250/15996 [00:58<00:38, 199.41epoch-kanal/s]
Veri yükleniyor:  52%|█████▏    | 8271/15996 [00:58<00:39, 194.19epoch-kanal/s]
Veri yükleniyor:  52%|█████▏    | 8291/15996 [00:58<00:40, 188.35epoch-kanal/s]
Veri yükleniyor:  52%|█████▏    | 8310/15996 [00:58<00:40, 187.64epoch-kanal/s]
Veri yükleniyor:  52%|█████▏    | 8329/15996 [00:58<00:40, 187.59epoch-kanal/s]
Veri yükleniyor:  52%|█████▏    | 8348/15996 [00:58<00:41, 186.05epoch-kanal/s]
Veri yükleniyor:  52%|█████▏    | 8367/15996 [00:58<00:40, 186.60epoch-kanal/s]
Veri yükleniyor:  52%|█████▏    | 8386/15996 [00:59<00:41, 185.23epoch-kanal/s]
Veri yükleniyor:  53%|█████▎    | 8405/15996 [00:59<00:41, 183.67epoch-kanal/s]
Veri yükleniyor:  53%|█████▎    | 8424/15996 [00:59<00:41, 183.83epoch-kanal/s]
Veri yükleniyor:  53%|█████▎    | 8443/15996 [00:59<00:41, 182.47epoch-kanal/s]
Veri yükleniyor:  53%|█████▎    | 8462/15996 [00:59<00:40, 183.80epoch-kanal/s]
Veri yükleniyor:  53%|█████▎    | 8481/15996 [00:59<00:42, 178.16epoch-kanal/s]
Veri yükleniyor:  53%|█████▎    | 8500/15996 [00:59<00:41, 181.15epoch-kanal/s]
Veri yükleniyor:  53%|█████▎    | 8519/15996 [00:59<00:40, 182.82epoch-kanal/s]
Veri yükleniyor:  53%|█████▎    | 8538/15996 [00:59<00:40, 184.37epoch-kanal/s]
Veri yükleniyor:  54%|█████▎    | 8558/15996 [00:59<00:39, 186.27epoch-kanal/s]
Veri yükleniyor:  54%|█████▎    | 8577/15996 [01:00<00:39, 186.73epoch-kanal/s]
Veri yükleniyor:  54%|█████▎    | 8596/15996 [01:00<00:40, 183.47epoch-kanal/s]
Veri yükleniyor:  54%|█████▍    | 8615/15996 [01:00<00:40, 181.80epoch-kanal/s]
Veri yükleniyor:  54%|█████▍    | 8634/15996 [01:00<00:40, 183.51epoch-kanal/s]
Veri yükleniyor:  54%|█████▍    | 8653/15996 [01:00<00:40, 179.45epoch-kanal/s]
Veri yükleniyor:  54%|█████▍    | 8672/15996 [01:00<00:40, 180.51epoch-kanal/s]
Veri yükleniyor:  54%|█████▍    | 8691/15996 [01:00<00:40, 179.50epoch-kanal/s]
Veri yükleniyor:  54%|█████▍    | 8715/15996 [01:00<00:37, 196.38epoch-kanal/s]
Veri yükleniyor:  55%|█████▍    | 8754/15996 [01:00<00:28, 250.75epoch-kanal/s]
Veri yükleniyor:  55%|█████▍    | 8794/15996 [01:00<00:24, 292.42epoch-kanal/s]
Veri yükleniyor:  55%|█████▌    | 8834/15996 [01:01<00:22, 322.20epoch-kanal/s]
Veri yükleniyor:  55%|█████▌    | 8874/15996 [01:01<00:20, 343.90epoch-kanal/s]
Veri yükleniyor:  56%|█████▌    | 8913/15996 [01:01<00:19, 356.41epoch-kanal/s]
Veri yükleniyor:  56%|█████▌    | 8953/15996 [01:01<00:19, 366.50epoch-kanal/s]
Veri yükleniyor:  56%|█████▌    | 8990/15996 [01:01<00:21, 333.26epoch-kanal/s]
Veri yükleniyor:  56%|█████▋    | 9024/15996 [01:01<00:25, 269.00epoch-kanal/s]
Veri yükleniyor:  57%|█████▋    | 9054/15996 [01:01<00:28, 240.92epoch-kanal/s]
Veri yükleniyor:  57%|█████▋    | 9080/15996 [01:02<00:30, 223.53epoch-kanal/s]
Veri yükleniyor:  57%|█████▋    | 9104/15996 [01:02<00:32, 211.18epoch-kanal/s]
Veri yükleniyor:  57%|█████▋    | 9126/15996 [01:02<00:33, 203.68epoch-kanal/s]
Veri yükleniyor:  57%|█████▋    | 9147/15996 [01:02<00:36, 186.32epoch-kanal/s]
Veri yükleniyor:  57%|█████▋    | 9167/15996 [01:02<00:37, 180.10epoch-kanal/s]
Veri yükleniyor:  57%|█████▋    | 9186/15996 [01:02<00:37, 181.17epoch-kanal/s]
Veri yükleniyor:  58%|█████▊    | 9205/15996 [01:02<00:37, 181.58epoch-kanal/s]
Veri yükleniyor:  58%|█████▊    | 9224/15996 [01:02<00:37, 181.09epoch-kanal/s]
Veri yükleniyor:  58%|█████▊    | 9244/15996 [01:02<00:36, 184.89epoch-kanal/s]
Veri yükleniyor:  58%|█████▊    | 9263/15996 [01:03<00:37, 179.02epoch-kanal/s]
Veri yükleniyor:  58%|█████▊    | 9281/15996 [01:03<00:39, 168.42epoch-kanal/s]
Veri yükleniyor:  58%|█████▊    | 9300/15996 [01:03<00:38, 172.03epoch-kanal/s]
Veri yükleniyor:  58%|█████▊    | 9319/15996 [01:03<00:38, 174.90epoch-kanal/s]
Veri yükleniyor:  58%|█████▊    | 9337/15996 [01:03<00:38, 174.16epoch-kanal/s]
Veri yükleniyor:  58%|█████▊    | 9355/15996 [01:03<00:37, 174.81epoch-kanal/s]
Veri yükleniyor:  59%|█████▊    | 9373/15996 [01:03<00:37, 176.10epoch-kanal/s]
Veri yükleniyor:  59%|█████▊    | 9392/15996 [01:03<00:36, 179.16epoch-kanal/s]
Veri yükleniyor:  59%|█████▉    | 9411/15996 [01:03<00:36, 180.35epoch-kanal/s]
Veri yükleniyor:  59%|█████▉    | 9430/15996 [01:04<00:36, 182.00epoch-kanal/s]
Veri yükleniyor:  59%|█████▉    | 9449/15996 [01:04<00:35, 182.82epoch-kanal/s]
Veri yükleniyor:  59%|█████▉    | 9468/15996 [01:04<00:35, 183.44epoch-kanal/s]
Veri yükleniyor:  59%|█████▉    | 9487/15996 [01:04<00:35, 183.61epoch-kanal/s]
Veri yükleniyor:  59%|█████▉    | 9506/15996 [01:04<00:35, 181.93epoch-kanal/s]
Veri yükleniyor:  60%|█████▉    | 9525/15996 [01:04<00:36, 177.88epoch-kanal/s]
Veri yükleniyor:  60%|█████▉    | 9544/15996 [01:04<00:36, 178.79epoch-kanal/s]
Veri yükleniyor:  60%|█████▉    | 9562/15996 [01:05<01:25, 75.10epoch-kanal/s] 
Veri yükleniyor:  60%|█████▉    | 9595/15996 [01:05<00:57, 112.21epoch-kanal/s]
Veri yükleniyor:  60%|██████    | 9632/15996 [01:05<00:40, 156.54epoch-kanal/s]
Veri yükleniyor:  60%|██████    | 9671/15996 [01:05<00:31, 202.61epoch-kanal/s]
Veri yükleniyor:  61%|██████    | 9700/15996 [01:05<00:29, 213.01epoch-kanal/s]
Veri yükleniyor:  61%|██████    | 9740/15996 [01:05<00:24, 255.81epoch-kanal/s]
Veri yükleniyor:  61%|██████    | 9780/15996 [01:05<00:21, 291.00epoch-kanal/s]
Veri yükleniyor:  61%|██████▏   | 9820/15996 [01:05<00:19, 318.50epoch-kanal/s]
Veri yükleniyor:  62%|██████▏   | 9856/15996 [01:06<00:19, 316.50epoch-kanal/s]
Veri yükleniyor:  62%|██████▏   | 9891/15996 [01:06<00:23, 257.48epoch-kanal/s]
Veri yükleniyor:  62%|██████▏   | 9921/15996 [01:06<00:26, 231.63epoch-kanal/s]
Veri yükleniyor:  62%|██████▏   | 9947/15996 [01:06<00:27, 216.49epoch-kanal/s]
Veri yükleniyor:  62%|██████▏   | 9971/15996 [01:06<00:29, 207.73epoch-kanal/s]
Veri yükleniyor:  62%|██████▏   | 9994/15996 [01:06<00:29, 201.60epoch-kanal/s]
Veri yükleniyor:  63%|██████▎   | 10015/15996 [01:06<00:30, 198.11epoch-kanal/s]
Veri yükleniyor:  63%|██████▎   | 10036/15996 [01:07<00:30, 195.26epoch-kanal/s]
Veri yükleniyor:  63%|██████▎   | 10056/15996 [01:07<00:31, 188.81epoch-kanal/s]
Veri yükleniyor:  63%|██████▎   | 10076/15996 [01:07<00:31, 187.83epoch-kanal/s]
Veri yükleniyor:  63%|██████▎   | 10095/15996 [01:07<00:32, 182.86epoch-kanal/s]
Veri yükleniyor:  63%|██████▎   | 10114/15996 [01:07<00:32, 180.42epoch-kanal/s]
Veri yükleniyor:  63%|██████▎   | 10133/15996 [01:07<00:32, 181.49epoch-kanal/s]
Veri yükleniyor:  63%|██████▎   | 10152/15996 [01:07<00:31, 183.17epoch-kanal/s]
Veri yükleniyor:  64%|██████▎   | 10171/15996 [01:07<00:31, 183.24epoch-kanal/s]
Veri yükleniyor:  64%|██████▎   | 10190/15996 [01:07<00:31, 184.22epoch-kanal/s]
Veri yükleniyor:  64%|██████▍   | 10209/15996 [01:08<00:31, 184.85epoch-kanal/s]
Veri yükleniyor:  64%|██████▍   | 10228/15996 [01:08<00:31, 182.57epoch-kanal/s]
Veri yükleniyor:  64%|██████▍   | 10247/15996 [01:08<00:31, 184.06epoch-kanal/s]
Veri yükleniyor:  64%|██████▍   | 10266/15996 [01:08<00:31, 183.86epoch-kanal/s]
Veri yükleniyor:  64%|██████▍   | 10285/15996 [01:08<00:31, 183.31epoch-kanal/s]
Veri yükleniyor:  64%|██████▍   | 10304/15996 [01:08<00:31, 179.11epoch-kanal/s]
Veri yükleniyor:  65%|██████▍   | 10323/15996 [01:08<00:31, 180.62epoch-kanal/s]
Veri yükleniyor:  65%|██████▍   | 10342/15996 [01:08<00:31, 182.27epoch-kanal/s]
Veri yükleniyor:  65%|██████▍   | 10361/15996 [01:08<00:30, 182.35epoch-kanal/s]
Veri yükleniyor:  65%|██████▍   | 10380/15996 [01:08<00:30, 183.98epoch-kanal/s]
Veri yükleniyor:  65%|██████▌   | 10420/15996 [01:09<00:22, 244.88epoch-kanal/s]
Veri yükleniyor:  65%|██████▌   | 10459/15996 [01:09<00:19, 286.14epoch-kanal/s]
Veri yükleniyor:  66%|██████▌   | 10497/15996 [01:09<00:17, 313.48epoch-kanal/s]
Veri yükleniyor:  66%|██████▌   | 10537/15996 [01:09<00:16, 338.80epoch-kanal/s]
Veri yükleniyor:  66%|██████▌   | 10577/15996 [01:09<00:15, 355.29epoch-kanal/s]
Veri yükleniyor:  66%|██████▋   | 10617/15996 [01:09<00:14, 367.44epoch-kanal/s]
Veri yükleniyor:  67%|██████▋   | 10656/15996 [01:09<00:14, 372.38epoch-kanal/s]
Veri yükleniyor:  67%|██████▋   | 10696/15996 [01:09<00:13, 379.91epoch-kanal/s]
Veri yükleniyor:  67%|██████▋   | 10735/15996 [01:09<00:16, 315.03epoch-kanal/s]
Veri yükleniyor:  67%|██████▋   | 10769/15996 [01:10<00:19, 266.92epoch-kanal/s]
Veri yükleniyor:  68%|██████▊   | 10799/15996 [01:10<00:21, 237.68epoch-kanal/s]
Veri yükleniyor:  68%|██████▊   | 10825/15996 [01:10<00:23, 222.95epoch-kanal/s]
Veri yükleniyor:  68%|██████▊   | 10849/15996 [01:10<00:24, 209.45epoch-kanal/s]
Veri yükleniyor:  68%|██████▊   | 10871/15996 [01:10<00:25, 202.83epoch-kanal/s]
Veri yükleniyor:  68%|██████▊   | 10892/15996 [01:10<00:25, 197.88epoch-kanal/s]
Veri yükleniyor:  68%|██████▊   | 10913/15996 [01:10<00:26, 194.23epoch-kanal/s]
Veri yükleniyor:  68%|██████▊   | 10933/15996 [01:11<00:26, 191.12epoch-kanal/s]
Veri yükleniyor:  68%|██████▊   | 10953/15996 [01:11<00:26, 189.65epoch-kanal/s]
Veri yükleniyor:  69%|██████▊   | 10973/15996 [01:11<00:26, 186.89epoch-kanal/s]
Veri yükleniyor:  69%|██████▊   | 10992/15996 [01:11<00:26, 187.72epoch-kanal/s]
Veri yükleniyor:  69%|██████▉   | 11011/15996 [01:11<00:27, 182.94epoch-kanal/s]
Veri yükleniyor:  69%|██████▉   | 11030/15996 [01:11<00:27, 179.72epoch-kanal/s]
Veri yükleniyor:  69%|██████▉   | 11049/15996 [01:11<00:27, 180.81epoch-kanal/s]
Veri yükleniyor:  69%|██████▉   | 11068/15996 [01:11<00:26, 183.37epoch-kanal/s]
Veri yükleniyor:  69%|██████▉   | 11087/15996 [01:11<00:26, 182.14epoch-kanal/s]
Veri yükleniyor:  69%|██████▉   | 11106/15996 [01:11<00:26, 184.02epoch-kanal/s]
Veri yükleniyor:  70%|██████▉   | 11125/15996 [01:12<00:26, 184.02epoch-kanal/s]
Veri yükleniyor:  70%|██████▉   | 11144/15996 [01:12<00:27, 179.42epoch-kanal/s]
Veri yükleniyor:  70%|██████▉   | 11163/15996 [01:12<00:26, 181.66epoch-kanal/s]
Veri yükleniyor:  70%|██████▉   | 11182/15996 [01:12<00:26, 181.52epoch-kanal/s]
Veri yükleniyor:  70%|███████   | 11201/15996 [01:12<00:26, 179.05epoch-kanal/s]
Veri yükleniyor:  70%|███████   | 11220/15996 [01:12<00:26, 180.70epoch-kanal/s]
Veri yükleniyor:  70%|███████   | 11239/15996 [01:12<00:26, 181.72epoch-kanal/s]
Veri yükleniyor:  70%|███████   | 11258/15996 [01:12<00:25, 183.31epoch-kanal/s]
Veri yükleniyor:  70%|███████   | 11277/15996 [01:12<00:25, 184.89epoch-kanal/s]
Veri yükleniyor:  71%|███████   | 11296/15996 [01:13<00:25, 185.20epoch-kanal/s]
Veri yükleniyor:  71%|███████   | 11324/15996 [01:13<00:22, 212.13epoch-kanal/s]
Veri yükleniyor:  71%|███████   | 11364/15996 [01:13<00:17, 265.92epoch-kanal/s]
Veri yükleniyor:  71%|███████▏  | 11404/15996 [01:13<00:15, 303.44epoch-kanal/s]
Veri yükleniyor:  72%|███████▏  | 11443/15996 [01:13<00:13, 328.23epoch-kanal/s]
Veri yükleniyor:  72%|███████▏  | 11483/15996 [01:13<00:12, 347.36epoch-kanal/s]
Veri yükleniyor:  72%|███████▏  | 11522/15996 [01:13<00:12, 359.22epoch-kanal/s]
Veri yükleniyor:  72%|███████▏  | 11562/15996 [01:13<00:11, 369.63epoch-kanal/s]
Veri yükleniyor:  73%|███████▎  | 11602/15996 [01:13<00:11, 377.67epoch-kanal/s]
Veri yükleniyor:  73%|███████▎  | 11641/15996 [01:13<00:11, 380.01epoch-kanal/s]
Veri yükleniyor:  73%|███████▎  | 11680/15996 [01:14<00:14, 294.27epoch-kanal/s]
Veri yükleniyor:  73%|███████▎  | 11713/15996 [01:14<00:16, 255.83epoch-kanal/s]
Veri yükleniyor:  73%|███████▎  | 11742/15996 [01:14<00:18, 228.18epoch-kanal/s]
Veri yükleniyor:  74%|███████▎  | 11768/15996 [01:14<00:19, 216.01epoch-kanal/s]
Veri yükleniyor:  74%|███████▎  | 11792/15996 [01:14<00:20, 209.73epoch-kanal/s]
Veri yükleniyor:  74%|███████▍  | 11814/15996 [01:14<00:20, 203.88epoch-kanal/s]
Veri yükleniyor:  74%|███████▍  | 11835/15996 [01:14<00:20, 199.18epoch-kanal/s]
Veri yükleniyor:  74%|███████▍  | 11856/15996 [01:15<00:21, 196.18epoch-kanal/s]
Veri yükleniyor:  74%|███████▍  | 11876/15996 [01:15<00:21, 189.68epoch-kanal/s]
Veri yükleniyor:  74%|███████▍  | 11896/15996 [01:15<00:21, 189.10epoch-kanal/s]
Veri yükleniyor:  74%|███████▍  | 11915/15996 [01:15<00:21, 187.16epoch-kanal/s]
Veri yükleniyor:  75%|███████▍  | 11934/15996 [01:15<00:22, 182.22epoch-kanal/s]
Veri yükleniyor:  75%|███████▍  | 11953/15996 [01:15<00:22, 183.59epoch-kanal/s]
Veri yükleniyor:  75%|███████▍  | 11972/15996 [01:15<00:22, 181.48epoch-kanal/s]
Veri yükleniyor:  75%|███████▍  | 11991/15996 [01:15<00:21, 182.96epoch-kanal/s]
Veri yükleniyor:  75%|███████▌  | 12010/15996 [01:15<00:21, 183.98epoch-kanal/s]
Veri yükleniyor:  75%|███████▌  | 12029/15996 [01:16<00:21, 181.78epoch-kanal/s]
Veri yükleniyor:  75%|███████▌  | 12048/15996 [01:16<00:21, 181.46epoch-kanal/s]
Veri yükleniyor:  75%|███████▌  | 12067/15996 [01:16<00:21, 178.61epoch-kanal/s]
Veri yükleniyor:  76%|███████▌  | 12086/15996 [01:16<00:21, 180.29epoch-kanal/s]
Veri yükleniyor:  76%|███████▌  | 12105/15996 [01:16<00:21, 177.21epoch-kanal/s]
Veri yükleniyor:  76%|███████▌  | 12124/15996 [01:16<00:21, 179.00epoch-kanal/s]
Veri yükleniyor:  76%|███████▌  | 12143/15996 [01:16<00:21, 179.61epoch-kanal/s]
Veri yükleniyor:  76%|███████▌  | 12162/15996 [01:16<00:21, 180.23epoch-kanal/s]
Veri yükleniyor:  76%|███████▌  | 12181/15996 [01:16<00:21, 181.07epoch-kanal/s]
Veri yükleniyor:  76%|███████▋  | 12200/15996 [01:16<00:20, 182.34epoch-kanal/s]
Veri yükleniyor:  76%|███████▋  | 12219/15996 [01:17<00:20, 180.83epoch-kanal/s]
Veri yükleniyor:  77%|███████▋  | 12238/15996 [01:17<00:49, 75.32epoch-kanal/s] 
Veri yükleniyor:  77%|███████▋  | 12278/15996 [01:17<00:30, 122.26epoch-kanal/s]
Veri yükleniyor:  77%|███████▋  | 12318/15996 [01:17<00:21, 169.89epoch-kanal/s]
Veri yükleniyor:  77%|███████▋  | 12358/15996 [01:17<00:16, 214.99epoch-kanal/s]
Veri yükleniyor:  77%|███████▋  | 12389/15996 [01:18<00:15, 235.28epoch-kanal/s]
Veri yükleniyor:  78%|███████▊  | 12428/15996 [01:18<00:13, 270.98epoch-kanal/s]
Veri yükleniyor:  78%|███████▊  | 12468/15996 [01:18<00:11, 302.96epoch-kanal/s]
Veri yükleniyor:  78%|███████▊  | 12506/15996 [01:18<00:10, 323.20epoch-kanal/s]
Veri yükleniyor:  78%|███████▊  | 12542/15996 [01:18<00:13, 260.44epoch-kanal/s]
Veri yükleniyor:  79%|███████▊  | 12573/15996 [01:18<00:14, 235.54epoch-kanal/s]
Veri yükleniyor:  79%|███████▉  | 12600/15996 [01:18<00:15, 220.02epoch-kanal/s]
Veri yükleniyor:  79%|███████▉  | 12625/15996 [01:19<00:16, 210.37epoch-kanal/s]
Veri yükleniyor:  79%|███████▉  | 12648/15996 [01:19<00:16, 203.82epoch-kanal/s]
Veri yükleniyor:  79%|███████▉  | 12670/15996 [01:19<00:16, 198.95epoch-kanal/s]
Veri yükleniyor:  79%|███████▉  | 12691/15996 [01:19<00:16, 195.90epoch-kanal/s]
Veri yükleniyor:  79%|███████▉  | 12712/15996 [01:21<01:42, 32.05epoch-kanal/s] 
Veri yükleniyor:  80%|███████▉  | 12752/15996 [01:21<01:02, 52.30epoch-kanal/s]
Veri yükleniyor:  80%|███████▉  | 12793/15996 [01:21<00:40, 78.28epoch-kanal/s]
Veri yükleniyor:  80%|████████  | 12833/15996 [01:21<00:29, 108.56epoch-kanal/s]
Veri yükleniyor:  80%|████████  | 12873/15996 [01:21<00:21, 142.99epoch-kanal/s]
Veri yükleniyor:  81%|████████  | 12907/15996 [01:22<00:18, 163.19epoch-kanal/s]
Veri yükleniyor:  81%|████████  | 12946/15996 [01:22<00:15, 200.07epoch-kanal/s]
Veri yükleniyor:  81%|████████  | 12986/15996 [01:22<00:12, 237.05epoch-kanal/s]
Veri yükleniyor:  81%|████████▏ | 13024/15996 [01:22<00:11, 267.44epoch-kanal/s]
Veri yükleniyor:  82%|████████▏ | 13063/15996 [01:22<00:09, 294.48epoch-kanal/s]
Veri yükleniyor:  82%|████████▏ | 13100/15996 [01:25<01:20, 36.00epoch-kanal/s] 
Veri yükleniyor:  82%|████████▏ | 13139/15996 [01:25<00:57, 49.86epoch-kanal/s]
Veri yükleniyor:  82%|████████▏ | 13178/15996 [01:25<00:41, 67.89epoch-kanal/s]
Veri yükleniyor:  83%|████████▎ | 13218/15996 [01:25<00:30, 91.17epoch-kanal/s]
Veri yükleniyor:  83%|████████▎ | 13258/15996 [01:26<00:22, 119.33epoch-kanal/s]
Veri yükleniyor:  83%|████████▎ | 13298/15996 [01:26<00:17, 151.53epoch-kanal/s]
Veri yükleniyor:  83%|████████▎ | 13338/15996 [01:26<00:14, 186.56epoch-kanal/s]
Veri yükleniyor:  84%|████████▎ | 13378/15996 [01:26<00:11, 221.93epoch-kanal/s]
Veri yükleniyor:  84%|████████▍ | 13417/15996 [01:26<00:10, 252.52epoch-kanal/s]
Veri yükleniyor:  84%|████████▍ | 13457/15996 [01:26<00:08, 284.08epoch-kanal/s]
Veri yükleniyor:  84%|████████▍ | 13497/15996 [01:26<00:08, 309.61epoch-kanal/s]
Veri yükleniyor:  85%|████████▍ | 13537/15996 [01:26<00:07, 331.65epoch-kanal/s]
Veri yükleniyor:  85%|████████▍ | 13577/15996 [01:30<01:03, 38.16epoch-kanal/s] 
Veri yükleniyor:  85%|████████▌ | 13618/15996 [01:30<00:45, 52.76epoch-kanal/s]
Veri yükleniyor:  85%|████████▌ | 13655/15996 [01:30<00:33, 69.56epoch-kanal/s]
Veri yükleniyor:  86%|████████▌ | 13695/15996 [01:30<00:24, 92.79epoch-kanal/s]
Veri yükleniyor:  86%|████████▌ | 13730/15996 [01:30<00:20, 112.42epoch-kanal/s]
Veri yükleniyor:  86%|████████▌ | 13769/15996 [01:30<00:15, 143.53epoch-kanal/s]
Veri yükleniyor:  86%|████████▋ | 13806/15996 [01:30<00:12, 174.29epoch-kanal/s]
Veri yükleniyor:  87%|████████▋ | 13845/15996 [01:30<00:10, 209.00epoch-kanal/s]
Veri yükleniyor:  87%|████████▋ | 13884/15996 [01:30<00:08, 242.84epoch-kanal/s]
Veri yükleniyor:  87%|████████▋ | 13921/15996 [01:30<00:07, 269.37epoch-kanal/s]
Veri yükleniyor:  87%|████████▋ | 13958/15996 [01:33<00:48, 41.88epoch-kanal/s] 
Veri yükleniyor:  88%|████████▊ | 13998/15996 [01:33<00:34, 58.12epoch-kanal/s]
Veri yükleniyor:  88%|████████▊ | 14038/15996 [01:33<00:24, 78.93epoch-kanal/s]
Veri yükleniyor:  88%|████████▊ | 14079/15996 [01:33<00:18, 105.27epoch-kanal/s]
Veri yükleniyor:  88%|████████▊ | 14119/15996 [01:34<00:13, 135.41epoch-kanal/s]
Veri yükleniyor:  89%|████████▊ | 14158/15996 [01:34<00:10, 167.42epoch-kanal/s]
Veri yükleniyor:  89%|████████▉ | 14198/15996 [01:34<00:08, 202.92epoch-kanal/s]
Veri yükleniyor:  89%|████████▉ | 14239/15996 [01:34<00:07, 239.42epoch-kanal/s]
Veri yükleniyor:  89%|████████▉ | 14279/15996 [01:34<00:06, 271.70epoch-kanal/s]
Veri yükleniyor:  90%|████████▉ | 14319/15996 [01:34<00:05, 299.52epoch-kanal/s]
Veri yükleniyor:  90%|████████▉ | 14359/15996 [01:34<00:05, 319.52epoch-kanal/s]
Veri yükleniyor:  90%|█████████ | 14399/15996 [01:34<00:04, 339.54epoch-kanal/s]
Veri yükleniyor:  90%|█████████ | 14439/15996 [01:34<00:04, 354.78epoch-kanal/s]
Veri yükleniyor:  91%|█████████ | 14479/15996 [01:34<00:04, 366.92epoch-kanal/s]
Veri yükleniyor:  91%|█████████ | 14519/15996 [01:35<00:03, 370.07epoch-kanal/s]
Veri yükleniyor:  91%|█████████ | 14558/15996 [01:37<00:31, 45.39epoch-kanal/s] 
Veri yükleniyor:  91%|█████████▏| 14599/15996 [01:37<00:22, 62.36epoch-kanal/s]
Veri yükleniyor:  92%|█████████▏| 14639/15996 [01:37<00:16, 83.43epoch-kanal/s]
Veri yükleniyor:  92%|█████████▏| 14679/15996 [01:38<00:12, 105.38epoch-kanal/s]
Veri yükleniyor:  92%|█████████▏| 14719/15996 [01:38<00:09, 135.09epoch-kanal/s]
Veri yükleniyor:  92%|█████████▏| 14760/15996 [01:38<00:07, 169.45epoch-kanal/s]
Veri yükleniyor:  93%|█████████▎| 14799/15996 [01:38<00:05, 202.53epoch-kanal/s]
Veri yükleniyor:  93%|█████████▎| 14838/15996 [01:38<00:04, 235.95epoch-kanal/s]
Veri yükleniyor:  93%|█████████▎| 14878/15996 [01:38<00:04, 269.05epoch-kanal/s]
Veri yükleniyor:  93%|█████████▎| 14918/15996 [01:38<00:03, 297.88epoch-kanal/s]
Veri yükleniyor:  94%|█████████▎| 14958/15996 [01:38<00:03, 321.78epoch-kanal/s]
Veri yükleniyor:  94%|█████████▍| 14997/15996 [01:38<00:02, 338.11epoch-kanal/s]
Veri yükleniyor:  94%|█████████▍| 15037/15996 [01:38<00:02, 354.51epoch-kanal/s]
Veri yükleniyor:  94%|█████████▍| 15077/15996 [01:39<00:02, 363.46epoch-kanal/s]
Veri yükleniyor:  94%|█████████▍| 15116/15996 [01:41<00:19, 44.66epoch-kanal/s] 
Veri yükleniyor:  95%|█████████▍| 15157/15996 [01:41<00:13, 61.49epoch-kanal/s]
Veri yükleniyor:  95%|█████████▌| 15198/15996 [01:41<00:09, 82.99epoch-kanal/s]
Veri yükleniyor:  95%|█████████▌| 15238/15996 [01:42<00:06, 108.62epoch-kanal/s]
Veri yükleniyor:  95%|█████████▌| 15276/15996 [01:42<00:05, 136.70epoch-kanal/s]
Veri yükleniyor:  96%|█████████▌| 15317/15996 [01:42<00:03, 171.56epoch-kanal/s]
Veri yükleniyor:  96%|█████████▌| 15357/15996 [01:42<00:03, 206.75epoch-kanal/s]
Veri yükleniyor:  96%|█████████▌| 15396/15996 [01:42<00:02, 239.79epoch-kanal/s]
Veri yükleniyor:  96%|█████████▋| 15435/15996 [01:42<00:02, 252.71epoch-kanal/s]
Veri yükleniyor:  97%|█████████▋| 15471/15996 [01:45<00:14, 35.36epoch-kanal/s] 
Veri yükleniyor:  97%|█████████▋| 15497/15996 [01:45<00:11, 43.60epoch-kanal/s]
Veri yükleniyor:  97%|█████████▋| 15522/15996 [01:46<00:08, 53.16epoch-kanal/s]
Veri yükleniyor:  97%|█████████▋| 15545/15996 [01:46<00:07, 64.13epoch-kanal/s]
Veri yükleniyor:  97%|█████████▋| 15567/15996 [01:46<00:05, 75.86epoch-kanal/s]
Veri yükleniyor:  97%|█████████▋| 15588/15996 [01:46<00:04, 88.41epoch-kanal/s]
Veri yükleniyor:  98%|█████████▊| 15608/15996 [01:46<00:03, 102.28epoch-kanal/s]
Veri yükleniyor:  98%|█████████▊| 15628/15996 [01:46<00:03, 116.28epoch-kanal/s]
Veri yükleniyor:  98%|█████████▊| 15648/15996 [01:46<00:02, 129.94epoch-kanal/s]
Veri yükleniyor:  98%|█████████▊| 15668/15996 [01:46<00:02, 142.65epoch-kanal/s]
Veri yükleniyor:  98%|█████████▊| 15688/15996 [01:47<00:02, 153.52epoch-kanal/s]
Veri yükleniyor:  98%|█████████▊| 15708/15996 [01:47<00:01, 162.93epoch-kanal/s]
Veri yükleniyor:  98%|█████████▊| 15728/15996 [01:47<00:01, 168.17epoch-kanal/s]
Veri yükleniyor:  98%|█████████▊| 15747/15996 [01:50<00:13, 19.14epoch-kanal/s] 
Veri yükleniyor:  99%|█████████▊| 15761/15996 [01:50<00:09, 23.67epoch-kanal/s]
Veri yükleniyor:  99%|█████████▊| 15781/15996 [01:50<00:06, 32.91epoch-kanal/s]
Veri yükleniyor:  99%|█████████▉| 15797/15996 [01:50<00:04, 41.69epoch-kanal/s]
Veri yükleniyor:  99%|█████████▉| 15813/15996 [01:50<00:03, 52.29epoch-kanal/s]
Veri yükleniyor:  99%|█████████▉| 15830/15996 [01:50<00:02, 65.65epoch-kanal/s]
Veri yükleniyor:  99%|█████████▉| 15846/15996 [01:51<00:01, 78.31epoch-kanal/s]
Veri yükleniyor:  99%|█████████▉| 15863/15996 [01:51<00:01, 93.26epoch-kanal/s]
Veri yükleniyor:  99%|█████████▉| 15882/15996 [01:51<00:01, 111.41epoch-kanal/s]
Veri yükleniyor:  99%|█████████▉| 15900/15996 [01:51<00:00, 125.41epoch-kanal/s]
Veri yükleniyor: 100%|█████████▉| 15918/15996 [01:51<00:00, 137.55epoch-kanal/s]
Veri yükleniyor: 100%|█████████▉| 15937/15996 [01:51<00:00, 149.89epoch-kanal/s]
Veri yükleniyor: 100%|█████████▉| 15956/15996 [01:51<00:00, 159.20epoch-kanal/s]
Veri yükleniyor: 100%|█████████▉| 15975/15996 [01:51<00:00, 165.47epoch-kanal/s]
Veri yükleniyor: 100%|█████████▉| 15994/15996 [01:51<00:00, 171.40epoch-kanal/s]
Veri yükleniyor: 100%|██████████| 15996/15996 [01:51<00:00, 142.93epoch-kanal/s]

======================================================================
✓ RAM CACHE HAZIR!
======================================================================
Cache'deki veri sayısı: 15,996
Toplam bellek kullanımı: 0.18 GB
======================================================================

✓ Dataset oluşturuldu: 3999 epoch, 4 hasta
test_dataset bitti
train_loader bitti
val_loader bitti
test_loader bitti
✓ DataLoader'lar hazır!
  Train: 872 batch
  Val:   148 batch
  Test:  125 batch
======================================================================


======================================================================
1D-CNN MODEL
======================================================================
Architecture:
  Input: [4, 3000]
  Conv1: 32 filters, kernel=50
  Conv2: 64 filters, kernel=25
  Conv3: 128 filters, kernel=10
  Flatten: 6016 features
  FC1: 256 units
  FC2 (output): 5 classes

Parameters:
  Total: 1,681,381
  Trainable: 1,681,381
======================================================================


======================================================================
MODEL NETRON İÇİN EXPORT EDİLİYOR
======================================================================
Input shape: (1, 4, 3000)
Export path: outputs/runs/260104-1907/model_architecture.onnx
✓ Model export edildi!

Netron ile görselleştirmek için:
  1. https://netron.app/ adresine git
  2. 'outputs/runs/260104-1907/model_architecture.onnx' dosyasını yükle
  VEYA
  1. pip install netron
  2. netron outputs/runs/260104-1907/model_architecture.onnx
======================================================================


======================================================================
BALANCED DATASET KULLANILIYOR - CLASS WEIGHTS YOK
======================================================================


======================================================================
TRAINING BAŞLIYOR
======================================================================
Epochs: 50
Batch size: 32
Learning rate: 0.001
Device: cuda
======================================================================


Epoch [1/50]
----------------------------------------------------------------------
  Batch [10/872] Loss: 1.4381 | Acc: 45.62%
  Batch [20/872] Loss: 1.4204 | Acc: 46.09%
  Batch [30/872] Loss: 1.4074 | Acc: 45.42%
  Batch [40/872] Loss: 1.3904 | Acc: 46.02%
  Batch [50/872] Loss: 1.3768 | Acc: 45.69%
  Batch [60/872] Loss: 1.3511 | Acc: 46.35%
  Batch [70/872] Loss: 1.3231 | Acc: 47.41%
  Batch [80/872] Loss: 1.2990 | Acc: 48.16%
  Batch [90/872] Loss: 1.2787 | Acc: 48.58%
  Batch [100/872] Loss: 1.2524 | Acc: 49.47%
  Batch [110/872] Loss: 1.2305 | Acc: 50.06%
  Batch [120/872] Loss: 1.2168 | Acc: 50.47%
  Batch [130/872] Loss: 1.2090 | Acc: 50.46%
  Batch [140/872] Loss: 1.1931 | Acc: 51.05%
  Batch [150/872] Loss: 1.1821 | Acc: 51.62%
  Batch [160/872] Loss: 1.1608 | Acc: 52.64%
  Batch [170/872] Loss: 1.1448 | Acc: 53.29%
  Batch [180/872] Loss: 1.1331 | Acc: 53.75%
  Batch [190/872] Loss: 1.1170 | Acc: 54.52%
  Batch [200/872] Loss: 1.1029 | Acc: 55.09%
  Batch [210/872] Loss: 1.0918 | Acc: 55.77%
  Batch [220/872] Loss: 1.0798 | Acc: 56.36%
  Batch [230/872] Loss: 1.0709 | Acc: 56.74%
  Batch [240/872] Loss: 1.0592 | Acc: 57.33%
  Batch [250/872] Loss: 1.0457 | Acc: 57.79%
  Batch [260/872] Loss: 1.0324 | Acc: 58.37%
  Batch [270/872] Loss: 1.0244 | Acc: 58.78%
  Batch [280/872] Loss: 1.0172 | Acc: 59.22%
  Batch [290/872] Loss: 1.0082 | Acc: 59.63%
  Batch [300/872] Loss: 0.9997 | Acc: 60.02%
  Batch [310/872] Loss: 0.9923 | Acc: 60.26%
  Batch [320/872] Loss: 0.9823 | Acc: 60.70%
  Batch [330/872] Loss: 0.9740 | Acc: 61.07%
  Batch [340/872] Loss: 0.9657 | Acc: 61.44%
  Batch [350/872] Loss: 0.9600 | Acc: 61.73%
  Batch [360/872] Loss: 0.9538 | Acc: 62.01%
  Batch [370/872] Loss: 0.9472 | Acc: 62.27%
  Batch [380/872] Loss: 0.9420 | Acc: 62.53%
  Batch [390/872] Loss: 0.9356 | Acc: 62.79%
  Batch [400/872] Loss: 0.9285 | Acc: 63.13%
  Batch [410/872] Loss: 0.9219 | Acc: 63.44%
  Batch [420/872] Loss: 0.9169 | Acc: 63.72%
  Batch [430/872] Loss: 0.9130 | Acc: 63.97%
  Batch [440/872] Loss: 0.9071 | Acc: 64.25%
  Batch [450/872] Loss: 0.9013 | Acc: 64.44%
  Batch [460/872] Loss: 0.8932 | Acc: 64.81%
  Batch [470/872] Loss: 0.8887 | Acc: 65.01%
  Batch [480/872] Loss: 0.8824 | Acc: 65.31%
  Batch [490/872] Loss: 0.8799 | Acc: 65.40%
  Batch [500/872] Loss: 0.8756 | Acc: 65.55%
  Batch [510/872] Loss: 0.8728 | Acc: 65.74%
  Batch [520/872] Loss: 0.8692 | Acc: 65.99%
  Batch [530/872] Loss: 0.8661 | Acc: 66.17%
  Batch [540/872] Loss: 0.8603 | Acc: 66.42%
  Batch [550/872] Loss: 0.8561 | Acc: 66.56%
  Batch [560/872] Loss: 0.8514 | Acc: 66.77%
  Batch [570/872] Loss: 0.8477 | Acc: 66.96%
  Batch [580/872] Loss: 0.8435 | Acc: 67.11%
  Batch [590/872] Loss: 0.8409 | Acc: 67.24%
  Batch [600/872] Loss: 0.8371 | Acc: 67.42%
  Batch [610/872] Loss: 0.8346 | Acc: 67.54%
  Batch [620/872] Loss: 0.8319 | Acc: 67.66%
  Batch [630/872] Loss: 0.8288 | Acc: 67.78%
  Batch [640/872] Loss: 0.8261 | Acc: 67.91%
  Batch [650/872] Loss: 0.8253 | Acc: 67.93%
  Batch [660/872] Loss: 0.8207 | Acc: 68.15%
  Batch [670/872] Loss: 0.8171 | Acc: 68.27%
  Batch [680/872] Loss: 0.8140 | Acc: 68.42%
  Batch [690/872] Loss: 0.8121 | Acc: 68.51%
  Batch [700/872] Loss: 0.8090 | Acc: 68.63%
  Batch [710/872] Loss: 0.8061 | Acc: 68.79%
  Batch [720/872] Loss: 0.8034 | Acc: 68.92%
  Batch [730/872] Loss: 0.8003 | Acc: 69.06%
  Batch [740/872] Loss: 0.7982 | Acc: 69.15%
  Batch [750/872] Loss: 0.7962 | Acc: 69.26%
  Batch [760/872] Loss: 0.7940 | Acc: 69.34%
  Batch [770/872] Loss: 0.7897 | Acc: 69.51%
  Batch [780/872] Loss: 0.7874 | Acc: 69.60%
  Batch [790/872] Loss: 0.7837 | Acc: 69.76%
  Batch [800/872] Loss: 0.7806 | Acc: 69.88%
  Batch [810/872] Loss: 0.7793 | Acc: 69.97%
  Batch [820/872] Loss: 0.7767 | Acc: 70.10%
  Batch [830/872] Loss: 0.7749 | Acc: 70.17%
  Batch [840/872] Loss: 0.7725 | Acc: 70.25%
  Batch [850/872] Loss: 0.7702 | Acc: 70.36%
  Batch [860/872] Loss: 0.7683 | Acc: 70.45%
  Batch [870/872] Loss: 0.7674 | Acc: 70.50%

======================================================================
Epoch 1 Summary:
  Train Loss: 0.7667 | Train Acc: 70.52%
  Val Loss:   0.5890 | Val Acc:   76.32%
  Learning Rate: 0.001000
  Time: 11.4s
  ✓ Best model! (Val Loss: 0.5890, Val Acc: 76.32%)
======================================================================

Epoch [2/50]
----------------------------------------------------------------------
  Batch [10/872] Loss: 0.5826 | Acc: 79.69%
  Batch [20/872] Loss: 0.5437 | Acc: 80.62%
  Batch [30/872] Loss: 0.5492 | Acc: 80.21%
  Batch [40/872] Loss: 0.5482 | Acc: 80.31%
  Batch [50/872] Loss: 0.5584 | Acc: 79.88%
  Batch [60/872] Loss: 0.5732 | Acc: 79.38%
  Batch [70/872] Loss: 0.5732 | Acc: 79.11%
  Batch [80/872] Loss: 0.5877 | Acc: 78.36%
  Batch [90/872] Loss: 0.5898 | Acc: 78.40%
  Batch [100/872] Loss: 0.5906 | Acc: 78.41%
  Batch [110/872] Loss: 0.5860 | Acc: 78.55%
  Batch [120/872] Loss: 0.5805 | Acc: 78.78%
  Batch [130/872] Loss: 0.5776 | Acc: 78.87%
  Batch [140/872] Loss: 0.5737 | Acc: 79.04%
  Batch [150/872] Loss: 0.5797 | Acc: 78.71%
  Batch [160/872] Loss: 0.5810 | Acc: 78.48%
  Batch [170/872] Loss: 0.5778 | Acc: 78.55%
  Batch [180/872] Loss: 0.5746 | Acc: 78.59%
  Batch [190/872] Loss: 0.5747 | Acc: 78.52%
  Batch [200/872] Loss: 0.5749 | Acc: 78.59%
  Batch [210/872] Loss: 0.5758 | Acc: 78.59%
  Batch [220/872] Loss: 0.5746 | Acc: 78.68%
  Batch [230/872] Loss: 0.5781 | Acc: 78.56%
  Batch [240/872] Loss: 0.5818 | Acc: 78.35%
  Batch [250/872] Loss: 0.5827 | Acc: 78.35%
  Batch [260/872] Loss: 0.5828 | Acc: 78.31%
  Batch [270/872] Loss: 0.5822 | Acc: 78.32%
  Batch [280/872] Loss: 0.5870 | Acc: 78.17%
  Batch [290/872] Loss: 0.5862 | Acc: 78.16%
  Batch [300/872] Loss: 0.5848 | Acc: 78.23%
  Batch [310/872] Loss: 0.5871 | Acc: 78.17%
  Batch [320/872] Loss: 0.5851 | Acc: 78.25%
  Batch [330/872] Loss: 0.5834 | Acc: 78.33%
  Batch [340/872] Loss: 0.5827 | Acc: 78.38%
  Batch [350/872] Loss: 0.5830 | Acc: 78.39%
  Batch [360/872] Loss: 0.5815 | Acc: 78.45%
  Batch [370/872] Loss: 0.5796 | Acc: 78.49%
  Batch [380/872] Loss: 0.5794 | Acc: 78.51%
  Batch [390/872] Loss: 0.5807 | Acc: 78.52%
  Batch [400/872] Loss: 0.5824 | Acc: 78.41%
  Batch [410/872] Loss: 0.5834 | Acc: 78.35%
  Batch [420/872] Loss: 0.5835 | Acc: 78.36%
  Batch [430/872] Loss: 0.5829 | Acc: 78.39%
  Batch [440/872] Loss: 0.5827 | Acc: 78.42%
  Batch [450/872] Loss: 0.5815 | Acc: 78.44%
  Batch [460/872] Loss: 0.5807 | Acc: 78.44%
  Batch [470/872] Loss: 0.5811 | Acc: 78.47%
  Batch [480/872] Loss: 0.5813 | Acc: 78.51%
  Batch [490/872] Loss: 0.5799 | Acc: 78.54%
  Batch [500/872] Loss: 0.5784 | Acc: 78.59%
  Batch [510/872] Loss: 0.5768 | Acc: 78.69%
  Batch [520/872] Loss: 0.5766 | Acc: 78.70%
  Batch [530/872] Loss: 0.5766 | Acc: 78.66%
  Batch [540/872] Loss: 0.5779 | Acc: 78.58%
  Batch [550/872] Loss: 0.5780 | Acc: 78.59%
  Batch [560/872] Loss: 0.5772 | Acc: 78.61%
  Batch [570/872] Loss: 0.5777 | Acc: 78.64%
  Batch [580/872] Loss: 0.5775 | Acc: 78.67%
  Batch [590/872] Loss: 0.5773 | Acc: 78.68%
  Batch [600/872] Loss: 0.5770 | Acc: 78.67%
  Batch [610/872] Loss: 0.5753 | Acc: 78.73%
  Batch [620/872] Loss: 0.5744 | Acc: 78.72%
  Batch [630/872] Loss: 0.5748 | Acc: 78.71%
  Batch [640/872] Loss: 0.5750 | Acc: 78.70%
  Batch [650/872] Loss: 0.5732 | Acc: 78.77%
  Batch [660/872] Loss: 0.5734 | Acc: 78.77%
  Batch [670/872] Loss: 0.5725 | Acc: 78.82%
  Batch [680/872] Loss: 0.5717 | Acc: 78.85%
  Batch [690/872] Loss: 0.5709 | Acc: 78.89%
  Batch [700/872] Loss: 0.5713 | Acc: 78.88%
  Batch [710/872] Loss: 0.5702 | Acc: 78.93%
  Batch [720/872] Loss: 0.5690 | Acc: 78.98%
  Batch [730/872] Loss: 0.5695 | Acc: 78.95%
  Batch [740/872] Loss: 0.5681 | Acc: 78.99%
  Batch [750/872] Loss: 0.5674 | Acc: 79.04%
  Batch [760/872] Loss: 0.5677 | Acc: 79.07%
  Batch [770/872] Loss: 0.5674 | Acc: 79.09%
  Batch [780/872] Loss: 0.5662 | Acc: 79.15%
  Batch [790/872] Loss: 0.5657 | Acc: 79.19%
  Batch [800/872] Loss: 0.5656 | Acc: 79.18%
  Batch [810/872] Loss: 0.5637 | Acc: 79.24%
  Batch [820/872] Loss: 0.5635 | Acc: 79.25%
  Batch [830/872] Loss: 0.5639 | Acc: 79.24%
  Batch [840/872] Loss: 0.5639 | Acc: 79.24%
  Batch [850/872] Loss: 0.5627 | Acc: 79.30%
  Batch [860/872] Loss: 0.5617 | Acc: 79.34%
  Batch [870/872] Loss: 0.5618 | Acc: 79.33%

======================================================================
Epoch 2 Summary:
  Train Loss: 0.5621 | Train Acc: 79.33%
  Val Loss:   0.6286 | Val Acc:   75.25%
  Learning Rate: 0.001000
  Time: 11.4s
======================================================================

Epoch [3/50]
----------------------------------------------------------------------
  Batch [10/872] Loss: 0.5238 | Acc: 78.75%
  Batch [20/872] Loss: 0.5008 | Acc: 80.16%
  Batch [30/872] Loss: 0.4827 | Acc: 81.35%
  Batch [40/872] Loss: 0.4956 | Acc: 81.17%
  Batch [50/872] Loss: 0.4935 | Acc: 81.44%
  Batch [60/872] Loss: 0.5006 | Acc: 81.41%
  Batch [70/872] Loss: 0.5000 | Acc: 81.74%
  Batch [80/872] Loss: 0.5035 | Acc: 81.41%
  Batch [90/872] Loss: 0.5062 | Acc: 81.08%
  Batch [100/872] Loss: 0.5113 | Acc: 80.91%
  Batch [110/872] Loss: 0.5073 | Acc: 80.99%
  Batch [120/872] Loss: 0.5024 | Acc: 81.20%
  Batch [130/872] Loss: 0.5005 | Acc: 81.32%
  Batch [140/872] Loss: 0.5030 | Acc: 81.21%
  Batch [150/872] Loss: 0.4993 | Acc: 81.46%
  Batch [160/872] Loss: 0.5034 | Acc: 81.25%
  Batch [170/872] Loss: 0.5050 | Acc: 81.18%
  Batch [180/872] Loss: 0.5025 | Acc: 81.11%
  Batch [190/872] Loss: 0.5037 | Acc: 81.04%
  Batch [200/872] Loss: 0.5086 | Acc: 80.92%
  Batch [210/872] Loss: 0.5097 | Acc: 80.94%
  Batch [220/872] Loss: 0.5145 | Acc: 80.75%
  Batch [230/872] Loss: 0.5120 | Acc: 80.86%
  Batch [240/872] Loss: 0.5105 | Acc: 80.82%
  Batch [250/872] Loss: 0.5156 | Acc: 80.66%
  Batch [260/872] Loss: 0.5180 | Acc: 80.52%
  Batch [270/872] Loss: 0.5224 | Acc: 80.34%
  Batch [280/872] Loss: 0.5235 | Acc: 80.28%
  Batch [290/872] Loss: 0.5247 | Acc: 80.29%
  Batch [300/872] Loss: 0.5228 | Acc: 80.42%
  Batch [310/872] Loss: 0.5218 | Acc: 80.43%
  Batch [320/872] Loss: 0.5229 | Acc: 80.33%
  Batch [330/872] Loss: 0.5217 | Acc: 80.36%
  Batch [340/872] Loss: 0.5207 | Acc: 80.34%
  Batch [350/872] Loss: 0.5205 | Acc: 80.38%
  Batch [360/872] Loss: 0.5197 | Acc: 80.46%
  Batch [370/872] Loss: 0.5214 | Acc: 80.43%
  Batch [380/872] Loss: 0.5231 | Acc: 80.42%
  Batch [390/872] Loss: 0.5244 | Acc: 80.35%
  Batch [400/872] Loss: 0.5229 | Acc: 80.45%
  Batch [410/872] Loss: 0.5229 | Acc: 80.46%
  Batch [420/872] Loss: 0.5239 | Acc: 80.39%
  Batch [430/872] Loss: 0.5251 | Acc: 80.31%
  Batch [440/872] Loss: 0.5242 | Acc: 80.35%
  Batch [450/872] Loss: 0.5246 | Acc: 80.35%
  Batch [460/872] Loss: 0.5236 | Acc: 80.43%
  Batch [470/872] Loss: 0.5229 | Acc: 80.44%
  Batch [480/872] Loss: 0.5227 | Acc: 80.44%
  Batch [490/872] Loss: 0.5210 | Acc: 80.49%
  Batch [500/872] Loss: 0.5204 | Acc: 80.46%
  Batch [510/872] Loss: 0.5195 | Acc: 80.50%
  Batch [520/872] Loss: 0.5196 | Acc: 80.49%
  Batch [530/872] Loss: 0.5200 | Acc: 80.45%
  Batch [540/872] Loss: 0.5200 | Acc: 80.50%
  Batch [550/872] Loss: 0.5211 | Acc: 80.46%
  Batch [560/872] Loss: 0.5206 | Acc: 80.50%
  Batch [570/872] Loss: 0.5213 | Acc: 80.53%
  Batch [580/872] Loss: 0.5192 | Acc: 80.62%
  Batch [590/872] Loss: 0.5193 | Acc: 80.63%
  Batch [600/872] Loss: 0.5193 | Acc: 80.64%
  Batch [610/872] Loss: 0.5190 | Acc: 80.61%
  Batch [620/872] Loss: 0.5201 | Acc: 80.57%
  Batch [630/872] Loss: 0.5195 | Acc: 80.60%
  Batch [640/872] Loss: 0.5180 | Acc: 80.66%
  Batch [650/872] Loss: 0.5172 | Acc: 80.65%
  Batch [660/872] Loss: 0.5174 | Acc: 80.67%
  Batch [670/872] Loss: 0.5171 | Acc: 80.69%
  Batch [680/872] Loss: 0.5157 | Acc: 80.73%
  Batch [690/872] Loss: 0.5165 | Acc: 80.71%
  Batch [700/872] Loss: 0.5163 | Acc: 80.72%
  Batch [710/872] Loss: 0.5168 | Acc: 80.69%
  Batch [720/872] Loss: 0.5173 | Acc: 80.69%
  Batch [730/872] Loss: 0.5178 | Acc: 80.68%
  Batch [740/872] Loss: 0.5178 | Acc: 80.65%
  Batch [750/872] Loss: 0.5169 | Acc: 80.70%
  Batch [760/872] Loss: 0.5163 | Acc: 80.74%
  Batch [770/872] Loss: 0.5174 | Acc: 80.67%
  Batch [780/872] Loss: 0.5171 | Acc: 80.68%
  Batch [790/872] Loss: 0.5167 | Acc: 80.70%
  Batch [800/872] Loss: 0.5162 | Acc: 80.71%
  Batch [810/872] Loss: 0.5161 | Acc: 80.72%
  Batch [820/872] Loss: 0.5168 | Acc: 80.72%
  Batch [830/872] Loss: 0.5165 | Acc: 80.73%
  Batch [840/872] Loss: 0.5173 | Acc: 80.71%
  Batch [850/872] Loss: 0.5176 | Acc: 80.71%
  Batch [860/872] Loss: 0.5176 | Acc: 80.70%
  Batch [870/872] Loss: 0.5176 | Acc: 80.70%

======================================================================
Epoch 3 Summary:
  Train Loss: 0.5178 | Train Acc: 80.70%
  Val Loss:   0.5587 | Val Acc:   77.80%
  Learning Rate: 0.001000
  Time: 11.4s
  ✓ Best model! (Val Loss: 0.5587, Val Acc: 77.80%)
======================================================================

Epoch [4/50]
----------------------------------------------------------------------
  Batch [10/872] Loss: 0.5674 | Acc: 78.12%
  Batch [20/872] Loss: 0.5598 | Acc: 78.75%
  Batch [30/872] Loss: 0.5596 | Acc: 78.85%
  Batch [40/872] Loss: 0.5291 | Acc: 80.00%
  Batch [50/872] Loss: 0.5203 | Acc: 80.00%
  Batch [60/872] Loss: 0.5111 | Acc: 80.26%
  Batch [70/872] Loss: 0.5064 | Acc: 80.36%
  Batch [80/872] Loss: 0.5031 | Acc: 80.47%
  Batch [90/872] Loss: 0.4988 | Acc: 80.45%
  Batch [100/872] Loss: 0.4954 | Acc: 80.72%
  Batch [110/872] Loss: 0.5004 | Acc: 80.77%
  Batch [120/872] Loss: 0.4972 | Acc: 80.96%
  Batch [130/872] Loss: 0.4979 | Acc: 81.01%
  Batch [140/872] Loss: 0.4968 | Acc: 80.98%
  Batch [150/872] Loss: 0.4935 | Acc: 81.08%
  Batch [160/872] Loss: 0.4881 | Acc: 81.27%
  Batch [170/872] Loss: 0.4880 | Acc: 81.32%
  Batch [180/872] Loss: 0.4852 | Acc: 81.42%
  Batch [190/872] Loss: 0.4869 | Acc: 81.37%
  Batch [200/872] Loss: 0.4887 | Acc: 81.38%
  Batch [210/872] Loss: 0.4893 | Acc: 81.31%
  Batch [220/872] Loss: 0.4887 | Acc: 81.32%
  Batch [230/872] Loss: 0.4889 | Acc: 81.29%
  Batch [240/872] Loss: 0.4901 | Acc: 81.24%
  Batch [250/872] Loss: 0.4882 | Acc: 81.41%
  Batch [260/872] Loss: 0.4846 | Acc: 81.56%
  Batch [270/872] Loss: 0.4796 | Acc: 81.79%
  Batch [280/872] Loss: 0.4820 | Acc: 81.71%
  Batch [290/872] Loss: 0.4841 | Acc: 81.67%
  Batch [300/872] Loss: 0.4854 | Acc: 81.64%
  Batch [310/872] Loss: 0.4861 | Acc: 81.60%
  Batch [320/872] Loss: 0.4867 | Acc: 81.57%
  Batch [330/872] Loss: 0.4848 | Acc: 81.60%
  Batch [340/872] Loss: 0.4860 | Acc: 81.56%
  Batch [350/872] Loss: 0.4867 | Acc: 81.54%
  Batch [360/872] Loss: 0.4848 | Acc: 81.61%
  Batch [370/872] Loss: 0.4863 | Acc: 81.53%
  Batch [380/872] Loss: 0.4868 | Acc: 81.50%
  Batch [390/872] Loss: 0.4872 | Acc: 81.47%
  Batch [400/872] Loss: 0.4868 | Acc: 81.48%
  Batch [410/872] Loss: 0.4864 | Acc: 81.53%
  Batch [420/872] Loss: 0.4864 | Acc: 81.47%
  Batch [430/872] Loss: 0.4850 | Acc: 81.53%
  Batch [440/872] Loss: 0.4822 | Acc: 81.62%
  Batch [450/872] Loss: 0.4812 | Acc: 81.67%
  Batch [460/872] Loss: 0.4817 | Acc: 81.64%
  Batch [470/872] Loss: 0.4817 | Acc: 81.70%
  Batch [480/872] Loss: 0.4799 | Acc: 81.73%
  Batch [490/872] Loss: 0.4793 | Acc: 81.75%
  Batch [500/872] Loss: 0.4802 | Acc: 81.74%
  Batch [510/872] Loss: 0.4812 | Acc: 81.72%
  Batch [520/872] Loss: 0.4809 | Acc: 81.75%
  Batch [530/872] Loss: 0.4800 | Acc: 81.79%
  Batch [540/872] Loss: 0.4813 | Acc: 81.78%
  Batch [550/872] Loss: 0.4829 | Acc: 81.74%
  Batch [560/872] Loss: 0.4843 | Acc: 81.67%
  Batch [570/872] Loss: 0.4844 | Acc: 81.68%
  Batch [580/872] Loss: 0.4849 | Acc: 81.69%
  Batch [590/872] Loss: 0.4843 | Acc: 81.71%
  Batch [600/872] Loss: 0.4847 | Acc: 81.68%
  Batch [610/872] Loss: 0.4852 | Acc: 81.71%
  Batch [620/872] Loss: 0.4862 | Acc: 81.63%
  Batch [630/872] Loss: 0.4854 | Acc: 81.64%
  Batch [640/872] Loss: 0.4859 | Acc: 81.64%
  Batch [650/872] Loss: 0.4860 | Acc: 81.63%
  Batch [660/872] Loss: 0.4858 | Acc: 81.64%
  Batch [670/872] Loss: 0.4859 | Acc: 81.64%
  Batch [680/872] Loss: 0.4877 | Acc: 81.54%
  Batch [690/872] Loss: 0.4874 | Acc: 81.58%
  Batch [700/872] Loss: 0.4872 | Acc: 81.59%
  Batch [710/872] Loss: 0.4870 | Acc: 81.60%
  Batch [720/872] Loss: 0.4865 | Acc: 81.68%
  Batch [730/872] Loss: 0.4854 | Acc: 81.73%
  Batch [740/872] Loss: 0.4851 | Acc: 81.73%
  Batch [750/872] Loss: 0.4849 | Acc: 81.76%
  Batch [760/872] Loss: 0.4849 | Acc: 81.75%
  Batch [770/872] Loss: 0.4861 | Acc: 81.70%
  Batch [780/872] Loss: 0.4865 | Acc: 81.69%
  Batch [790/872] Loss: 0.4873 | Acc: 81.66%
  Batch [800/872] Loss: 0.4881 | Acc: 81.62%
  Batch [810/872] Loss: 0.4886 | Acc: 81.62%
  Batch [820/872] Loss: 0.4891 | Acc: 81.61%
  Batch [830/872] Loss: 0.4889 | Acc: 81.61%
  Batch [840/872] Loss: 0.4890 | Acc: 81.60%
  Batch [850/872] Loss: 0.4896 | Acc: 81.57%
  Batch [860/872] Loss: 0.4898 | Acc: 81.54%
  Batch [870/872] Loss: 0.4896 | Acc: 81.57%

======================================================================
Epoch 4 Summary:
  Train Loss: 0.4898 | Train Acc: 81.56%
  Val Loss:   0.6872 | Val Acc:   75.13%
  Learning Rate: 0.001000
  Time: 11.4s
======================================================================

Epoch [5/50]
----------------------------------------------------------------------
  Batch [10/872] Loss: 0.4052 | Acc: 82.50%
  Batch [20/872] Loss: 0.4229 | Acc: 82.34%
  Batch [30/872] Loss: 0.4621 | Acc: 81.04%
  Batch [40/872] Loss: 0.4528 | Acc: 81.33%
  Batch [50/872] Loss: 0.4566 | Acc: 81.69%
  Batch [60/872] Loss: 0.4632 | Acc: 81.67%
  Batch [70/872] Loss: 0.4567 | Acc: 81.92%
  Batch [80/872] Loss: 0.4616 | Acc: 81.95%
  Batch [90/872] Loss: 0.4642 | Acc: 82.08%
  Batch [100/872] Loss: 0.4707 | Acc: 81.66%
  Batch [110/872] Loss: 0.4659 | Acc: 81.76%
  Batch [120/872] Loss: 0.4679 | Acc: 81.80%
  Batch [130/872] Loss: 0.4661 | Acc: 81.78%
  Batch [140/872] Loss: 0.4710 | Acc: 81.54%
  Batch [150/872] Loss: 0.4756 | Acc: 81.31%
  Batch [160/872] Loss: 0.4758 | Acc: 81.37%
  Batch [170/872] Loss: 0.4786 | Acc: 81.32%
  Batch [180/872] Loss: 0.4778 | Acc: 81.49%
  Batch [190/872] Loss: 0.4742 | Acc: 81.53%
  Batch [200/872] Loss: 0.4714 | Acc: 81.66%
  Batch [210/872] Loss: 0.4723 | Acc: 81.73%
  Batch [220/872] Loss: 0.4721 | Acc: 81.80%
  Batch [230/872] Loss: 0.4703 | Acc: 82.01%
  Batch [240/872] Loss: 0.4699 | Acc: 82.02%
  Batch [250/872] Loss: 0.4692 | Acc: 82.08%
  Batch [260/872] Loss: 0.4694 | Acc: 82.06%
  Batch [270/872] Loss: 0.4683 | Acc: 82.06%
  Batch [280/872] Loss: 0.4689 | Acc: 82.04%
  Batch [290/872] Loss: 0.4697 | Acc: 82.00%
  Batch [300/872] Loss: 0.4737 | Acc: 81.81%
  Batch [310/872] Loss: 0.4765 | Acc: 81.70%
  Batch [320/872] Loss: 0.4740 | Acc: 81.83%
  Batch [330/872] Loss: 0.4747 | Acc: 81.77%
  Batch [340/872] Loss: 0.4746 | Acc: 81.79%
  Batch [350/872] Loss: 0.4740 | Acc: 81.85%
  Batch [360/872] Loss: 0.4724 | Acc: 81.94%
  Batch [370/872] Loss: 0.4729 | Acc: 81.89%
  Batch [380/872] Loss: 0.4733 | Acc: 81.90%
  Batch [390/872] Loss: 0.4714 | Acc: 81.88%
  Batch [400/872] Loss: 0.4713 | Acc: 81.93%
  Batch [410/872] Loss: 0.4714 | Acc: 81.90%
  Batch [420/872] Loss: 0.4707 | Acc: 82.01%
  Batch [430/872] Loss: 0.4713 | Acc: 82.03%
  Batch [440/872] Loss: 0.4710 | Acc: 82.07%
  Batch [450/872] Loss: 0.4723 | Acc: 82.01%
  Batch [460/872] Loss: 0.4724 | Acc: 81.99%
  Batch [470/872] Loss: 0.4717 | Acc: 82.01%
  Batch [480/872] Loss: 0.4720 | Acc: 82.00%
  Batch [490/872] Loss: 0.4711 | Acc: 82.01%
  Batch [500/872] Loss: 0.4710 | Acc: 82.08%
  Batch [510/872] Loss: 0.4705 | Acc: 82.09%
  Batch [520/872] Loss: 0.4702 | Acc: 82.13%
  Batch [530/872] Loss: 0.4702 | Acc: 82.15%
  Batch [540/872] Loss: 0.4708 | Acc: 82.16%
  Batch [550/872] Loss: 0.4704 | Acc: 82.15%
  Batch [560/872] Loss: 0.4693 | Acc: 82.15%
  Batch [570/872] Loss: 0.4696 | Acc: 82.14%
  Batch [580/872] Loss: 0.4698 | Acc: 82.11%
  Batch [590/872] Loss: 0.4687 | Acc: 82.13%
  Batch [600/872] Loss: 0.4683 | Acc: 82.16%
  Batch [610/872] Loss: 0.4672 | Acc: 82.18%
  Batch [620/872] Loss: 0.4674 | Acc: 82.21%
  Batch [630/872] Loss: 0.4668 | Acc: 82.24%
  Batch [640/872] Loss: 0.4670 | Acc: 82.26%
  Batch [650/872] Loss: 0.4669 | Acc: 82.26%
  Batch [660/872] Loss: 0.4667 | Acc: 82.31%
  Batch [670/872] Loss: 0.4669 | Acc: 82.34%
  Batch [680/872] Loss: 0.4664 | Acc: 82.37%
  Batch [690/872] Loss: 0.4654 | Acc: 82.47%
  Batch [700/872] Loss: 0.4665 | Acc: 82.41%
  Batch [710/872] Loss: 0.4660 | Acc: 82.43%
  Batch [720/872] Loss: 0.4674 | Acc: 82.35%
  Batch [730/872] Loss: 0.4669 | Acc: 82.37%
  Batch [740/872] Loss: 0.4668 | Acc: 82.38%
  Batch [750/872] Loss: 0.4680 | Acc: 82.33%
  Batch [760/872] Loss: 0.4691 | Acc: 82.27%
  Batch [770/872] Loss: 0.4698 | Acc: 82.22%
  Batch [780/872] Loss: 0.4694 | Acc: 82.23%
  Batch [790/872] Loss: 0.4688 | Acc: 82.27%
  Batch [800/872] Loss: 0.4698 | Acc: 82.25%
  Batch [810/872] Loss: 0.4705 | Acc: 82.16%
  Batch [820/872] Loss: 0.4706 | Acc: 82.18%
  Batch [830/872] Loss: 0.4705 | Acc: 82.20%
  Batch [840/872] Loss: 0.4707 | Acc: 82.19%
  Batch [850/872] Loss: 0.4710 | Acc: 82.18%
  Batch [860/872] Loss: 0.4709 | Acc: 82.17%
  Batch [870/872] Loss: 0.4715 | Acc: 82.14%

======================================================================
Epoch 5 Summary:
  Train Loss: 0.4718 | Train Acc: 82.12%
  Val Loss:   0.5562 | Val Acc:   77.89%
  Learning Rate: 0.001000
  Time: 11.4s
  ✓ Best model! (Val Loss: 0.5562, Val Acc: 77.89%)
======================================================================

Epoch [6/50]
----------------------------------------------------------------------
  Batch [10/872] Loss: 0.4904 | Acc: 84.38%
  Batch [20/872] Loss: 0.4821 | Acc: 83.12%
  Batch [30/872] Loss: 0.4637 | Acc: 82.81%
  Batch [40/872] Loss: 0.4456 | Acc: 83.44%
  Batch [50/872] Loss: 0.4316 | Acc: 83.81%
  Batch [60/872] Loss: 0.4371 | Acc: 83.80%
  Batch [70/872] Loss: 0.4357 | Acc: 83.21%
  Batch [80/872] Loss: 0.4348 | Acc: 83.01%
  Batch [90/872] Loss: 0.4413 | Acc: 82.81%
  Batch [100/872] Loss: 0.4379 | Acc: 82.84%
  Batch [110/872] Loss: 0.4426 | Acc: 82.87%
  Batch [120/872] Loss: 0.4469 | Acc: 82.68%
  Batch [130/872] Loss: 0.4446 | Acc: 82.88%
  Batch [140/872] Loss: 0.4426 | Acc: 82.97%
  Batch [150/872] Loss: 0.4418 | Acc: 82.88%
  Batch [160/872] Loss: 0.4359 | Acc: 83.18%
  Batch [170/872] Loss: 0.4331 | Acc: 83.07%
  Batch [180/872] Loss: 0.4356 | Acc: 82.97%
  Batch [190/872] Loss: 0.4378 | Acc: 82.75%
  Batch [200/872] Loss: 0.4356 | Acc: 82.78%
  Batch [210/872] Loss: 0.4378 | Acc: 82.59%
  Batch [220/872] Loss: 0.4408 | Acc: 82.50%
  Batch [230/872] Loss: 0.4402 | Acc: 82.50%
  Batch [240/872] Loss: 0.4402 | Acc: 82.63%
  Batch [250/872] Loss: 0.4422 | Acc: 82.60%
  Batch [260/872] Loss: 0.4429 | Acc: 82.54%
  Batch [270/872] Loss: 0.4433 | Acc: 82.52%
  Batch [280/872] Loss: 0.4422 | Acc: 82.67%
  Batch [290/872] Loss: 0.4422 | Acc: 82.68%
  Batch [300/872] Loss: 0.4423 | Acc: 82.77%
  Batch [310/872] Loss: 0.4427 | Acc: 82.77%
  Batch [320/872] Loss: 0.4437 | Acc: 82.73%
  Batch [330/872] Loss: 0.4444 | Acc: 82.82%
  Batch [340/872] Loss: 0.4466 | Acc: 82.79%
  Batch [350/872] Loss: 0.4476 | Acc: 82.76%
  Batch [360/872] Loss: 0.4461 | Acc: 82.80%
  Batch [370/872] Loss: 0.4477 | Acc: 82.76%
  Batch [380/872] Loss: 0.4476 | Acc: 82.76%
  Batch [390/872] Loss: 0.4470 | Acc: 82.80%
  Batch [400/872] Loss: 0.4493 | Acc: 82.68%
  Batch [410/872] Loss: 0.4488 | Acc: 82.72%
  Batch [420/872] Loss: 0.4499 | Acc: 82.71%
  Batch [430/872] Loss: 0.4489 | Acc: 82.75%
  Batch [440/872] Loss: 0.4498 | Acc: 82.71%
  Batch [450/872] Loss: 0.4489 | Acc: 82.69%
  Batch [460/872] Loss: 0.4481 | Acc: 82.71%
  Batch [470/872] Loss: 0.4485 | Acc: 82.71%
  Batch [480/872] Loss: 0.4487 | Acc: 82.75%
  Batch [490/872] Loss: 0.4484 | Acc: 82.77%
  Batch [500/872] Loss: 0.4498 | Acc: 82.70%
  Batch [510/872] Loss: 0.4498 | Acc: 82.66%
  Batch [520/872] Loss: 0.4504 | Acc: 82.65%
  Batch [530/872] Loss: 0.4507 | Acc: 82.67%
  Batch [540/872] Loss: 0.4507 | Acc: 82.67%
  Batch [550/872] Loss: 0.4500 | Acc: 82.70%
  Batch [560/872] Loss: 0.4519 | Acc: 82.66%
  Batch [570/872] Loss: 0.4512 | Acc: 82.70%
  Batch [580/872] Loss: 0.4501 | Acc: 82.79%
  Batch [590/872] Loss: 0.4495 | Acc: 82.81%
  Batch [600/872] Loss: 0.4506 | Acc: 82.76%
  Batch [610/872] Loss: 0.4509 | Acc: 82.74%
  Batch [620/872] Loss: 0.4504 | Acc: 82.78%
  Batch [630/872] Loss: 0.4511 | Acc: 82.78%
  Batch [640/872] Loss: 0.4513 | Acc: 82.75%
  Batch [650/872] Loss: 0.4509 | Acc: 82.78%
  Batch [660/872] Loss: 0.4508 | Acc: 82.77%
  Batch [670/872] Loss: 0.4523 | Acc: 82.71%
  Batch [680/872] Loss: 0.4525 | Acc: 82.71%
  Batch [690/872] Loss: 0.4518 | Acc: 82.76%
  Batch [700/872] Loss: 0.4519 | Acc: 82.76%
  Batch [710/872] Loss: 0.4525 | Acc: 82.72%
  Batch [720/872] Loss: 0.4523 | Acc: 82.75%
  Batch [730/872] Loss: 0.4523 | Acc: 82.77%
  Batch [740/872] Loss: 0.4521 | Acc: 82.77%
  Batch [750/872] Loss: 0.4525 | Acc: 82.77%
  Batch [760/872] Loss: 0.4521 | Acc: 82.78%
  Batch [770/872] Loss: 0.4524 | Acc: 82.77%
  Batch [780/872] Loss: 0.4518 | Acc: 82.78%
  Batch [790/872] Loss: 0.4515 | Acc: 82.77%
  Batch [800/872] Loss: 0.4512 | Acc: 82.79%
  Batch [810/872] Loss: 0.4516 | Acc: 82.76%
  Batch [820/872] Loss: 0.4510 | Acc: 82.77%
  Batch [830/872] Loss: 0.4503 | Acc: 82.77%
  Batch [840/872] Loss: 0.4508 | Acc: 82.75%
  Batch [850/872] Loss: 0.4518 | Acc: 82.72%
  Batch [860/872] Loss: 0.4517 | Acc: 82.71%
  Batch [870/872] Loss: 0.4515 | Acc: 82.69%

======================================================================
Epoch 6 Summary:
  Train Loss: 0.4518 | Train Acc: 82.68%
  Val Loss:   0.5899 | Val Acc:   77.25%
  Learning Rate: 0.001000
  Time: 11.5s
======================================================================

Epoch [7/50]
----------------------------------------------------------------------
  Batch [10/872] Loss: 0.5354 | Acc: 80.62%
  Batch [20/872] Loss: 0.4759 | Acc: 81.72%
  Batch [30/872] Loss: 0.5057 | Acc: 80.00%
  Batch [40/872] Loss: 0.4934 | Acc: 80.86%
  Batch [50/872] Loss: 0.4789 | Acc: 81.31%
  Batch [60/872] Loss: 0.4595 | Acc: 82.08%
  Batch [70/872] Loss: 0.4645 | Acc: 82.14%
  Batch [80/872] Loss: 0.4529 | Acc: 82.70%
  Batch [90/872] Loss: 0.4360 | Acc: 83.54%
  Batch [100/872] Loss: 0.4321 | Acc: 83.56%
  Batch [110/872] Loss: 0.4263 | Acc: 83.84%
  Batch [120/872] Loss: 0.4306 | Acc: 83.54%
  Batch [130/872] Loss: 0.4316 | Acc: 83.46%
  Batch [140/872] Loss: 0.4310 | Acc: 83.57%
  Batch [150/872] Loss: 0.4334 | Acc: 83.52%
  Batch [160/872] Loss: 0.4364 | Acc: 83.42%
  Batch [170/872] Loss: 0.4380 | Acc: 83.25%
  Batch [180/872] Loss: 0.4376 | Acc: 83.42%
  Batch [190/872] Loss: 0.4375 | Acc: 83.29%
  Batch [200/872] Loss: 0.4405 | Acc: 83.25%
  Batch [210/872] Loss: 0.4432 | Acc: 83.12%
  Batch [220/872] Loss: 0.4416 | Acc: 83.20%
  Batch [230/872] Loss: 0.4376 | Acc: 83.33%
  Batch [240/872] Loss: 0.4374 | Acc: 83.24%
  Batch [250/872] Loss: 0.4363 | Acc: 83.31%
  Batch [260/872] Loss: 0.4340 | Acc: 83.39%
  Batch [270/872] Loss: 0.4377 | Acc: 83.29%
  Batch [280/872] Loss: 0.4358 | Acc: 83.39%
  Batch [290/872] Loss: 0.4328 | Acc: 83.49%
  Batch [300/872] Loss: 0.4315 | Acc: 83.58%
  Batch [310/872] Loss: 0.4297 | Acc: 83.65%
  Batch [320/872] Loss: 0.4268 | Acc: 83.74%
  Batch [330/872] Loss: 0.4267 | Acc: 83.78%
  Batch [340/872] Loss: 0.4278 | Acc: 83.80%
  Batch [350/872] Loss: 0.4281 | Acc: 83.79%
  Batch [360/872] Loss: 0.4289 | Acc: 83.79%
  Batch [370/872] Loss: 0.4293 | Acc: 83.83%
  Batch [380/872] Loss: 0.4301 | Acc: 83.84%
  Batch [390/872] Loss: 0.4290 | Acc: 83.86%
  Batch [400/872] Loss: 0.4283 | Acc: 83.86%
  Batch [410/872] Loss: 0.4274 | Acc: 83.92%
  Batch [420/872] Loss: 0.4291 | Acc: 83.84%
  Batch [430/872] Loss: 0.4299 | Acc: 83.82%
  Batch [440/872] Loss: 0.4311 | Acc: 83.84%
  Batch [450/872] Loss: 0.4319 | Acc: 83.75%
  Batch [460/872] Loss: 0.4311 | Acc: 83.80%
  Batch [470/872] Loss: 0.4290 | Acc: 83.90%
  Batch [480/872] Loss: 0.4295 | Acc: 83.88%
  Batch [490/872] Loss: 0.4313 | Acc: 83.78%
  Batch [500/872] Loss: 0.4317 | Acc: 83.70%
  Batch [510/872] Loss: 0.4323 | Acc: 83.65%
  Batch [520/872] Loss: 0.4335 | Acc: 83.59%
  Batch [530/872] Loss: 0.4347 | Acc: 83.51%
  Batch [540/872] Loss: 0.4347 | Acc: 83.50%
  Batch [550/872] Loss: 0.4346 | Acc: 83.47%
  Batch [560/872] Loss: 0.4352 | Acc: 83.42%
  Batch [570/872] Loss: 0.4365 | Acc: 83.35%
  Batch [580/872] Loss: 0.4366 | Acc: 83.35%
  Batch [590/872] Loss: 0.4359 | Acc: 83.38%
  Batch [600/872] Loss: 0.4357 | Acc: 83.41%
  Batch [610/872] Loss: 0.4348 | Acc: 83.45%
  Batch [620/872] Loss: 0.4357 | Acc: 83.45%
  Batch [630/872] Loss: 0.4366 | Acc: 83.45%
  Batch [640/872] Loss: 0.4360 | Acc: 83.42%
  Batch [650/872] Loss: 0.4363 | Acc: 83.38%
  Batch [660/872] Loss: 0.4371 | Acc: 83.38%
  Batch [670/872] Loss: 0.4367 | Acc: 83.36%
  Batch [680/872] Loss: 0.4369 | Acc: 83.35%
  Batch [690/872] Loss: 0.4360 | Acc: 83.36%
  Batch [700/872] Loss: 0.4361 | Acc: 83.39%
  Batch [710/872] Loss: 0.4368 | Acc: 83.39%
  Batch [720/872] Loss: 0.4372 | Acc: 83.39%
  Batch [730/872] Loss: 0.4370 | Acc: 83.40%
  Batch [740/872] Loss: 0.4362 | Acc: 83.45%
  Batch [750/872] Loss: 0.4369 | Acc: 83.40%
  Batch [760/872] Loss: 0.4376 | Acc: 83.38%
  Batch [770/872] Loss: 0.4362 | Acc: 83.43%
  Batch [780/872] Loss: 0.4358 | Acc: 83.45%
  Batch [790/872] Loss: 0.4374 | Acc: 83.39%
  Batch [800/872] Loss: 0.4372 | Acc: 83.41%
  Batch [810/872] Loss: 0.4360 | Acc: 83.43%
  Batch [820/872] Loss: 0.4354 | Acc: 83.46%
  Batch [830/872] Loss: 0.4354 | Acc: 83.48%
  Batch [840/872] Loss: 0.4348 | Acc: 83.52%
  Batch [850/872] Loss: 0.4354 | Acc: 83.50%
  Batch [860/872] Loss: 0.4357 | Acc: 83.47%
  Batch [870/872] Loss: 0.4348 | Acc: 83.49%

======================================================================
Epoch 7 Summary:
  Train Loss: 0.4352 | Train Acc: 83.48%
  Val Loss:   0.6193 | Val Acc:   78.93%
  Learning Rate: 0.001000
  Time: 11.5s
======================================================================

Epoch [8/50]
----------------------------------------------------------------------
  Batch [10/872] Loss: 0.4473 | Acc: 82.19%
  Batch [20/872] Loss: 0.4252 | Acc: 83.75%
  Batch [30/872] Loss: 0.4061 | Acc: 84.06%
  Batch [40/872] Loss: 0.4028 | Acc: 84.22%
  Batch [50/872] Loss: 0.3947 | Acc: 84.56%
  Batch [60/872] Loss: 0.4065 | Acc: 84.32%
  Batch [70/872] Loss: 0.4107 | Acc: 84.64%
  Batch [80/872] Loss: 0.4186 | Acc: 84.41%
  Batch [90/872] Loss: 0.4231 | Acc: 84.34%
  Batch [100/872] Loss: 0.4265 | Acc: 84.31%
  Batch [110/872] Loss: 0.4350 | Acc: 84.03%
  Batch [120/872] Loss: 0.4368 | Acc: 83.96%
  Batch [130/872] Loss: 0.4350 | Acc: 83.82%
  Batch [140/872] Loss: 0.4311 | Acc: 84.00%
  Batch [150/872] Loss: 0.4256 | Acc: 84.21%
  Batch [160/872] Loss: 0.4279 | Acc: 84.08%
  Batch [170/872] Loss: 0.4242 | Acc: 84.19%
  Batch [180/872] Loss: 0.4267 | Acc: 83.91%
  Batch [190/872] Loss: 0.4314 | Acc: 83.68%
  Batch [200/872] Loss: 0.4319 | Acc: 83.67%
  Batch [210/872] Loss: 0.4332 | Acc: 83.63%
  Batch [220/872] Loss: 0.4364 | Acc: 83.38%
  Batch [230/872] Loss: 0.4348 | Acc: 83.41%
  Batch [240/872] Loss: 0.4343 | Acc: 83.44%
  Batch [250/872] Loss: 0.4359 | Acc: 83.39%
  Batch [260/872] Loss: 0.4344 | Acc: 83.49%
  Batch [270/872] Loss: 0.4328 | Acc: 83.59%
  Batch [280/872] Loss: 0.4329 | Acc: 83.65%
  Batch [290/872] Loss: 0.4329 | Acc: 83.70%
  Batch [300/872] Loss: 0.4319 | Acc: 83.78%
  Batch [310/872] Loss: 0.4299 | Acc: 83.78%
  Batch [320/872] Loss: 0.4311 | Acc: 83.66%
  Batch [330/872] Loss: 0.4328 | Acc: 83.54%
  Batch [340/872] Loss: 0.4291 | Acc: 83.69%
  Batch [350/872] Loss: 0.4283 | Acc: 83.71%
  Batch [360/872] Loss: 0.4289 | Acc: 83.73%
  Batch [370/872] Loss: 0.4280 | Acc: 83.76%
  Batch [380/872] Loss: 0.4299 | Acc: 83.73%
  Batch [390/872] Loss: 0.4297 | Acc: 83.75%
  Batch [400/872] Loss: 0.4293 | Acc: 83.76%
  Batch [410/872] Loss: 0.4310 | Acc: 83.68%
  Batch [420/872] Loss: 0.4325 | Acc: 83.57%
  Batch [430/872] Loss: 0.4324 | Acc: 83.62%
  Batch [440/872] Loss: 0.4313 | Acc: 83.70%
  Batch [450/872] Loss: 0.4310 | Acc: 83.74%
  Batch [460/872] Loss: 0.4303 | Acc: 83.74%
  Batch [470/872] Loss: 0.4315 | Acc: 83.76%
  Batch [480/872] Loss: 0.4318 | Acc: 83.76%
  Batch [490/872] Loss: 0.4321 | Acc: 83.76%
  Batch [500/872] Loss: 0.4320 | Acc: 83.74%
  Batch [510/872] Loss: 0.4304 | Acc: 83.79%
  Batch [520/872] Loss: 0.4304 | Acc: 83.79%
  Batch [530/872] Loss: 0.4325 | Acc: 83.69%
  Batch [540/872] Loss: 0.4342 | Acc: 83.59%
  Batch [550/872] Loss: 0.4366 | Acc: 83.48%
  Batch [560/872] Loss: 0.4375 | Acc: 83.45%
  Batch [570/872] Loss: 0.4361 | Acc: 83.51%
  Batch [580/872] Loss: 0.4364 | Acc: 83.46%
  Batch [590/872] Loss: 0.4376 | Acc: 83.37%
  Batch [600/872] Loss: 0.4389 | Acc: 83.35%
  Batch [610/872] Loss: 0.4383 | Acc: 83.33%
  Batch [620/872] Loss: 0.4390 | Acc: 83.30%
  Batch [630/872] Loss: 0.4391 | Acc: 83.30%
  Batch [640/872] Loss: 0.4390 | Acc: 83.33%
  Batch [650/872] Loss: 0.4392 | Acc: 83.40%
  Batch [660/872] Loss: 0.4387 | Acc: 83.41%
  Batch [670/872] Loss: 0.4377 | Acc: 83.43%
  Batch [680/872] Loss: 0.4378 | Acc: 83.40%
  Batch [690/872] Loss: 0.4366 | Acc: 83.47%
  Batch [700/872] Loss: 0.4354 | Acc: 83.50%
  Batch [710/872] Loss: 0.4359 | Acc: 83.49%
  Batch [720/872] Loss: 0.4358 | Acc: 83.47%
  Batch [730/872] Loss: 0.4350 | Acc: 83.48%
  Batch [740/872] Loss: 0.4349 | Acc: 83.48%
  Batch [750/872] Loss: 0.4345 | Acc: 83.48%
  Batch [760/872] Loss: 0.4344 | Acc: 83.48%
  Batch [770/872] Loss: 0.4334 | Acc: 83.54%
  Batch [780/872] Loss: 0.4341 | Acc: 83.51%
  Batch [790/872] Loss: 0.4356 | Acc: 83.45%
  Batch [800/872] Loss: 0.4364 | Acc: 83.43%
  Batch [810/872] Loss: 0.4364 | Acc: 83.43%
  Batch [820/872] Loss: 0.4368 | Acc: 83.39%
  Batch [830/872] Loss: 0.4367 | Acc: 83.38%
  Batch [840/872] Loss: 0.4367 | Acc: 83.40%
  Batch [850/872] Loss: 0.4361 | Acc: 83.40%
  Batch [860/872] Loss: 0.4358 | Acc: 83.39%
  Batch [870/872] Loss: 0.4352 | Acc: 83.40%

======================================================================
Epoch 8 Summary:
  Train Loss: 0.4355 | Train Acc: 83.39%
  Val Loss:   0.6163 | Val Acc:   77.17%
  Learning Rate: 0.001000
  Time: 11.5s
======================================================================

Epoch [9/50]
----------------------------------------------------------------------
  Batch [10/872] Loss: 0.4501 | Acc: 84.06%
  Batch [20/872] Loss: 0.4390 | Acc: 85.16%
  Batch [30/872] Loss: 0.4282 | Acc: 84.38%
  Batch [40/872] Loss: 0.3980 | Acc: 85.39%
  Batch [50/872] Loss: 0.4144 | Acc: 84.75%
  Batch [60/872] Loss: 0.4108 | Acc: 84.53%
  Batch [70/872] Loss: 0.4243 | Acc: 84.20%
  Batch [80/872] Loss: 0.4174 | Acc: 84.41%
  Batch [90/872] Loss: 0.4115 | Acc: 84.48%
  Batch [100/872] Loss: 0.4046 | Acc: 84.91%
  Batch [110/872] Loss: 0.4036 | Acc: 84.94%
  Batch [120/872] Loss: 0.4020 | Acc: 84.97%
  Batch [130/872] Loss: 0.3971 | Acc: 85.12%
  Batch [140/872] Loss: 0.3929 | Acc: 85.20%
  Batch [150/872] Loss: 0.3961 | Acc: 85.00%
  Batch [160/872] Loss: 0.3884 | Acc: 85.16%
  Batch [170/872] Loss: 0.3892 | Acc: 85.11%
  Batch [180/872] Loss: 0.3905 | Acc: 84.93%
  Batch [190/872] Loss: 0.3878 | Acc: 85.13%
  Batch [200/872] Loss: 0.3867 | Acc: 85.19%
  Batch [210/872] Loss: 0.3918 | Acc: 85.06%
  Batch [220/872] Loss: 0.3900 | Acc: 85.17%
  Batch [230/872] Loss: 0.3928 | Acc: 85.11%
  Batch [240/872] Loss: 0.3945 | Acc: 85.12%
  Batch [250/872] Loss: 0.3946 | Acc: 85.11%
  Batch [260/872] Loss: 0.3946 | Acc: 85.12%
  Batch [270/872] Loss: 0.3952 | Acc: 85.03%
  Batch [280/872] Loss: 0.3938 | Acc: 85.09%
  Batch [290/872] Loss: 0.3936 | Acc: 85.06%
  Batch [300/872] Loss: 0.3920 | Acc: 85.07%
  Batch [310/872] Loss: 0.3948 | Acc: 84.88%
  Batch [320/872] Loss: 0.3975 | Acc: 84.74%
  Batch [330/872] Loss: 0.3975 | Acc: 84.73%
  Batch [340/872] Loss: 0.3970 | Acc: 84.75%
  Batch [350/872] Loss: 0.3986 | Acc: 84.72%
  Batch [360/872] Loss: 0.3981 | Acc: 84.85%
  Batch [370/872] Loss: 0.3996 | Acc: 84.77%
  Batch [380/872] Loss: 0.3996 | Acc: 84.76%
  Batch [390/872] Loss: 0.3999 | Acc: 84.76%
  Batch [400/872] Loss: 0.3998 | Acc: 84.78%
  Batch [410/872] Loss: 0.4008 | Acc: 84.76%
  Batch [420/872] Loss: 0.4027 | Acc: 84.70%
  Batch [430/872] Loss: 0.4043 | Acc: 84.63%
  Batch [440/872] Loss: 0.4040 | Acc: 84.61%
  Batch [450/872] Loss: 0.4044 | Acc: 84.56%
  Batch [460/872] Loss: 0.4050 | Acc: 84.54%
  Batch [470/872] Loss: 0.4037 | Acc: 84.57%
  Batch [480/872] Loss: 0.4034 | Acc: 84.57%
  Batch [490/872] Loss: 0.4041 | Acc: 84.51%
  Batch [500/872] Loss: 0.4040 | Acc: 84.53%
  Batch [510/872] Loss: 0.4040 | Acc: 84.55%
  Batch [520/872] Loss: 0.4038 | Acc: 84.56%
  Batch [530/872] Loss: 0.4041 | Acc: 84.55%
  Batch [540/872] Loss: 0.4038 | Acc: 84.57%
  Batch [550/872] Loss: 0.4038 | Acc: 84.57%
  Batch [560/872] Loss: 0.4036 | Acc: 84.59%
  Batch [570/872] Loss: 0.4033 | Acc: 84.62%
  Batch [580/872] Loss: 0.4054 | Acc: 84.54%
  Batch [590/872] Loss: 0.4053 | Acc: 84.55%
  Batch [600/872] Loss: 0.4060 | Acc: 84.51%
  Batch [610/872] Loss: 0.4069 | Acc: 84.47%
  Batch [620/872] Loss: 0.4059 | Acc: 84.48%
  Batch [630/872] Loss: 0.4052 | Acc: 84.48%
  Batch [640/872] Loss: 0.4066 | Acc: 84.43%
  Batch [650/872] Loss: 0.4067 | Acc: 84.43%
  Batch [660/872] Loss: 0.4060 | Acc: 84.45%
  Batch [670/872] Loss: 0.4066 | Acc: 84.42%
  Batch [680/872] Loss: 0.4070 | Acc: 84.41%
  Batch [690/872] Loss: 0.4079 | Acc: 84.38%
  Batch [700/872] Loss: 0.4075 | Acc: 84.36%
  Batch [710/872] Loss: 0.4079 | Acc: 84.34%
  Batch [720/872] Loss: 0.4073 | Acc: 84.37%
  Batch [730/872] Loss: 0.4079 | Acc: 84.33%
  Batch [740/872] Loss: 0.4076 | Acc: 84.34%
  Batch [750/872] Loss: 0.4074 | Acc: 84.33%
  Batch [760/872] Loss: 0.4076 | Acc: 84.31%
  Batch [770/872] Loss: 0.4084 | Acc: 84.29%
  Batch [780/872] Loss: 0.4077 | Acc: 84.30%
  Batch [790/872] Loss: 0.4071 | Acc: 84.33%
  Batch [800/872] Loss: 0.4071 | Acc: 84.32%
  Batch [810/872] Loss: 0.4065 | Acc: 84.33%
  Batch [820/872] Loss: 0.4069 | Acc: 84.32%
  Batch [830/872] Loss: 0.4056 | Acc: 84.38%
  Batch [840/872] Loss: 0.4061 | Acc: 84.35%
  Batch [850/872] Loss: 0.4060 | Acc: 84.34%
  Batch [860/872] Loss: 0.4057 | Acc: 84.34%
  Batch [870/872] Loss: 0.4069 | Acc: 84.31%

======================================================================
Epoch 9 Summary:
  Train Loss: 0.4075 | Train Acc: 84.30%
  Val Loss:   0.6315 | Val Acc:   78.31%
  Learning Rate: 0.001000
  Time: 11.5s
======================================================================

Epoch [10/50]
----------------------------------------------------------------------
  Batch [10/872] Loss: 0.4185 | Acc: 82.19%
  Batch [20/872] Loss: 0.3865 | Acc: 84.22%
  Batch [30/872] Loss: 0.3946 | Acc: 83.65%
  Batch [40/872] Loss: 0.3855 | Acc: 83.75%
  Batch [50/872] Loss: 0.3694 | Acc: 84.50%
  Batch [60/872] Loss: 0.3747 | Acc: 84.38%
  Batch [70/872] Loss: 0.3782 | Acc: 84.55%
  Batch [80/872] Loss: 0.3758 | Acc: 85.00%
  Batch [90/872] Loss: 0.3717 | Acc: 85.24%
  Batch [100/872] Loss: 0.3725 | Acc: 85.03%
  Batch [110/872] Loss: 0.3697 | Acc: 85.06%
  Batch [120/872] Loss: 0.3751 | Acc: 85.05%
  Batch [130/872] Loss: 0.3769 | Acc: 85.17%
  Batch [140/872] Loss: 0.3755 | Acc: 85.18%
  Batch [150/872] Loss: 0.3761 | Acc: 85.21%
  Batch [160/872] Loss: 0.3778 | Acc: 85.12%
  Batch [170/872] Loss: 0.3761 | Acc: 85.13%
  Batch [180/872] Loss: 0.3794 | Acc: 84.97%
  Batch [190/872] Loss: 0.3766 | Acc: 85.10%
  Batch [200/872] Loss: 0.3801 | Acc: 85.12%
  Batch [210/872] Loss: 0.3814 | Acc: 85.06%
  Batch [220/872] Loss: 0.3876 | Acc: 84.97%
  Batch [230/872] Loss: 0.3911 | Acc: 84.96%
  Batch [240/872] Loss: 0.3938 | Acc: 84.80%
  Batch [250/872] Loss: 0.3960 | Acc: 84.70%
  Batch [260/872] Loss: 0.3979 | Acc: 84.62%
  Batch [270/872] Loss: 0.4006 | Acc: 84.44%
  Batch [280/872] Loss: 0.4020 | Acc: 84.54%
  Batch [290/872] Loss: 0.4025 | Acc: 84.53%
  Batch [300/872] Loss: 0.4041 | Acc: 84.47%
  Batch [310/872] Loss: 0.4061 | Acc: 84.35%
  Batch [320/872] Loss: 0.4063 | Acc: 84.41%
  Batch [330/872] Loss: 0.4085 | Acc: 84.31%
  Batch [340/872] Loss: 0.4088 | Acc: 84.26%
  Batch [350/872] Loss: 0.4085 | Acc: 84.27%
  Batch [360/872] Loss: 0.4078 | Acc: 84.30%
  Batch [370/872] Loss: 0.4087 | Acc: 84.27%
  Batch [380/872] Loss: 0.4104 | Acc: 84.24%
  Batch [390/872] Loss: 0.4081 | Acc: 84.33%
  Batch [400/872] Loss: 0.4074 | Acc: 84.30%
  Batch [410/872] Loss: 0.4063 | Acc: 84.35%
  Batch [420/872] Loss: 0.4060 | Acc: 84.35%
  Batch [430/872] Loss: 0.4049 | Acc: 84.38%
  Batch [440/872] Loss: 0.4064 | Acc: 84.35%
  Batch [450/872] Loss: 0.4058 | Acc: 84.38%
  Batch [460/872] Loss: 0.4048 | Acc: 84.41%
  Batch [470/872] Loss: 0.4053 | Acc: 84.39%
  Batch [480/872] Loss: 0.4054 | Acc: 84.41%
  Batch [490/872] Loss: 0.4058 | Acc: 84.37%
  Batch [500/872] Loss: 0.4057 | Acc: 84.39%
  Batch [510/872] Loss: 0.4056 | Acc: 84.41%
  Batch [520/872] Loss: 0.4054 | Acc: 84.39%
  Batch [530/872] Loss: 0.4054 | Acc: 84.36%
  Batch [540/872] Loss: 0.4053 | Acc: 84.35%
  Batch [550/872] Loss: 0.4051 | Acc: 84.38%
  Batch [560/872] Loss: 0.4047 | Acc: 84.37%
  Batch [570/872] Loss: 0.4053 | Acc: 84.33%
  Batch [580/872] Loss: 0.4055 | Acc: 84.32%
  Batch [590/872] Loss: 0.4041 | Acc: 84.41%
  Batch [600/872] Loss: 0.4049 | Acc: 84.35%
  Batch [610/872] Loss: 0.4047 | Acc: 84.39%
  Batch [620/872] Loss: 0.4040 | Acc: 84.41%
  Batch [630/872] Loss: 0.4047 | Acc: 84.39%
  Batch [640/872] Loss: 0.4061 | Acc: 84.33%
  Batch [650/872] Loss: 0.4058 | Acc: 84.32%
  Batch [660/872] Loss: 0.4055 | Acc: 84.32%
  Batch [670/872] Loss: 0.4056 | Acc: 84.35%
  Batch [680/872] Loss: 0.4058 | Acc: 84.36%
  Batch [690/872] Loss: 0.4058 | Acc: 84.33%
  Batch [700/872] Loss: 0.4060 | Acc: 84.34%
  Batch [710/872] Loss: 0.4052 | Acc: 84.37%
  Batch [720/872] Loss: 0.4057 | Acc: 84.35%
  Batch [730/872] Loss: 0.4058 | Acc: 84.35%
  Batch [740/872] Loss: 0.4055 | Acc: 84.35%
  Batch [750/872] Loss: 0.4049 | Acc: 84.36%
  Batch [760/872] Loss: 0.4050 | Acc: 84.35%
  Batch [770/872] Loss: 0.4054 | Acc: 84.35%
  Batch [780/872] Loss: 0.4056 | Acc: 84.33%
  Batch [790/872] Loss: 0.4058 | Acc: 84.32%
  Batch [800/872] Loss: 0.4055 | Acc: 84.33%
  Batch [810/872] Loss: 0.4052 | Acc: 84.35%
  Batch [820/872] Loss: 0.4058 | Acc: 84.32%
  Batch [830/872] Loss: 0.4060 | Acc: 84.30%
  Batch [840/872] Loss: 0.4066 | Acc: 84.27%
  Batch [850/872] Loss: 0.4073 | Acc: 84.23%
  Batch [860/872] Loss: 0.4081 | Acc: 84.19%
  Batch [870/872] Loss: 0.4083 | Acc: 84.18%

======================================================================
Epoch 10 Summary:
  Train Loss: 0.4079 | Train Acc: 84.19%
  Val Loss:   0.6689 | Val Acc:   76.44%
  Learning Rate: 0.001000
  Time: 11.5s
======================================================================

Epoch [11/50]
----------------------------------------------------------------------
  Batch [10/872] Loss: 0.4159 | Acc: 84.06%
  Batch [20/872] Loss: 0.3990 | Acc: 85.00%
  Batch [30/872] Loss: 0.3715 | Acc: 85.62%
  Batch [40/872] Loss: 0.3680 | Acc: 85.78%
  Batch [50/872] Loss: 0.3664 | Acc: 85.94%
  Batch [60/872] Loss: 0.3585 | Acc: 86.35%
  Batch [70/872] Loss: 0.3601 | Acc: 86.34%
  Batch [80/872] Loss: 0.3630 | Acc: 86.02%
  Batch [90/872] Loss: 0.3651 | Acc: 85.76%
  Batch [100/872] Loss: 0.3635 | Acc: 86.09%
  Batch [110/872] Loss: 0.3642 | Acc: 86.16%
  Batch [120/872] Loss: 0.3695 | Acc: 85.94%
  Batch [130/872] Loss: 0.3724 | Acc: 85.75%
  Batch [140/872] Loss: 0.3753 | Acc: 85.56%
  Batch [150/872] Loss: 0.3730 | Acc: 85.44%
  Batch [160/872] Loss: 0.3697 | Acc: 85.45%
  Batch [170/872] Loss: 0.3698 | Acc: 85.40%
  Batch [180/872] Loss: 0.3703 | Acc: 85.38%
  Batch [190/872] Loss: 0.3703 | Acc: 85.54%
  Batch [200/872] Loss: 0.3724 | Acc: 85.56%
  Batch [210/872] Loss: 0.3748 | Acc: 85.52%
  Batch [220/872] Loss: 0.3758 | Acc: 85.57%
  Batch [230/872] Loss: 0.3785 | Acc: 85.46%
  Batch [240/872] Loss: 0.3784 | Acc: 85.42%
  Batch [250/872] Loss: 0.3770 | Acc: 85.42%
  Batch [260/872] Loss: 0.3778 | Acc: 85.41%
  Batch [270/872] Loss: 0.3784 | Acc: 85.27%
  Batch [280/872] Loss: 0.3779 | Acc: 85.23%
  Batch [290/872] Loss: 0.3784 | Acc: 85.20%
  Batch [300/872] Loss: 0.3789 | Acc: 85.14%
  Batch [310/872] Loss: 0.3791 | Acc: 85.16%
  Batch [320/872] Loss: 0.3788 | Acc: 85.21%
  Batch [330/872] Loss: 0.3793 | Acc: 85.15%
  Batch [340/872] Loss: 0.3770 | Acc: 85.25%
  Batch [350/872] Loss: 0.3764 | Acc: 85.18%
  Batch [360/872] Loss: 0.3771 | Acc: 85.16%
  Batch [370/872] Loss: 0.3773 | Acc: 85.13%
  Batch [380/872] Loss: 0.3758 | Acc: 85.20%
  Batch [390/872] Loss: 0.3755 | Acc: 85.24%
  Batch [400/872] Loss: 0.3754 | Acc: 85.21%
  Batch [410/872] Loss: 0.3762 | Acc: 85.24%
  Batch [420/872] Loss: 0.3766 | Acc: 85.23%
  Batch [430/872] Loss: 0.3779 | Acc: 85.15%
  Batch [440/872] Loss: 0.3778 | Acc: 85.21%
  Batch [450/872] Loss: 0.3770 | Acc: 85.22%
  Batch [460/872] Loss: 0.3764 | Acc: 85.20%
  Batch [470/872] Loss: 0.3756 | Acc: 85.25%
  Batch [480/872] Loss: 0.3769 | Acc: 85.21%
  Batch [490/872] Loss: 0.3760 | Acc: 85.25%
  Batch [500/872] Loss: 0.3754 | Acc: 85.26%
  Batch [510/872] Loss: 0.3766 | Acc: 85.26%
  Batch [520/872] Loss: 0.3776 | Acc: 85.22%
  Batch [530/872] Loss: 0.3790 | Acc: 85.21%
  Batch [540/872] Loss: 0.3784 | Acc: 85.27%
  Batch [550/872] Loss: 0.3783 | Acc: 85.28%
  Batch [560/872] Loss: 0.3792 | Acc: 85.23%
  Batch [570/872] Loss: 0.3794 | Acc: 85.20%
  Batch [580/872] Loss: 0.3794 | Acc: 85.22%
  Batch [590/872] Loss: 0.3808 | Acc: 85.15%
  Batch [600/872] Loss: 0.3803 | Acc: 85.19%
  Batch [610/872] Loss: 0.3804 | Acc: 85.16%
  Batch [620/872] Loss: 0.3811 | Acc: 85.17%
  Batch [630/872] Loss: 0.3821 | Acc: 85.12%
  Batch [640/872] Loss: 0.3829 | Acc: 85.12%
  Batch [650/872] Loss: 0.3822 | Acc: 85.16%
  Batch [660/872] Loss: 0.3831 | Acc: 85.14%
  Batch [670/872] Loss: 0.3832 | Acc: 85.13%
  Batch [680/872] Loss: 0.3842 | Acc: 85.08%
  Batch [690/872] Loss: 0.3843 | Acc: 85.11%
  Batch [700/872] Loss: 0.3845 | Acc: 85.09%
  Batch [710/872] Loss: 0.3850 | Acc: 85.08%
  Batch [720/872] Loss: 0.3850 | Acc: 85.06%
  Batch [730/872] Loss: 0.3840 | Acc: 85.06%
  Batch [740/872] Loss: 0.3849 | Acc: 85.03%
  Batch [750/872] Loss: 0.3850 | Acc: 85.02%
  Batch [760/872] Loss: 0.3840 | Acc: 85.07%
  Batch [770/872] Loss: 0.3848 | Acc: 85.02%
  Batch [780/872] Loss: 0.3848 | Acc: 85.04%
  Batch [790/872] Loss: 0.3859 | Acc: 85.00%
  Batch [800/872] Loss: 0.3862 | Acc: 85.02%
  Batch [810/872] Loss: 0.3857 | Acc: 85.01%
  Batch [820/872] Loss: 0.3860 | Acc: 85.02%
  Batch [830/872] Loss: 0.3864 | Acc: 84.99%
  Batch [840/872] Loss: 0.3868 | Acc: 84.98%
  Batch [850/872] Loss: 0.3864 | Acc: 84.98%
  Batch [860/872] Loss: 0.3861 | Acc: 85.01%
  Batch [870/872] Loss: 0.3875 | Acc: 84.99%

======================================================================
Epoch 11 Summary:
  Train Loss: 0.3876 | Train Acc: 84.97%
  Val Loss:   0.6503 | Val Acc:   77.06%
  Learning Rate: 0.001000
  Time: 11.5s
======================================================================

Epoch [12/50]
----------------------------------------------------------------------
  Batch [10/872] Loss: 0.3442 | Acc: 87.19%
  Batch [20/872] Loss: 0.3306 | Acc: 86.88%
  Batch [30/872] Loss: 0.3245 | Acc: 87.08%
  Batch [40/872] Loss: 0.3054 | Acc: 88.20%
  Batch [50/872] Loss: 0.2943 | Acc: 88.62%
  Batch [60/872] Loss: 0.3005 | Acc: 88.59%
  Batch [70/872] Loss: 0.2940 | Acc: 88.79%
  Batch [80/872] Loss: 0.2950 | Acc: 88.75%
  Batch [90/872] Loss: 0.2946 | Acc: 88.75%
  Batch [100/872] Loss: 0.2983 | Acc: 88.66%
  Batch [110/872] Loss: 0.3023 | Acc: 88.47%
  Batch [120/872] Loss: 0.3078 | Acc: 88.26%
  Batch [130/872] Loss: 0.3111 | Acc: 88.10%
  Batch [140/872] Loss: 0.3119 | Acc: 88.10%
  Batch [150/872] Loss: 0.3121 | Acc: 88.08%
  Batch [160/872] Loss: 0.3117 | Acc: 88.01%
  Batch [170/872] Loss: 0.3132 | Acc: 87.94%
  Batch [180/872] Loss: 0.3143 | Acc: 87.80%
  Batch [190/872] Loss: 0.3151 | Acc: 87.80%
  Batch [200/872] Loss: 0.3191 | Acc: 87.61%
  Batch [210/872] Loss: 0.3205 | Acc: 87.57%
  Batch [220/872] Loss: 0.3204 | Acc: 87.59%
  Batch [230/872] Loss: 0.3222 | Acc: 87.55%
  Batch [240/872] Loss: 0.3231 | Acc: 87.50%
  Batch [250/872] Loss: 0.3227 | Acc: 87.51%
  Batch [260/872] Loss: 0.3230 | Acc: 87.46%
  Batch [270/872] Loss: 0.3226 | Acc: 87.44%
  Batch [280/872] Loss: 0.3235 | Acc: 87.39%
  Batch [290/872] Loss: 0.3244 | Acc: 87.30%
  Batch [300/872] Loss: 0.3228 | Acc: 87.39%
  Batch [310/872] Loss: 0.3214 | Acc: 87.42%
  Batch [320/872] Loss: 0.3202 | Acc: 87.46%
  Batch [330/872] Loss: 0.3204 | Acc: 87.45%
  Batch [340/872] Loss: 0.3208 | Acc: 87.44%
  Batch [350/872] Loss: 0.3209 | Acc: 87.39%
  Batch [360/872] Loss: 0.3215 | Acc: 87.34%
  Batch [370/872] Loss: 0.3212 | Acc: 87.36%
  Batch [380/872] Loss: 0.3215 | Acc: 87.34%
  Batch [390/872] Loss: 0.3225 | Acc: 87.32%
  Batch [400/872] Loss: 0.3236 | Acc: 87.28%
  Batch [410/872] Loss: 0.3236 | Acc: 87.31%
  Batch [420/872] Loss: 0.3242 | Acc: 87.31%
  Batch [430/872] Loss: 0.3221 | Acc: 87.39%
  Batch [440/872] Loss: 0.3216 | Acc: 87.44%
  Batch [450/872] Loss: 0.3218 | Acc: 87.39%
  Batch [460/872] Loss: 0.3217 | Acc: 87.43%
  Batch [470/872] Loss: 0.3228 | Acc: 87.38%
  Batch [480/872] Loss: 0.3215 | Acc: 87.43%
  Batch [490/872] Loss: 0.3204 | Acc: 87.48%
  Batch [500/872] Loss: 0.3196 | Acc: 87.48%
  Batch [510/872] Loss: 0.3204 | Acc: 87.47%
  Batch [520/872] Loss: 0.3197 | Acc: 87.50%
  Batch [530/872] Loss: 0.3199 | Acc: 87.48%
  Batch [540/872] Loss: 0.3196 | Acc: 87.47%
  Batch [550/872] Loss: 0.3192 | Acc: 87.52%
  Batch [560/872] Loss: 0.3191 | Acc: 87.53%
  Batch [570/872] Loss: 0.3194 | Acc: 87.53%
  Batch [580/872] Loss: 0.3195 | Acc: 87.51%
  Batch [590/872] Loss: 0.3198 | Acc: 87.49%
  Batch [600/872] Loss: 0.3191 | Acc: 87.51%
  Batch [610/872] Loss: 0.3192 | Acc: 87.48%
  Batch [620/872] Loss: 0.3192 | Acc: 87.48%
  Batch [630/872] Loss: 0.3186 | Acc: 87.48%
  Batch [640/872] Loss: 0.3186 | Acc: 87.48%
  Batch [650/872] Loss: 0.3180 | Acc: 87.49%
  Batch [660/872] Loss: 0.3177 | Acc: 87.45%
  Batch [670/872] Loss: 0.3177 | Acc: 87.47%
  Batch [680/872] Loss: 0.3170 | Acc: 87.49%
  Batch [690/872] Loss: 0.3162 | Acc: 87.54%
  Batch [700/872] Loss: 0.3160 | Acc: 87.54%
  Batch [710/872] Loss: 0.3163 | Acc: 87.53%
  Batch [720/872] Loss: 0.3157 | Acc: 87.56%
  Batch [730/872] Loss: 0.3169 | Acc: 87.50%
  Batch [740/872] Loss: 0.3174 | Acc: 87.46%
  Batch [750/872] Loss: 0.3173 | Acc: 87.50%
  Batch [760/872] Loss: 0.3172 | Acc: 87.52%
  Batch [770/872] Loss: 0.3182 | Acc: 87.51%
  Batch [780/872] Loss: 0.3187 | Acc: 87.49%
  Batch [790/872] Loss: 0.3184 | Acc: 87.48%
  Batch [800/872] Loss: 0.3180 | Acc: 87.49%
  Batch [810/872] Loss: 0.3179 | Acc: 87.50%
  Batch [820/872] Loss: 0.3176 | Acc: 87.48%
  Batch [830/872] Loss: 0.3175 | Acc: 87.48%
  Batch [840/872] Loss: 0.3171 | Acc: 87.49%
  Batch [850/872] Loss: 0.3176 | Acc: 87.49%
  Batch [860/872] Loss: 0.3176 | Acc: 87.48%
  Batch [870/872] Loss: 0.3177 | Acc: 87.47%

======================================================================
Epoch 12 Summary:
  Train Loss: 0.3177 | Train Acc: 87.47%
  Val Loss:   0.6675 | Val Acc:   77.74%
  Learning Rate: 0.000500
  Time: 11.6s
======================================================================

Epoch [13/50]
----------------------------------------------------------------------
  Batch [10/872] Loss: 0.2815 | Acc: 87.81%
  Batch [20/872] Loss: 0.2753 | Acc: 87.97%
  Batch [30/872] Loss: 0.2698 | Acc: 88.33%
  Batch [40/872] Loss: 0.2875 | Acc: 87.81%
  Batch [50/872] Loss: 0.2820 | Acc: 88.00%
  Batch [60/872] Loss: 0.2770 | Acc: 88.39%
  Batch [70/872] Loss: 0.2760 | Acc: 88.39%
  Batch [80/872] Loss: 0.2757 | Acc: 88.55%
  Batch [90/872] Loss: 0.2727 | Acc: 88.68%
  Batch [100/872] Loss: 0.2720 | Acc: 88.84%
  Batch [110/872] Loss: 0.2749 | Acc: 88.75%
  Batch [120/872] Loss: 0.2768 | Acc: 88.80%
  Batch [130/872] Loss: 0.2778 | Acc: 88.77%
  Batch [140/872] Loss: 0.2814 | Acc: 88.59%
  Batch [150/872] Loss: 0.2764 | Acc: 88.88%
  Batch [160/872] Loss: 0.2788 | Acc: 88.81%
  Batch [170/872] Loss: 0.2808 | Acc: 88.57%
  Batch [180/872] Loss: 0.2834 | Acc: 88.45%
  Batch [190/872] Loss: 0.2858 | Acc: 88.40%
  Batch [200/872] Loss: 0.2841 | Acc: 88.50%
  Batch [210/872] Loss: 0.2835 | Acc: 88.54%
  Batch [220/872] Loss: 0.2844 | Acc: 88.49%
  Batch [230/872] Loss: 0.2883 | Acc: 88.30%
  Batch [240/872] Loss: 0.2900 | Acc: 88.31%
  Batch [250/872] Loss: 0.2904 | Acc: 88.30%
  Batch [260/872] Loss: 0.2912 | Acc: 88.32%
  Batch [270/872] Loss: 0.2898 | Acc: 88.32%
  Batch [280/872] Loss: 0.2909 | Acc: 88.26%
  Batch [290/872] Loss: 0.2906 | Acc: 88.29%
  Batch [300/872] Loss: 0.2918 | Acc: 88.26%
  Batch [310/872] Loss: 0.2904 | Acc: 88.35%
  Batch [320/872] Loss: 0.2891 | Acc: 88.41%
  Batch [330/872] Loss: 0.2866 | Acc: 88.51%
  Batch [340/872] Loss: 0.2877 | Acc: 88.53%
  Batch [350/872] Loss: 0.2887 | Acc: 88.53%
  Batch [360/872] Loss: 0.2890 | Acc: 88.54%
  Batch [370/872] Loss: 0.2895 | Acc: 88.52%
  Batch [380/872] Loss: 0.2898 | Acc: 88.50%
  Batch [390/872] Loss: 0.2903 | Acc: 88.42%
  Batch [400/872] Loss: 0.2923 | Acc: 88.35%
  Batch [410/872] Loss: 0.2928 | Acc: 88.34%
  Batch [420/872] Loss: 0.2931 | Acc: 88.32%
  Batch [430/872] Loss: 0.2927 | Acc: 88.31%
  Batch [440/872] Loss: 0.2939 | Acc: 88.25%
  Batch [450/872] Loss: 0.2934 | Acc: 88.24%
  Batch [460/872] Loss: 0.2933 | Acc: 88.28%
  Batch [470/872] Loss: 0.2929 | Acc: 88.33%
  Batch [480/872] Loss: 0.2913 | Acc: 88.37%
  Batch [490/872] Loss: 0.2904 | Acc: 88.41%
  Batch [500/872] Loss: 0.2910 | Acc: 88.34%
  Batch [510/872] Loss: 0.2902 | Acc: 88.41%
  Batch [520/872] Loss: 0.2889 | Acc: 88.44%
  Batch [530/872] Loss: 0.2893 | Acc: 88.43%
  Batch [540/872] Loss: 0.2904 | Acc: 88.40%
  Batch [550/872] Loss: 0.2913 | Acc: 88.38%
  Batch [560/872] Loss: 0.2917 | Acc: 88.38%
  Batch [570/872] Loss: 0.2912 | Acc: 88.40%
  Batch [580/872] Loss: 0.2906 | Acc: 88.43%
  Batch [590/872] Loss: 0.2919 | Acc: 88.39%
  Batch [600/872] Loss: 0.2924 | Acc: 88.38%
  Batch [610/872] Loss: 0.2922 | Acc: 88.38%
  Batch [620/872] Loss: 0.2923 | Acc: 88.37%
  Batch [630/872] Loss: 0.2917 | Acc: 88.39%
  Batch [640/872] Loss: 0.2917 | Acc: 88.38%
  Batch [650/872] Loss: 0.2918 | Acc: 88.37%
  Batch [660/872] Loss: 0.2916 | Acc: 88.36%
  Batch [670/872] Loss: 0.2917 | Acc: 88.37%
  Batch [680/872] Loss: 0.2923 | Acc: 88.39%
  Batch [690/872] Loss: 0.2927 | Acc: 88.37%
  Batch [700/872] Loss: 0.2933 | Acc: 88.36%
  Batch [710/872] Loss: 0.2938 | Acc: 88.33%
  Batch [720/872] Loss: 0.2944 | Acc: 88.29%
  Batch [730/872] Loss: 0.2943 | Acc: 88.30%
  Batch [740/872] Loss: 0.2949 | Acc: 88.29%
  Batch [750/872] Loss: 0.2944 | Acc: 88.32%
  Batch [760/872] Loss: 0.2945 | Acc: 88.32%
  Batch [770/872] Loss: 0.2947 | Acc: 88.33%
  Batch [780/872] Loss: 0.2946 | Acc: 88.33%
  Batch [790/872] Loss: 0.2945 | Acc: 88.33%
  Batch [800/872] Loss: 0.2943 | Acc: 88.35%
  Batch [810/872] Loss: 0.2947 | Acc: 88.33%
  Batch [820/872] Loss: 0.2947 | Acc: 88.32%
  Batch [830/872] Loss: 0.2947 | Acc: 88.33%
  Batch [840/872] Loss: 0.2942 | Acc: 88.34%
  Batch [850/872] Loss: 0.2942 | Acc: 88.36%
  Batch [860/872] Loss: 0.2936 | Acc: 88.37%
  Batch [870/872] Loss: 0.2938 | Acc: 88.38%

======================================================================
Epoch 13 Summary:
  Train Loss: 0.2941 | Train Acc: 88.37%
  Val Loss:   0.7138 | Val Acc:   78.57%
  Learning Rate: 0.000500
  Time: 11.5s
======================================================================

Epoch [14/50]
----------------------------------------------------------------------
  Batch [10/872] Loss: 0.2054 | Acc: 92.50%
  Batch [20/872] Loss: 0.2313 | Acc: 92.03%
  Batch [30/872] Loss: 0.2511 | Acc: 90.52%
  Batch [40/872] Loss: 0.2299 | Acc: 91.33%
  Batch [50/872] Loss: 0.2373 | Acc: 90.62%
  Batch [60/872] Loss: 0.2440 | Acc: 90.21%
  Batch [70/872] Loss: 0.2516 | Acc: 89.64%
  Batch [80/872] Loss: 0.2546 | Acc: 89.49%
  Batch [90/872] Loss: 0.2551 | Acc: 89.48%
  Batch [100/872] Loss: 0.2588 | Acc: 89.16%
  Batch [110/872] Loss: 0.2627 | Acc: 89.03%
  Batch [120/872] Loss: 0.2658 | Acc: 88.88%
  Batch [130/872] Loss: 0.2678 | Acc: 88.99%
  Batch [140/872] Loss: 0.2684 | Acc: 89.08%
  Batch [150/872] Loss: 0.2681 | Acc: 88.98%
  Batch [160/872] Loss: 0.2668 | Acc: 89.04%
  Batch [170/872] Loss: 0.2629 | Acc: 89.25%
  Batch [180/872] Loss: 0.2596 | Acc: 89.38%
  Batch [190/872] Loss: 0.2581 | Acc: 89.49%
  Batch [200/872] Loss: 0.2578 | Acc: 89.48%
  Batch [210/872] Loss: 0.2606 | Acc: 89.40%
  Batch [220/872] Loss: 0.2625 | Acc: 89.38%
  Batch [230/872] Loss: 0.2635 | Acc: 89.42%
  Batch [240/872] Loss: 0.2630 | Acc: 89.40%
  Batch [250/872] Loss: 0.2625 | Acc: 89.38%
  Batch [260/872] Loss: 0.2616 | Acc: 89.42%
  Batch [270/872] Loss: 0.2609 | Acc: 89.50%
  Batch [280/872] Loss: 0.2640 | Acc: 89.41%
  Batch [290/872] Loss: 0.2629 | Acc: 89.50%
  Batch [300/872] Loss: 0.2633 | Acc: 89.49%
  Batch [310/872] Loss: 0.2648 | Acc: 89.41%
  Batch [320/872] Loss: 0.2647 | Acc: 89.41%
  Batch [330/872] Loss: 0.2641 | Acc: 89.43%
  Batch [340/872] Loss: 0.2652 | Acc: 89.38%
  Batch [350/872] Loss: 0.2663 | Acc: 89.39%
  Batch [360/872] Loss: 0.2683 | Acc: 89.34%
  Batch [370/872] Loss: 0.2669 | Acc: 89.39%
  Batch [380/872] Loss: 0.2678 | Acc: 89.39%
  Batch [390/872] Loss: 0.2672 | Acc: 89.41%
  Batch [400/872] Loss: 0.2670 | Acc: 89.41%
  Batch [410/872] Loss: 0.2668 | Acc: 89.45%
  Batch [420/872] Loss: 0.2670 | Acc: 89.44%
  Batch [430/872] Loss: 0.2671 | Acc: 89.45%
  Batch [440/872] Loss: 0.2671 | Acc: 89.42%
  Batch [450/872] Loss: 0.2665 | Acc: 89.45%
  Batch [460/872] Loss: 0.2663 | Acc: 89.44%
  Batch [470/872] Loss: 0.2657 | Acc: 89.43%
  Batch [480/872] Loss: 0.2666 | Acc: 89.39%
  Batch [490/872] Loss: 0.2667 | Acc: 89.39%
  Batch [500/872] Loss: 0.2686 | Acc: 89.33%
  Batch [510/872] Loss: 0.2682 | Acc: 89.33%
  Batch [520/872] Loss: 0.2689 | Acc: 89.31%
  Batch [530/872] Loss: 0.2689 | Acc: 89.33%
  Batch [540/872] Loss: 0.2686 | Acc: 89.37%
  Batch [550/872] Loss: 0.2676 | Acc: 89.43%
  Batch [560/872] Loss: 0.2675 | Acc: 89.47%
  Batch [570/872] Loss: 0.2691 | Acc: 89.42%
  Batch [580/872] Loss: 0.2688 | Acc: 89.45%
  Batch [590/872] Loss: 0.2683 | Acc: 89.48%
  Batch [600/872] Loss: 0.2688 | Acc: 89.42%
  Batch [610/872] Loss: 0.2682 | Acc: 89.46%
  Batch [620/872] Loss: 0.2687 | Acc: 89.46%
  Batch [630/872] Loss: 0.2683 | Acc: 89.49%
  Batch [640/872] Loss: 0.2683 | Acc: 89.47%
  Batch [650/872] Loss: 0.2684 | Acc: 89.49%
  Batch [660/872] Loss: 0.2692 | Acc: 89.46%
  Batch [670/872] Loss: 0.2693 | Acc: 89.44%
  Batch [680/872] Loss: 0.2698 | Acc: 89.44%
  Batch [690/872] Loss: 0.2696 | Acc: 89.44%
  Batch [700/872] Loss: 0.2698 | Acc: 89.42%
  Batch [710/872] Loss: 0.2705 | Acc: 89.38%
  Batch [720/872] Loss: 0.2709 | Acc: 89.38%
  Batch [730/872] Loss: 0.2710 | Acc: 89.37%
  Batch [740/872] Loss: 0.2712 | Acc: 89.33%
  Batch [750/872] Loss: 0.2708 | Acc: 89.37%
  Batch [760/872] Loss: 0.2718 | Acc: 89.33%
  Batch [770/872] Loss: 0.2716 | Acc: 89.34%
  Batch [780/872] Loss: 0.2718 | Acc: 89.33%
  Batch [790/872] Loss: 0.2722 | Acc: 89.32%
  Batch [800/872] Loss: 0.2725 | Acc: 89.31%
  Batch [810/872] Loss: 0.2723 | Acc: 89.31%
  Batch [820/872] Loss: 0.2726 | Acc: 89.29%
  Batch [830/872] Loss: 0.2727 | Acc: 89.28%
  Batch [840/872] Loss: 0.2731 | Acc: 89.25%
  Batch [850/872] Loss: 0.2731 | Acc: 89.25%
  Batch [860/872] Loss: 0.2735 | Acc: 89.22%
  Batch [870/872] Loss: 0.2734 | Acc: 89.23%

======================================================================
Epoch 14 Summary:
  Train Loss: 0.2731 | Train Acc: 89.24%
  Val Loss:   0.6944 | Val Acc:   79.08%
  Learning Rate: 0.000500
  Time: 11.5s
======================================================================

Epoch [15/50]
----------------------------------------------------------------------
  Batch [10/872] Loss: 0.2442 | Acc: 90.94%
  Batch [20/872] Loss: 0.2461 | Acc: 90.94%
  Batch [30/872] Loss: 0.2548 | Acc: 89.79%
  Batch [40/872] Loss: 0.2611 | Acc: 89.77%
  Batch [50/872] Loss: 0.2472 | Acc: 90.31%
  Batch [60/872] Loss: 0.2471 | Acc: 90.05%
  Batch [70/872] Loss: 0.2483 | Acc: 90.31%
  Batch [80/872] Loss: 0.2432 | Acc: 90.55%
  Batch [90/872] Loss: 0.2404 | Acc: 90.69%
  Batch [100/872] Loss: 0.2437 | Acc: 90.59%
  Batch [110/872] Loss: 0.2444 | Acc: 90.57%
  Batch [120/872] Loss: 0.2442 | Acc: 90.57%
  Batch [130/872] Loss: 0.2441 | Acc: 90.60%
  Batch [140/872] Loss: 0.2435 | Acc: 90.74%
  Batch [150/872] Loss: 0.2410 | Acc: 90.75%
  Batch [160/872] Loss: 0.2409 | Acc: 90.70%
  Batch [170/872] Loss: 0.2394 | Acc: 90.83%
  Batch [180/872] Loss: 0.2402 | Acc: 90.75%
  Batch [190/872] Loss: 0.2428 | Acc: 90.74%
  Batch [200/872] Loss: 0.2414 | Acc: 90.75%
  Batch [210/872] Loss: 0.2442 | Acc: 90.71%
  Batch [220/872] Loss: 0.2445 | Acc: 90.71%
  Batch [230/872] Loss: 0.2430 | Acc: 90.77%
  Batch [240/872] Loss: 0.2474 | Acc: 90.59%
  Batch [250/872] Loss: 0.2462 | Acc: 90.64%
  Batch [260/872] Loss: 0.2455 | Acc: 90.66%
  Batch [270/872] Loss: 0.2455 | Acc: 90.67%
  Batch [280/872] Loss: 0.2459 | Acc: 90.61%
  Batch [290/872] Loss: 0.2442 | Acc: 90.67%
  Batch [300/872] Loss: 0.2455 | Acc: 90.59%
  Batch [310/872] Loss: 0.2438 | Acc: 90.64%
  Batch [320/872] Loss: 0.2443 | Acc: 90.64%
  Batch [330/872] Loss: 0.2451 | Acc: 90.59%
  Batch [340/872] Loss: 0.2437 | Acc: 90.63%
  Batch [350/872] Loss: 0.2423 | Acc: 90.71%
  Batch [360/872] Loss: 0.2434 | Acc: 90.64%
  Batch [370/872] Loss: 0.2444 | Acc: 90.56%
  Batch [380/872] Loss: 0.2460 | Acc: 90.51%
  Batch [390/872] Loss: 0.2454 | Acc: 90.50%
  Batch [400/872] Loss: 0.2468 | Acc: 90.38%
  Batch [410/872] Loss: 0.2479 | Acc: 90.34%
  Batch [420/872] Loss: 0.2472 | Acc: 90.36%
  Batch [430/872] Loss: 0.2465 | Acc: 90.39%
  Batch [440/872] Loss: 0.2465 | Acc: 90.34%
  Batch [450/872] Loss: 0.2459 | Acc: 90.37%
  Batch [460/872] Loss: 0.2455 | Acc: 90.37%
  Batch [470/872] Loss: 0.2459 | Acc: 90.35%
  Batch [480/872] Loss: 0.2453 | Acc: 90.38%
  Batch [490/872] Loss: 0.2458 | Acc: 90.34%
  Batch [500/872] Loss: 0.2453 | Acc: 90.34%
  Batch [510/872] Loss: 0.2450 | Acc: 90.36%
  Batch [520/872] Loss: 0.2451 | Acc: 90.39%
  Batch [530/872] Loss: 0.2445 | Acc: 90.41%
  Batch [540/872] Loss: 0.2451 | Acc: 90.38%
  Batch [550/872] Loss: 0.2453 | Acc: 90.38%
  Batch [560/872] Loss: 0.2454 | Acc: 90.36%
  Batch [570/872] Loss: 0.2461 | Acc: 90.33%
  Batch [580/872] Loss: 0.2471 | Acc: 90.34%
  Batch [590/872] Loss: 0.2476 | Acc: 90.31%
  Batch [600/872] Loss: 0.2496 | Acc: 90.22%
  Batch [610/872] Loss: 0.2493 | Acc: 90.24%
  Batch [620/872] Loss: 0.2492 | Acc: 90.22%
  Batch [630/872] Loss: 0.2494 | Acc: 90.22%
  Batch [640/872] Loss: 0.2496 | Acc: 90.21%
  Batch [650/872] Loss: 0.2498 | Acc: 90.20%
  Batch [660/872] Loss: 0.2492 | Acc: 90.23%
  Batch [670/872] Loss: 0.2496 | Acc: 90.22%
  Batch [680/872] Loss: 0.2497 | Acc: 90.21%
  Batch [690/872] Loss: 0.2497 | Acc: 90.20%
  Batch [700/872] Loss: 0.2503 | Acc: 90.18%
  Batch [710/872] Loss: 0.2505 | Acc: 90.15%
  Batch [720/872] Loss: 0.2498 | Acc: 90.17%
  Batch [730/872] Loss: 0.2499 | Acc: 90.17%
  Batch [740/872] Loss: 0.2502 | Acc: 90.15%
  Batch [750/872] Loss: 0.2499 | Acc: 90.14%
  Batch [760/872] Loss: 0.2505 | Acc: 90.12%
  Batch [770/872] Loss: 0.2505 | Acc: 90.13%
  Batch [780/872] Loss: 0.2507 | Acc: 90.11%
  Batch [790/872] Loss: 0.2506 | Acc: 90.13%
  Batch [800/872] Loss: 0.2510 | Acc: 90.10%
  Batch [810/872] Loss: 0.2508 | Acc: 90.10%
  Batch [820/872] Loss: 0.2512 | Acc: 90.08%
  Batch [830/872] Loss: 0.2514 | Acc: 90.08%
  Batch [840/872] Loss: 0.2514 | Acc: 90.09%
  Batch [850/872] Loss: 0.2519 | Acc: 90.03%
  Batch [860/872] Loss: 0.2524 | Acc: 90.02%
  Batch [870/872] Loss: 0.2537 | Acc: 89.97%

======================================================================
Epoch 15 Summary:
  Train Loss: 0.2536 | Train Acc: 89.98%
  Val Loss:   0.7415 | Val Acc:   77.23%
  Learning Rate: 0.000500
  Time: 11.6s
======================================================================

⚠ Early stopping! 10 epoch boyunca iyileşme yok.

======================================================================
TRAINING TAMAMLANDI!
======================================================================
Toplam süre: 2.9 dakika
Best val loss: 0.5562
Best val acc: 79.08%
======================================================================


======================================================================
TRAINING HISTORY GRAFİĞİ KAYDEDİLDİ
======================================================================
Dosya: outputs/runs/260104-1907/training_history.png
======================================================================

📊 OVERFITTING ANALİZİ:
  Final Train Accuracy: 89.98%
  Final Val Accuracy: 77.23%
  Best Val Accuracy: 79.08%
  Train-Val Gap: 12.75%

  ⚠️  OVERFITTING TESPİT EDİLDİ!
  Öneriler:
    - Daha fazla veri ekleyin
    - Dropout oranını artırın (şu an: 0.4)
    - Weight decay artırın (şu an: 0.0001)
    - Data augmentation kullanın
    - Early stopping patience azaltın
======================================================================

✓ Training history kaydedildi: outputs/runs/260104-1907/training_history.json
