/usr/local/lib/python3.10/dist-packages/matplotlib/projections/__init__.py:63: UserWarning: Unable to import Axes3D. This may be due to multiple versions of Matplotlib being installed (e.g. as a system package and as a pip package). As a result, the 3D projection is not available.
  warnings.warn("Unable to import Axes3D. This may be due to multiple versions of "

======================================================================
RUN DIRECTORY OLUŞTURULDU
======================================================================
Run ID: 260128-2306
Directory: outputs/runs/260128-2306
======================================================================

✓ Dizinler oluşturuldu: outputs/

======================================================================
SLEEP STAGE CLASSIFICATION - CONFIGURATION
======================================================================

📊 DATA:
  Channels: ['C3-M2', 'F4-M1', 'E1-M2', 'CHIN1-CHIN2']
  Sample rate: 256 Hz
  Samples per epoch: 7680
  Classes: ['W', 'N1', 'N2', 'N3', 'REM']

🔀 SPLIT:
  Train: 28 patients
  Val: 5 patients
  Test: 5 patients

🏗️  MODEL:
  Type: deepsleepnet
  Architecture: 1D-CNN

⚙️  TRAINING:
  Database: psg_data_filtered
  Batch size: 4
  Learning rate: 0.0001
  Epochs: 50
  Optimizer: AdamW
  Weight decay: 0.0100
  Dropout: 0.5
  Loss function: CrossEntropyLoss
  Balance strategy: none
  Early stopping: True
  Band Pass Filters: EMG (10-100 Hz), EOG-EEG (0.3-35 Hz)

🔧 PREPROCESSING:
  Normalization: z-score
  Filtering: False
  Augmentation: False

💻 DEVICE:
  CUDA available: True
  Device: cuda

📁 OUTPUT:
  Directory: outputs

======================================================================

MongoDB'den hasta listesi alınıyor...
✓ Toplam 38 hasta bulundu

Stage verileri cache'e yükleniyor...

======================================================================
TÜM STAGE VERİLERİ CACHE'E YÜKLENİYOR
======================================================================
Toplam 38 hasta bulundu
----------------------------------------------------------------------
[1/38] 038b27bd-06f5-4f62-a76a-f69c8c48c821: 942 epoch, 0.10 MB ✓
[2/38] 06d40147-a3fe-47f3-99de-0047b8ce5940: 887 epoch, 0.09 MB ✓
[3/38] 0b0cbf36-ca44-4a8f-9d8d-31769fd2c7a7: 895 epoch, 0.09 MB ✓
[4/38] 0e1db582-e7ae-4903-abb0-c507376bee96: 841 epoch, 0.09 MB ✓
[5/38] 3d3ff0bd-47c9-4391-9f86-7596de669134: 755 epoch, 0.08 MB ✓
[6/38] 3f2d1717-e701-40bc-8c48-22318f36de16: 833 epoch, 0.09 MB ✓
[7/38] 46311fc7-26c6-46c0-af94-ccb7d98a83b2: 728 epoch, 0.08 MB ✓
[8/38] 5bb85300-e862-4cab-b98f-fcbbf4cb58c0: 799 epoch, 0.08 MB ✓
[9/38] 5d29266c-729c-4f74-bc5d-ab7fcdb31f0f: 892 epoch, 0.09 MB ✓
[10/38] 607d1600-3df4-476f-bfef-731b9b52ba97: 851 epoch, 0.09 MB ✓
[11/38] 623bcd1e-9555-4c57-ab50-4b44fd321c35: 786 epoch, 0.08 MB ✓
[12/38] 658873df-b9a2-43e6-8c37-b8304efde5b1: 842 epoch, 0.09 MB ✓
[13/38] 6b914a0f-e9f9-4b3c-8e24-b292a05a053c: 851 epoch, 0.09 MB ✓
[14/38] 6cfa3ae8-cee1-43c9-9c5b-a2d7ad1965ef: 781 epoch, 0.08 MB ✓
[15/38] 72aca66e-422e-4827-8f41-01118bd4f324: 882 epoch, 0.09 MB ✓
[16/38] 7b89bba4-f73f-4ca7-a6db-ab556378d577: 838 epoch, 0.09 MB ✓
[17/38] 7ce97923-cd9e-4bd6-a0bc-bb953ba8feb2: 855 epoch, 0.09 MB ✓
[18/38] 7fa9cdf4-b072-4748-a476-93ae91657bee: 744 epoch, 0.08 MB ✓
[19/38] 82df386e-1afb-4dd0-b9e1-75e98961ce00: 831 epoch, 0.09 MB ✓
[20/38] 86f1ed8b-7d8d-493e-93fb-8cc5d5944cad: 683 epoch, 0.07 MB ✓
[21/38] 8936d287-96f9-413c-aa6e-08dee7abe51b: 852 epoch, 0.09 MB ✓
[22/38] 93280c51-fb9c-4f9f-aa90-1173dd2ef3ac: 926 epoch, 0.10 MB ✓
[23/38] 971bdf22-192f-467c-aaf6-f8bb60531461: 877 epoch, 0.09 MB ✓
[24/38] 98a71b75-5be5-418b-a73b-96e225190e37: 843 epoch, 0.09 MB ✓
[25/38] a86f03a1-7472-4be7-a383-b23bc9f8217e: 787 epoch, 0.08 MB ✓
[26/38] aacc7ceb-4ce5-400e-866f-9efdfdebf58b: 922 epoch, 0.10 MB ✓
[27/38] ae0a3f1f-2d24-4211-b1fa-ec6d726db910: 848 epoch, 0.09 MB ✓
[28/38] b2f7074f-94d9-4068-8c41-9ba93e3fc130: 873 epoch, 0.09 MB ✓
[29/38] c3796230-8f7d-4b7f-bc98-ad80dd029c95: 710 epoch, 0.07 MB ✓
[30/38] c4d192a5-bd54-4a1c-825c-6e4a33bc85b0: 773 epoch, 0.08 MB ✓
[31/38] d3caff66-3ebd-4e22-b923-31f698ca7a02: 810 epoch, 0.09 MB ✓
[32/38] d5c44d4f-3f78-4eb6-9c27-fedc8366ca43: 813 epoch, 0.09 MB ✓
[33/38] d659b7aa-ae0a-47d2-8980-e545b62fcd7b: 872 epoch, 0.09 MB ✓
[34/38] dbc8c784-09f3-4e09-ae83-841c45bf7517: 911 epoch, 0.10 MB ✓
[35/38] e1ae919e-d2fc-41ad-af23-50c7d97b196b: 930 epoch, 0.10 MB ✓
[36/38] ef238d06-d75b-46d9-9180-46cf19f93c74: 890 epoch, 0.09 MB ✓
[37/38] ef817fcf-e36a-42c8-8ab4-02e5e62fecd3: 802 epoch, 0.08 MB ✓
[38/38] ffa83f68-7ebd-4f4f-9eb4-e3a638439ba7: 768 epoch, 0.08 MB ✓

======================================================================
CACHE YÜKLEME TAMAMLANDI
======================================================================
Yüklenen hasta: 38/38
Toplam epoch: 31,723
Toplam boyut: 3.34 MB
Cache boyutu: 38 hasta
======================================================================

✓ 38 hasta cache'de


======================================================================
PATIENT SPLIT (RANDOM)
======================================================================
Toplam hasta: 38
Train: 28 hasta
Val:   5 hasta
Test:  5 hasta
Seed:  Random (timestamp-based)
======================================================================

✓ Split kaydedildi: outputs/runs/260128-2306/patient_split.json


======================================================================
SEQUENCE MODE AKTİF (DeepSleepNet + BiLSTM)
======================================================================
Sequence length: 5
======================================================================


======================================================================
SEQUENCE DATALOADERS OLUŞTURULUYOR
======================================================================
Sequence length: 5
Stride: 1
Batch size: 4
======================================================================

📦 Train dataset oluşturuluyor...

======================================================================
SEQUENCE DATASET: EPOCH VERİLERİ YÜKLENİYOR
======================================================================
  d5c44d4f-3f78-4eb6-9c27-fedc8366ca43: 813 epoch
  623bcd1e-9555-4c57-ab50-4b44fd321c35: 786 epoch
  86f1ed8b-7d8d-493e-93fb-8cc5d5944cad: 683 epoch
  7ce97923-cd9e-4bd6-a0bc-bb953ba8feb2: 855 epoch
  82df386e-1afb-4dd0-b9e1-75e98961ce00: 831 epoch
  3d3ff0bd-47c9-4391-9f86-7596de669134: 755 epoch
  971bdf22-192f-467c-aaf6-f8bb60531461: 877 epoch
  72aca66e-422e-4827-8f41-01118bd4f324: 882 epoch
  ef238d06-d75b-46d9-9180-46cf19f93c74: 890 epoch
  ae0a3f1f-2d24-4211-b1fa-ec6d726db910: 848 epoch
  e1ae919e-d2fc-41ad-af23-50c7d97b196b: 930 epoch
  a86f03a1-7472-4be7-a383-b23bc9f8217e: 787 epoch
  7fa9cdf4-b072-4748-a476-93ae91657bee: 744 epoch
  8936d287-96f9-413c-aa6e-08dee7abe51b: 852 epoch
  d659b7aa-ae0a-47d2-8980-e545b62fcd7b: 872 epoch
  6cfa3ae8-cee1-43c9-9c5b-a2d7ad1965ef: 781 epoch
  ef817fcf-e36a-42c8-8ab4-02e5e62fecd3: 802 epoch
  93280c51-fb9c-4f9f-aa90-1173dd2ef3ac: 926 epoch
  0b0cbf36-ca44-4a8f-9d8d-31769fd2c7a7: 895 epoch
  0e1db582-e7ae-4903-abb0-c507376bee96: 841 epoch
  c4d192a5-bd54-4a1c-825c-6e4a33bc85b0: 773 epoch
  d3caff66-3ebd-4e22-b923-31f698ca7a02: 810 epoch
  c3796230-8f7d-4b7f-bc98-ad80dd029c95: 710 epoch
  6b914a0f-e9f9-4b3c-8e24-b292a05a053c: 851 epoch
  98a71b75-5be5-418b-a73b-96e225190e37: 843 epoch
  b2f7074f-94d9-4068-8c41-9ba93e3fc130: 873 epoch
  46311fc7-26c6-46c0-af94-ccb7d98a83b2: 728 epoch
  3f2d1717-e701-40bc-8c48-22318f36de16: 833 epoch

Toplam: 23071 epoch, 28 hasta
======================================================================


======================================================================
SEQUENCE METADATA OLUŞTURULUYOR
======================================================================
Sequence length: 5, Stride: 1
  d5c44d4f-3f78-4eb6-9c27-fedc8366ca43: 809 sequence
  623bcd1e-9555-4c57-ab50-4b44fd321c35: 782 sequence
  86f1ed8b-7d8d-493e-93fb-8cc5d5944cad: 679 sequence
  7ce97923-cd9e-4bd6-a0bc-bb953ba8feb2: 851 sequence
  82df386e-1afb-4dd0-b9e1-75e98961ce00: 827 sequence
  3d3ff0bd-47c9-4391-9f86-7596de669134: 751 sequence
  971bdf22-192f-467c-aaf6-f8bb60531461: 873 sequence
  72aca66e-422e-4827-8f41-01118bd4f324: 878 sequence
  ef238d06-d75b-46d9-9180-46cf19f93c74: 886 sequence
  ae0a3f1f-2d24-4211-b1fa-ec6d726db910: 844 sequence
  e1ae919e-d2fc-41ad-af23-50c7d97b196b: 926 sequence
  a86f03a1-7472-4be7-a383-b23bc9f8217e: 783 sequence
  7fa9cdf4-b072-4748-a476-93ae91657bee: 740 sequence
  8936d287-96f9-413c-aa6e-08dee7abe51b: 848 sequence
  d659b7aa-ae0a-47d2-8980-e545b62fcd7b: 868 sequence
  6cfa3ae8-cee1-43c9-9c5b-a2d7ad1965ef: 777 sequence
  ef817fcf-e36a-42c8-8ab4-02e5e62fecd3: 798 sequence
  93280c51-fb9c-4f9f-aa90-1173dd2ef3ac: 922 sequence
  0b0cbf36-ca44-4a8f-9d8d-31769fd2c7a7: 891 sequence
  0e1db582-e7ae-4903-abb0-c507376bee96: 837 sequence
  c4d192a5-bd54-4a1c-825c-6e4a33bc85b0: 769 sequence
  d3caff66-3ebd-4e22-b923-31f698ca7a02: 806 sequence
  c3796230-8f7d-4b7f-bc98-ad80dd029c95: 706 sequence
  6b914a0f-e9f9-4b3c-8e24-b292a05a053c: 847 sequence
  98a71b75-5be5-418b-a73b-96e225190e37: 839 sequence
  b2f7074f-94d9-4068-8c41-9ba93e3fc130: 869 sequence
  46311fc7-26c6-46c0-af94-ccb7d98a83b2: 724 sequence
  3f2d1717-e701-40bc-8c48-22318f36de16: 829 sequence

Toplam: 22959 sequence
======================================================================


======================================================================
RAM CACHE OLUŞTURULUYOR (SEQUENCE MODE)
======================================================================
Yüklenecek toplam: 92,284 sinyal
Tahmini boyut: ~2.64 GB

Veri yükleniyor:   0%|          | 0/92284 [00:00<?, ?sinyal/s]
Veri yükleniyor:   0%|          | 19/92284 [00:00<11:15, 136.55sinyal/s]
Veri yükleniyor:   0%|          | 46/92284 [00:00<07:34, 202.81sinyal/s]
Veri yükleniyor:   0%|          | 73/92284 [00:00<06:41, 229.89sinyal/s]
Veri yükleniyor:   0%|          | 100/92284 [00:00<06:22, 241.15sinyal/s]
Veri yükleniyor:   0%|          | 129/92284 [00:00<06:00, 255.69sinyal/s]
Veri yükleniyor:   0%|          | 156/92284 [00:00<05:53, 260.34sinyal/s]
Veri yükleniyor:   0%|          | 184/92284 [00:00<05:48, 264.34sinyal/s]
Veri yükleniyor:   0%|          | 213/92284 [00:00<05:40, 270.24sinyal/s]/mnt/ssd2/2.SLEEP STAGING/2.REPO/sleep-staging/dnn/edf_to_mongo.py:1419: RuntimeWarning: Mean of empty slice.
  print(f"  Sinyal: mean={extracted_signal.mean():.2f}, std={extracted_signal.std():.2f}")
/home/mehmet-ercan/.local/lib/python3.10/site-packages/numpy/core/_methods.py:129: RuntimeWarning: invalid value encountered in scalar divide
  ret = ret.dtype.type(ret / rcount)
/home/mehmet-ercan/.local/lib/python3.10/site-packages/numpy/core/_methods.py:206: RuntimeWarning: Degrees of freedom <= 0 for slice
  ret = _var(a, axis=axis, dtype=dtype, out=out, ddof=ddof,
/home/mehmet-ercan/.local/lib/python3.10/site-packages/numpy/core/_methods.py:163: RuntimeWarning: invalid value encountered in divide
  arrmean = um.true_divide(arrmean, div, out=arrmean,
/home/mehmet-ercan/.local/lib/python3.10/site-packages/numpy/core/_methods.py:198: RuntimeWarning: invalid value encountered in scalar divide
  ret = ret.dtype.type(ret / rcount)

Veri yükleniyor:   0%|          | 241/92284 [00:00<05:50, 262.65sinyal/s]
Veri yükleniyor:   0%|          | 269/92284 [00:01<05:44, 266.83sinyal/s]
Veri yükleniyor:   0%|          | 296/92284 [00:01<05:45, 266.58sinyal/s]
Veri yükleniyor:   0%|          | 325/92284 [00:01<05:37, 272.83sinyal/s]
Veri yükleniyor:   0%|          | 353/92284 [00:01<05:39, 270.82sinyal/s]
Veri yükleniyor:   0%|          | 381/92284 [00:01<05:39, 270.61sinyal/s]
Veri yükleniyor:   0%|          | 409/92284 [00:01<05:37, 272.28sinyal/s]
Veri yükleniyor:   0%|          | 438/92284 [00:01<05:33, 275.65sinyal/s]
Veri yükleniyor:   1%|          | 466/92284 [00:01<05:34, 274.54sinyal/s]
Veri yükleniyor:   1%|          | 494/92284 [00:01<05:34, 274.15sinyal/s]
Veri yükleniyor:   1%|          | 522/92284 [00:01<05:34, 274.58sinyal/s]
Veri yükleniyor:   1%|          | 550/92284 [00:02<05:35, 273.46sinyal/s]
Veri yükleniyor:   1%|          | 578/92284 [00:02<05:39, 269.90sinyal/s]
Veri yükleniyor:   1%|          | 606/92284 [00:02<05:51, 261.17sinyal/s]
Veri yükleniyor:   1%|          | 634/92284 [00:02<05:45, 265.19sinyal/s]
Veri yükleniyor:   1%|          | 663/92284 [00:02<05:40, 269.47sinyal/s]
Veri yükleniyor:   1%|          | 692/92284 [00:02<05:34, 274.08sinyal/s]
Veri yükleniyor:   1%|          | 720/92284 [00:02<05:32, 275.76sinyal/s]
Veri yükleniyor:   1%|          | 748/92284 [00:02<05:33, 274.55sinyal/s]
Veri yükleniyor:   1%|          | 776/92284 [00:02<05:32, 275.39sinyal/s]
Veri yükleniyor:   1%|          | 805/92284 [00:03<05:29, 277.38sinyal/s]
Veri yükleniyor:   1%|          | 834/92284 [00:03<05:28, 278.79sinyal/s]
Veri yükleniyor:   1%|          | 862/92284 [00:03<05:31, 275.89sinyal/s]
Veri yükleniyor:   1%|          | 890/92284 [00:03<05:32, 275.23sinyal/s]
Veri yükleniyor:   1%|          | 918/92284 [00:03<05:51, 259.91sinyal/s]
Veri yükleniyor:   1%|          | 947/92284 [00:03<05:40, 268.33sinyal/s]
Veri yükleniyor:   1%|          | 976/92284 [00:03<05:33, 274.02sinyal/s]
Veri yükleniyor:   1%|          | 1006/92284 [00:03<05:25, 280.65sinyal/s]
Veri yükleniyor:   1%|          | 1035/92284 [00:03<05:24, 281.11sinyal/s]
Veri yükleniyor:   1%|          | 1064/92284 [00:03<05:22, 283.18sinyal/s]
Veri yükleniyor:   1%|          | 1093/92284 [00:04<05:24, 281.27sinyal/s]
Veri yükleniyor:   1%|          | 1122/92284 [00:04<05:23, 282.03sinyal/s]
Veri yükleniyor:   1%|          | 1151/92284 [00:04<05:25, 279.59sinyal/s]
Veri yükleniyor:   1%|▏         | 1179/92284 [00:04<05:28, 277.75sinyal/s]
Veri yükleniyor:   1%|▏         | 1208/92284 [00:04<05:25, 280.11sinyal/s]
Veri yükleniyor:   1%|▏         | 1237/92284 [00:04<05:25, 279.57sinyal/s]
Veri yükleniyor:   1%|▏         | 1266/92284 [00:04<05:25, 279.90sinyal/s]
Veri yükleniyor:   1%|▏         | 1294/92284 [00:04<05:26, 278.35sinyal/s]
Veri yükleniyor:   1%|▏         | 1322/92284 [00:04<05:28, 277.11sinyal/s]
Veri yükleniyor:   1%|▏         | 1351/92284 [00:04<05:25, 279.60sinyal/s]
Veri yükleniyor:   1%|▏         | 1380/92284 [00:05<05:23, 281.22sinyal/s]
Veri yükleniyor:   2%|▏         | 1409/92284 [00:05<05:23, 280.85sinyal/s]
Veri yükleniyor:   2%|▏         | 1438/92284 [00:05<05:31, 273.84sinyal/s]
Veri yükleniyor:   2%|▏         | 1467/92284 [00:05<05:26, 278.41sinyal/s]
Veri yükleniyor:   2%|▏         | 1496/92284 [00:05<05:23, 280.37sinyal/s]
Veri yükleniyor:   2%|▏         | 1526/92284 [00:05<05:18, 284.78sinyal/s]
Veri yükleniyor:   2%|▏         | 1555/92284 [00:05<05:24, 279.64sinyal/s]
Veri yükleniyor:   2%|▏         | 1584/92284 [00:05<05:24, 279.22sinyal/s]
Veri yükleniyor:   2%|▏         | 1613/92284 [00:05<05:21, 282.14sinyal/s]
Veri yükleniyor:   2%|▏         | 1642/92284 [00:06<05:23, 280.27sinyal/s]
Veri yükleniyor:   2%|▏         | 1671/92284 [00:06<05:22, 280.80sinyal/s]
Veri yükleniyor:   2%|▏         | 1700/92284 [00:06<05:24, 279.56sinyal/s]
Veri yükleniyor:   2%|▏         | 1728/92284 [00:06<05:24, 279.14sinyal/s]
Veri yükleniyor:   2%|▏         | 1758/92284 [00:06<05:17, 285.01sinyal/s]
Veri yükleniyor:   2%|▏         | 1787/92284 [00:06<05:18, 284.18sinyal/s]
Veri yükleniyor:   2%|▏         | 1816/92284 [00:06<05:21, 281.60sinyal/s]
Veri yükleniyor:   2%|▏         | 1845/92284 [00:06<05:24, 278.94sinyal/s]
Veri yükleniyor:   2%|▏         | 1873/92284 [00:06<05:24, 278.47sinyal/s]
Veri yükleniyor:   2%|▏         | 1902/92284 [00:06<05:21, 280.73sinyal/s]
Veri yükleniyor:   2%|▏         | 1931/92284 [00:07<05:20, 282.21sinyal/s]
Veri yükleniyor:   2%|▏         | 1960/92284 [00:07<05:21, 281.21sinyal/s]
Veri yükleniyor:   2%|▏         | 1990/92284 [00:07<05:16, 285.58sinyal/s]
Veri yükleniyor:   2%|▏         | 2020/92284 [00:07<05:13, 287.52sinyal/s]
Veri yükleniyor:   2%|▏         | 2050/92284 [00:07<05:12, 288.75sinyal/s]
Veri yükleniyor:   2%|▏         | 2079/92284 [00:07<05:14, 286.74sinyal/s]
Veri yükleniyor:   2%|▏         | 2108/92284 [00:07<05:16, 284.82sinyal/s]
Veri yükleniyor:   2%|▏         | 2138/92284 [00:07<05:12, 288.61sinyal/s]
Veri yükleniyor:   2%|▏         | 2168/92284 [00:07<05:09, 290.91sinyal/s]
Veri yükleniyor:   2%|▏         | 2198/92284 [00:07<05:09, 290.78sinyal/s]
Veri yükleniyor:   2%|▏         | 2228/92284 [00:08<05:08, 291.45sinyal/s]
Veri yükleniyor:   2%|▏         | 2258/92284 [00:08<05:11, 288.72sinyal/s]
Veri yükleniyor:   2%|▏         | 2287/92284 [00:08<05:17, 283.20sinyal/s]
Veri yükleniyor:   3%|▎         | 2316/92284 [00:08<05:15, 284.86sinyal/s]
Veri yükleniyor:   3%|▎         | 2345/92284 [00:08<05:15, 285.16sinyal/s]
Veri yükleniyor:   3%|▎         | 2374/92284 [00:08<05:16, 283.70sinyal/s]
Veri yükleniyor:   3%|▎         | 2403/92284 [00:08<05:15, 284.57sinyal/s]
Veri yükleniyor:   3%|▎         | 2433/92284 [00:08<05:12, 287.85sinyal/s]
Veri yükleniyor:   3%|▎         | 2463/92284 [00:08<05:10, 289.30sinyal/s]
Veri yükleniyor:   3%|▎         | 2492/92284 [00:09<05:11, 288.48sinyal/s]
Veri yükleniyor:   3%|▎         | 2521/92284 [00:09<05:11, 288.48sinyal/s]
Veri yükleniyor:   3%|▎         | 2550/92284 [00:09<05:10, 288.89sinyal/s]
Veri yükleniyor:   3%|▎         | 2579/92284 [00:09<05:12, 287.39sinyal/s]
Veri yükleniyor:   3%|▎         | 2609/92284 [00:09<05:08, 290.44sinyal/s]
Veri yükleniyor:   3%|▎         | 2639/92284 [00:09<05:07, 291.20sinyal/s]
Veri yükleniyor:   3%|▎         | 2669/92284 [00:09<05:09, 290.01sinyal/s]
Veri yükleniyor:   3%|▎         | 2699/92284 [00:09<05:09, 289.47sinyal/s]
Veri yükleniyor:   3%|▎         | 2729/92284 [00:09<05:07, 291.52sinyal/s]
Veri yükleniyor:   3%|▎         | 2759/92284 [00:09<05:08, 290.26sinyal/s]
Veri yükleniyor:   3%|▎         | 2790/92284 [00:10<05:05, 293.19sinyal/s]
Veri yükleniyor:   3%|▎         | 2820/92284 [00:10<05:04, 293.67sinyal/s]
Veri yükleniyor:   3%|▎         | 2851/92284 [00:10<05:00, 297.82sinyal/s]
Veri yükleniyor:   3%|▎         | 2881/92284 [00:10<05:06, 291.99sinyal/s]
Veri yükleniyor:   3%|▎         | 2911/92284 [00:10<05:05, 292.73sinyal/s]
Veri yükleniyor:   3%|▎         | 2941/92284 [00:10<05:16, 282.27sinyal/s]
Veri yükleniyor:   3%|▎         | 2970/92284 [00:10<05:20, 278.41sinyal/s]
Veri yükleniyor:   3%|▎         | 2999/92284 [00:10<05:17, 281.32sinyal/s]
Veri yükleniyor:   3%|▎         | 3028/92284 [00:10<05:14, 283.71sinyal/s]
Veri yükleniyor:   3%|▎         | 3058/92284 [00:10<05:12, 285.85sinyal/s]
Veri yükleniyor:   3%|▎         | 3087/92284 [00:11<05:15, 282.96sinyal/s]
Veri yükleniyor:   3%|▎         | 3117/92284 [00:11<05:10, 286.90sinyal/s]
Veri yükleniyor:   3%|▎         | 3146/92284 [00:11<05:18, 280.01sinyal/s]
Veri yükleniyor:   3%|▎         | 3175/92284 [00:11<05:17, 280.88sinyal/s]
Veri yükleniyor:   3%|▎         | 3205/92284 [00:11<05:11, 286.32sinyal/s]
Veri yükleniyor:   4%|▎         | 3238/92284 [00:11<04:57, 298.81sinyal/s]
Veri yükleniyor:   4%|▎         | 3269/92284 [00:11<04:55, 301.22sinyal/s]
Veri yükleniyor:   4%|▎         | 3302/92284 [00:11<04:48, 308.79sinyal/s]
Veri yükleniyor:   4%|▎         | 3334/92284 [00:11<04:45, 312.04sinyal/s]
Veri yükleniyor:   4%|▎         | 3366/92284 [00:11<04:46, 310.10sinyal/s]
Veri yükleniyor:   4%|▎         | 3398/92284 [00:12<04:45, 311.53sinyal/s]
Veri yükleniyor:   4%|▎         | 3430/92284 [00:12<04:44, 312.62sinyal/s]
Veri yükleniyor:   4%|▍         | 3462/92284 [00:12<04:56, 299.31sinyal/s]
Veri yükleniyor:   4%|▍         | 3493/92284 [00:12<04:54, 301.09sinyal/s]
Veri yükleniyor:   4%|▍         | 3524/92284 [00:12<04:52, 303.38sinyal/s]
Veri yükleniyor:   4%|▍         | 3555/92284 [00:12<04:50, 304.92sinyal/s]
Veri yükleniyor:   4%|▍         | 3587/92284 [00:12<04:47, 308.38sinyal/s]
Veri yükleniyor:   4%|▍         | 3618/92284 [00:12<04:48, 307.33sinyal/s]
Veri yükleniyor:   4%|▍         | 3650/92284 [00:12<04:45, 310.27sinyal/s]
Veri yükleniyor:   4%|▍         | 3683/92284 [00:13<04:42, 313.51sinyal/s]
Veri yükleniyor:   4%|▍         | 3715/92284 [00:13<04:44, 311.51sinyal/s]
Veri yükleniyor:   4%|▍         | 3747/92284 [00:13<04:43, 311.80sinyal/s]
Veri yükleniyor:   4%|▍         | 3779/92284 [00:13<04:42, 312.75sinyal/s]
Veri yükleniyor:   4%|▍         | 3811/92284 [00:13<04:43, 312.38sinyal/s]
Veri yükleniyor:   4%|▍         | 3844/92284 [00:13<04:41, 314.60sinyal/s]
Veri yükleniyor:   4%|▍         | 3876/92284 [00:13<04:41, 314.40sinyal/s]
Veri yükleniyor:   4%|▍         | 3909/92284 [00:13<04:38, 317.44sinyal/s]
Veri yükleniyor:   4%|▍         | 3941/92284 [00:13<04:39, 316.50sinyal/s]
Veri yükleniyor:   4%|▍         | 3974/92284 [00:13<04:36, 319.89sinyal/s]
Veri yükleniyor:   4%|▍         | 4006/92284 [00:14<04:36, 319.62sinyal/s]
Veri yükleniyor:   4%|▍         | 4038/92284 [00:14<04:36, 319.04sinyal/s]
Veri yükleniyor:   4%|▍         | 4070/92284 [00:14<04:39, 315.95sinyal/s]
Veri yükleniyor:   4%|▍         | 4102/92284 [00:14<04:43, 311.44sinyal/s]
Veri yükleniyor:   4%|▍         | 4136/92284 [00:14<04:37, 317.31sinyal/s]
Veri yükleniyor:   5%|▍         | 4168/92284 [00:14<04:40, 313.73sinyal/s]
Veri yükleniyor:   5%|▍         | 4200/92284 [00:14<04:41, 313.07sinyal/s]
Veri yükleniyor:   5%|▍         | 4232/92284 [00:14<04:44, 309.16sinyal/s]
Veri yükleniyor:   5%|▍         | 4265/92284 [00:14<04:40, 314.00sinyal/s]
Veri yükleniyor:   5%|▍         | 4297/92284 [00:14<04:44, 309.11sinyal/s]
Veri yükleniyor:   5%|▍         | 4328/92284 [00:15<04:45, 307.85sinyal/s]
Veri yükleniyor:   5%|▍         | 4361/92284 [00:15<04:40, 313.77sinyal/s]
Veri yükleniyor:   5%|▍         | 4393/92284 [00:15<04:38, 315.26sinyal/s]
Veri yükleniyor:   5%|▍         | 4426/92284 [00:15<04:36, 317.63sinyal/s]
Veri yükleniyor:   5%|▍         | 4459/92284 [00:15<04:34, 319.48sinyal/s]
Veri yükleniyor:   5%|▍         | 4491/92284 [00:15<04:35, 318.53sinyal/s]
Veri yükleniyor:   5%|▍         | 4523/92284 [00:15<05:32, 264.19sinyal/s]
Veri yükleniyor:   5%|▍         | 4555/92284 [00:15<05:15, 278.49sinyal/s]
Veri yükleniyor:   5%|▍         | 4587/92284 [00:15<05:04, 288.37sinyal/s]
Veri yükleniyor:   5%|▌         | 4618/92284 [00:16<04:57, 294.29sinyal/s]
Veri yükleniyor:   5%|▌         | 4651/92284 [00:16<04:49, 303.00sinyal/s]
Veri yükleniyor:   5%|▌         | 4682/92284 [00:16<04:48, 303.60sinyal/s]
Veri yükleniyor:   5%|▌         | 4713/92284 [00:16<05:25, 268.68sinyal/s]
Veri yükleniyor:   5%|▌         | 4741/92284 [00:16<06:20, 229.95sinyal/s]
Veri yükleniyor:   5%|▌         | 4766/92284 [00:16<07:00, 208.00sinyal/s]
Veri yükleniyor:   5%|▌         | 4789/92284 [00:16<07:22, 197.74sinyal/s]
Veri yükleniyor:   5%|▌         | 4810/92284 [00:16<07:42, 189.29sinyal/s]
Veri yükleniyor:   5%|▌         | 4830/92284 [00:17<07:56, 183.54sinyal/s]
Veri yükleniyor:   5%|▌         | 4849/92284 [00:17<08:22, 173.85sinyal/s]
Veri yükleniyor:   5%|▌         | 4867/92284 [00:17<08:29, 171.68sinyal/s]
Veri yükleniyor:   5%|▌         | 4885/92284 [00:17<08:25, 172.93sinyal/s]
Veri yükleniyor:   5%|▌         | 4903/92284 [00:17<08:31, 170.69sinyal/s]
Veri yükleniyor:   5%|▌         | 4921/92284 [00:17<08:26, 172.61sinyal/s]
Veri yükleniyor:   5%|▌         | 4939/92284 [00:17<08:30, 170.97sinyal/s]
Veri yükleniyor:   5%|▌         | 4957/92284 [00:17<08:29, 171.54sinyal/s]
Veri yükleniyor:   5%|▌         | 4975/92284 [00:17<08:35, 169.25sinyal/s]
Veri yükleniyor:   5%|▌         | 4993/92284 [00:18<08:32, 170.21sinyal/s]
Veri yükleniyor:   5%|▌         | 5011/92284 [00:18<08:30, 170.86sinyal/s]
Veri yükleniyor:   5%|▌         | 5029/92284 [00:18<08:31, 170.69sinyal/s]
Veri yükleniyor:   5%|▌         | 5047/92284 [00:18<08:37, 168.57sinyal/s]
Veri yükleniyor:   5%|▌         | 5065/92284 [00:18<08:33, 169.95sinyal/s]
Veri yükleniyor:   6%|▌         | 5083/92284 [00:18<08:35, 169.18sinyal/s]
Veri yükleniyor:   6%|▌         | 5101/92284 [00:18<08:32, 169.98sinyal/s]
Veri yükleniyor:   6%|▌         | 5119/92284 [00:18<08:32, 170.07sinyal/s]
Veri yükleniyor:   6%|▌         | 5137/92284 [00:18<08:32, 170.21sinyal/s]
Veri yükleniyor:   6%|▌         | 5155/92284 [00:19<08:28, 171.26sinyal/s]
Veri yükleniyor:   6%|▌         | 5173/92284 [00:19<08:31, 170.14sinyal/s]
Veri yükleniyor:   6%|▌         | 5191/92284 [00:19<08:33, 169.57sinyal/s]
Veri yükleniyor:   6%|▌         | 5208/92284 [00:19<08:42, 166.76sinyal/s]
Veri yükleniyor:   6%|▌         | 5226/92284 [00:19<08:31, 170.05sinyal/s]
Veri yükleniyor:   6%|▌         | 5244/92284 [00:19<08:29, 170.86sinyal/s]
Veri yükleniyor:   6%|▌         | 5262/92284 [00:19<08:29, 170.88sinyal/s]
Veri yükleniyor:   6%|▌         | 5280/92284 [00:19<08:28, 170.99sinyal/s]
Veri yükleniyor:   6%|▌         | 5298/92284 [00:19<08:36, 168.54sinyal/s]
Veri yükleniyor:   6%|▌         | 5315/92284 [00:19<08:37, 168.21sinyal/s]
Veri yükleniyor:   6%|▌         | 5333/92284 [00:20<08:34, 169.09sinyal/s]
Veri yükleniyor:   6%|▌         | 5350/92284 [00:20<08:35, 168.67sinyal/s]
Veri yükleniyor:   6%|▌         | 5367/92284 [00:20<08:46, 165.04sinyal/s]
Veri yükleniyor:   6%|▌         | 5384/92284 [00:20<08:50, 163.66sinyal/s]
Veri yükleniyor:   6%|▌         | 5401/92284 [00:20<08:49, 164.15sinyal/s]
Veri yükleniyor:   6%|▌         | 5418/92284 [00:20<08:44, 165.66sinyal/s]
Veri yükleniyor:   6%|▌         | 5435/92284 [00:20<08:46, 165.06sinyal/s]
Veri yükleniyor:   6%|▌         | 5452/92284 [00:20<09:33, 151.52sinyal/s]
Veri yükleniyor:   6%|▌         | 5469/92284 [00:20<09:15, 156.16sinyal/s]
Veri yükleniyor:   6%|▌         | 5486/92284 [00:21<09:04, 159.42sinyal/s]
Veri yükleniyor:   6%|▌         | 5504/92284 [00:21<08:52, 163.05sinyal/s]
Veri yükleniyor:   6%|▌         | 5521/92284 [00:21<08:47, 164.63sinyal/s]
Veri yükleniyor:   6%|▌         | 5538/92284 [00:21<08:45, 165.06sinyal/s]
Veri yükleniyor:   6%|▌         | 5555/92284 [00:21<08:41, 166.29sinyal/s]
Veri yükleniyor:   6%|▌         | 5572/92284 [00:21<08:39, 166.93sinyal/s]
Veri yükleniyor:   6%|▌         | 5589/92284 [00:21<08:43, 165.70sinyal/s]
Veri yükleniyor:   6%|▌         | 5607/92284 [00:21<08:34, 168.54sinyal/s]
Veri yükleniyor:   6%|▌         | 5624/92284 [00:21<08:37, 167.41sinyal/s]
Veri yükleniyor:   6%|▌         | 5642/92284 [00:21<08:31, 169.36sinyal/s]
Veri yükleniyor:   6%|▌         | 5659/92284 [00:22<08:34, 168.28sinyal/s]
Veri yükleniyor:   6%|▌         | 5676/92284 [00:22<08:40, 166.38sinyal/s]
Veri yükleniyor:   6%|▌         | 5693/92284 [00:22<08:39, 166.82sinyal/s]
Veri yükleniyor:   6%|▌         | 5710/92284 [00:22<08:39, 166.52sinyal/s]
Veri yükleniyor:   6%|▌         | 5728/92284 [00:22<08:36, 167.73sinyal/s]
Veri yükleniyor:   6%|▌         | 5745/92284 [00:22<08:34, 168.28sinyal/s]
Veri yükleniyor:   6%|▌         | 5762/92284 [00:22<08:34, 168.26sinyal/s]
Veri yükleniyor:   6%|▋         | 5779/92284 [00:22<08:35, 167.72sinyal/s]
Veri yükleniyor:   6%|▋         | 5796/92284 [00:22<08:37, 167.00sinyal/s]
Veri yükleniyor:   6%|▋         | 5813/92284 [00:22<08:35, 167.84sinyal/s]
Veri yükleniyor:   6%|▋         | 5831/92284 [00:23<08:32, 168.70sinyal/s]
Veri yükleniyor:   6%|▋         | 5848/92284 [00:23<08:45, 164.58sinyal/s]
Veri yükleniyor:   6%|▋         | 5865/92284 [00:23<08:55, 161.52sinyal/s]
Veri yükleniyor:   6%|▋         | 5882/92284 [00:23<08:47, 163.65sinyal/s]
Veri yükleniyor:   6%|▋         | 5899/92284 [00:23<08:46, 164.02sinyal/s]
Veri yükleniyor:   6%|▋         | 5917/92284 [00:23<08:39, 166.25sinyal/s]
Veri yükleniyor:   6%|▋         | 5935/92284 [00:23<08:33, 168.32sinyal/s]
Veri yükleniyor:   6%|▋         | 5953/92284 [00:23<08:26, 170.45sinyal/s]
Veri yükleniyor:   6%|▋         | 5971/92284 [00:23<08:32, 168.30sinyal/s]
Veri yükleniyor:   6%|▋         | 5989/92284 [00:24<08:30, 168.90sinyal/s]
Veri yükleniyor:   7%|▋         | 6007/92284 [00:24<08:23, 171.48sinyal/s]
Veri yükleniyor:   7%|▋         | 6025/92284 [00:24<08:37, 166.79sinyal/s]
Veri yükleniyor:   7%|▋         | 6043/92284 [00:24<08:28, 169.47sinyal/s]
Veri yükleniyor:   7%|▋         | 6060/92284 [00:24<08:39, 165.86sinyal/s]
Veri yükleniyor:   7%|▋         | 6077/92284 [00:24<08:38, 166.23sinyal/s]
Veri yükleniyor:   7%|▋         | 6095/92284 [00:24<08:32, 168.08sinyal/s]
Veri yükleniyor:   7%|▋         | 6113/92284 [00:24<08:30, 168.88sinyal/s]
Veri yükleniyor:   7%|▋         | 6130/92284 [00:24<08:32, 168.27sinyal/s]
Veri yükleniyor:   7%|▋         | 6147/92284 [00:24<08:35, 166.97sinyal/s]
Veri yükleniyor:   7%|▋         | 6165/92284 [00:25<08:32, 168.14sinyal/s]
Veri yükleniyor:   7%|▋         | 6182/92284 [00:25<08:35, 166.99sinyal/s]
Veri yükleniyor:   7%|▋         | 6199/92284 [00:25<08:46, 163.50sinyal/s]
Veri yükleniyor:   7%|▋         | 6217/92284 [00:25<08:35, 166.90sinyal/s]
Veri yükleniyor:   7%|▋         | 6234/92284 [00:25<08:44, 164.16sinyal/s]
Veri yükleniyor:   7%|▋         | 6251/92284 [00:25<08:38, 165.81sinyal/s]
Veri yükleniyor:   7%|▋         | 6268/92284 [00:25<08:36, 166.56sinyal/s]
Veri yükleniyor:   7%|▋         | 6285/92284 [00:25<08:35, 166.77sinyal/s]
Veri yükleniyor:   7%|▋         | 6302/92284 [00:25<08:38, 165.96sinyal/s]
Veri yükleniyor:   7%|▋         | 6319/92284 [00:26<08:34, 167.14sinyal/s]
Veri yükleniyor:   7%|▋         | 6336/92284 [00:26<08:34, 167.14sinyal/s]
Veri yükleniyor:   7%|▋         | 6353/92284 [00:26<08:41, 164.91sinyal/s]
Veri yükleniyor:   7%|▋         | 6370/92284 [00:26<08:48, 162.50sinyal/s]
Veri yükleniyor:   7%|▋         | 6387/92284 [00:26<08:52, 161.38sinyal/s]
Veri yükleniyor:   7%|▋         | 6404/92284 [00:26<08:57, 159.64sinyal/s]
Veri yükleniyor:   7%|▋         | 6420/92284 [00:26<09:15, 154.70sinyal/s]
Veri yükleniyor:   7%|▋         | 6436/92284 [00:26<09:40, 147.90sinyal/s]
Veri yükleniyor:   7%|▋         | 6453/92284 [00:26<09:17, 154.04sinyal/s]
Veri yükleniyor:   7%|▋         | 6470/92284 [00:26<09:02, 158.15sinyal/s]
Veri yükleniyor:   7%|▋         | 6488/92284 [00:27<08:47, 162.79sinyal/s]
Veri yükleniyor:   7%|▋         | 6505/92284 [00:27<08:48, 162.29sinyal/s]
Veri yükleniyor:   7%|▋         | 6522/92284 [00:27<08:41, 164.34sinyal/s]
Veri yükleniyor:   7%|▋         | 6539/92284 [00:27<08:37, 165.60sinyal/s]
Veri yükleniyor:   7%|▋         | 6556/92284 [00:27<08:34, 166.49sinyal/s]
Veri yükleniyor:   7%|▋         | 6573/92284 [00:27<08:36, 165.96sinyal/s]
Veri yükleniyor:   7%|▋         | 6591/92284 [00:27<08:30, 167.88sinyal/s]
Veri yükleniyor:   7%|▋         | 6608/92284 [00:27<08:30, 167.98sinyal/s]
Veri yükleniyor:   7%|▋         | 6626/92284 [00:27<08:20, 171.09sinyal/s]
Veri yükleniyor:   7%|▋         | 6644/92284 [00:28<08:30, 167.89sinyal/s]
Veri yükleniyor:   7%|▋         | 6661/92284 [00:28<08:30, 167.61sinyal/s]
Veri yükleniyor:   7%|▋         | 6678/92284 [00:28<08:49, 161.76sinyal/s]
Veri yükleniyor:   7%|▋         | 6695/92284 [00:28<08:47, 162.12sinyal/s]
Veri yükleniyor:   7%|▋         | 6712/92284 [00:28<08:43, 163.56sinyal/s]
Veri yükleniyor:   7%|▋         | 6729/92284 [00:28<08:39, 164.70sinyal/s]
Veri yükleniyor:   7%|▋         | 6747/92284 [00:28<08:31, 167.14sinyal/s]
Veri yükleniyor:   7%|▋         | 6764/92284 [00:28<08:40, 164.45sinyal/s]
Veri yükleniyor:   7%|▋         | 6781/92284 [00:28<08:47, 162.19sinyal/s]
Veri yükleniyor:   7%|▋         | 6799/92284 [00:28<08:37, 165.26sinyal/s]
Veri yükleniyor:   7%|▋         | 6816/92284 [00:29<09:22, 151.96sinyal/s]
Veri yükleniyor:   7%|▋         | 6833/92284 [00:29<09:05, 156.67sinyal/s]
Veri yükleniyor:   7%|▋         | 6849/92284 [00:29<09:10, 155.10sinyal/s]
Veri yükleniyor:   7%|▋         | 6865/92284 [00:29<09:11, 155.02sinyal/s]
Veri yükleniyor:   7%|▋         | 6881/92284 [00:29<09:14, 154.13sinyal/s]
Veri yükleniyor:   7%|▋         | 6898/92284 [00:29<09:06, 156.16sinyal/s]
Veri yükleniyor:   7%|▋         | 6916/92284 [00:29<08:49, 161.19sinyal/s]
Veri yükleniyor:   8%|▊         | 6933/92284 [00:29<08:46, 162.06sinyal/s]
Veri yükleniyor:   8%|▊         | 6950/92284 [00:29<08:40, 163.91sinyal/s]
Veri yükleniyor:   8%|▊         | 6967/92284 [00:30<08:40, 163.91sinyal/s]
Veri yükleniyor:   8%|▊         | 6984/92284 [00:30<08:35, 165.35sinyal/s]
Veri yükleniyor:   8%|▊         | 7001/92284 [00:30<08:34, 165.78sinyal/s]
Veri yükleniyor:   8%|▊         | 7019/92284 [00:30<08:29, 167.35sinyal/s]
Veri yükleniyor:   8%|▊         | 7036/92284 [00:30<08:27, 168.00sinyal/s]
Veri yükleniyor:   8%|▊         | 7053/92284 [00:30<08:36, 165.13sinyal/s]
Veri yükleniyor:   8%|▊         | 7070/92284 [00:30<08:34, 165.68sinyal/s]
Veri yükleniyor:   8%|▊         | 7088/92284 [00:30<08:27, 167.74sinyal/s]
Veri yükleniyor:   8%|▊         | 7105/92284 [00:30<08:32, 166.27sinyal/s]
Veri yükleniyor:   8%|▊         | 7122/92284 [00:30<08:32, 166.29sinyal/s]
Veri yükleniyor:   8%|▊         | 7139/92284 [00:31<08:36, 164.83sinyal/s]
Veri yükleniyor:   8%|▊         | 7156/92284 [00:31<08:39, 163.73sinyal/s]
Veri yükleniyor:   8%|▊         | 7173/92284 [00:31<08:35, 164.98sinyal/s]
Veri yükleniyor:   8%|▊         | 7190/92284 [00:31<08:39, 163.70sinyal/s]
Veri yükleniyor:   8%|▊         | 7207/92284 [00:31<08:42, 162.73sinyal/s]
Veri yükleniyor:   8%|▊         | 7224/92284 [00:31<08:37, 164.28sinyal/s]
Veri yükleniyor:   8%|▊         | 7241/92284 [00:31<08:34, 165.18sinyal/s]
Veri yükleniyor:   8%|▊         | 7258/92284 [00:31<08:30, 166.44sinyal/s]
Veri yükleniyor:   8%|▊         | 7275/92284 [00:31<08:34, 165.21sinyal/s]
Veri yükleniyor:   8%|▊         | 7292/92284 [00:32<08:34, 165.23sinyal/s]
Veri yükleniyor:   8%|▊         | 7309/92284 [00:32<08:36, 164.58sinyal/s]
Veri yükleniyor:   8%|▊         | 7326/92284 [00:32<08:52, 159.61sinyal/s]
Veri yükleniyor:   8%|▊         | 7342/92284 [00:32<08:53, 159.08sinyal/s]
Veri yükleniyor:   8%|▊         | 7359/92284 [00:32<08:44, 161.82sinyal/s]
Veri yükleniyor:   8%|▊         | 7376/92284 [00:32<08:50, 160.04sinyal/s]
Veri yükleniyor:   8%|▊         | 7393/92284 [00:32<08:44, 161.80sinyal/s]
Veri yükleniyor:   8%|▊         | 7410/92284 [00:32<08:42, 162.33sinyal/s]
Veri yükleniyor:   8%|▊         | 7428/92284 [00:32<08:33, 165.26sinyal/s]
Veri yükleniyor:   8%|▊         | 7446/92284 [00:32<08:25, 167.97sinyal/s]
Veri yükleniyor:   8%|▊         | 7464/92284 [00:33<08:22, 168.94sinyal/s]
Veri yükleniyor:   8%|▊         | 7482/92284 [00:33<08:19, 169.61sinyal/s]
Veri yükleniyor:   8%|▊         | 7500/92284 [00:33<08:16, 170.87sinyal/s]
Veri yükleniyor:   8%|▊         | 7518/92284 [00:33<08:21, 168.92sinyal/s]
Veri yükleniyor:   8%|▊         | 7535/92284 [00:33<08:21, 169.07sinyal/s]
Veri yükleniyor:   8%|▊         | 7552/92284 [00:33<08:28, 166.58sinyal/s]
Veri yükleniyor:   8%|▊         | 7569/92284 [00:33<08:45, 161.23sinyal/s]
Veri yükleniyor:   8%|▊         | 7586/92284 [00:33<08:37, 163.68sinyal/s]
Veri yükleniyor:   8%|▊         | 7604/92284 [00:33<08:29, 166.09sinyal/s]
Veri yükleniyor:   8%|▊         | 7621/92284 [00:33<08:33, 164.98sinyal/s]
Veri yükleniyor:   8%|▊         | 7638/92284 [00:34<08:31, 165.65sinyal/s]
Veri yükleniyor:   8%|▊         | 7656/92284 [00:34<08:26, 167.22sinyal/s]
Veri yükleniyor:   8%|▊         | 7673/92284 [00:34<08:34, 164.61sinyal/s]
Veri yükleniyor:   8%|▊         | 7690/92284 [00:34<08:41, 162.30sinyal/s]
Veri yükleniyor:   8%|▊         | 7707/92284 [00:34<08:38, 163.12sinyal/s]
Veri yükleniyor:   8%|▊         | 7725/92284 [00:34<08:27, 166.59sinyal/s]
Veri yükleniyor:   8%|▊         | 7742/92284 [00:34<08:32, 164.81sinyal/s]
Veri yükleniyor:   8%|▊         | 7760/92284 [00:34<08:23, 167.89sinyal/s]
Veri yükleniyor:   8%|▊         | 7777/92284 [00:34<08:24, 167.57sinyal/s]
Veri yükleniyor:   8%|▊         | 7795/92284 [00:35<08:20, 168.67sinyal/s]
Veri yükleniyor:   8%|▊         | 7813/92284 [00:35<08:17, 169.69sinyal/s]
Veri yükleniyor:   8%|▊         | 7830/92284 [00:35<08:22, 168.09sinyal/s]
Veri yükleniyor:   9%|▊         | 7847/92284 [00:35<08:23, 167.71sinyal/s]
Veri yükleniyor:   9%|▊         | 7864/92284 [00:35<08:32, 164.84sinyal/s]
Veri yükleniyor:   9%|▊         | 7881/92284 [00:35<08:35, 163.79sinyal/s]
Veri yükleniyor:   9%|▊         | 7898/92284 [00:35<08:32, 164.77sinyal/s]
Veri yükleniyor:   9%|▊         | 7915/92284 [00:35<08:33, 164.28sinyal/s]
Veri yükleniyor:   9%|▊         | 7933/92284 [00:35<08:23, 167.47sinyal/s]
Veri yükleniyor:   9%|▊         | 7950/92284 [00:35<08:24, 167.25sinyal/s]
Veri yükleniyor:   9%|▊         | 7967/92284 [00:36<09:09, 153.38sinyal/s]
Veri yükleniyor:   9%|▊         | 7984/92284 [00:36<08:54, 157.67sinyal/s]
Veri yükleniyor:   9%|▊         | 8001/92284 [00:36<08:46, 160.01sinyal/s]
Veri yükleniyor:   9%|▊         | 8018/92284 [00:36<08:43, 161.00sinyal/s]
Veri yükleniyor:   9%|▊         | 8036/92284 [00:36<08:34, 163.75sinyal/s]
Veri yükleniyor:   9%|▊         | 8054/92284 [00:36<08:24, 166.95sinyal/s]
Veri yükleniyor:   9%|▊         | 8072/92284 [00:36<08:17, 169.21sinyal/s]
Veri yükleniyor:   9%|▉         | 8090/92284 [00:36<08:16, 169.68sinyal/s]
Veri yükleniyor:   9%|▉         | 8107/92284 [00:36<08:16, 169.67sinyal/s]
Veri yükleniyor:   9%|▉         | 8124/92284 [00:37<08:22, 167.55sinyal/s]
Veri yükleniyor:   9%|▉         | 8142/92284 [00:37<08:20, 168.15sinyal/s]
Veri yükleniyor:   9%|▉         | 8159/92284 [00:37<08:19, 168.39sinyal/s]
Veri yükleniyor:   9%|▉         | 8176/92284 [00:37<08:20, 168.00sinyal/s]
Veri yükleniyor:   9%|▉         | 8193/92284 [00:37<08:24, 166.64sinyal/s]
Veri yükleniyor:   9%|▉         | 8211/92284 [00:37<08:19, 168.46sinyal/s]
Veri yükleniyor:   9%|▉         | 8228/92284 [00:37<08:21, 167.68sinyal/s]
Veri yükleniyor:   9%|▉         | 8245/92284 [00:37<08:27, 165.74sinyal/s]
Veri yükleniyor:   9%|▉         | 8263/92284 [00:37<08:20, 167.73sinyal/s]
Veri yükleniyor:   9%|▉         | 8281/92284 [00:37<08:13, 170.17sinyal/s]
Veri yükleniyor:   9%|▉         | 8299/92284 [00:38<08:20, 167.69sinyal/s]
Veri yükleniyor:   9%|▉         | 8316/92284 [00:38<08:29, 164.85sinyal/s]
Veri yükleniyor:   9%|▉         | 8333/92284 [00:38<08:43, 160.47sinyal/s]
Veri yükleniyor:   9%|▉         | 8350/92284 [00:38<08:37, 162.14sinyal/s]
Veri yükleniyor:   9%|▉         | 8367/92284 [00:38<08:32, 163.78sinyal/s]
Veri yükleniyor:   9%|▉         | 8384/92284 [00:38<08:36, 162.58sinyal/s]
Veri yükleniyor:   9%|▉         | 8402/92284 [00:38<08:25, 165.97sinyal/s]
Veri yükleniyor:   9%|▉         | 8419/92284 [00:38<08:26, 165.50sinyal/s]
Veri yükleniyor:   9%|▉         | 8437/92284 [00:38<08:14, 169.44sinyal/s]
Veri yükleniyor:   9%|▉         | 8454/92284 [00:39<08:16, 168.98sinyal/s]
Veri yükleniyor:   9%|▉         | 8471/92284 [00:39<08:22, 166.71sinyal/s]
Veri yükleniyor:   9%|▉         | 8489/92284 [00:39<08:18, 168.08sinyal/s]
Veri yükleniyor:   9%|▉         | 8506/92284 [00:39<08:18, 168.08sinyal/s]
Veri yükleniyor:   9%|▉         | 8523/92284 [00:39<08:21, 167.17sinyal/s]
Veri yükleniyor:   9%|▉         | 8540/92284 [00:39<08:33, 163.08sinyal/s]
Veri yükleniyor:   9%|▉         | 8557/92284 [00:39<08:46, 158.93sinyal/s]
Veri yükleniyor:   9%|▉         | 8574/92284 [00:39<08:39, 161.23sinyal/s]
Veri yükleniyor:   9%|▉         | 8591/92284 [00:39<08:32, 163.32sinyal/s]
Veri yükleniyor:   9%|▉         | 8609/92284 [00:39<08:20, 167.31sinyal/s]
Veri yükleniyor:   9%|▉         | 8627/92284 [00:40<08:16, 168.65sinyal/s]
Veri yükleniyor:   9%|▉         | 8645/92284 [00:40<08:13, 169.53sinyal/s]
Veri yükleniyor:   9%|▉         | 8662/92284 [00:40<08:20, 167.20sinyal/s]
Veri yükleniyor:   9%|▉         | 8679/92284 [00:40<08:26, 164.98sinyal/s]
Veri yükleniyor:   9%|▉         | 8696/92284 [00:40<08:31, 163.45sinyal/s]
Veri yükleniyor:   9%|▉         | 8713/92284 [00:40<08:31, 163.42sinyal/s]
Veri yükleniyor:   9%|▉         | 8730/92284 [00:40<08:31, 163.47sinyal/s]
Veri yükleniyor:   9%|▉         | 8747/92284 [00:40<08:25, 165.12sinyal/s]
Veri yükleniyor:   9%|▉         | 8765/92284 [00:40<08:16, 168.36sinyal/s]
Veri yükleniyor:  10%|▉         | 8782/92284 [00:41<08:22, 166.27sinyal/s]
Veri yükleniyor:  10%|▉         | 8800/92284 [00:41<08:16, 168.27sinyal/s]
Veri yükleniyor:  10%|▉         | 8817/92284 [00:41<08:28, 164.03sinyal/s]
Veri yükleniyor:  10%|▉         | 8834/92284 [00:41<08:35, 161.74sinyal/s]
Veri yükleniyor:  10%|▉         | 8851/92284 [00:41<08:33, 162.63sinyal/s]
Veri yükleniyor:  10%|▉         | 8869/92284 [00:41<08:23, 165.78sinyal/s]
Veri yükleniyor:  10%|▉         | 8886/92284 [00:41<08:36, 161.47sinyal/s]
Veri yükleniyor:  10%|▉         | 8903/92284 [00:41<08:36, 161.47sinyal/s]
Veri yükleniyor:  10%|▉         | 8920/92284 [00:41<09:33, 145.27sinyal/s]
Veri yükleniyor:  10%|▉         | 8935/92284 [00:42<09:53, 140.39sinyal/s]
Veri yükleniyor:  10%|▉         | 8952/92284 [00:42<09:27, 146.84sinyal/s]
Veri yükleniyor:  10%|▉         | 8969/92284 [00:42<09:10, 151.33sinyal/s]
Veri yükleniyor:  10%|▉         | 8987/92284 [00:42<08:46, 158.10sinyal/s]
Veri yükleniyor:  10%|▉         | 9004/92284 [00:42<08:40, 160.02sinyal/s]
Veri yükleniyor:  10%|▉         | 9022/92284 [00:42<08:28, 163.72sinyal/s]
Veri yükleniyor:  10%|▉         | 9039/92284 [00:42<08:26, 164.34sinyal/s]
Veri yükleniyor:  10%|▉         | 9056/92284 [00:42<08:28, 163.68sinyal/s]
Veri yükleniyor:  10%|▉         | 9074/92284 [00:42<08:18, 166.79sinyal/s]
Veri yükleniyor:  10%|▉         | 9091/92284 [00:42<09:02, 153.46sinyal/s]
Veri yükleniyor:  10%|▉         | 9108/92284 [00:43<08:53, 155.82sinyal/s]
Veri yükleniyor:  10%|▉         | 9125/92284 [00:43<08:44, 158.66sinyal/s]
Veri yükleniyor:  10%|▉         | 9142/92284 [00:43<08:41, 159.50sinyal/s]
Veri yükleniyor:  10%|▉         | 9159/92284 [00:43<08:36, 161.09sinyal/s]
Veri yükleniyor:  10%|▉         | 9176/92284 [00:43<08:28, 163.42sinyal/s]
Veri yükleniyor:  10%|▉         | 9193/92284 [00:43<08:28, 163.53sinyal/s]
Veri yükleniyor:  10%|▉         | 9211/92284 [00:43<08:22, 165.29sinyal/s]
Veri yükleniyor:  10%|▉         | 9228/92284 [00:43<08:22, 165.36sinyal/s]
Veri yükleniyor:  10%|█         | 9245/92284 [00:43<08:18, 166.60sinyal/s]
Veri yükleniyor:  10%|█         | 9262/92284 [00:44<08:24, 164.57sinyal/s]
Veri yükleniyor:  10%|█         | 9279/92284 [00:44<08:22, 165.05sinyal/s]
Veri yükleniyor:  10%|█         | 9296/92284 [00:44<08:27, 163.41sinyal/s]
Veri yükleniyor:  10%|█         | 9313/92284 [00:44<08:40, 159.27sinyal/s]
Veri yükleniyor:  10%|█         | 9330/92284 [00:44<08:36, 160.65sinyal/s]
Veri yükleniyor:  10%|█         | 9347/92284 [00:44<08:44, 158.17sinyal/s]
Veri yükleniyor:  10%|█         | 9363/92284 [00:44<09:19, 148.30sinyal/s]
Veri yükleniyor:  10%|█         | 9379/92284 [00:44<09:09, 150.75sinyal/s]
Veri yükleniyor:  10%|█         | 9396/92284 [00:44<08:58, 154.05sinyal/s]
Veri yükleniyor:  10%|█         | 9403/92284 [01:00<08:58, 154.05sinyal/s]
Veri yükleniyor:  10%|█         | 9404/92284 [01:03<9:13:51,  2.49sinyal/s]
Veri yükleniyor:  10%|█         | 9434/92284 [01:03<4:51:21,  4.74sinyal/s]
Veri yükleniyor:  10%|█         | 9468/92284 [01:03<2:46:00,  8.31sinyal/s]
Veri yükleniyor:  10%|█         | 9492/92284 [01:03<1:57:47, 11.71sinyal/s]
Veri yükleniyor:  10%|█         | 9525/92284 [01:03<1:15:11, 18.34sinyal/s]
Veri yükleniyor:  10%|█         | 9557/92284 [01:03<50:57, 27.05sinyal/s]  
Veri yükleniyor:  10%|█         | 9590/92284 [01:04<35:17, 39.05sinyal/s]
Veri yükleniyor:  10%|█         | 9623/92284 [01:04<25:12, 54.64sinyal/s]
Veri yükleniyor:  10%|█         | 9655/92284 [01:04<18:45, 73.39sinyal/s]
Veri yükleniyor:  10%|█         | 9689/92284 [01:04<14:05, 97.67sinyal/s]
Veri yükleniyor:  11%|█         | 9722/92284 [01:04<11:04, 124.24sinyal/s]
Veri yükleniyor:  11%|█         | 9754/92284 [01:04<09:07, 150.77sinyal/s]
Veri yükleniyor:  11%|█         | 9787/92284 [01:04<07:36, 180.70sinyal/s]
Veri yükleniyor:  11%|█         | 9819/92284 [01:04<06:37, 207.38sinyal/s]
Veri yükleniyor:  11%|█         | 9851/92284 [01:04<06:03, 226.74sinyal/s]
Veri yükleniyor:  11%|█         | 9884/92284 [01:04<05:30, 249.69sinyal/s]
Veri yükleniyor:  11%|█         | 9917/92284 [01:05<05:07, 267.94sinyal/s]
Veri yükleniyor:  11%|█         | 9951/92284 [01:05<04:48, 284.97sinyal/s]
Veri yükleniyor:  11%|█         | 9984/92284 [01:05<04:46, 287.65sinyal/s]
Veri yükleniyor:  11%|█         | 10016/92284 [01:05<04:41, 291.86sinyal/s]
Veri yükleniyor:  11%|█         | 10049/92284 [01:05<04:33, 301.02sinyal/s]
Veri yükleniyor:  11%|█         | 10082/92284 [01:05<04:26, 308.24sinyal/s]
Veri yükleniyor:  11%|█         | 10114/92284 [01:05<04:29, 304.46sinyal/s]
Veri yükleniyor:  11%|█         | 10146/92284 [01:05<04:27, 306.77sinyal/s]
Veri yükleniyor:  11%|█         | 10178/92284 [01:07<23:55, 57.21sinyal/s] 
Veri yükleniyor:  11%|█         | 10212/92284 [01:07<17:45, 77.02sinyal/s]
Veri yükleniyor:  11%|█         | 10246/92284 [01:07<13:33, 100.89sinyal/s]
Veri yükleniyor:  11%|█         | 10279/92284 [01:07<10:46, 126.83sinyal/s]
Veri yükleniyor:  11%|█         | 10313/92284 [01:07<08:44, 156.21sinyal/s]
Veri yükleniyor:  11%|█         | 10346/92284 [01:07<07:24, 184.39sinyal/s]
Veri yükleniyor:  11%|█         | 10378/92284 [01:08<06:31, 209.18sinyal/s]
Veri yükleniyor:  11%|█▏        | 10411/92284 [01:08<05:49, 234.30sinyal/s]
Veri yükleniyor:  11%|█▏        | 10443/92284 [01:08<05:27, 249.60sinyal/s]
Veri yükleniyor:  11%|█▏        | 10475/92284 [01:08<05:06, 266.49sinyal/s]
Veri yükleniyor:  11%|█▏        | 10507/92284 [01:08<04:53, 278.70sinyal/s]
Veri yükleniyor:  11%|█▏        | 10539/92284 [01:08<04:43, 288.67sinyal/s]
Veri yükleniyor:  11%|█▏        | 10571/92284 [01:08<04:39, 292.26sinyal/s]
Veri yükleniyor:  11%|█▏        | 10604/92284 [01:08<04:31, 301.14sinyal/s]
Veri yükleniyor:  12%|█▏        | 10636/92284 [01:08<04:27, 305.37sinyal/s]
Veri yükleniyor:  12%|█▏        | 10668/92284 [01:09<04:26, 306.72sinyal/s]
Veri yükleniyor:  12%|█▏        | 10700/92284 [01:09<04:24, 307.93sinyal/s]
Veri yükleniyor:  12%|█▏        | 10733/92284 [01:09<04:21, 311.56sinyal/s]
Veri yükleniyor:  12%|█▏        | 10766/92284 [01:09<04:17, 316.11sinyal/s]
Veri yükleniyor:  12%|█▏        | 10799/92284 [01:09<04:14, 319.83sinyal/s]
Veri yükleniyor:  12%|█▏        | 10832/92284 [01:09<04:13, 320.81sinyal/s]
Veri yükleniyor:  12%|█▏        | 10865/92284 [01:09<04:12, 322.91sinyal/s]
Veri yükleniyor:  12%|█▏        | 10898/92284 [01:09<04:13, 320.65sinyal/s]
Veri yükleniyor:  12%|█▏        | 10931/92284 [01:09<04:12, 322.28sinyal/s]
Veri yükleniyor:  12%|█▏        | 10964/92284 [01:09<04:11, 323.91sinyal/s]
Veri yükleniyor:  12%|█▏        | 10997/92284 [01:10<04:14, 320.02sinyal/s]
Veri yükleniyor:  12%|█▏        | 11031/92284 [01:10<04:10, 324.98sinyal/s]
Veri yükleniyor:  12%|█▏        | 11064/92284 [01:10<04:14, 318.96sinyal/s]
Veri yükleniyor:  12%|█▏        | 11097/92284 [01:10<04:13, 320.47sinyal/s]
Veri yükleniyor:  12%|█▏        | 11130/92284 [01:10<04:16, 316.40sinyal/s]
Veri yükleniyor:  12%|█▏        | 11162/92284 [01:10<04:18, 313.61sinyal/s]
Veri yükleniyor:  12%|█▏        | 11195/92284 [01:10<04:16, 316.41sinyal/s]
Veri yükleniyor:  12%|█▏        | 11227/92284 [01:10<04:18, 313.57sinyal/s]
Veri yükleniyor:  12%|█▏        | 11259/92284 [01:10<04:20, 311.04sinyal/s]
Veri yükleniyor:  12%|█▏        | 11292/92284 [01:10<04:18, 313.42sinyal/s]
Veri yükleniyor:  12%|█▏        | 11324/92284 [01:11<10:38, 126.87sinyal/s]
Veri yükleniyor:  12%|█▏        | 11348/92284 [01:11<09:54, 136.19sinyal/s]
Veri yükleniyor:  12%|█▏        | 11380/92284 [01:11<08:07, 166.10sinyal/s]
Veri yükleniyor:  12%|█▏        | 11412/92284 [01:11<06:54, 195.06sinyal/s]
Veri yükleniyor:  12%|█▏        | 11447/92284 [01:12<05:56, 226.92sinyal/s]
Veri yükleniyor:  12%|█▏        | 11479/92284 [01:12<05:27, 246.90sinyal/s]
Veri yükleniyor:  12%|█▏        | 11511/92284 [01:12<05:05, 264.04sinyal/s]
Veri yükleniyor:  13%|█▎        | 11546/92284 [01:12<04:43, 284.59sinyal/s]
Veri yükleniyor:  13%|█▎        | 11580/92284 [01:12<04:31, 297.11sinyal/s]
Veri yükleniyor:  13%|█▎        | 11612/92284 [01:12<04:26, 302.60sinyal/s]
Veri yükleniyor:  13%|█▎        | 11644/92284 [01:12<04:35, 293.23sinyal/s]
Veri yükleniyor:  13%|█▎        | 11676/92284 [01:12<04:29, 299.35sinyal/s]
Veri yükleniyor:  13%|█▎        | 11709/92284 [01:12<04:23, 305.70sinyal/s]
Veri yükleniyor:  13%|█▎        | 11742/92284 [01:12<04:18, 311.60sinyal/s]
Veri yükleniyor:  13%|█▎        | 11775/92284 [01:13<04:16, 313.42sinyal/s]
Veri yükleniyor:  13%|█▎        | 11808/92284 [01:13<04:14, 316.75sinyal/s]
Veri yükleniyor:  13%|█▎        | 11841/92284 [01:13<04:11, 319.27sinyal/s]
Veri yükleniyor:  13%|█▎        | 11874/92284 [01:13<04:12, 318.57sinyal/s]
Veri yükleniyor:  13%|█▎        | 11906/92284 [01:13<04:12, 318.57sinyal/s]
Veri yükleniyor:  13%|█▎        | 11939/92284 [01:13<04:11, 319.55sinyal/s]
Veri yükleniyor:  13%|█▎        | 11972/92284 [01:13<04:12, 318.25sinyal/s]
Veri yükleniyor:  13%|█▎        | 12005/92284 [01:13<04:12, 318.44sinyal/s]
Veri yükleniyor:  13%|█▎        | 12037/92284 [01:13<04:11, 318.61sinyal/s]
Veri yükleniyor:  13%|█▎        | 12071/92284 [01:13<04:09, 321.75sinyal/s]
Veri yükleniyor:  13%|█▎        | 12104/92284 [01:14<04:10, 320.30sinyal/s]
Veri yükleniyor:  13%|█▎        | 12138/92284 [01:14<04:06, 325.31sinyal/s]
Veri yükleniyor:  13%|█▎        | 12171/92284 [01:14<04:15, 313.81sinyal/s]
Veri yükleniyor:  13%|█▎        | 12203/92284 [01:14<04:16, 311.93sinyal/s]
Veri yükleniyor:  13%|█▎        | 12236/92284 [01:14<04:13, 315.97sinyal/s]
Veri yükleniyor:  13%|█▎        | 12268/92284 [01:14<04:15, 313.67sinyal/s]
Veri yükleniyor:  13%|█▎        | 12300/92284 [01:14<04:13, 315.40sinyal/s]
Veri yükleniyor:  13%|█▎        | 12332/92284 [01:14<04:12, 316.54sinyal/s]
Veri yükleniyor:  13%|█▎        | 12364/92284 [01:14<04:17, 310.52sinyal/s]
Veri yükleniyor:  13%|█▎        | 12396/92284 [01:15<04:16, 311.93sinyal/s]
Veri yükleniyor:  13%|█▎        | 12428/92284 [01:15<04:16, 311.32sinyal/s]
Veri yükleniyor:  14%|█▎        | 12461/92284 [01:15<04:13, 314.76sinyal/s]
Veri yükleniyor:  14%|█▎        | 12493/92284 [01:15<10:38, 125.01sinyal/s]
Veri yükleniyor:  14%|█▎        | 12526/92284 [01:15<08:38, 153.69sinyal/s]
Veri yükleniyor:  14%|█▎        | 12559/92284 [01:16<07:16, 182.63sinyal/s]
Veri yükleniyor:  14%|█▎        | 12592/92284 [01:16<06:18, 210.28sinyal/s]
Veri yükleniyor:  14%|█▎        | 12626/92284 [01:16<05:36, 236.87sinyal/s]
Veri yükleniyor:  14%|█▎        | 12660/92284 [01:16<05:05, 260.42sinyal/s]
Veri yükleniyor:  14%|█▍        | 12693/92284 [01:16<04:48, 275.73sinyal/s]
Veri yükleniyor:  14%|█▍        | 12725/92284 [01:16<04:38, 286.11sinyal/s]
Veri yükleniyor:  14%|█▍        | 12757/92284 [01:16<04:30, 294.53sinyal/s]
Veri yükleniyor:  14%|█▍        | 12790/92284 [01:16<04:22, 303.13sinyal/s]
Veri yükleniyor:  14%|█▍        | 12822/92284 [01:16<04:19, 306.38sinyal/s]
Veri yükleniyor:  14%|█▍        | 12854/92284 [01:16<04:18, 306.90sinyal/s]
Veri yükleniyor:  14%|█▍        | 12886/92284 [01:17<04:17, 308.47sinyal/s]
Veri yükleniyor:  14%|█▍        | 12918/92284 [01:17<04:15, 310.99sinyal/s]
Veri yükleniyor:  14%|█▍        | 12950/92284 [01:17<04:21, 303.26sinyal/s]
Veri yükleniyor:  14%|█▍        | 12983/92284 [01:17<04:15, 310.22sinyal/s]
Veri yükleniyor:  14%|█▍        | 13016/92284 [01:17<04:13, 312.95sinyal/s]
Veri yükleniyor:  14%|█▍        | 13048/92284 [01:17<04:14, 311.95sinyal/s]
Veri yükleniyor:  14%|█▍        | 13081/92284 [01:17<04:11, 314.94sinyal/s]
Veri yükleniyor:  14%|█▍        | 13113/92284 [01:17<04:16, 308.51sinyal/s]
Veri yükleniyor:  14%|█▍        | 13144/92284 [01:17<04:23, 300.57sinyal/s]
Veri yükleniyor:  14%|█▍        | 13177/92284 [01:17<04:16, 308.88sinyal/s]
Veri yükleniyor:  14%|█▍        | 13208/92284 [01:18<05:04, 259.77sinyal/s]
Veri yükleniyor:  14%|█▍        | 13241/92284 [01:18<04:45, 276.50sinyal/s]
Veri yükleniyor:  14%|█▍        | 13273/92284 [01:18<04:34, 287.69sinyal/s]
Veri yükleniyor:  14%|█▍        | 13307/92284 [01:18<04:23, 299.98sinyal/s]
Veri yükleniyor:  14%|█▍        | 13338/92284 [01:18<04:25, 297.04sinyal/s]
Veri yükleniyor:  14%|█▍        | 13369/92284 [01:18<04:23, 299.43sinyal/s]
Veri yükleniyor:  15%|█▍        | 13400/92284 [01:18<04:24, 298.07sinyal/s]
Veri yükleniyor:  15%|█▍        | 13432/92284 [01:18<04:21, 301.68sinyal/s]
Veri yükleniyor:  15%|█▍        | 13465/92284 [01:18<04:15, 307.98sinyal/s]
Veri yükleniyor:  15%|█▍        | 13497/92284 [01:19<04:13, 310.83sinyal/s]
Veri yükleniyor:  15%|█▍        | 13531/92284 [01:19<04:08, 317.23sinyal/s]
Veri yükleniyor:  15%|█▍        | 13563/92284 [01:19<04:08, 317.41sinyal/s]
Veri yükleniyor:  15%|█▍        | 13595/92284 [01:19<04:08, 316.55sinyal/s]
Veri yükleniyor:  15%|█▍        | 13627/92284 [01:19<04:08, 317.09sinyal/s]
Veri yükleniyor:  15%|█▍        | 13660/92284 [01:19<04:05, 319.68sinyal/s]
Veri yükleniyor:  15%|█▍        | 13692/92284 [01:19<04:10, 314.16sinyal/s]
Veri yükleniyor:  15%|█▍        | 13724/92284 [01:19<04:12, 311.20sinyal/s]
Veri yükleniyor:  15%|█▍        | 13756/92284 [01:19<04:12, 311.14sinyal/s]
Veri yükleniyor:  15%|█▍        | 13788/92284 [01:20<04:12, 311.02sinyal/s]
Veri yükleniyor:  15%|█▍        | 13820/92284 [01:20<04:11, 312.04sinyal/s]
Veri yükleniyor:  15%|█▌        | 13852/92284 [01:20<04:13, 309.80sinyal/s]
Veri yükleniyor:  15%|█▌        | 13883/92284 [01:20<04:17, 304.21sinyal/s]
Veri yükleniyor:  15%|█▌        | 13915/92284 [01:20<04:13, 308.56sinyal/s]
Veri yükleniyor:  15%|█▌        | 13949/92284 [01:20<04:08, 315.18sinyal/s]
Veri yükleniyor:  15%|█▌        | 13981/92284 [01:20<04:07, 315.80sinyal/s]
Veri yükleniyor:  15%|█▌        | 14013/92284 [01:20<04:07, 316.51sinyal/s]
Veri yükleniyor:  15%|█▌        | 14045/92284 [01:20<04:08, 314.81sinyal/s]
Veri yükleniyor:  15%|█▌        | 14078/92284 [01:20<04:05, 317.93sinyal/s]
Veri yükleniyor:  15%|█▌        | 14110/92284 [01:21<04:22, 298.26sinyal/s]
Veri yükleniyor:  15%|█▌        | 14141/92284 [01:21<05:17, 246.23sinyal/s]
Veri yükleniyor:  15%|█▌        | 14168/92284 [01:21<05:56, 219.32sinyal/s]
Veri yükleniyor:  15%|█▌        | 14192/92284 [01:21<06:23, 203.72sinyal/s]
Veri yükleniyor:  15%|█▌        | 14214/92284 [01:21<06:40, 195.05sinyal/s]
Veri yükleniyor:  15%|█▌        | 14235/92284 [01:21<06:56, 187.31sinyal/s]
Veri yükleniyor:  15%|█▌        | 14255/92284 [01:21<07:08, 181.91sinyal/s]
Veri yükleniyor:  15%|█▌        | 14274/92284 [01:22<07:52, 165.20sinyal/s]
Veri yükleniyor:  15%|█▌        | 14292/92284 [01:22<07:46, 167.18sinyal/s]
Veri yükleniyor:  16%|█▌        | 14310/92284 [01:22<07:43, 168.35sinyal/s]
Veri yükleniyor:  16%|█▌        | 14328/92284 [01:22<07:39, 169.76sinyal/s]
Veri yükleniyor:  16%|█▌        | 14346/92284 [01:22<07:43, 168.02sinyal/s]
Veri yükleniyor:  16%|█▌        | 14364/92284 [01:22<07:40, 169.26sinyal/s]
Veri yükleniyor:  16%|█▌        | 14382/92284 [01:22<07:37, 170.40sinyal/s]
Veri yükleniyor:  16%|█▌        | 14400/92284 [01:22<07:39, 169.44sinyal/s]
Veri yükleniyor:  16%|█▌        | 14418/92284 [01:22<07:36, 170.62sinyal/s]
Veri yükleniyor:  16%|█▌        | 14436/92284 [01:23<07:40, 169.03sinyal/s]
Veri yükleniyor:  16%|█▌        | 14454/92284 [01:23<07:37, 169.96sinyal/s]
Veri yükleniyor:  16%|█▌        | 14472/92284 [01:23<07:37, 170.02sinyal/s]
Veri yükleniyor:  16%|█▌        | 14490/92284 [01:23<07:44, 167.35sinyal/s]
Veri yükleniyor:  16%|█▌        | 14507/92284 [01:23<07:42, 168.07sinyal/s]
Veri yükleniyor:  16%|█▌        | 14524/92284 [01:23<07:44, 167.41sinyal/s]
Veri yükleniyor:  16%|█▌        | 14542/92284 [01:23<07:39, 169.27sinyal/s]
Veri yükleniyor:  16%|█▌        | 14559/92284 [01:23<07:41, 168.59sinyal/s]
Veri yükleniyor:  16%|█▌        | 14576/92284 [01:23<07:48, 165.80sinyal/s]
Veri yükleniyor:  16%|█▌        | 14594/92284 [01:23<07:43, 167.56sinyal/s]
Veri yükleniyor:  16%|█▌        | 14611/92284 [01:24<07:42, 167.93sinyal/s]
Veri yükleniyor:  16%|█▌        | 14628/92284 [01:24<07:45, 166.66sinyal/s]
Veri yükleniyor:  16%|█▌        | 14645/92284 [01:24<07:46, 166.42sinyal/s]
Veri yükleniyor:  16%|█▌        | 14663/92284 [01:24<07:42, 167.89sinyal/s]
Veri yükleniyor:  16%|█▌        | 14680/92284 [01:24<07:44, 167.20sinyal/s]
Veri yükleniyor:  16%|█▌        | 14697/92284 [01:24<07:44, 167.04sinyal/s]
Veri yükleniyor:  16%|█▌        | 14714/92284 [01:24<07:43, 167.19sinyal/s]
Veri yükleniyor:  16%|█▌        | 14731/92284 [01:24<07:43, 167.38sinyal/s]
Veri yükleniyor:  16%|█▌        | 14748/92284 [01:24<07:50, 164.81sinyal/s]
Veri yükleniyor:  16%|█▌        | 14765/92284 [01:24<07:51, 164.57sinyal/s]
Veri yükleniyor:  16%|█▌        | 14782/92284 [01:25<07:52, 164.00sinyal/s]
Veri yükleniyor:  16%|█▌        | 14800/92284 [01:25<07:44, 166.63sinyal/s]
Veri yükleniyor:  16%|█▌        | 14817/92284 [01:25<07:47, 165.69sinyal/s]
Veri yükleniyor:  16%|█▌        | 14834/92284 [01:25<07:47, 165.73sinyal/s]
Veri yükleniyor:  16%|█▌        | 14851/92284 [01:25<07:47, 165.78sinyal/s]
Veri yükleniyor:  16%|█▌        | 14869/92284 [01:25<07:38, 168.79sinyal/s]
Veri yükleniyor:  16%|█▌        | 14887/92284 [01:25<07:33, 170.52sinyal/s]
Veri yükleniyor:  16%|█▌        | 14905/92284 [01:25<07:37, 169.17sinyal/s]
Veri yükleniyor:  16%|█▌        | 14922/92284 [01:25<07:37, 169.04sinyal/s]
Veri yükleniyor:  16%|█▌        | 14939/92284 [01:26<07:43, 167.03sinyal/s]
Veri yükleniyor:  16%|█▌        | 14956/92284 [01:26<07:49, 164.76sinyal/s]
Veri yükleniyor:  16%|█▌        | 14973/92284 [01:26<07:50, 164.49sinyal/s]
Veri yükleniyor:  16%|█▌        | 14991/92284 [01:26<07:45, 166.20sinyal/s]
Veri yükleniyor:  16%|█▋        | 15008/92284 [01:26<07:44, 166.52sinyal/s]
Veri yükleniyor:  16%|█▋        | 15025/92284 [01:26<07:49, 164.51sinyal/s]
Veri yükleniyor:  16%|█▋        | 15043/92284 [01:26<07:39, 168.03sinyal/s]
Veri yükleniyor:  16%|█▋        | 15061/92284 [01:26<07:35, 169.62sinyal/s]
Veri yükleniyor:  16%|█▋        | 15079/92284 [01:26<07:31, 171.06sinyal/s]
Veri yükleniyor:  16%|█▋        | 15097/92284 [01:26<07:29, 171.71sinyal/s]
Veri yükleniyor:  16%|█▋        | 15115/92284 [01:27<07:42, 166.75sinyal/s]
Veri yükleniyor:  16%|█▋        | 15133/92284 [01:27<07:35, 169.22sinyal/s]
Veri yükleniyor:  16%|█▋        | 15150/92284 [01:27<07:35, 169.20sinyal/s]
Veri yükleniyor:  16%|█▋        | 15167/92284 [01:27<07:46, 165.40sinyal/s]
Veri yükleniyor:  16%|█▋        | 15184/92284 [01:27<07:42, 166.72sinyal/s]
Veri yükleniyor:  16%|█▋        | 15201/92284 [01:27<07:45, 165.60sinyal/s]
Veri yükleniyor:  16%|█▋        | 15218/92284 [01:27<07:44, 166.00sinyal/s]
Veri yükleniyor:  17%|█▋        | 15235/92284 [01:27<07:41, 166.81sinyal/s]
Veri yükleniyor:  17%|█▋        | 15252/92284 [01:27<07:44, 165.95sinyal/s]
Veri yükleniyor:  17%|█▋        | 15270/92284 [01:27<07:37, 168.20sinyal/s]
Veri yükleniyor:  17%|█▋        | 15287/92284 [01:28<07:39, 167.58sinyal/s]
Veri yükleniyor:  17%|█▋        | 15304/92284 [01:28<07:39, 167.37sinyal/s]
Veri yükleniyor:  17%|█▋        | 15322/92284 [01:28<07:34, 169.19sinyal/s]
Veri yükleniyor:  17%|█▋        | 15340/92284 [01:28<07:27, 172.04sinyal/s]
Veri yükleniyor:  17%|█▋        | 15358/92284 [01:28<07:32, 170.09sinyal/s]
Veri yükleniyor:  17%|█▋        | 15376/92284 [01:28<07:28, 171.35sinyal/s]
Veri yükleniyor:  17%|█▋        | 15394/92284 [01:28<07:30, 170.70sinyal/s]
Veri yükleniyor:  17%|█▋        | 15412/92284 [01:28<07:34, 169.12sinyal/s]
Veri yükleniyor:  17%|█▋        | 15429/92284 [01:28<07:35, 168.63sinyal/s]
Veri yükleniyor:  17%|█▋        | 15446/92284 [01:29<07:48, 163.90sinyal/s]
Veri yükleniyor:  17%|█▋        | 15464/92284 [01:29<07:42, 166.18sinyal/s]
Veri yükleniyor:  17%|█▋        | 15481/92284 [01:29<07:46, 164.46sinyal/s]
Veri yükleniyor:  17%|█▋        | 15498/92284 [01:29<08:01, 159.52sinyal/s]
Veri yükleniyor:  17%|█▋        | 15515/92284 [01:29<08:00, 159.73sinyal/s]
Veri yükleniyor:  17%|█▋        | 15531/92284 [01:29<08:35, 148.78sinyal/s]
Veri yükleniyor:  17%|█▋        | 15548/92284 [01:29<08:17, 154.19sinyal/s]
Veri yükleniyor:  17%|█▋        | 15565/92284 [01:29<08:08, 157.13sinyal/s]
Veri yükleniyor:  17%|█▋        | 15582/92284 [01:29<07:59, 160.08sinyal/s]
Veri yükleniyor:  17%|█▋        | 15599/92284 [01:30<07:50, 162.91sinyal/s]
Veri yükleniyor:  17%|█▋        | 15616/92284 [01:30<07:45, 164.61sinyal/s]
Veri yükleniyor:  17%|█▋        | 15633/92284 [01:30<07:46, 164.32sinyal/s]
Veri yükleniyor:  17%|█▋        | 15650/92284 [01:30<07:42, 165.73sinyal/s]
Veri yükleniyor:  17%|█▋        | 15667/92284 [01:30<07:44, 164.81sinyal/s]
Veri yükleniyor:  17%|█▋        | 15685/92284 [01:30<07:35, 168.15sinyal/s]
Veri yükleniyor:  17%|█▋        | 15702/92284 [01:30<07:42, 165.69sinyal/s]
Veri yükleniyor:  17%|█▋        | 15719/92284 [01:30<07:40, 166.36sinyal/s]
Veri yükleniyor:  17%|█▋        | 15736/92284 [01:30<07:43, 165.04sinyal/s]
Veri yükleniyor:  17%|█▋        | 15753/92284 [01:30<07:43, 165.00sinyal/s]
Veri yükleniyor:  17%|█▋        | 15770/92284 [01:31<07:57, 160.18sinyal/s]
Veri yükleniyor:  17%|█▋        | 15787/92284 [01:31<07:52, 162.06sinyal/s]
Veri yükleniyor:  17%|█▋        | 15804/92284 [01:31<07:47, 163.42sinyal/s]
Veri yükleniyor:  17%|█▋        | 15821/92284 [01:31<07:45, 164.17sinyal/s]
Veri yükleniyor:  17%|█▋        | 15838/92284 [01:31<07:45, 164.29sinyal/s]
Veri yükleniyor:  17%|█▋        | 15855/92284 [01:31<07:45, 164.17sinyal/s]
Veri yükleniyor:  17%|█▋        | 15872/92284 [01:31<07:46, 163.81sinyal/s]
Veri yükleniyor:  17%|█▋        | 15889/92284 [01:31<07:45, 164.19sinyal/s]
Veri yükleniyor:  17%|█▋        | 15906/92284 [01:31<07:45, 164.22sinyal/s]
Veri yükleniyor:  17%|█▋        | 15923/92284 [01:31<07:47, 163.51sinyal/s]
Veri yükleniyor:  17%|█▋        | 15940/92284 [01:32<07:49, 162.66sinyal/s]
Veri yükleniyor:  17%|█▋        | 15958/92284 [01:32<07:41, 165.47sinyal/s]
Veri yükleniyor:  17%|█▋        | 15975/92284 [01:32<07:59, 159.15sinyal/s]
Veri yükleniyor:  17%|█▋        | 15992/92284 [01:32<07:51, 161.90sinyal/s]
Veri yükleniyor:  17%|█▋        | 16009/92284 [01:32<07:46, 163.40sinyal/s]
Veri yükleniyor:  17%|█▋        | 16026/92284 [01:32<07:42, 164.83sinyal/s]
Veri yükleniyor:  17%|█▋        | 16043/92284 [01:32<07:40, 165.61sinyal/s]
Veri yükleniyor:  17%|█▋        | 16061/92284 [01:32<07:33, 168.25sinyal/s]
Veri yükleniyor:  17%|█▋        | 16079/92284 [01:32<07:27, 170.19sinyal/s]
Veri yükleniyor:  17%|█▋        | 16097/92284 [01:33<07:41, 165.01sinyal/s]
Veri yükleniyor:  17%|█▋        | 16114/92284 [01:33<07:42, 164.74sinyal/s]
Veri yükleniyor:  17%|█▋        | 16131/92284 [01:33<07:43, 164.34sinyal/s]
Veri yükleniyor:  17%|█▋        | 16148/92284 [01:33<07:45, 163.48sinyal/s]
Veri yükleniyor:  18%|█▊        | 16165/92284 [01:33<07:41, 164.89sinyal/s]
Veri yükleniyor:  18%|█▊        | 16183/92284 [01:33<07:34, 167.29sinyal/s]
Veri yükleniyor:  18%|█▊        | 16200/92284 [01:33<07:45, 163.46sinyal/s]
Veri yükleniyor:  18%|█▊        | 16217/92284 [01:33<07:43, 164.28sinyal/s]
Veri yükleniyor:  18%|█▊        | 16234/92284 [01:33<07:41, 164.68sinyal/s]
Veri yükleniyor:  18%|█▊        | 16251/92284 [01:33<07:42, 164.26sinyal/s]
Veri yükleniyor:  18%|█▊        | 16268/92284 [01:34<07:48, 162.25sinyal/s]
Veri yükleniyor:  18%|█▊        | 16285/92284 [01:34<07:45, 163.09sinyal/s]
Veri yükleniyor:  18%|█▊        | 16302/92284 [01:34<07:46, 162.77sinyal/s]
Veri yükleniyor:  18%|█▊        | 16319/92284 [01:34<07:45, 163.35sinyal/s]
Veri yükleniyor:  18%|█▊        | 16336/92284 [01:34<07:43, 163.79sinyal/s]
Veri yükleniyor:  18%|█▊        | 16354/92284 [01:34<07:38, 165.78sinyal/s]
Veri yükleniyor:  18%|█▊        | 16371/92284 [01:34<07:41, 164.34sinyal/s]
Veri yükleniyor:  18%|█▊        | 16389/92284 [01:34<07:32, 167.65sinyal/s]
Veri yükleniyor:  18%|█▊        | 16406/92284 [01:34<07:36, 166.33sinyal/s]
Veri yükleniyor:  18%|█▊        | 16423/92284 [01:35<07:36, 166.12sinyal/s]
Veri yükleniyor:  18%|█▊        | 16440/92284 [01:35<07:42, 164.05sinyal/s]
Veri yükleniyor:  18%|█▊        | 16457/92284 [01:35<07:44, 163.22sinyal/s]
Veri yükleniyor:  18%|█▊        | 16474/92284 [01:35<07:48, 161.72sinyal/s]
Veri yükleniyor:  18%|█▊        | 16491/92284 [01:35<07:52, 160.26sinyal/s]
Veri yükleniyor:  18%|█▊        | 16508/92284 [01:35<07:49, 161.33sinyal/s]
Veri yükleniyor:  18%|█▊        | 16525/92284 [01:35<07:43, 163.62sinyal/s]
Veri yükleniyor:  18%|█▊        | 16542/92284 [01:35<07:42, 163.74sinyal/s]
Veri yükleniyor:  18%|█▊        | 16560/92284 [01:35<07:34, 166.67sinyal/s]
Veri yükleniyor:  18%|█▊        | 16577/92284 [01:35<07:57, 158.42sinyal/s]
Veri yükleniyor:  18%|█▊        | 16593/92284 [01:36<08:33, 147.40sinyal/s]
Veri yükleniyor:  18%|█▊        | 16611/92284 [01:36<08:08, 154.83sinyal/s]
Veri yükleniyor:  18%|█▊        | 16628/92284 [01:36<07:57, 158.52sinyal/s]
Veri yükleniyor:  18%|█▊        | 16644/92284 [01:36<07:56, 158.61sinyal/s]
Veri yükleniyor:  18%|█▊        | 16662/92284 [01:36<07:42, 163.39sinyal/s]
Veri yükleniyor:  18%|█▊        | 16679/92284 [01:36<07:42, 163.51sinyal/s]
Veri yükleniyor:  18%|█▊        | 16696/92284 [01:36<07:40, 163.99sinyal/s]
Veri yükleniyor:  18%|█▊        | 16713/92284 [01:36<07:36, 165.42sinyal/s]
Veri yükleniyor:  18%|█▊        | 16730/92284 [01:36<07:35, 165.98sinyal/s]
Veri yükleniyor:  18%|█▊        | 16747/92284 [01:37<07:34, 166.28sinyal/s]
Veri yükleniyor:  18%|█▊        | 16764/92284 [01:37<07:37, 165.03sinyal/s]
Veri yükleniyor:  18%|█▊        | 16781/92284 [01:37<07:35, 165.67sinyal/s]
Veri yükleniyor:  18%|█▊        | 16798/92284 [01:37<07:33, 166.30sinyal/s]
Veri yükleniyor:  18%|█▊        | 16815/92284 [01:37<07:40, 163.85sinyal/s]
Veri yükleniyor:  18%|█▊        | 16832/92284 [01:37<07:42, 163.29sinyal/s]
Veri yükleniyor:  18%|█▊        | 16849/92284 [01:37<07:37, 164.84sinyal/s]
Veri yükleniyor:  18%|█▊        | 16867/92284 [01:37<07:35, 165.47sinyal/s]
Veri yükleniyor:  18%|█▊        | 16885/92284 [01:37<07:24, 169.46sinyal/s]
Veri yükleniyor:  18%|█▊        | 16902/92284 [01:37<08:02, 156.18sinyal/s]
Veri yükleniyor:  18%|█▊        | 16919/92284 [01:38<07:56, 158.09sinyal/s]
Veri yükleniyor:  18%|█▊        | 16936/92284 [01:38<07:48, 160.75sinyal/s]
Veri yükleniyor:  18%|█▊        | 16953/92284 [01:38<07:54, 158.68sinyal/s]
Veri yükleniyor:  18%|█▊        | 16969/92284 [01:38<08:05, 155.13sinyal/s]
Veri yükleniyor:  18%|█▊        | 16986/92284 [01:38<07:57, 157.66sinyal/s]
Veri yükleniyor:  18%|█▊        | 17004/92284 [01:38<07:38, 164.01sinyal/s]
Veri yükleniyor:  18%|█▊        | 17021/92284 [01:38<07:37, 164.48sinyal/s]
Veri yükleniyor:  18%|█▊        | 17039/92284 [01:38<07:29, 167.23sinyal/s]
Veri yükleniyor:  18%|█▊        | 17056/92284 [01:38<07:31, 166.71sinyal/s]
Veri yükleniyor:  19%|█▊        | 17073/92284 [01:39<07:39, 163.84sinyal/s]
Veri yükleniyor:  19%|█▊        | 17090/92284 [01:39<07:44, 161.97sinyal/s]
Veri yükleniyor:  19%|█▊        | 17107/92284 [01:39<07:42, 162.45sinyal/s]
Veri yükleniyor:  19%|█▊        | 17124/92284 [01:39<07:43, 162.24sinyal/s]
Veri yükleniyor:  19%|█▊        | 17142/92284 [01:39<07:32, 165.94sinyal/s]
Veri yükleniyor:  19%|█▊        | 17159/92284 [01:39<07:32, 166.15sinyal/s]
Veri yükleniyor:  19%|█▊        | 17176/92284 [01:39<07:35, 164.79sinyal/s]
Veri yükleniyor:  19%|█▊        | 17194/92284 [01:39<07:29, 166.89sinyal/s]
Veri yükleniyor:  19%|█▊        | 17212/92284 [01:39<07:26, 168.32sinyal/s]
Veri yükleniyor:  19%|█▊        | 17229/92284 [01:39<07:30, 166.52sinyal/s]
Veri yükleniyor:  19%|█▊        | 17246/92284 [01:40<07:31, 166.12sinyal/s]
Veri yükleniyor:  19%|█▊        | 17263/92284 [01:40<07:31, 166.17sinyal/s]
Veri yükleniyor:  19%|█▊        | 17280/92284 [01:40<07:29, 167.03sinyal/s]
Veri yükleniyor:  19%|█▊        | 17298/92284 [01:40<07:24, 168.64sinyal/s]
Veri yükleniyor:  19%|█▉        | 17315/92284 [01:40<07:26, 168.09sinyal/s]
Veri yükleniyor:  19%|█▉        | 17333/92284 [01:40<07:21, 169.77sinyal/s]
Veri yükleniyor:  19%|█▉        | 17350/92284 [01:40<07:34, 164.91sinyal/s]
Veri yükleniyor:  19%|█▉        | 17367/92284 [01:40<07:35, 164.37sinyal/s]
Veri yükleniyor:  19%|█▉        | 17384/92284 [01:40<07:35, 164.44sinyal/s]
Veri yükleniyor:  19%|█▉        | 17401/92284 [01:40<07:32, 165.35sinyal/s]
Veri yükleniyor:  19%|█▉        | 17418/92284 [01:41<07:43, 161.40sinyal/s]
Veri yükleniyor:  19%|█▉        | 17435/92284 [01:41<07:47, 160.25sinyal/s]
Veri yükleniyor:  19%|█▉        | 17452/92284 [01:41<07:50, 158.96sinyal/s]
Veri yükleniyor:  19%|█▉        | 17469/92284 [01:41<07:44, 161.12sinyal/s]
Veri yükleniyor:  19%|█▉        | 17486/92284 [01:41<07:43, 161.35sinyal/s]
Veri yükleniyor:  19%|█▉        | 17503/92284 [01:41<08:00, 155.65sinyal/s]
Veri yükleniyor:  19%|█▉        | 17519/92284 [01:41<08:12, 151.96sinyal/s]
Veri yükleniyor:  19%|█▉        | 17535/92284 [01:41<09:11, 135.44sinyal/s]
Veri yükleniyor:  19%|█▉        | 17549/92284 [01:42<09:17, 133.95sinyal/s]
Veri yükleniyor:  19%|█▉        | 17566/92284 [01:42<08:45, 142.11sinyal/s]
Veri yükleniyor:  19%|█▉        | 17583/92284 [01:42<08:21, 148.81sinyal/s]
Veri yükleniyor:  19%|█▉        | 17600/92284 [01:42<08:11, 151.94sinyal/s]
Veri yükleniyor:  19%|█▉        | 17617/92284 [01:42<07:56, 156.66sinyal/s]
Veri yükleniyor:  19%|█▉        | 17634/92284 [01:42<07:50, 158.73sinyal/s]
Veri yükleniyor:  19%|█▉        | 17651/92284 [01:42<07:41, 161.78sinyal/s]
Veri yükleniyor:  19%|█▉        | 17669/92284 [01:42<07:30, 165.47sinyal/s]
Veri yükleniyor:  19%|█▉        | 17687/92284 [01:42<07:23, 168.32sinyal/s]
Veri yükleniyor:  19%|█▉        | 17705/92284 [01:42<07:21, 169.10sinyal/s]
Veri yükleniyor:  19%|█▉        | 17722/92284 [01:43<07:32, 164.79sinyal/s]
Veri yükleniyor:  19%|█▉        | 17739/92284 [01:43<07:36, 163.30sinyal/s]
Veri yükleniyor:  19%|█▉        | 17757/92284 [01:43<07:31, 165.19sinyal/s]
Veri yükleniyor:  19%|█▉        | 17774/92284 [01:43<07:33, 164.34sinyal/s]
Veri yükleniyor:  19%|█▉        | 17791/92284 [01:43<07:37, 162.85sinyal/s]
Veri yükleniyor:  19%|█▉        | 17809/92284 [01:43<07:29, 165.58sinyal/s]
Veri yükleniyor:  19%|█▉        | 17827/92284 [01:43<07:24, 167.48sinyal/s]
Veri yükleniyor:  19%|█▉        | 17845/92284 [01:43<07:21, 168.61sinyal/s]
Veri yükleniyor:  19%|█▉        | 17862/92284 [01:43<07:25, 166.99sinyal/s]
Veri yükleniyor:  19%|█▉        | 17879/92284 [01:44<07:28, 165.78sinyal/s]
Veri yükleniyor:  19%|█▉        | 17896/92284 [01:44<07:27, 166.13sinyal/s]
Veri yükleniyor:  19%|█▉        | 17914/92284 [01:44<07:17, 169.93sinyal/s]
Veri yükleniyor:  19%|█▉        | 17932/92284 [01:44<07:45, 159.79sinyal/s]
Veri yükleniyor:  19%|█▉        | 17949/92284 [01:44<07:44, 160.17sinyal/s]
Veri yükleniyor:  19%|█▉        | 17966/92284 [01:44<07:43, 160.38sinyal/s]
Veri yükleniyor:  19%|█▉        | 17983/92284 [01:44<07:49, 158.34sinyal/s]
Veri yükleniyor:  20%|█▉        | 18001/92284 [01:44<07:35, 163.05sinyal/s]
Veri yükleniyor:  20%|█▉        | 18019/92284 [01:44<07:28, 165.69sinyal/s]
Veri yükleniyor:  20%|█▉        | 18036/92284 [01:44<07:35, 163.12sinyal/s]
Veri yükleniyor:  20%|█▉        | 18053/92284 [01:45<07:39, 161.70sinyal/s]
Veri yükleniyor:  20%|█▉        | 18070/92284 [01:45<07:42, 160.52sinyal/s]
Veri yükleniyor:  20%|█▉        | 18087/92284 [01:45<07:36, 162.37sinyal/s]
Veri yükleniyor:  20%|█▉        | 18105/92284 [01:45<07:29, 164.99sinyal/s]
Veri yükleniyor:  20%|█▉        | 18122/92284 [01:45<07:27, 165.74sinyal/s]
Veri yükleniyor:  20%|█▉        | 18140/92284 [01:45<07:21, 167.93sinyal/s]
Veri yükleniyor:  20%|█▉        | 18157/92284 [01:45<07:23, 167.30sinyal/s]
Veri yükleniyor:  20%|█▉        | 18174/92284 [01:45<07:26, 166.07sinyal/s]
Veri yükleniyor:  20%|█▉        | 18191/92284 [01:45<07:28, 165.33sinyal/s]
Veri yükleniyor:  20%|█▉        | 18208/92284 [01:46<07:44, 159.49sinyal/s]
Veri yükleniyor:  20%|█▉        | 18225/92284 [01:46<07:36, 162.38sinyal/s]
Veri yükleniyor:  20%|█▉        | 18243/92284 [01:46<07:31, 164.03sinyal/s]
Veri yükleniyor:  20%|█▉        | 18260/92284 [01:46<07:27, 165.30sinyal/s]
Veri yükleniyor:  20%|█▉        | 18277/92284 [01:46<07:26, 165.56sinyal/s]
Veri yükleniyor:  20%|█▉        | 18294/92284 [01:46<07:29, 164.55sinyal/s]
Veri yükleniyor:  20%|█▉        | 18311/92284 [01:46<07:27, 165.44sinyal/s]
Veri yükleniyor:  20%|█▉        | 18328/92284 [01:46<07:25, 166.12sinyal/s]
Veri yükleniyor:  20%|█▉        | 18345/92284 [01:46<07:23, 166.83sinyal/s]
Veri yükleniyor:  20%|█▉        | 18362/92284 [01:46<07:27, 165.05sinyal/s]
Veri yükleniyor:  20%|█▉        | 18379/92284 [01:47<07:32, 163.29sinyal/s]
Veri yükleniyor:  20%|█▉        | 18396/92284 [01:47<07:35, 162.22sinyal/s]
Veri yükleniyor:  20%|█▉        | 18413/92284 [01:47<07:44, 159.14sinyal/s]
Veri yükleniyor:  20%|█▉        | 18430/92284 [01:47<07:36, 161.71sinyal/s]
Veri yükleniyor:  20%|█▉        | 18447/92284 [01:47<07:31, 163.56sinyal/s]
Veri yükleniyor:  20%|██        | 18465/92284 [01:47<07:24, 166.01sinyal/s]
Veri yükleniyor:  20%|██        | 18482/92284 [01:47<07:36, 161.78sinyal/s]
Veri yükleniyor:  20%|██        | 18499/92284 [01:47<07:35, 162.00sinyal/s]
Veri yükleniyor:  20%|██        | 18516/92284 [01:47<07:42, 159.35sinyal/s]
Veri yükleniyor:  20%|██        | 18533/92284 [01:48<07:37, 161.06sinyal/s]
Veri yükleniyor:  20%|██        | 18551/92284 [01:48<07:28, 164.30sinyal/s]
Veri yükleniyor:  20%|██        | 18569/92284 [01:48<07:24, 165.71sinyal/s]
Veri yükleniyor:  20%|██        | 18586/92284 [01:48<07:22, 166.64sinyal/s]
Veri yükleniyor:  20%|██        | 18603/92284 [01:48<07:22, 166.68sinyal/s]
Veri yükleniyor:  20%|██        | 18620/92284 [01:48<07:20, 167.26sinyal/s]
Veri yükleniyor:  20%|██        | 18637/92284 [01:48<07:25, 165.43sinyal/s]
Veri yükleniyor:  20%|██        | 18654/92284 [01:48<07:28, 164.05sinyal/s]
Veri yükleniyor:  20%|██        | 18672/92284 [01:48<07:22, 166.47sinyal/s]
Veri yükleniyor:  20%|██        | 18689/92284 [01:48<07:26, 164.70sinyal/s]
Veri yükleniyor:  20%|██        | 18707/92284 [01:49<07:19, 167.49sinyal/s]
Veri yükleniyor:  20%|██        | 18724/92284 [01:49<07:30, 163.37sinyal/s]
Veri yükleniyor:  20%|██        | 18741/92284 [01:49<07:38, 160.54sinyal/s]
Veri yükleniyor:  20%|██        | 18758/92284 [01:49<07:36, 161.04sinyal/s]
Veri yükleniyor:  20%|██        | 18775/92284 [01:49<07:31, 162.88sinyal/s]
Veri yükleniyor:  20%|██        | 18792/92284 [01:49<07:26, 164.44sinyal/s]
Veri yükleniyor:  20%|██        | 18808/92284 [02:00<07:26, 164.44sinyal/s]
Veri yükleniyor:  20%|██        | 18809/92284 [02:04<5:27:26,  3.74sinyal/s]
Veri yükleniyor:  20%|██        | 18836/92284 [02:04<3:17:42,  6.19sinyal/s]
Veri yükleniyor:  20%|██        | 18869/92284 [02:04<1:57:26, 10.42sinyal/s]
Veri yükleniyor:  20%|██        | 18901/92284 [02:04<1:16:02, 16.09sinyal/s]
Veri yükleniyor:  21%|██        | 18933/92284 [02:04<51:19, 23.82sinyal/s]  
Veri yükleniyor:  21%|██        | 18964/92284 [02:05<36:05, 33.86sinyal/s]
Veri yükleniyor:  21%|██        | 18996/92284 [02:05<25:42, 47.50sinyal/s]
Veri yükleniyor:  21%|██        | 19026/92284 [02:05<19:12, 63.56sinyal/s]
Veri yükleniyor:  21%|██        | 19057/92284 [02:05<14:30, 84.13sinyal/s]
Veri yükleniyor:  21%|██        | 19087/92284 [02:09<54:45, 22.28sinyal/s]
Veri yükleniyor:  21%|██        | 19121/92284 [02:09<38:06, 32.00sinyal/s]
Veri yükleniyor:  21%|██        | 19154/92284 [02:09<27:23, 44.50sinyal/s]
Veri yükleniyor:  21%|██        | 19185/92284 [02:09<20:29, 59.44sinyal/s]
Veri yükleniyor:  21%|██        | 19218/92284 [02:09<15:19, 79.48sinyal/s]
Veri yükleniyor:  21%|██        | 19252/92284 [02:09<11:39, 104.34sinyal/s]
Veri yükleniyor:  21%|██        | 19284/92284 [02:09<09:21, 130.09sinyal/s]
Veri yükleniyor:  21%|██        | 19316/92284 [02:09<07:43, 157.60sinyal/s]
Veri yükleniyor:  21%|██        | 19349/92284 [02:09<06:31, 186.42sinyal/s]
Veri yükleniyor:  21%|██        | 19383/92284 [02:09<05:38, 215.67sinyal/s]
Veri yükleniyor:  21%|██        | 19415/92284 [02:10<05:07, 237.06sinyal/s]
Veri yükleniyor:  21%|██        | 19447/92284 [02:10<04:45, 254.73sinyal/s]
Veri yükleniyor:  21%|██        | 19479/92284 [02:10<04:28, 270.82sinyal/s]
Veri yükleniyor:  21%|██        | 19511/92284 [02:10<04:16, 283.39sinyal/s]
Veri yükleniyor:  21%|██        | 19544/92284 [02:10<04:07, 294.21sinyal/s]
Veri yükleniyor:  21%|██        | 19577/92284 [02:10<04:00, 301.91sinyal/s]
Veri yükleniyor:  21%|██        | 19609/92284 [02:10<03:56, 307.02sinyal/s]
Veri yükleniyor:  21%|██▏       | 19642/92284 [02:10<03:52, 312.78sinyal/s]
Veri yükleniyor:  21%|██▏       | 19675/92284 [02:10<03:49, 316.91sinyal/s]
Veri yükleniyor:  21%|██▏       | 19708/92284 [02:11<03:47, 318.82sinyal/s]
Veri yükleniyor:  21%|██▏       | 19741/92284 [02:11<03:47, 318.19sinyal/s]
Veri yükleniyor:  21%|██▏       | 19774/92284 [02:11<03:49, 316.26sinyal/s]
Veri yükleniyor:  21%|██▏       | 19806/92284 [02:11<03:54, 308.58sinyal/s]
Veri yükleniyor:  21%|██▏       | 19838/92284 [02:11<03:53, 309.76sinyal/s]
Veri yükleniyor:  22%|██▏       | 19870/92284 [02:11<03:53, 309.55sinyal/s]
Veri yükleniyor:  22%|██▏       | 19902/92284 [02:13<21:10, 56.96sinyal/s] 
Veri yükleniyor:  22%|██▏       | 19935/92284 [02:13<16:30, 73.03sinyal/s]
Veri yükleniyor:  22%|██▏       | 19967/92284 [02:13<12:44, 94.56sinyal/s]
Veri yükleniyor:  22%|██▏       | 20001/92284 [02:13<09:54, 121.66sinyal/s]
Veri yükleniyor:  22%|██▏       | 20033/92284 [02:13<08:05, 148.78sinyal/s]
Veri yükleniyor:  22%|██▏       | 20066/92284 [02:13<06:46, 177.62sinyal/s]
Veri yükleniyor:  22%|██▏       | 20098/92284 [02:13<05:54, 203.83sinyal/s]
Veri yükleniyor:  22%|██▏       | 20132/92284 [02:13<05:11, 231.59sinyal/s]
Veri yükleniyor:  22%|██▏       | 20164/92284 [02:14<04:46, 251.52sinyal/s]
Veri yükleniyor:  22%|██▏       | 20197/92284 [02:14<04:27, 269.44sinyal/s]
Veri yükleniyor:  22%|██▏       | 20229/92284 [02:14<04:19, 277.15sinyal/s]
Veri yükleniyor:  22%|██▏       | 20262/92284 [02:14<04:09, 288.59sinyal/s]
Veri yükleniyor:  22%|██▏       | 20295/92284 [02:14<04:00, 299.06sinyal/s]
Veri yükleniyor:  22%|██▏       | 20327/92284 [02:14<03:56, 304.89sinyal/s]
Veri yükleniyor:  22%|██▏       | 20361/92284 [02:14<03:48, 314.25sinyal/s]
Veri yükleniyor:  22%|██▏       | 20394/92284 [02:14<03:45, 318.45sinyal/s]
Veri yükleniyor:  22%|██▏       | 20427/92284 [02:14<03:46, 317.27sinyal/s]
Veri yükleniyor:  22%|██▏       | 20460/92284 [02:14<03:47, 316.11sinyal/s]
Veri yükleniyor:  22%|██▏       | 20492/92284 [02:15<03:46, 316.54sinyal/s]
Veri yükleniyor:  22%|██▏       | 20526/92284 [02:15<03:43, 321.02sinyal/s]
Veri yükleniyor:  22%|██▏       | 20559/92284 [02:15<03:44, 319.52sinyal/s]
Veri yükleniyor:  22%|██▏       | 20592/92284 [02:15<03:46, 316.11sinyal/s]
Veri yükleniyor:  22%|██▏       | 20625/92284 [02:15<03:44, 319.41sinyal/s]
Veri yükleniyor:  22%|██▏       | 20658/92284 [02:15<03:43, 321.04sinyal/s]
Veri yükleniyor:  22%|██▏       | 20691/92284 [02:15<03:43, 319.71sinyal/s]
Veri yükleniyor:  22%|██▏       | 20724/92284 [02:15<03:55, 304.17sinyal/s]
Veri yükleniyor:  22%|██▏       | 20756/92284 [02:15<03:51, 308.61sinyal/s]
Veri yükleniyor:  23%|██▎       | 20789/92284 [02:16<03:48, 312.39sinyal/s]
Veri yükleniyor:  23%|██▎       | 20822/92284 [02:16<03:46, 315.82sinyal/s]
Veri yükleniyor:  23%|██▎       | 20855/92284 [02:16<03:43, 318.94sinyal/s]
Veri yükleniyor:  23%|██▎       | 20887/92284 [02:16<03:46, 315.13sinyal/s]
Veri yükleniyor:  23%|██▎       | 20919/92284 [02:16<03:48, 311.81sinyal/s]
Veri yükleniyor:  23%|██▎       | 20951/92284 [02:16<03:48, 312.73sinyal/s]
Veri yükleniyor:  23%|██▎       | 20983/92284 [02:16<03:49, 310.56sinyal/s]
Veri yükleniyor:  23%|██▎       | 21015/92284 [02:17<09:36, 123.59sinyal/s]
Veri yükleniyor:  23%|██▎       | 21048/92284 [02:17<07:47, 152.46sinyal/s]
Veri yükleniyor:  23%|██▎       | 21081/92284 [02:17<06:33, 181.08sinyal/s]
Veri yükleniyor:  23%|██▎       | 21114/92284 [02:17<05:39, 209.66sinyal/s]
Veri yükleniyor:  23%|██▎       | 21145/92284 [02:17<05:09, 230.10sinyal/s]
Veri yükleniyor:  23%|██▎       | 21178/92284 [02:17<04:40, 253.15sinyal/s]
Veri yükleniyor:  23%|██▎       | 21209/92284 [02:17<04:25, 267.38sinyal/s]
Veri yükleniyor:  23%|██▎       | 21241/92284 [02:17<04:12, 281.17sinyal/s]
Veri yükleniyor:  23%|██▎       | 21273/92284 [02:18<04:07, 286.75sinyal/s]
Veri yükleniyor:  23%|██▎       | 21304/92284 [02:18<04:02, 293.01sinyal/s]
Veri yükleniyor:  23%|██▎       | 21338/92284 [02:18<03:52, 304.85sinyal/s]
Veri yükleniyor:  23%|██▎       | 21370/92284 [02:18<03:49, 308.56sinyal/s]
Veri yükleniyor:  23%|██▎       | 21403/92284 [02:18<03:46, 313.04sinyal/s]
Veri yükleniyor:  23%|██▎       | 21435/92284 [02:18<03:46, 313.14sinyal/s]
Veri yükleniyor:  23%|██▎       | 21468/92284 [02:18<03:42, 317.56sinyal/s]
Veri yükleniyor:  23%|██▎       | 21501/92284 [02:18<03:40, 320.81sinyal/s]
Veri yükleniyor:  23%|██▎       | 21534/92284 [02:18<03:40, 320.72sinyal/s]
Veri yükleniyor:  23%|██▎       | 21567/92284 [02:18<03:39, 321.87sinyal/s]
Veri yükleniyor:  23%|██▎       | 21600/92284 [02:19<03:42, 317.57sinyal/s]
Veri yükleniyor:  23%|██▎       | 21632/92284 [02:19<03:43, 315.76sinyal/s]
Veri yükleniyor:  23%|██▎       | 21664/92284 [02:19<03:44, 315.10sinyal/s]
Veri yükleniyor:  24%|██▎       | 21696/92284 [02:19<03:44, 313.91sinyal/s]
Veri yükleniyor:  24%|██▎       | 21728/92284 [02:19<03:45, 312.87sinyal/s]
Veri yükleniyor:  24%|██▎       | 21761/92284 [02:19<03:42, 316.74sinyal/s]
Veri yükleniyor:  24%|██▎       | 21793/92284 [02:19<03:46, 311.52sinyal/s]
Veri yükleniyor:  24%|██▎       | 21827/92284 [02:19<03:41, 317.70sinyal/s]
Veri yükleniyor:  24%|██▎       | 21859/92284 [02:19<03:42, 316.85sinyal/s]
Veri yükleniyor:  24%|██▎       | 21891/92284 [02:20<03:43, 315.34sinyal/s]
Veri yükleniyor:  24%|██▍       | 21923/92284 [02:20<03:42, 316.70sinyal/s]
Veri yükleniyor:  24%|██▍       | 21955/92284 [02:20<03:44, 313.76sinyal/s]
Veri yükleniyor:  24%|██▍       | 21987/92284 [02:20<03:47, 308.57sinyal/s]
Veri yükleniyor:  24%|██▍       | 22020/92284 [02:20<03:43, 314.49sinyal/s]
Veri yükleniyor:  24%|██▍       | 22053/92284 [02:20<03:41, 317.26sinyal/s]
Veri yükleniyor:  24%|██▍       | 22085/92284 [02:20<04:29, 260.02sinyal/s]
Veri yükleniyor:  24%|██▍       | 22118/92284 [02:20<04:13, 276.47sinyal/s]
Veri yükleniyor:  24%|██▍       | 22150/92284 [02:20<04:04, 286.42sinyal/s]
Veri yükleniyor:  24%|██▍       | 22180/92284 [02:21<04:02, 289.31sinyal/s]
Veri yükleniyor:  24%|██▍       | 22214/92284 [02:21<03:51, 302.03sinyal/s]
Veri yükleniyor:  24%|██▍       | 22245/92284 [02:21<03:50, 303.51sinyal/s]
Veri yükleniyor:  24%|██▍       | 22278/92284 [02:21<03:46, 309.35sinyal/s]
Veri yükleniyor:  24%|██▍       | 22310/92284 [02:21<03:44, 311.05sinyal/s]
Veri yükleniyor:  24%|██▍       | 22342/92284 [02:21<03:45, 309.97sinyal/s]
Veri yükleniyor:  24%|██▍       | 22375/92284 [02:21<03:41, 315.09sinyal/s]
Veri yükleniyor:  24%|██▍       | 22407/92284 [02:21<03:41, 315.20sinyal/s]
Veri yükleniyor:  24%|██▍       | 22440/92284 [02:21<03:39, 318.00sinyal/s]
Veri yükleniyor:  24%|██▍       | 22472/92284 [02:21<03:40, 316.10sinyal/s]
Veri yükleniyor:  24%|██▍       | 22505/92284 [02:22<03:39, 317.65sinyal/s]
Veri yükleniyor:  24%|██▍       | 22537/92284 [02:22<03:39, 317.50sinyal/s]
Veri yükleniyor:  24%|██▍       | 22569/92284 [02:22<03:40, 316.00sinyal/s]
Veri yükleniyor:  24%|██▍       | 22602/92284 [02:22<03:38, 319.36sinyal/s]
Veri yükleniyor:  25%|██▍       | 22635/92284 [02:22<03:36, 321.93sinyal/s]
Veri yükleniyor:  25%|██▍       | 22668/92284 [02:22<03:37, 319.95sinyal/s]
Veri yükleniyor:  25%|██▍       | 22701/92284 [02:22<03:37, 319.61sinyal/s]
Veri yükleniyor:  25%|██▍       | 22733/92284 [02:22<03:38, 318.65sinyal/s]
Veri yükleniyor:  25%|██▍       | 22766/92284 [02:22<03:37, 320.16sinyal/s]
Veri yükleniyor:  25%|██▍       | 22799/92284 [02:22<03:37, 319.21sinyal/s]
Veri yükleniyor:  25%|██▍       | 22831/92284 [02:23<03:38, 318.34sinyal/s]
Veri yükleniyor:  25%|██▍       | 22863/92284 [02:23<03:42, 312.08sinyal/s]
Veri yükleniyor:  25%|██▍       | 22895/92284 [02:23<03:52, 299.02sinyal/s]
Veri yükleniyor:  25%|██▍       | 22928/92284 [02:23<03:46, 306.28sinyal/s]
Veri yükleniyor:  25%|██▍       | 22959/92284 [02:23<03:46, 306.65sinyal/s]
Veri yükleniyor:  25%|██▍       | 22990/92284 [02:23<03:48, 303.37sinyal/s]
Veri yükleniyor:  25%|██▍       | 23022/92284 [02:23<03:45, 306.76sinyal/s]
Veri yükleniyor:  25%|██▍       | 23054/92284 [02:23<03:44, 308.46sinyal/s]
Veri yükleniyor:  25%|██▌       | 23087/92284 [02:23<03:40, 313.30sinyal/s]
Veri yükleniyor:  25%|██▌       | 23119/92284 [02:23<03:39, 314.91sinyal/s]
Veri yükleniyor:  25%|██▌       | 23151/92284 [02:24<03:39, 314.98sinyal/s]
Veri yükleniyor:  25%|██▌       | 23184/92284 [02:24<03:36, 318.47sinyal/s]
Veri yükleniyor:  25%|██▌       | 23216/92284 [02:24<03:38, 316.06sinyal/s]
Veri yükleniyor:  25%|██▌       | 23249/92284 [02:24<03:36, 318.65sinyal/s]
Veri yükleniyor:  25%|██▌       | 23281/92284 [02:24<03:36, 318.93sinyal/s]
Veri yükleniyor:  25%|██▌       | 23313/92284 [02:24<03:39, 314.57sinyal/s]
Veri yükleniyor:  25%|██▌       | 23345/92284 [02:24<03:43, 308.72sinyal/s]
Veri yükleniyor:  25%|██▌       | 23376/92284 [02:24<03:43, 307.69sinyal/s]
Veri yükleniyor:  25%|██▌       | 23407/92284 [02:25<09:22, 122.39sinyal/s]
Veri yükleniyor:  25%|██▌       | 23438/92284 [02:25<07:41, 149.09sinyal/s]
Veri yükleniyor:  25%|██▌       | 23471/92284 [02:25<06:24, 179.04sinyal/s]
Veri yükleniyor:  25%|██▌       | 23503/92284 [02:25<05:33, 205.95sinyal/s]
Veri yükleniyor:  25%|██▌       | 23532/92284 [02:25<05:42, 200.65sinyal/s]
Veri yükleniyor:  26%|██▌       | 23558/92284 [02:26<06:00, 190.40sinyal/s]
Veri yükleniyor:  26%|██▌       | 23582/92284 [02:26<06:12, 184.29sinyal/s]
Veri yükleniyor:  26%|██▌       | 23604/92284 [02:26<06:29, 176.28sinyal/s]
Veri yükleniyor:  26%|██▌       | 23624/92284 [02:26<07:07, 160.51sinyal/s]
Veri yükleniyor:  26%|██▌       | 23642/92284 [02:26<07:06, 160.92sinyal/s]
Veri yükleniyor:  26%|██▌       | 23660/92284 [02:26<07:03, 161.91sinyal/s]
Veri yükleniyor:  26%|██▌       | 23678/92284 [02:26<06:56, 164.71sinyal/s]
Veri yükleniyor:  26%|██▌       | 23696/92284 [02:26<06:50, 166.88sinyal/s]
Veri yükleniyor:  26%|██▌       | 23714/92284 [02:27<06:52, 166.17sinyal/s]
Veri yükleniyor:  26%|██▌       | 23732/92284 [02:27<06:46, 168.50sinyal/s]
Veri yükleniyor:  26%|██▌       | 23750/92284 [02:27<06:45, 169.16sinyal/s]
Veri yükleniyor:  26%|██▌       | 23768/92284 [02:27<06:48, 167.56sinyal/s]
Veri yükleniyor:  26%|██▌       | 23785/92284 [02:27<06:51, 166.47sinyal/s]
Veri yükleniyor:  26%|██▌       | 23802/92284 [02:27<06:57, 164.17sinyal/s]
Veri yükleniyor:  26%|██▌       | 23819/92284 [02:27<06:55, 164.63sinyal/s]
Veri yükleniyor:  26%|██▌       | 23837/92284 [02:27<06:48, 167.52sinyal/s]
Veri yükleniyor:  26%|██▌       | 23855/92284 [02:27<06:47, 167.75sinyal/s]
Veri yükleniyor:  26%|██▌       | 23872/92284 [02:27<06:49, 167.25sinyal/s]
Veri yükleniyor:  26%|██▌       | 23889/92284 [02:28<06:49, 167.19sinyal/s]
Veri yükleniyor:  26%|██▌       | 23906/92284 [02:28<06:50, 166.58sinyal/s]
Veri yükleniyor:  26%|██▌       | 23923/92284 [02:28<06:48, 167.16sinyal/s]
Veri yükleniyor:  26%|██▌       | 23940/92284 [02:28<06:48, 167.30sinyal/s]
Veri yükleniyor:  26%|██▌       | 23957/92284 [02:28<06:50, 166.45sinyal/s]
Veri yükleniyor:  26%|██▌       | 23975/92284 [02:28<06:43, 169.30sinyal/s]
Veri yükleniyor:  26%|██▌       | 23992/92284 [02:28<06:50, 166.39sinyal/s]
Veri yükleniyor:  26%|██▌       | 24009/92284 [02:28<06:51, 165.89sinyal/s]
Veri yükleniyor:  26%|██▌       | 24026/92284 [02:28<06:54, 164.50sinyal/s]
Veri yükleniyor:  26%|██▌       | 24043/92284 [02:29<06:58, 163.04sinyal/s]
Veri yükleniyor:  26%|██▌       | 24060/92284 [02:29<06:56, 163.65sinyal/s]
Veri yükleniyor:  26%|██▌       | 24077/92284 [02:29<06:56, 163.96sinyal/s]
Veri yükleniyor:  26%|██▌       | 24094/92284 [02:29<07:09, 158.78sinyal/s]
Veri yükleniyor:  26%|██▌       | 24111/92284 [02:29<07:06, 160.00sinyal/s]
Veri yükleniyor:  26%|██▌       | 24128/92284 [02:29<07:03, 161.09sinyal/s]
Veri yükleniyor:  26%|██▌       | 24145/92284 [02:29<06:56, 163.41sinyal/s]
Veri yükleniyor:  26%|██▌       | 24162/92284 [02:29<06:55, 163.78sinyal/s]
Veri yükleniyor:  26%|██▌       | 24180/92284 [02:29<06:46, 167.68sinyal/s]
Veri yükleniyor:  26%|██▌       | 24197/92284 [02:29<06:48, 166.80sinyal/s]
Veri yükleniyor:  26%|██▌       | 24214/92284 [02:30<06:46, 167.29sinyal/s]
Veri yükleniyor:  26%|██▋       | 24232/92284 [02:30<06:43, 168.79sinyal/s]
Veri yükleniyor:  26%|██▋       | 24249/92284 [02:30<06:44, 168.28sinyal/s]
Veri yükleniyor:  26%|██▋       | 24266/92284 [02:30<06:46, 167.26sinyal/s]
Veri yükleniyor:  26%|██▋       | 24283/92284 [02:30<06:48, 166.50sinyal/s]
Veri yükleniyor:  26%|██▋       | 24301/92284 [02:30<06:42, 168.89sinyal/s]
Veri yükleniyor:  26%|██▋       | 24318/92284 [02:30<06:47, 166.97sinyal/s]
Veri yükleniyor:  26%|██▋       | 24335/92284 [02:30<06:50, 165.34sinyal/s]
Veri yükleniyor:  26%|██▋       | 24353/92284 [02:30<06:42, 168.58sinyal/s]
Veri yükleniyor:  26%|██▋       | 24370/92284 [02:30<06:43, 168.43sinyal/s]
Veri yükleniyor:  26%|██▋       | 24387/92284 [02:31<06:54, 163.91sinyal/s]
Veri yükleniyor:  26%|██▋       | 24404/92284 [02:31<06:52, 164.49sinyal/s]
Veri yükleniyor:  26%|██▋       | 24421/92284 [02:31<07:09, 157.99sinyal/s]
Veri yükleniyor:  26%|██▋       | 24438/92284 [02:31<07:03, 160.19sinyal/s]
Veri yükleniyor:  26%|██▋       | 24455/92284 [02:31<07:01, 160.83sinyal/s]
Veri yükleniyor:  27%|██▋       | 24472/92284 [02:31<06:59, 161.67sinyal/s]
Veri yükleniyor:  27%|██▋       | 24489/92284 [02:31<06:53, 164.08sinyal/s]
Veri yükleniyor:  27%|██▋       | 24506/92284 [02:31<06:50, 165.08sinyal/s]
Veri yükleniyor:  27%|██▋       | 24524/92284 [02:31<06:45, 167.06sinyal/s]
Veri yükleniyor:  27%|██▋       | 24541/92284 [02:32<06:46, 166.84sinyal/s]
Veri yükleniyor:  27%|██▋       | 24558/92284 [02:32<06:46, 166.64sinyal/s]
Veri yükleniyor:  27%|██▋       | 24575/92284 [02:32<06:52, 164.18sinyal/s]
Veri yükleniyor:  27%|██▋       | 24592/92284 [02:32<06:59, 161.33sinyal/s]
Veri yükleniyor:  27%|██▋       | 24609/92284 [02:32<07:01, 160.61sinyal/s]
Veri yükleniyor:  27%|██▋       | 24627/92284 [02:32<06:52, 164.04sinyal/s]
Veri yükleniyor:  27%|██▋       | 24644/92284 [02:32<06:52, 163.87sinyal/s]
Veri yükleniyor:  27%|██▋       | 24662/92284 [02:32<06:48, 165.65sinyal/s]
Veri yükleniyor:  27%|██▋       | 24680/92284 [02:32<06:43, 167.43sinyal/s]
Veri yükleniyor:  27%|██▋       | 24698/92284 [02:32<06:39, 169.12sinyal/s]
Veri yükleniyor:  27%|██▋       | 24716/92284 [02:33<06:35, 170.67sinyal/s]
Veri yükleniyor:  27%|██▋       | 24734/92284 [02:33<07:10, 156.76sinyal/s]
Veri yükleniyor:  27%|██▋       | 24751/92284 [02:33<07:02, 159.89sinyal/s]
Veri yükleniyor:  27%|██▋       | 24769/92284 [02:33<06:49, 164.97sinyal/s]
Veri yükleniyor:  27%|██▋       | 24786/92284 [02:33<06:50, 164.24sinyal/s]
Veri yükleniyor:  27%|██▋       | 24803/92284 [02:33<06:56, 161.91sinyal/s]
Veri yükleniyor:  27%|██▋       | 24821/92284 [02:33<06:49, 164.56sinyal/s]
Veri yükleniyor:  27%|██▋       | 24838/92284 [02:33<06:48, 165.19sinyal/s]
Veri yükleniyor:  27%|██▋       | 24855/92284 [02:33<06:47, 165.38sinyal/s]
Veri yükleniyor:  27%|██▋       | 24872/92284 [02:34<06:50, 164.15sinyal/s]
Veri yükleniyor:  27%|██▋       | 24889/92284 [02:34<06:49, 164.75sinyal/s]
Veri yükleniyor:  27%|██▋       | 24906/92284 [02:34<06:45, 166.10sinyal/s]
Veri yükleniyor:  27%|██▋       | 24923/92284 [02:34<06:45, 166.15sinyal/s]
Veri yükleniyor:  27%|██▋       | 24940/92284 [02:34<06:46, 165.55sinyal/s]
Veri yükleniyor:  27%|██▋       | 24957/92284 [02:34<06:45, 166.05sinyal/s]
Veri yükleniyor:  27%|██▋       | 24974/92284 [02:34<06:44, 166.39sinyal/s]
Veri yükleniyor:  27%|██▋       | 24992/92284 [02:34<06:40, 167.90sinyal/s]
Veri yükleniyor:  27%|██▋       | 25010/92284 [02:34<06:36, 169.87sinyal/s]
Veri yükleniyor:  27%|██▋       | 25027/92284 [02:34<06:40, 167.73sinyal/s]
Veri yükleniyor:  27%|██▋       | 25044/92284 [02:35<06:40, 167.88sinyal/s]
Veri yükleniyor:  27%|██▋       | 25061/92284 [02:35<06:40, 167.76sinyal/s]
Veri yükleniyor:  27%|██▋       | 25078/92284 [02:35<06:49, 164.20sinyal/s]
Veri yükleniyor:  27%|██▋       | 25095/92284 [02:35<06:51, 163.24sinyal/s]
Veri yükleniyor:  27%|██▋       | 25112/92284 [02:35<06:54, 162.07sinyal/s]
Veri yükleniyor:  27%|██▋       | 25129/92284 [02:35<07:02, 158.96sinyal/s]
Veri yükleniyor:  27%|██▋       | 25145/92284 [02:35<07:03, 158.71sinyal/s]
Veri yükleniyor:  27%|██▋       | 25161/92284 [02:35<07:06, 157.38sinyal/s]
Veri yükleniyor:  27%|██▋       | 25178/92284 [02:35<06:59, 159.95sinyal/s]
Veri yükleniyor:  27%|██▋       | 25195/92284 [02:36<07:08, 156.39sinyal/s]
Veri yükleniyor:  27%|██▋       | 25211/92284 [02:36<07:07, 156.89sinyal/s]
Veri yükleniyor:  27%|██▋       | 25228/92284 [02:36<06:59, 159.76sinyal/s]
Veri yükleniyor:  27%|██▋       | 25245/92284 [02:36<06:53, 162.09sinyal/s]
Veri yükleniyor:  27%|██▋       | 25262/92284 [02:36<06:50, 163.23sinyal/s]
Veri yükleniyor:  27%|██▋       | 25279/92284 [02:36<06:55, 161.08sinyal/s]
Veri yükleniyor:  27%|██▋       | 25296/92284 [02:36<06:51, 162.81sinyal/s]
Veri yükleniyor:  27%|██▋       | 25313/92284 [02:36<06:52, 162.38sinyal/s]
Veri yükleniyor:  27%|██▋       | 25330/92284 [02:36<06:51, 162.53sinyal/s]
Veri yükleniyor:  27%|██▋       | 25348/92284 [02:36<06:44, 165.42sinyal/s]
Veri yükleniyor:  27%|██▋       | 25365/92284 [02:37<06:46, 164.57sinyal/s]
Veri yükleniyor:  28%|██▊       | 25383/92284 [02:37<06:43, 165.93sinyal/s]
Veri yükleniyor:  28%|██▊       | 25400/92284 [02:37<06:47, 164.30sinyal/s]
Veri yükleniyor:  28%|██▊       | 25417/92284 [02:37<06:46, 164.38sinyal/s]
Veri yükleniyor:  28%|██▊       | 25434/92284 [02:37<06:44, 165.45sinyal/s]
Veri yükleniyor:  28%|██▊       | 25451/92284 [02:37<06:49, 163.20sinyal/s]
Veri yükleniyor:  28%|██▊       | 25469/92284 [02:37<06:42, 165.97sinyal/s]
Veri yükleniyor:  28%|██▊       | 25487/92284 [02:37<06:37, 167.86sinyal/s]
Veri yükleniyor:  28%|██▊       | 25504/92284 [02:37<06:40, 166.76sinyal/s]
Veri yükleniyor:  28%|██▊       | 25521/92284 [02:38<06:42, 165.70sinyal/s]
Veri yükleniyor:  28%|██▊       | 25538/92284 [02:38<06:41, 166.04sinyal/s]
Veri yükleniyor:  28%|██▊       | 25556/92284 [02:38<06:38, 167.59sinyal/s]
Veri yükleniyor:  28%|██▊       | 25573/92284 [02:38<06:44, 164.75sinyal/s]
Veri yükleniyor:  28%|██▊       | 25591/92284 [02:38<06:40, 166.64sinyal/s]
Veri yükleniyor:  28%|██▊       | 25608/92284 [02:38<06:50, 162.43sinyal/s]
Veri yükleniyor:  28%|██▊       | 25626/92284 [02:38<06:42, 165.63sinyal/s]
Veri yükleniyor:  28%|██▊       | 25643/92284 [02:38<06:42, 165.50sinyal/s]
Veri yükleniyor:  28%|██▊       | 25661/92284 [02:38<06:36, 167.85sinyal/s]
Veri yükleniyor:  28%|██▊       | 25679/92284 [02:38<06:35, 168.61sinyal/s]
Veri yükleniyor:  28%|██▊       | 25696/92284 [02:39<06:34, 168.78sinyal/s]
Veri yükleniyor:  28%|██▊       | 25713/92284 [02:39<06:34, 168.73sinyal/s]
Veri yükleniyor:  28%|██▊       | 25730/92284 [02:39<06:33, 169.08sinyal/s]
Veri yükleniyor:  28%|██▊       | 25748/92284 [02:39<06:31, 169.83sinyal/s]
Veri yükleniyor:  28%|██▊       | 25765/92284 [02:39<06:34, 168.83sinyal/s]
Veri yükleniyor:  28%|██▊       | 25782/92284 [02:39<06:42, 165.34sinyal/s]
Veri yükleniyor:  28%|██▊       | 25799/92284 [02:39<06:39, 166.33sinyal/s]
Veri yükleniyor:  28%|██▊       | 25818/92284 [02:39<06:29, 170.83sinyal/s]
Veri yükleniyor:  28%|██▊       | 25836/92284 [02:39<06:30, 170.28sinyal/s]
Veri yükleniyor:  28%|██▊       | 25854/92284 [02:39<06:29, 170.36sinyal/s]
Veri yükleniyor:  28%|██▊       | 25872/92284 [02:40<06:40, 165.65sinyal/s]
Veri yükleniyor:  28%|██▊       | 25889/92284 [02:40<06:39, 166.23sinyal/s]
Veri yükleniyor:  28%|██▊       | 25907/92284 [02:40<06:34, 168.12sinyal/s]
Veri yükleniyor:  28%|██▊       | 25924/92284 [02:40<06:34, 168.08sinyal/s]
Veri yükleniyor:  28%|██▊       | 25941/92284 [02:40<06:36, 167.46sinyal/s]
Veri yükleniyor:  28%|██▊       | 25958/92284 [02:40<06:34, 167.99sinyal/s]
Veri yükleniyor:  28%|██▊       | 25975/92284 [02:40<06:38, 166.45sinyal/s]
Veri yükleniyor:  28%|██▊       | 25992/92284 [02:40<06:37, 166.84sinyal/s]
Veri yükleniyor:  28%|██▊       | 26010/92284 [02:40<06:33, 168.47sinyal/s]
Veri yükleniyor:  28%|██▊       | 26027/92284 [02:41<06:43, 164.23sinyal/s]
Veri yükleniyor:  28%|██▊       | 26044/92284 [02:41<06:39, 165.88sinyal/s]
Veri yükleniyor:  28%|██▊       | 26061/92284 [02:41<06:39, 165.88sinyal/s]
Veri yükleniyor:  28%|██▊       | 26078/92284 [02:41<06:44, 163.75sinyal/s]
Veri yükleniyor:  28%|██▊       | 26096/92284 [02:41<06:37, 166.36sinyal/s]
Veri yükleniyor:  28%|██▊       | 26113/92284 [02:41<06:41, 164.99sinyal/s]
Veri yükleniyor:  28%|██▊       | 26130/92284 [02:41<07:28, 147.59sinyal/s]
Veri yükleniyor:  28%|██▊       | 26146/92284 [02:41<07:28, 147.34sinyal/s]
Veri yükleniyor:  28%|██▊       | 26161/92284 [02:41<08:04, 136.35sinyal/s]
Veri yükleniyor:  28%|██▊       | 26175/92284 [02:42<08:04, 136.31sinyal/s]
Veri yükleniyor:  28%|██▊       | 26192/92284 [02:42<07:35, 145.17sinyal/s]
Veri yükleniyor:  28%|██▊       | 26207/92284 [02:42<08:45, 125.77sinyal/s]
Veri yükleniyor:  28%|██▊       | 26224/92284 [02:42<08:05, 136.06sinyal/s]
Veri yükleniyor:  28%|██▊       | 26241/92284 [02:42<07:38, 144.07sinyal/s]
Veri yükleniyor:  28%|██▊       | 26259/92284 [02:42<07:09, 153.81sinyal/s]
Veri yükleniyor:  28%|██▊       | 26276/92284 [02:42<06:57, 158.15sinyal/s]
Veri yükleniyor:  28%|██▊       | 26293/92284 [02:42<06:49, 161.26sinyal/s]
Veri yükleniyor:  29%|██▊       | 26310/92284 [02:42<06:44, 163.22sinyal/s]
Veri yükleniyor:  29%|██▊       | 26327/92284 [02:43<06:49, 161.12sinyal/s]
Veri yükleniyor:  29%|██▊       | 26345/92284 [02:43<06:40, 164.59sinyal/s]
Veri yükleniyor:  29%|██▊       | 26362/92284 [02:43<06:38, 165.47sinyal/s]
Veri yükleniyor:  29%|██▊       | 26380/92284 [02:43<06:33, 167.47sinyal/s]
Veri yükleniyor:  29%|██▊       | 26397/92284 [02:43<06:34, 166.93sinyal/s]
Veri yükleniyor:  29%|██▊       | 26414/92284 [02:43<06:33, 167.57sinyal/s]
Veri yükleniyor:  29%|██▊       | 26431/92284 [02:43<06:37, 165.63sinyal/s]
Veri yükleniyor:  29%|██▊       | 26448/92284 [02:43<06:34, 166.84sinyal/s]
Veri yükleniyor:  29%|██▊       | 26465/92284 [02:43<06:33, 167.29sinyal/s]
Veri yükleniyor:  29%|██▊       | 26483/92284 [02:43<06:26, 170.29sinyal/s]
Veri yükleniyor:  29%|██▊       | 26501/92284 [02:44<06:33, 167.35sinyal/s]
Veri yükleniyor:  29%|██▊       | 26519/92284 [02:44<06:24, 170.92sinyal/s]
Veri yükleniyor:  29%|██▉       | 26537/92284 [02:44<06:42, 163.45sinyal/s]
Veri yükleniyor:  29%|██▉       | 26554/92284 [02:44<06:37, 165.28sinyal/s]
Veri yükleniyor:  29%|██▉       | 26572/92284 [02:44<06:31, 167.97sinyal/s]
Veri yükleniyor:  29%|██▉       | 26589/92284 [02:44<06:32, 167.29sinyal/s]
Veri yükleniyor:  29%|██▉       | 26607/92284 [02:44<06:28, 169.02sinyal/s]
Veri yükleniyor:  29%|██▉       | 26625/92284 [02:44<06:25, 170.17sinyal/s]
Veri yükleniyor:  29%|██▉       | 26643/92284 [02:44<06:28, 168.89sinyal/s]
Veri yükleniyor:  29%|██▉       | 26660/92284 [02:44<06:30, 167.99sinyal/s]
Veri yükleniyor:  29%|██▉       | 26678/92284 [02:45<06:27, 169.19sinyal/s]
Veri yükleniyor:  29%|██▉       | 26695/92284 [02:45<06:35, 165.89sinyal/s]
Veri yükleniyor:  29%|██▉       | 26712/92284 [02:45<06:34, 166.27sinyal/s]
Veri yükleniyor:  29%|██▉       | 26729/92284 [02:45<06:33, 166.42sinyal/s]
Veri yükleniyor:  29%|██▉       | 26747/92284 [02:45<06:31, 167.23sinyal/s]
Veri yükleniyor:  29%|██▉       | 26764/92284 [02:45<06:33, 166.66sinyal/s]
Veri yükleniyor:  29%|██▉       | 26781/92284 [02:45<06:45, 161.72sinyal/s]
Veri yükleniyor:  29%|██▉       | 26798/92284 [02:45<06:48, 160.46sinyal/s]
Veri yükleniyor:  29%|██▉       | 26815/92284 [02:45<07:11, 151.56sinyal/s]
Veri yükleniyor:  29%|██▉       | 26831/92284 [02:46<07:39, 142.39sinyal/s]
Veri yükleniyor:  29%|██▉       | 26849/92284 [02:46<07:14, 150.54sinyal/s]
Veri yükleniyor:  29%|██▉       | 26866/92284 [02:46<07:03, 154.58sinyal/s]
Veri yükleniyor:  29%|██▉       | 26884/92284 [02:46<06:51, 159.04sinyal/s]
Veri yükleniyor:  29%|██▉       | 26901/92284 [02:46<06:44, 161.62sinyal/s]
Veri yükleniyor:  29%|██▉       | 26919/92284 [02:46<06:35, 165.10sinyal/s]
Veri yükleniyor:  29%|██▉       | 26937/92284 [02:46<06:28, 168.06sinyal/s]
Veri yükleniyor:  29%|██▉       | 26954/92284 [02:46<06:28, 168.37sinyal/s]
Veri yükleniyor:  29%|██▉       | 26971/92284 [02:46<06:26, 168.80sinyal/s]
Veri yükleniyor:  29%|██▉       | 26988/92284 [02:47<06:26, 168.93sinyal/s]
Veri yükleniyor:  29%|██▉       | 27005/92284 [02:47<06:27, 168.34sinyal/s]
Veri yükleniyor:  29%|██▉       | 27022/92284 [02:47<06:35, 165.07sinyal/s]
Veri yükleniyor:  29%|██▉       | 27039/92284 [02:47<06:34, 165.49sinyal/s]
Veri yükleniyor:  29%|██▉       | 27056/92284 [02:47<06:34, 165.54sinyal/s]
Veri yükleniyor:  29%|██▉       | 27074/92284 [02:47<06:27, 168.30sinyal/s]
Veri yükleniyor:  29%|██▉       | 27091/92284 [02:47<06:29, 167.20sinyal/s]
Veri yükleniyor:  29%|██▉       | 27108/92284 [02:47<06:32, 166.21sinyal/s]
Veri yükleniyor:  29%|██▉       | 27126/92284 [02:47<06:28, 167.63sinyal/s]
Veri yükleniyor:  29%|██▉       | 27144/92284 [02:47<06:25, 168.87sinyal/s]
Veri yükleniyor:  29%|██▉       | 27161/92284 [02:48<06:27, 168.06sinyal/s]
Veri yükleniyor:  29%|██▉       | 27178/92284 [02:48<06:50, 158.68sinyal/s]
Veri yükleniyor:  29%|██▉       | 27195/92284 [02:48<06:44, 160.98sinyal/s]
Veri yükleniyor:  29%|██▉       | 27213/92284 [02:48<06:33, 165.31sinyal/s]
Veri yükleniyor:  30%|██▉       | 27230/92284 [02:48<06:33, 165.30sinyal/s]
Veri yükleniyor:  30%|██▉       | 27247/92284 [02:48<06:30, 166.58sinyal/s]
Veri yükleniyor:  30%|██▉       | 27264/92284 [02:48<06:31, 165.97sinyal/s]
Veri yükleniyor:  30%|██▉       | 27281/92284 [02:48<06:30, 166.33sinyal/s]
Veri yükleniyor:  30%|██▉       | 27299/92284 [02:48<06:26, 168.16sinyal/s]
Veri yükleniyor:  30%|██▉       | 27316/92284 [02:48<06:28, 167.23sinyal/s]
Veri yükleniyor:  30%|██▉       | 27333/92284 [02:49<06:28, 167.02sinyal/s]
Veri yükleniyor:  30%|██▉       | 27350/92284 [02:49<06:32, 165.63sinyal/s]
Veri yükleniyor:  30%|██▉       | 27367/92284 [02:49<06:31, 165.99sinyal/s]
Veri yükleniyor:  30%|██▉       | 27384/92284 [02:49<06:30, 166.36sinyal/s]
Veri yükleniyor:  30%|██▉       | 27401/92284 [02:49<06:31, 165.86sinyal/s]
Veri yükleniyor:  30%|██▉       | 27418/92284 [02:49<06:29, 166.58sinyal/s]
Veri yükleniyor:  30%|██▉       | 27435/92284 [02:49<06:34, 164.21sinyal/s]
Veri yükleniyor:  30%|██▉       | 27452/92284 [02:49<06:32, 165.27sinyal/s]
Veri yükleniyor:  30%|██▉       | 27470/92284 [02:49<06:26, 167.51sinyal/s]
Veri yükleniyor:  30%|██▉       | 27487/92284 [02:50<07:06, 151.79sinyal/s]
Veri yükleniyor:  30%|██▉       | 27505/92284 [02:50<06:49, 158.09sinyal/s]
Veri yükleniyor:  30%|██▉       | 27522/92284 [02:50<06:48, 158.48sinyal/s]
Veri yükleniyor:  30%|██▉       | 27539/92284 [02:50<06:44, 160.06sinyal/s]
Veri yükleniyor:  30%|██▉       | 27556/92284 [02:50<06:45, 159.74sinyal/s]
Veri yükleniyor:  30%|██▉       | 27574/92284 [02:50<06:33, 164.28sinyal/s]
Veri yükleniyor:  30%|██▉       | 27592/92284 [02:50<06:29, 166.28sinyal/s]
Veri yükleniyor:  30%|██▉       | 27609/92284 [02:50<06:32, 164.66sinyal/s]
Veri yükleniyor:  30%|██▉       | 27626/92284 [02:50<06:31, 165.11sinyal/s]
Veri yükleniyor:  30%|██▉       | 27643/92284 [02:50<06:32, 164.62sinyal/s]
Veri yükleniyor:  30%|██▉       | 27660/92284 [02:51<06:32, 164.68sinyal/s]
Veri yükleniyor:  30%|██▉       | 27678/92284 [02:51<06:26, 166.94sinyal/s]
Veri yükleniyor:  30%|███       | 27695/92284 [02:51<06:27, 166.59sinyal/s]
Veri yükleniyor:  30%|███       | 27712/92284 [02:51<06:27, 166.44sinyal/s]
Veri yükleniyor:  30%|███       | 27730/92284 [02:51<06:19, 169.91sinyal/s]
Veri yükleniyor:  30%|███       | 27747/92284 [02:51<06:27, 166.75sinyal/s]
Veri yükleniyor:  30%|███       | 27764/92284 [02:51<06:25, 167.44sinyal/s]
Veri yükleniyor:  30%|███       | 27782/92284 [02:51<06:17, 171.00sinyal/s]
Veri yükleniyor:  30%|███       | 27800/92284 [02:51<06:16, 171.49sinyal/s]
Veri yükleniyor:  30%|███       | 27818/92284 [02:52<06:24, 167.78sinyal/s]
Veri yükleniyor:  30%|███       | 27836/92284 [02:52<06:20, 169.47sinyal/s]
Veri yükleniyor:  30%|███       | 27853/92284 [02:52<06:26, 166.88sinyal/s]
Veri yükleniyor:  30%|███       | 27870/92284 [02:52<06:28, 165.60sinyal/s]
Veri yükleniyor:  30%|███       | 27887/92284 [02:52<06:29, 165.35sinyal/s]
Veri yükleniyor:  30%|███       | 27905/92284 [02:52<06:28, 165.61sinyal/s]
Veri yükleniyor:  30%|███       | 27922/92284 [02:52<06:30, 164.75sinyal/s]
Veri yükleniyor:  30%|███       | 27940/92284 [02:52<06:25, 166.94sinyal/s]
Veri yükleniyor:  30%|███       | 27958/92284 [02:52<06:21, 168.72sinyal/s]
Veri yükleniyor:  30%|███       | 27975/92284 [02:52<06:24, 167.28sinyal/s]
Veri yükleniyor:  30%|███       | 27993/92284 [02:53<06:21, 168.41sinyal/s]
Veri yükleniyor:  30%|███       | 28010/92284 [02:53<06:20, 168.73sinyal/s]
Veri yükleniyor:  30%|███       | 28027/92284 [02:53<06:28, 165.57sinyal/s]
Veri yükleniyor:  30%|███       | 28045/92284 [02:53<06:20, 168.84sinyal/s]
Veri yükleniyor:  30%|███       | 28062/92284 [02:53<06:24, 166.93sinyal/s]
Veri yükleniyor:  30%|███       | 28079/92284 [02:53<06:34, 162.62sinyal/s]
Veri yükleniyor:  30%|███       | 28096/92284 [02:53<06:37, 161.48sinyal/s]
Veri yükleniyor:  30%|███       | 28114/92284 [02:53<06:31, 164.09sinyal/s]
Veri yükleniyor:  30%|███       | 28132/92284 [02:53<06:24, 166.70sinyal/s]
Veri yükleniyor:  31%|███       | 28149/92284 [02:54<06:26, 166.13sinyal/s]
Veri yükleniyor:  31%|███       | 28166/92284 [02:54<06:26, 165.95sinyal/s]
Veri yükleniyor:  31%|███       | 28183/92284 [02:54<06:25, 166.43sinyal/s]
Veri yükleniyor:  31%|███       | 28201/92284 [02:54<06:19, 168.82sinyal/s]
Veri yükleniyor:  31%|███       | 28218/92284 [03:06<3:44:23,  4.76sinyal/s]
Veri yükleniyor:  31%|███       | 28251/92284 [03:06<2:04:53,  8.54sinyal/s]
Veri yükleniyor:  31%|███       | 28285/92284 [03:06<1:16:22, 13.97sinyal/s]
Veri yükleniyor:  31%|███       | 28319/92284 [03:06<49:48, 21.40sinyal/s]  
Veri yükleniyor:  31%|███       | 28353/92284 [03:06<33:53, 31.45sinyal/s]
Veri yükleniyor:  31%|███       | 28387/92284 [03:06<23:48, 44.73sinyal/s]
Veri yükleniyor:  31%|███       | 28421/92284 [03:06<17:13, 61.77sinyal/s]
Veri yükleniyor:  31%|███       | 28455/92284 [03:06<12:49, 82.97sinyal/s]
Veri yükleniyor:  31%|███       | 28488/92284 [03:10<40:09, 26.48sinyal/s]
Veri yükleniyor:  31%|███       | 28522/92284 [03:10<28:45, 36.96sinyal/s]
Veri yükleniyor:  31%|███       | 28548/92284 [03:10<23:00, 46.17sinyal/s]
Veri yükleniyor:  31%|███       | 28582/92284 [03:10<16:38, 63.77sinyal/s]
Veri yükleniyor:  31%|███       | 28617/92284 [03:10<12:17, 86.31sinyal/s]
Veri yükleniyor:  31%|███       | 28649/92284 [03:10<09:39, 109.76sinyal/s]
Veri yükleniyor:  31%|███       | 28682/92284 [03:10<07:44, 136.97sinyal/s]
Veri yükleniyor:  31%|███       | 28714/92284 [03:10<06:25, 164.74sinyal/s]
Veri yükleniyor:  31%|███       | 28745/92284 [03:14<41:02, 25.81sinyal/s] 
Veri yükleniyor:  31%|███       | 28779/92284 [03:14<29:09, 36.29sinyal/s]
Veri yükleniyor:  31%|███       | 28813/92284 [03:14<21:07, 50.07sinyal/s]
Veri yükleniyor:  31%|███▏      | 28848/92284 [03:14<15:28, 68.31sinyal/s]
Veri yükleniyor:  31%|███▏      | 28883/92284 [03:14<11:39, 90.70sinyal/s]
Veri yükleniyor:  31%|███▏      | 28917/92284 [03:15<09:06, 115.97sinyal/s]
Veri yükleniyor:  31%|███▏      | 28952/92284 [03:15<07:14, 145.76sinyal/s]
Veri yükleniyor:  31%|███▏      | 28985/92284 [03:15<06:04, 173.60sinyal/s]
Veri yükleniyor:  31%|███▏      | 29018/92284 [03:15<05:13, 201.58sinyal/s]
Veri yükleniyor:  31%|███▏      | 29054/92284 [03:15<04:31, 232.74sinyal/s]
Veri yükleniyor:  32%|███▏      | 29088/92284 [03:15<04:08, 254.45sinyal/s]
Veri yükleniyor:  32%|███▏      | 29122/92284 [03:15<03:50, 273.51sinyal/s]
Veri yükleniyor:  32%|███▏      | 29156/92284 [03:15<03:38, 288.83sinyal/s]
Veri yükleniyor:  32%|███▏      | 29191/92284 [03:15<03:28, 303.20sinyal/s]
Veri yükleniyor:  32%|███▏      | 29225/92284 [03:15<03:23, 310.59sinyal/s]
Veri yükleniyor:  32%|███▏      | 29259/92284 [03:16<03:19, 316.61sinyal/s]
Veri yükleniyor:  32%|███▏      | 29293/92284 [03:16<03:17, 318.75sinyal/s]
Veri yükleniyor:  32%|███▏      | 29328/92284 [03:16<03:12, 327.65sinyal/s]
Veri yükleniyor:  32%|███▏      | 29362/92284 [03:16<03:10, 330.32sinyal/s]
Veri yükleniyor:  32%|███▏      | 29396/92284 [03:16<03:10, 329.53sinyal/s]
Veri yükleniyor:  32%|███▏      | 29430/92284 [03:16<03:11, 328.42sinyal/s]
Veri yükleniyor:  32%|███▏      | 29464/92284 [03:16<03:09, 330.89sinyal/s]
Veri yükleniyor:  32%|███▏      | 29498/92284 [03:16<03:11, 328.36sinyal/s]
Veri yükleniyor:  32%|███▏      | 29531/92284 [03:18<17:26, 59.97sinyal/s] 
Veri yükleniyor:  32%|███▏      | 29565/92284 [03:18<13:06, 79.76sinyal/s]
Veri yükleniyor:  32%|███▏      | 29600/92284 [03:18<10:00, 104.32sinyal/s]
Veri yükleniyor:  32%|███▏      | 29629/92284 [03:18<08:49, 118.23sinyal/s]
Veri yükleniyor:  32%|███▏      | 29664/92284 [03:18<06:59, 149.25sinyal/s]
Veri yükleniyor:  32%|███▏      | 29698/92284 [03:19<05:48, 179.63sinyal/s]
Veri yükleniyor:  32%|███▏      | 29733/92284 [03:19<04:57, 210.07sinyal/s]
Veri yükleniyor:  32%|███▏      | 29767/92284 [03:19<04:24, 236.25sinyal/s]
Veri yükleniyor:  32%|███▏      | 29799/92284 [03:19<04:05, 254.15sinyal/s]
Veri yükleniyor:  32%|███▏      | 29834/92284 [03:19<03:46, 276.20sinyal/s]
Veri yükleniyor:  32%|███▏      | 29868/92284 [03:19<03:33, 292.54sinyal/s]
Veri yükleniyor:  32%|███▏      | 29902/92284 [03:19<03:24, 304.82sinyal/s]
Veri yükleniyor:  32%|███▏      | 29936/92284 [03:19<03:21, 309.72sinyal/s]
Veri yükleniyor:  32%|███▏      | 29969/92284 [03:19<03:25, 303.24sinyal/s]
Veri yükleniyor:  33%|███▎      | 30004/92284 [03:19<03:17, 315.91sinyal/s]
Veri yükleniyor:  33%|███▎      | 30039/92284 [03:20<03:12, 324.00sinyal/s]
Veri yükleniyor:  33%|███▎      | 30074/92284 [03:20<03:08, 330.73sinyal/s]
Veri yükleniyor:  33%|███▎      | 30109/92284 [03:20<03:05, 334.37sinyal/s]
Veri yükleniyor:  33%|███▎      | 30143/92284 [03:20<03:04, 335.90sinyal/s]
Veri yükleniyor:  33%|███▎      | 30177/92284 [03:20<03:04, 336.85sinyal/s]
Veri yükleniyor:  33%|███▎      | 30211/92284 [03:20<03:03, 337.60sinyal/s]
Veri yükleniyor:  33%|███▎      | 30246/92284 [03:20<03:02, 340.31sinyal/s]
Veri yükleniyor:  33%|███▎      | 30281/92284 [03:20<03:02, 340.48sinyal/s]
Veri yükleniyor:  33%|███▎      | 30316/92284 [03:20<03:03, 338.24sinyal/s]
Veri yükleniyor:  33%|███▎      | 30350/92284 [03:20<03:03, 337.70sinyal/s]
Veri yükleniyor:  33%|███▎      | 30384/92284 [03:21<03:06, 331.81sinyal/s]
Veri yükleniyor:  33%|███▎      | 30419/92284 [03:21<03:04, 335.75sinyal/s]
Veri yükleniyor:  33%|███▎      | 30454/92284 [03:21<03:03, 337.64sinyal/s]
Veri yükleniyor:  33%|███▎      | 30488/92284 [03:21<03:03, 336.05sinyal/s]
Veri yükleniyor:  33%|███▎      | 30523/92284 [03:21<03:02, 338.38sinyal/s]
Veri yükleniyor:  33%|███▎      | 30557/92284 [03:21<03:03, 335.78sinyal/s]
Veri yükleniyor:  33%|███▎      | 30592/92284 [03:21<03:01, 339.63sinyal/s]
Veri yükleniyor:  33%|███▎      | 30626/92284 [03:21<03:01, 339.61sinyal/s]
Veri yükleniyor:  33%|███▎      | 30660/92284 [03:21<03:03, 335.56sinyal/s]
Veri yükleniyor:  33%|███▎      | 30694/92284 [03:22<07:36, 134.95sinyal/s]
Veri yükleniyor:  33%|███▎      | 30730/92284 [03:22<06:08, 166.90sinyal/s]
Veri yükleniyor:  33%|███▎      | 30767/92284 [03:22<05:05, 201.36sinyal/s]
Veri yükleniyor:  33%|███▎      | 30803/92284 [03:22<04:25, 231.92sinyal/s]
Veri yükleniyor:  33%|███▎      | 30840/92284 [03:22<03:55, 260.95sinyal/s]
Veri yükleniyor:  33%|███▎      | 30876/92284 [03:22<03:36, 283.65sinyal/s]
Veri yükleniyor:  33%|███▎      | 30912/92284 [03:23<03:23, 300.85sinyal/s]
Veri yükleniyor:  34%|███▎      | 30948/92284 [03:23<03:15, 314.12sinyal/s]
Veri yükleniyor:  34%|███▎      | 30983/92284 [03:23<03:11, 320.51sinyal/s]
Veri yükleniyor:  34%|███▎      | 31020/92284 [03:23<03:04, 332.78sinyal/s]
Veri yükleniyor:  34%|███▎      | 31055/92284 [03:23<03:02, 336.25sinyal/s]
Veri yükleniyor:  34%|███▎      | 31090/92284 [03:23<03:03, 334.17sinyal/s]
Veri yükleniyor:  34%|███▎      | 31125/92284 [03:23<03:00, 338.37sinyal/s]
Veri yükleniyor:  34%|███▍      | 31161/92284 [03:23<02:57, 344.02sinyal/s]
Veri yükleniyor:  34%|███▍      | 31197/92284 [03:23<02:55, 348.13sinyal/s]
Veri yükleniyor:  34%|███▍      | 31233/92284 [03:24<02:56, 346.49sinyal/s]
Veri yükleniyor:  34%|███▍      | 31268/92284 [03:24<02:57, 344.51sinyal/s]
Veri yükleniyor:  34%|███▍      | 31303/92284 [03:24<02:56, 344.79sinyal/s]
Veri yükleniyor:  34%|███▍      | 31338/92284 [03:24<02:56, 344.78sinyal/s]
Veri yükleniyor:  34%|███▍      | 31373/92284 [03:24<02:57, 343.78sinyal/s]
Veri yükleniyor:  34%|███▍      | 31408/92284 [03:24<02:56, 344.25sinyal/s]
Veri yükleniyor:  34%|███▍      | 31443/92284 [03:24<02:56, 344.91sinyal/s]
Veri yükleniyor:  34%|███▍      | 31479/92284 [03:24<02:54, 347.59sinyal/s]
Veri yükleniyor:  34%|███▍      | 31514/92284 [03:24<02:57, 342.23sinyal/s]
Veri yükleniyor:  34%|███▍      | 31550/92284 [03:24<02:56, 344.05sinyal/s]
Veri yükleniyor:  34%|███▍      | 31586/92284 [03:25<02:55, 346.21sinyal/s]
Veri yükleniyor:  34%|███▍      | 31621/92284 [03:25<02:57, 342.57sinyal/s]
Veri yükleniyor:  34%|███▍      | 31656/92284 [03:25<02:58, 339.30sinyal/s]
Veri yükleniyor:  34%|███▍      | 31690/92284 [03:25<02:59, 337.05sinyal/s]
Veri yükleniyor:  34%|███▍      | 31725/92284 [03:25<02:57, 340.38sinyal/s]
Veri yükleniyor:  34%|███▍      | 31761/92284 [03:25<02:55, 345.61sinyal/s]
Veri yükleniyor:  34%|███▍      | 31796/92284 [03:25<02:56, 342.45sinyal/s]
Veri yükleniyor:  34%|███▍      | 31831/92284 [03:25<02:57, 340.86sinyal/s]
Veri yükleniyor:  35%|███▍      | 31866/92284 [03:25<02:55, 343.43sinyal/s]
Veri yükleniyor:  35%|███▍      | 31901/92284 [03:25<02:55, 344.86sinyal/s]
Veri yükleniyor:  35%|███▍      | 31936/92284 [03:26<02:57, 339.60sinyal/s]
Veri yükleniyor:  35%|███▍      | 31970/92284 [03:26<07:48, 128.73sinyal/s]
Veri yükleniyor:  35%|███▍      | 32006/92284 [03:26<06:17, 159.87sinyal/s]
Veri yükleniyor:  35%|███▍      | 32041/92284 [03:26<05:16, 190.63sinyal/s]
Veri yükleniyor:  35%|███▍      | 32076/92284 [03:27<04:33, 220.04sinyal/s]
Veri yükleniyor:  35%|███▍      | 32112/92284 [03:27<04:01, 249.13sinyal/s]
Veri yükleniyor:  35%|███▍      | 32147/92284 [03:27<03:40, 272.30sinyal/s]
Veri yükleniyor:  35%|███▍      | 32182/92284 [03:27<03:26, 290.49sinyal/s]
Veri yükleniyor:  35%|███▍      | 32217/92284 [03:27<03:16, 305.81sinyal/s]
Veri yükleniyor:  35%|███▍      | 32252/92284 [03:27<03:09, 316.36sinyal/s]
Veri yükleniyor:  35%|███▍      | 32287/92284 [03:27<03:04, 324.87sinyal/s]
Veri yükleniyor:  35%|███▌      | 32322/92284 [03:27<03:01, 330.89sinyal/s]
Veri yükleniyor:  35%|███▌      | 32358/92284 [03:27<02:58, 336.66sinyal/s]
Veri yükleniyor:  35%|███▌      | 32393/92284 [03:27<02:57, 338.03sinyal/s]
Veri yükleniyor:  35%|███▌      | 32428/92284 [03:28<02:56, 338.42sinyal/s]
Veri yükleniyor:  35%|███▌      | 32464/92284 [03:28<02:54, 343.13sinyal/s]
Veri yükleniyor:  35%|███▌      | 32499/92284 [03:28<02:55, 341.02sinyal/s]
Veri yükleniyor:  35%|███▌      | 32534/92284 [03:28<02:56, 338.53sinyal/s]
Veri yükleniyor:  35%|███▌      | 32570/92284 [03:28<02:54, 342.29sinyal/s]
Veri yükleniyor:  35%|███▌      | 32605/92284 [03:28<02:54, 342.00sinyal/s]
Veri yükleniyor:  35%|███▌      | 32641/92284 [03:28<02:52, 345.90sinyal/s]
Veri yükleniyor:  35%|███▌      | 32677/92284 [03:28<02:50, 349.14sinyal/s]
Veri yükleniyor:  35%|███▌      | 32712/92284 [03:28<02:52, 345.55sinyal/s]
Veri yükleniyor:  35%|███▌      | 32747/92284 [03:28<03:01, 328.63sinyal/s]
Veri yükleniyor:  36%|███▌      | 32781/92284 [03:29<02:59, 331.29sinyal/s]
Veri yükleniyor:  36%|███▌      | 32817/92284 [03:29<02:56, 337.20sinyal/s]
Veri yükleniyor:  36%|███▌      | 32851/92284 [03:29<02:58, 333.65sinyal/s]
Veri yükleniyor:  36%|███▌      | 32885/92284 [03:29<02:57, 334.66sinyal/s]
Veri yükleniyor:  36%|███▌      | 32919/92284 [03:29<03:05, 320.24sinyal/s]
Veri yükleniyor:  36%|███▌      | 32952/92284 [03:29<03:46, 261.90sinyal/s]
Veri yükleniyor:  36%|███▌      | 32980/92284 [03:29<04:12, 235.05sinyal/s]
Veri yükleniyor:  36%|███▌      | 33006/92284 [03:31<14:50, 66.59sinyal/s] 
Veri yükleniyor:  36%|███▌      | 33025/92284 [03:31<13:09, 75.01sinyal/s]
Veri yükleniyor:  36%|███▌      | 33043/92284 [03:31<11:27, 86.18sinyal/s]
Veri yükleniyor:  36%|███▌      | 33061/92284 [03:31<10:06, 97.72sinyal/s]
Veri yükleniyor:  36%|███▌      | 33079/92284 [03:31<08:56, 110.26sinyal/s]
Veri yükleniyor:  36%|███▌      | 33097/92284 [03:31<08:06, 121.66sinyal/s]
Veri yükleniyor:  36%|███▌      | 33115/92284 [03:31<07:24, 133.03sinyal/s]
Veri yükleniyor:  36%|███▌      | 33134/92284 [03:31<06:49, 144.39sinyal/s]
Veri yükleniyor:  36%|███▌      | 33153/92284 [03:31<06:24, 153.71sinyal/s]
Veri yükleniyor:  36%|███▌      | 33171/92284 [03:32<06:12, 158.83sinyal/s]
Veri yükleniyor:  36%|███▌      | 33189/92284 [03:32<06:04, 162.11sinyal/s]
Veri yükleniyor:  36%|███▌      | 33207/92284 [03:32<05:59, 164.14sinyal/s]
Veri yükleniyor:  36%|███▌      | 33225/92284 [03:32<05:59, 164.49sinyal/s]
Veri yükleniyor:  36%|███▌      | 33243/92284 [03:32<05:55, 165.92sinyal/s]
Veri yükleniyor:  36%|███▌      | 33261/92284 [03:32<05:52, 167.58sinyal/s]
Veri yükleniyor:  36%|███▌      | 33280/92284 [03:32<05:42, 172.13sinyal/s]
Veri yükleniyor:  36%|███▌      | 33298/92284 [03:32<05:39, 173.52sinyal/s]
Veri yükleniyor:  36%|███▌      | 33316/92284 [03:32<05:40, 173.24sinyal/s]
Veri yükleniyor:  36%|███▌      | 33334/92284 [03:32<05:37, 174.83sinyal/s]
Veri yükleniyor:  36%|███▌      | 33352/92284 [03:33<05:45, 170.66sinyal/s]
Veri yükleniyor:  36%|███▌      | 33371/92284 [03:33<05:36, 175.25sinyal/s]
Veri yükleniyor:  36%|███▌      | 33389/92284 [03:33<05:43, 171.65sinyal/s]
Veri yükleniyor:  36%|███▌      | 33408/92284 [03:33<05:36, 175.08sinyal/s]
Veri yükleniyor:  36%|███▌      | 33426/92284 [03:33<05:38, 173.97sinyal/s]
Veri yükleniyor:  36%|███▌      | 33444/92284 [03:33<05:40, 172.80sinyal/s]
Veri yükleniyor:  36%|███▋      | 33462/92284 [03:33<05:44, 170.60sinyal/s]
Veri yükleniyor:  36%|███▋      | 33481/92284 [03:33<05:38, 173.74sinyal/s]
Veri yükleniyor:  36%|███▋      | 33499/92284 [03:33<05:36, 174.72sinyal/s]
Veri yükleniyor:  36%|███▋      | 33517/92284 [03:34<05:35, 175.34sinyal/s]
Veri yükleniyor:  36%|███▋      | 33535/92284 [03:34<05:47, 169.16sinyal/s]
Veri yükleniyor:  36%|███▋      | 33553/92284 [03:34<05:45, 170.23sinyal/s]
Veri yükleniyor:  36%|███▋      | 33571/92284 [03:34<05:45, 170.01sinyal/s]
Veri yükleniyor:  36%|███▋      | 33590/92284 [03:34<05:38, 173.18sinyal/s]
Veri yükleniyor:  36%|███▋      | 33608/92284 [03:34<05:39, 172.66sinyal/s]
Veri yükleniyor:  36%|███▋      | 33627/92284 [03:34<05:33, 175.85sinyal/s]
Veri yükleniyor:  36%|███▋      | 33645/92284 [03:34<05:35, 174.94sinyal/s]
Veri yükleniyor:  36%|███▋      | 33663/92284 [03:34<05:37, 173.70sinyal/s]
Veri yükleniyor:  36%|███▋      | 33681/92284 [03:34<05:35, 174.72sinyal/s]
Veri yükleniyor:  37%|███▋      | 33699/92284 [03:35<05:35, 174.70sinyal/s]
Veri yükleniyor:  37%|███▋      | 33717/92284 [03:35<05:34, 174.92sinyal/s]
Veri yükleniyor:  37%|███▋      | 33735/92284 [03:35<05:44, 169.94sinyal/s]
Veri yükleniyor:  37%|███▋      | 33754/92284 [03:35<05:38, 172.99sinyal/s]
Veri yükleniyor:  37%|███▋      | 33772/92284 [03:35<05:37, 173.60sinyal/s]
Veri yükleniyor:  37%|███▋      | 33790/92284 [03:35<05:34, 174.63sinyal/s]
Veri yükleniyor:  37%|███▋      | 33809/92284 [03:35<05:30, 176.84sinyal/s]
Veri yükleniyor:  37%|███▋      | 33828/92284 [03:35<05:26, 179.06sinyal/s]
Veri yükleniyor:  37%|███▋      | 33846/92284 [03:35<05:30, 176.73sinyal/s]
Veri yükleniyor:  37%|███▋      | 33865/92284 [03:36<05:24, 180.00sinyal/s]
Veri yükleniyor:  37%|███▋      | 33884/92284 [03:36<05:32, 175.44sinyal/s]
Veri yükleniyor:  37%|███▋      | 33902/92284 [03:36<05:33, 175.24sinyal/s]
Veri yükleniyor:  37%|███▋      | 33921/92284 [03:36<05:28, 177.71sinyal/s]
Veri yükleniyor:  37%|███▋      | 33939/92284 [03:36<05:29, 176.99sinyal/s]
Veri yükleniyor:  37%|███▋      | 33957/92284 [03:36<05:29, 176.98sinyal/s]
Veri yükleniyor:  37%|███▋      | 33975/92284 [03:36<05:31, 176.07sinyal/s]
Veri yükleniyor:  37%|███▋      | 33993/92284 [03:36<05:30, 176.57sinyal/s]
Veri yükleniyor:  37%|███▋      | 34011/92284 [03:36<05:30, 176.10sinyal/s]
Veri yükleniyor:  37%|███▋      | 34029/92284 [03:36<05:29, 177.04sinyal/s]
Veri yükleniyor:  37%|███▋      | 34047/92284 [03:37<05:34, 174.18sinyal/s]
Veri yükleniyor:  37%|███▋      | 34065/92284 [03:37<05:35, 173.57sinyal/s]
Veri yükleniyor:  37%|███▋      | 34083/92284 [03:37<05:40, 171.13sinyal/s]
Veri yükleniyor:  37%|███▋      | 34101/92284 [03:37<05:49, 166.67sinyal/s]
Veri yükleniyor:  37%|███▋      | 34118/92284 [03:37<06:18, 153.80sinyal/s]
Veri yükleniyor:  37%|███▋      | 34135/92284 [03:37<06:08, 157.75sinyal/s]
Veri yükleniyor:  37%|███▋      | 34152/92284 [03:37<06:05, 158.97sinyal/s]
Veri yükleniyor:  37%|███▋      | 34169/92284 [03:37<06:12, 155.92sinyal/s]
Veri yükleniyor:  37%|███▋      | 34185/92284 [03:37<06:13, 155.56sinyal/s]
Veri yükleniyor:  37%|███▋      | 34202/92284 [03:38<06:08, 157.69sinyal/s]
Veri yükleniyor:  37%|███▋      | 34218/92284 [03:38<06:09, 157.21sinyal/s]
Veri yükleniyor:  37%|███▋      | 34236/92284 [03:38<05:59, 161.50sinyal/s]
Veri yükleniyor:  37%|███▋      | 34254/92284 [03:38<05:53, 164.34sinyal/s]
Veri yükleniyor:  37%|███▋      | 34272/92284 [03:38<05:43, 168.73sinyal/s]
Veri yükleniyor:  37%|███▋      | 34290/92284 [03:38<05:43, 169.02sinyal/s]
Veri yükleniyor:  37%|███▋      | 34307/92284 [03:38<05:43, 168.58sinyal/s]
Veri yükleniyor:  37%|███▋      | 34325/92284 [03:38<05:38, 171.45sinyal/s]
Veri yükleniyor:  37%|███▋      | 34343/92284 [03:38<05:33, 173.56sinyal/s]
Veri yükleniyor:  37%|███▋      | 34361/92284 [03:38<05:30, 175.23sinyal/s]
Veri yükleniyor:  37%|███▋      | 34379/92284 [03:39<05:33, 173.39sinyal/s]
Veri yükleniyor:  37%|███▋      | 34397/92284 [03:39<05:31, 174.40sinyal/s]
Veri yükleniyor:  37%|███▋      | 34415/92284 [03:39<05:38, 171.08sinyal/s]
Veri yükleniyor:  37%|███▋      | 34434/92284 [03:39<05:31, 174.27sinyal/s]
Veri yükleniyor:  37%|███▋      | 34452/92284 [03:39<05:35, 172.60sinyal/s]
Veri yükleniyor:  37%|███▋      | 34470/92284 [03:39<05:33, 173.40sinyal/s]
Veri yükleniyor:  37%|███▋      | 34489/92284 [03:39<05:29, 175.59sinyal/s]
Veri yükleniyor:  37%|███▋      | 34507/92284 [03:39<05:28, 176.10sinyal/s]
Veri yükleniyor:  37%|███▋      | 34525/92284 [03:39<05:26, 177.06sinyal/s]
Veri yükleniyor:  37%|███▋      | 34543/92284 [03:40<05:25, 177.31sinyal/s]
Veri yükleniyor:  37%|███▋      | 34561/92284 [03:40<05:36, 171.59sinyal/s]
Veri yükleniyor:  37%|███▋      | 34579/92284 [03:40<05:32, 173.62sinyal/s]
Veri yükleniyor:  37%|███▋      | 34597/92284 [03:40<05:30, 174.69sinyal/s]
Veri yükleniyor:  38%|███▊      | 34615/92284 [03:40<05:27, 176.24sinyal/s]
Veri yükleniyor:  38%|███▊      | 34633/92284 [03:40<05:26, 176.70sinyal/s]
Veri yükleniyor:  38%|███▊      | 34651/92284 [03:40<06:30, 147.71sinyal/s]
Veri yükleniyor:  38%|███▊      | 34669/92284 [03:40<06:11, 155.27sinyal/s]
Veri yükleniyor:  38%|███▊      | 34686/92284 [03:40<06:02, 158.71sinyal/s]
Veri yükleniyor:  38%|███▊      | 34704/92284 [03:40<05:53, 162.90sinyal/s]
Veri yükleniyor:  38%|███▊      | 34722/92284 [03:41<05:46, 165.94sinyal/s]
Veri yükleniyor:  38%|███▊      | 34741/92284 [03:41<05:36, 171.09sinyal/s]
Veri yükleniyor:  38%|███▊      | 34759/92284 [03:41<05:38, 170.04sinyal/s]
Veri yükleniyor:  38%|███▊      | 34777/92284 [03:41<05:34, 171.94sinyal/s]
Veri yükleniyor:  38%|███▊      | 34795/92284 [03:41<05:32, 172.87sinyal/s]
Veri yükleniyor:  38%|███▊      | 34814/92284 [03:41<05:28, 174.93sinyal/s]
Veri yükleniyor:  38%|███▊      | 34832/92284 [03:41<05:38, 169.53sinyal/s]
Veri yükleniyor:  38%|███▊      | 34850/92284 [03:41<05:59, 159.67sinyal/s]
Veri yükleniyor:  38%|███▊      | 34867/92284 [03:42<06:36, 144.92sinyal/s]
Veri yükleniyor:  38%|███▊      | 34884/92284 [03:42<06:22, 149.95sinyal/s]
Veri yükleniyor:  38%|███▊      | 34900/92284 [03:42<06:36, 144.67sinyal/s]
Veri yükleniyor:  38%|███▊      | 34917/92284 [03:42<06:21, 150.47sinyal/s]
Veri yükleniyor:  38%|███▊      | 34934/92284 [03:42<06:11, 154.27sinyal/s]
Veri yükleniyor:  38%|███▊      | 34952/92284 [03:42<05:57, 160.30sinyal/s]
Veri yükleniyor:  38%|███▊      | 34970/92284 [03:42<05:46, 165.57sinyal/s]
Veri yükleniyor:  38%|███▊      | 34988/92284 [03:42<05:42, 167.41sinyal/s]
Veri yükleniyor:  38%|███▊      | 35007/92284 [03:42<05:32, 172.04sinyal/s]
Veri yükleniyor:  38%|███▊      | 35025/92284 [03:42<05:30, 173.09sinyal/s]
Veri yükleniyor:  38%|███▊      | 35043/92284 [03:43<05:28, 174.23sinyal/s]
Veri yükleniyor:  38%|███▊      | 35061/92284 [03:43<05:29, 173.61sinyal/s]
Veri yükleniyor:  38%|███▊      | 35079/92284 [03:43<05:34, 171.17sinyal/s]
Veri yükleniyor:  38%|███▊      | 35098/92284 [03:43<05:28, 174.21sinyal/s]
Veri yükleniyor:  38%|███▊      | 35116/92284 [03:43<05:28, 173.90sinyal/s]
Veri yükleniyor:  38%|███▊      | 35135/92284 [03:43<05:23, 176.50sinyal/s]
Veri yükleniyor:  38%|███▊      | 35153/92284 [03:43<05:22, 177.16sinyal/s]
Veri yükleniyor:  38%|███▊      | 35171/92284 [03:43<05:21, 177.60sinyal/s]
Veri yükleniyor:  38%|███▊      | 35189/92284 [03:43<05:20, 178.02sinyal/s]
Veri yükleniyor:  38%|███▊      | 35207/92284 [03:43<05:20, 177.93sinyal/s]
Veri yükleniyor:  38%|███▊      | 35225/92284 [03:44<05:23, 176.49sinyal/s]
Veri yükleniyor:  38%|███▊      | 35243/92284 [03:44<05:25, 175.22sinyal/s]
Veri yükleniyor:  38%|███▊      | 35261/92284 [03:44<05:38, 168.59sinyal/s]
Veri yükleniyor:  38%|███▊      | 35279/92284 [03:44<05:33, 171.07sinyal/s]
Veri yükleniyor:  38%|███▊      | 35297/92284 [03:44<05:33, 170.73sinyal/s]
Veri yükleniyor:  38%|███▊      | 35315/92284 [03:44<05:31, 171.90sinyal/s]
Veri yükleniyor:  38%|███▊      | 35333/92284 [03:44<05:33, 170.60sinyal/s]
Veri yükleniyor:  38%|███▊      | 35351/92284 [03:44<05:30, 172.28sinyal/s]
Veri yükleniyor:  38%|███▊      | 35369/92284 [03:44<05:28, 173.27sinyal/s]
Veri yükleniyor:  38%|███▊      | 35387/92284 [03:45<05:29, 172.71sinyal/s]
Veri yükleniyor:  38%|███▊      | 35405/92284 [03:45<05:28, 173.23sinyal/s]
Veri yükleniyor:  38%|███▊      | 35423/92284 [03:45<05:28, 173.10sinyal/s]
Veri yükleniyor:  38%|███▊      | 35441/92284 [03:45<05:25, 174.86sinyal/s]
Veri yükleniyor:  38%|███▊      | 35459/92284 [03:45<05:27, 173.69sinyal/s]
Veri yükleniyor:  38%|███▊      | 35477/92284 [03:45<05:27, 173.71sinyal/s]
Veri yükleniyor:  38%|███▊      | 35495/92284 [03:45<05:24, 175.19sinyal/s]
Veri yükleniyor:  38%|███▊      | 35513/92284 [03:45<05:25, 174.40sinyal/s]
Veri yükleniyor:  39%|███▊      | 35531/92284 [03:45<05:25, 174.56sinyal/s]
Veri yükleniyor:  39%|███▊      | 35549/92284 [03:45<05:30, 171.59sinyal/s]
Veri yükleniyor:  39%|███▊      | 35567/92284 [03:46<05:30, 171.65sinyal/s]
Veri yükleniyor:  39%|███▊      | 35585/92284 [03:46<05:33, 170.04sinyal/s]
Veri yükleniyor:  39%|███▊      | 35603/92284 [03:46<05:31, 171.20sinyal/s]
Veri yükleniyor:  39%|███▊      | 35622/92284 [03:46<05:27, 173.00sinyal/s]
Veri yükleniyor:  39%|███▊      | 35640/92284 [03:46<05:30, 171.31sinyal/s]
Veri yükleniyor:  39%|███▊      | 35658/92284 [03:46<05:30, 171.12sinyal/s]
Veri yükleniyor:  39%|███▊      | 35676/92284 [03:47<13:30, 69.82sinyal/s] 
Veri yükleniyor:  39%|███▊      | 35692/92284 [03:47<11:25, 82.56sinyal/s]
Veri yükleniyor:  39%|███▊      | 35710/92284 [03:47<09:33, 98.66sinyal/s]
Veri yükleniyor:  39%|███▊      | 35728/92284 [03:47<08:17, 113.57sinyal/s]
Veri yükleniyor:  39%|███▊      | 35746/92284 [03:47<07:24, 127.18sinyal/s]
Veri yükleniyor:  39%|███▉      | 35764/92284 [03:47<06:46, 138.94sinyal/s]
Veri yükleniyor:  39%|███▉      | 35782/92284 [03:47<06:22, 147.91sinyal/s]
Veri yükleniyor:  39%|███▉      | 35800/92284 [03:47<06:03, 155.58sinyal/s]
Veri yükleniyor:  39%|███▉      | 35818/92284 [03:48<05:54, 159.50sinyal/s]
Veri yükleniyor:  39%|███▉      | 35836/92284 [03:48<05:50, 160.93sinyal/s]
Veri yükleniyor:  39%|███▉      | 35854/92284 [03:48<05:44, 163.88sinyal/s]
Veri yükleniyor:  39%|███▉      | 35872/92284 [03:48<05:37, 167.24sinyal/s]
Veri yükleniyor:  39%|███▉      | 35890/92284 [03:48<05:32, 169.51sinyal/s]
Veri yükleniyor:  39%|███▉      | 35908/92284 [03:48<05:29, 171.16sinyal/s]
Veri yükleniyor:  39%|███▉      | 35926/92284 [03:48<05:25, 173.21sinyal/s]
Veri yükleniyor:  39%|███▉      | 35945/92284 [03:48<05:21, 175.44sinyal/s]
Veri yükleniyor:  39%|███▉      | 35963/92284 [03:48<05:21, 175.06sinyal/s]
Veri yükleniyor:  39%|███▉      | 35982/92284 [03:48<05:17, 177.29sinyal/s]
Veri yükleniyor:  39%|███▉      | 36000/92284 [03:49<05:21, 174.93sinyal/s]
Veri yükleniyor:  39%|███▉      | 36018/92284 [03:49<05:20, 175.55sinyal/s]
Veri yükleniyor:  39%|███▉      | 36036/92284 [03:49<05:22, 174.25sinyal/s]
Veri yükleniyor:  39%|███▉      | 36055/92284 [03:49<05:19, 176.11sinyal/s]
Veri yükleniyor:  39%|███▉      | 36073/92284 [03:49<05:22, 174.53sinyal/s]
Veri yükleniyor:  39%|███▉      | 36091/92284 [03:49<05:22, 174.40sinyal/s]
Veri yükleniyor:  39%|███▉      | 36109/92284 [03:49<05:21, 174.80sinyal/s]
Veri yükleniyor:  39%|███▉      | 36127/92284 [03:49<05:21, 174.57sinyal/s]
Veri yükleniyor:  39%|███▉      | 36146/92284 [03:49<05:18, 176.37sinyal/s]
Veri yükleniyor:  39%|███▉      | 36164/92284 [03:50<05:21, 174.30sinyal/s]
Veri yükleniyor:  39%|███▉      | 36182/92284 [03:50<05:22, 173.85sinyal/s]
Veri yükleniyor:  39%|███▉      | 36200/92284 [03:50<05:28, 170.75sinyal/s]
Veri yükleniyor:  39%|███▉      | 36218/92284 [03:50<05:57, 156.75sinyal/s]
Veri yükleniyor:  39%|███▉      | 36236/92284 [03:50<05:45, 162.22sinyal/s]
Veri yükleniyor:  39%|███▉      | 36254/92284 [03:50<05:38, 165.42sinyal/s]
Veri yükleniyor:  39%|███▉      | 36273/92284 [03:50<05:28, 170.60sinyal/s]
Veri yükleniyor:  39%|███▉      | 36291/92284 [03:50<05:26, 171.36sinyal/s]
Veri yükleniyor:  39%|███▉      | 36309/92284 [03:50<05:27, 171.09sinyal/s]
Veri yükleniyor:  39%|███▉      | 36327/92284 [03:51<05:54, 158.06sinyal/s]
Veri yükleniyor:  39%|███▉      | 36345/92284 [03:51<05:45, 161.81sinyal/s]
Veri yükleniyor:  39%|███▉      | 36363/92284 [03:51<05:37, 165.54sinyal/s]
Veri yükleniyor:  39%|███▉      | 36381/92284 [03:51<05:30, 169.13sinyal/s]
Veri yükleniyor:  39%|███▉      | 36399/92284 [03:51<05:28, 170.16sinyal/s]
Veri yükleniyor:  39%|███▉      | 36417/92284 [03:51<05:28, 170.24sinyal/s]
Veri yükleniyor:  39%|███▉      | 36436/92284 [03:51<05:21, 173.58sinyal/s]
Veri yükleniyor:  40%|███▉      | 36454/92284 [03:51<05:19, 174.83sinyal/s]
Veri yükleniyor:  40%|███▉      | 36473/92284 [03:51<05:16, 176.25sinyal/s]
Veri yükleniyor:  40%|███▉      | 36492/92284 [03:51<05:12, 178.27sinyal/s]
Veri yükleniyor:  40%|███▉      | 36510/92284 [03:52<05:12, 178.52sinyal/s]
Veri yükleniyor:  40%|███▉      | 36528/92284 [03:52<05:17, 175.37sinyal/s]
Veri yükleniyor:  40%|███▉      | 36546/92284 [03:52<05:23, 172.14sinyal/s]
Veri yükleniyor:  40%|███▉      | 36564/92284 [03:52<05:24, 171.45sinyal/s]
Veri yükleniyor:  40%|███▉      | 36582/92284 [03:52<05:23, 172.43sinyal/s]
Veri yükleniyor:  40%|███▉      | 36600/92284 [03:52<05:19, 174.29sinyal/s]
Veri yükleniyor:  40%|███▉      | 36618/92284 [03:52<05:19, 174.12sinyal/s]
Veri yükleniyor:  40%|███▉      | 36636/92284 [03:52<05:17, 175.29sinyal/s]
Veri yükleniyor:  40%|███▉      | 36654/92284 [03:52<05:19, 173.90sinyal/s]
Veri yükleniyor:  40%|███▉      | 36672/92284 [03:52<05:18, 174.83sinyal/s]
Veri yükleniyor:  40%|███▉      | 36690/92284 [03:53<05:23, 172.08sinyal/s]
Veri yükleniyor:  40%|███▉      | 36708/92284 [03:53<05:20, 173.27sinyal/s]
Veri yükleniyor:  40%|███▉      | 36726/92284 [03:53<05:28, 169.22sinyal/s]
Veri yükleniyor:  40%|███▉      | 36743/92284 [03:53<05:27, 169.35sinyal/s]
Veri yükleniyor:  40%|███▉      | 36760/92284 [03:53<05:30, 168.16sinyal/s]
Veri yükleniyor:  40%|███▉      | 36778/92284 [03:53<05:25, 170.41sinyal/s]
Veri yükleniyor:  40%|███▉      | 36796/92284 [03:53<05:27, 169.50sinyal/s]
Veri yükleniyor:  40%|███▉      | 36815/92284 [03:53<05:20, 173.14sinyal/s]
Veri yükleniyor:  40%|███▉      | 36833/92284 [03:53<05:18, 174.24sinyal/s]
Veri yükleniyor:  40%|███▉      | 36851/92284 [03:54<05:21, 172.40sinyal/s]
Veri yükleniyor:  40%|███▉      | 36869/92284 [03:54<05:22, 171.98sinyal/s]
Veri yükleniyor:  40%|███▉      | 36887/92284 [03:54<05:28, 168.65sinyal/s]
Veri yükleniyor:  40%|███▉      | 36905/92284 [03:54<05:22, 171.51sinyal/s]
Veri yükleniyor:  40%|████      | 36923/92284 [03:54<05:21, 172.25sinyal/s]
Veri yükleniyor:  40%|████      | 36941/92284 [03:54<05:21, 172.30sinyal/s]
Veri yükleniyor:  40%|████      | 36959/92284 [03:54<05:17, 174.24sinyal/s]
Veri yükleniyor:  40%|████      | 36977/92284 [03:54<05:18, 173.79sinyal/s]
Veri yükleniyor:  40%|████      | 36995/92284 [03:54<05:15, 175.26sinyal/s]
Veri yükleniyor:  40%|████      | 37013/92284 [03:54<05:18, 173.49sinyal/s]
Veri yükleniyor:  40%|████      | 37031/92284 [03:55<13:03, 70.49sinyal/s] 
Veri yükleniyor:  40%|████      | 37049/92284 [03:55<10:40, 86.17sinyal/s]
Veri yükleniyor:  40%|████      | 37068/92284 [03:55<08:55, 103.11sinyal/s]
Veri yükleniyor:  40%|████      | 37086/92284 [03:55<07:49, 117.62sinyal/s]
Veri yükleniyor:  40%|████      | 37104/92284 [03:56<07:01, 130.79sinyal/s]
Veri yükleniyor:  40%|████      | 37122/92284 [03:56<06:30, 141.25sinyal/s]
Veri yükleniyor:  40%|████      | 37140/92284 [03:56<06:12, 148.05sinyal/s]
Veri yükleniyor:  40%|████      | 37157/92284 [03:56<06:03, 151.84sinyal/s]
Veri yükleniyor:  40%|████      | 37175/92284 [03:56<05:48, 158.32sinyal/s]
Veri yükleniyor:  40%|████      | 37193/92284 [03:56<05:39, 162.08sinyal/s]
Veri yükleniyor:  40%|████      | 37212/92284 [03:56<05:29, 167.25sinyal/s]
Veri yükleniyor:  40%|████      | 37230/92284 [03:56<05:29, 167.21sinyal/s]
Veri yükleniyor:  40%|████      | 37248/92284 [03:56<05:23, 170.16sinyal/s]
Veri yükleniyor:  40%|████      | 37266/92284 [03:56<05:18, 172.80sinyal/s]
Veri yükleniyor:  40%|████      | 37284/92284 [03:57<05:14, 174.79sinyal/s]
Veri yükleniyor:  40%|████      | 37303/92284 [03:57<05:10, 177.13sinyal/s]
Veri yükleniyor:  40%|████      | 37321/92284 [03:57<05:17, 172.97sinyal/s]
Veri yükleniyor:  40%|████      | 37339/92284 [03:57<05:20, 171.47sinyal/s]
Veri yükleniyor:  40%|████      | 37357/92284 [03:57<05:21, 170.66sinyal/s]
Veri yükleniyor:  40%|████      | 37375/92284 [03:57<05:29, 166.69sinyal/s]
Veri yükleniyor:  41%|████      | 37393/92284 [03:57<05:25, 168.63sinyal/s]
Veri yükleniyor:  41%|████      | 37410/92284 [03:57<05:27, 167.62sinyal/s]
Veri yükleniyor:  41%|████      | 37428/92284 [03:57<05:22, 170.36sinyal/s]
Veri yükleniyor:  41%|████      | 37447/92284 [03:57<05:14, 174.30sinyal/s]
Veri yükleniyor:  41%|████      | 37465/92284 [03:58<05:20, 171.30sinyal/s]
Veri yükleniyor:  41%|████      | 37483/92284 [03:58<05:16, 173.23sinyal/s]
Veri yükleniyor:  41%|████      | 37501/92284 [03:58<05:23, 169.27sinyal/s]
Veri yükleniyor:  41%|████      | 37519/92284 [03:58<05:19, 171.60sinyal/s]
Veri yükleniyor:  41%|████      | 37537/92284 [03:58<05:20, 170.66sinyal/s]
Veri yükleniyor:  41%|████      | 37555/92284 [03:58<05:18, 171.98sinyal/s]
Veri yükleniyor:  41%|████      | 37573/92284 [03:58<05:16, 172.81sinyal/s]
Veri yükleniyor:  41%|████      | 37591/92284 [03:58<05:17, 172.14sinyal/s]
Veri yükleniyor:  41%|████      | 37609/92284 [03:58<05:15, 173.09sinyal/s]
Veri yükleniyor:  41%|████      | 37627/92284 [04:07<2:17:54,  6.61sinyal/s]
Veri yükleniyor:  41%|████      | 37663/92284 [04:07<1:15:24, 12.07sinyal/s]
Veri yükleniyor:  41%|████      | 37683/92284 [04:08<56:39, 16.06sinyal/s]  
Veri yükleniyor:  41%|████      | 37718/92284 [04:08<34:57, 26.01sinyal/s]
Veri yükleniyor:  41%|████      | 37754/92284 [04:08<22:55, 39.65sinyal/s]
Veri yükleniyor:  41%|████      | 37787/92284 [04:08<16:20, 55.59sinyal/s]
Veri yükleniyor:  41%|████      | 37821/92284 [04:08<11:53, 76.30sinyal/s]
Veri yükleniyor:  41%|████      | 37857/92284 [04:08<08:48, 102.91sinyal/s]
Veri yükleniyor:  41%|████      | 37889/92284 [04:11<32:43, 27.70sinyal/s] 
Veri yükleniyor:  41%|████      | 37925/92284 [04:11<23:00, 39.38sinyal/s]
Veri yükleniyor:  41%|████      | 37959/92284 [04:11<16:51, 53.71sinyal/s]
Veri yükleniyor:  41%|████      | 37995/92284 [04:11<12:20, 73.27sinyal/s]
Veri yükleniyor:  41%|████      | 38032/92284 [04:12<09:13, 97.96sinyal/s]
Veri yükleniyor:  41%|████      | 38067/92284 [04:12<07:14, 124.67sinyal/s]
Veri yükleniyor:  41%|████▏     | 38103/92284 [04:12<05:48, 155.39sinyal/s]
Veri yükleniyor:  41%|████▏     | 38138/92284 [04:12<04:51, 185.82sinyal/s]
Veri yükleniyor:  41%|████▏     | 38172/92284 [04:16<32:04, 28.12sinyal/s] 
Veri yükleniyor:  41%|████▏     | 38208/92284 [04:16<22:59, 39.19sinyal/s]
Veri yükleniyor:  41%|████▏     | 38244/92284 [04:16<16:45, 53.77sinyal/s]
Veri yükleniyor:  41%|████▏     | 38274/92284 [04:16<13:32, 66.51sinyal/s]
Veri yükleniyor:  42%|████▏     | 38309/92284 [04:16<10:10, 88.36sinyal/s]
Veri yükleniyor:  42%|████▏     | 38344/92284 [04:16<07:51, 114.38sinyal/s]
Veri yükleniyor:  42%|████▏     | 38378/92284 [04:16<06:18, 142.34sinyal/s]
Veri yükleniyor:  42%|████▏     | 38414/92284 [04:16<05:08, 174.69sinyal/s]
Veri yükleniyor:  42%|████▏     | 38447/92284 [04:20<28:31, 31.45sinyal/s] 
Veri yükleniyor:  42%|████▏     | 38482/92284 [04:20<20:37, 43.47sinyal/s]
Veri yükleniyor:  42%|████▏     | 38516/92284 [04:20<15:17, 58.62sinyal/s]
Veri yükleniyor:  42%|████▏     | 38549/92284 [04:20<11:37, 76.99sinyal/s]
Veri yükleniyor:  42%|████▏     | 38585/92284 [04:20<08:47, 101.71sinyal/s]
Veri yükleniyor:  42%|████▏     | 38619/92284 [04:20<06:58, 128.24sinyal/s]
Veri yükleniyor:  42%|████▏     | 38655/92284 [04:20<05:35, 159.78sinyal/s]
Veri yükleniyor:  42%|████▏     | 38690/92284 [04:20<04:41, 190.36sinyal/s]
Veri yükleniyor:  42%|████▏     | 38724/92284 [04:20<04:05, 218.56sinyal/s]
Veri yükleniyor:  42%|████▏     | 38760/92284 [04:20<03:36, 247.50sinyal/s]
Veri yükleniyor:  42%|████▏     | 38795/92284 [04:21<03:18, 269.38sinyal/s]
Veri yükleniyor:  42%|████▏     | 38831/92284 [04:21<03:03, 291.03sinyal/s]
Veri yükleniyor:  42%|████▏     | 38867/92284 [04:21<02:53, 307.52sinyal/s]
Veri yükleniyor:  42%|████▏     | 38902/92284 [04:21<02:47, 318.83sinyal/s]
Veri yükleniyor:  42%|████▏     | 38938/92284 [04:21<02:41, 329.96sinyal/s]
Veri yükleniyor:  42%|████▏     | 38974/92284 [04:21<02:39, 334.19sinyal/s]
Veri yükleniyor:  42%|████▏     | 39010/92284 [04:21<02:37, 338.59sinyal/s]
Veri yükleniyor:  42%|████▏     | 39046/92284 [04:21<02:35, 342.20sinyal/s]
Veri yükleniyor:  42%|████▏     | 39081/92284 [04:21<02:35, 342.39sinyal/s]
Veri yükleniyor:  42%|████▏     | 39117/92284 [04:21<02:33, 347.27sinyal/s]
Veri yükleniyor:  42%|████▏     | 39153/92284 [04:22<02:33, 345.09sinyal/s]
Veri yükleniyor:  42%|████▏     | 39189/92284 [04:22<02:32, 347.18sinyal/s]
Veri yükleniyor:  43%|████▎     | 39224/92284 [04:22<02:34, 343.12sinyal/s]
Veri yükleniyor:  43%|████▎     | 39259/92284 [04:23<14:00, 63.11sinyal/s] 
Veri yükleniyor:  43%|████▎     | 39294/92284 [04:23<10:35, 83.40sinyal/s]
Veri yükleniyor:  43%|████▎     | 39329/92284 [04:24<08:11, 107.82sinyal/s]
Veri yükleniyor:  43%|████▎     | 39364/92284 [04:24<06:30, 135.53sinyal/s]
Veri yükleniyor:  43%|████▎     | 39396/92284 [04:24<05:53, 149.44sinyal/s]
Veri yükleniyor:  43%|████▎     | 39431/92284 [04:24<04:52, 180.94sinyal/s]
Veri yükleniyor:  43%|████▎     | 39465/92284 [04:24<04:12, 209.49sinyal/s]
Veri yükleniyor:  43%|████▎     | 39501/92284 [04:24<03:40, 239.71sinyal/s]
Veri yükleniyor:  43%|████▎     | 39535/92284 [04:24<03:22, 260.90sinyal/s]
Veri yükleniyor:  43%|████▎     | 39568/92284 [04:24<03:15, 269.22sinyal/s]
Veri yükleniyor:  43%|████▎     | 39604/92284 [04:24<03:01, 290.14sinyal/s]
Veri yükleniyor:  43%|████▎     | 39637/92284 [04:25<02:56, 297.53sinyal/s]
Veri yükleniyor:  43%|████▎     | 39673/92284 [04:25<02:47, 313.25sinyal/s]
Veri yükleniyor:  43%|████▎     | 39708/92284 [04:25<02:42, 323.05sinyal/s]
Veri yükleniyor:  43%|████▎     | 39744/92284 [04:25<02:38, 331.68sinyal/s]
Veri yükleniyor:  43%|████▎     | 39779/92284 [04:25<02:37, 334.00sinyal/s]
Veri yükleniyor:  43%|████▎     | 39814/92284 [04:25<02:35, 337.38sinyal/s]
Veri yükleniyor:  43%|████▎     | 39849/92284 [04:25<02:34, 339.50sinyal/s]
Veri yükleniyor:  43%|████▎     | 39884/92284 [04:25<02:34, 339.62sinyal/s]
Veri yükleniyor:  43%|████▎     | 39921/92284 [04:25<02:30, 347.02sinyal/s]
Veri yükleniyor:  43%|████▎     | 39956/92284 [04:26<02:32, 344.08sinyal/s]
Veri yükleniyor:  43%|████▎     | 39991/92284 [04:26<02:31, 344.60sinyal/s]
Veri yükleniyor:  43%|████▎     | 40026/92284 [04:26<02:32, 342.30sinyal/s]
Veri yükleniyor:  43%|████▎     | 40061/92284 [04:26<02:33, 339.40sinyal/s]
Veri yükleniyor:  43%|████▎     | 40096/92284 [04:26<02:32, 342.23sinyal/s]
Veri yükleniyor:  43%|████▎     | 40131/92284 [04:26<02:32, 341.02sinyal/s]
Veri yükleniyor:  44%|████▎     | 40166/92284 [04:26<02:32, 341.71sinyal/s]
Veri yükleniyor:  44%|████▎     | 40201/92284 [04:26<02:32, 341.81sinyal/s]
Veri yükleniyor:  44%|████▎     | 40236/92284 [04:26<02:35, 335.53sinyal/s]
Veri yükleniyor:  44%|████▎     | 40271/92284 [04:26<02:34, 336.91sinyal/s]
Veri yükleniyor:  44%|████▎     | 40306/92284 [04:27<02:33, 338.57sinyal/s]
Veri yükleniyor:  44%|████▎     | 40341/92284 [04:27<02:32, 341.26sinyal/s]
Veri yükleniyor:  44%|████▍     | 40376/92284 [04:27<02:31, 342.99sinyal/s]
Veri yükleniyor:  44%|████▍     | 40411/92284 [04:27<02:30, 344.76sinyal/s]
Veri yükleniyor:  44%|████▍     | 40446/92284 [04:27<02:32, 340.83sinyal/s]
Veri yükleniyor:  44%|████▍     | 40481/92284 [04:28<06:16, 137.60sinyal/s]
Veri yükleniyor:  44%|████▍     | 40517/92284 [04:28<05:05, 169.30sinyal/s]
Veri yükleniyor:  44%|████▍     | 40552/92284 [04:28<04:19, 199.27sinyal/s]
Veri yükleniyor:  44%|████▍     | 40587/92284 [04:28<03:46, 228.59sinyal/s]
Veri yükleniyor:  44%|████▍     | 40623/92284 [04:28<03:22, 255.44sinyal/s]
Veri yükleniyor:  44%|████▍     | 40659/92284 [04:28<03:05, 278.05sinyal/s]
Veri yükleniyor:  44%|████▍     | 40696/92284 [04:28<02:51, 300.44sinyal/s]
Veri yükleniyor:  44%|████▍     | 40731/92284 [04:28<02:45, 311.37sinyal/s]
Veri yükleniyor:  44%|████▍     | 40767/92284 [04:28<02:39, 322.38sinyal/s]
Veri yükleniyor:  44%|████▍     | 40802/92284 [04:28<02:36, 328.64sinyal/s]
Veri yükleniyor:  44%|████▍     | 40838/92284 [04:29<02:33, 335.81sinyal/s]
Veri yükleniyor:  44%|████▍     | 40873/92284 [04:29<02:32, 338.16sinyal/s]
Veri yükleniyor:  44%|████▍     | 40908/92284 [04:29<02:35, 329.90sinyal/s]
Veri yükleniyor:  44%|████▍     | 40943/92284 [04:29<02:33, 334.56sinyal/s]
Veri yükleniyor:  44%|████▍     | 40978/92284 [04:29<02:32, 337.04sinyal/s]
Veri yükleniyor:  44%|████▍     | 41014/92284 [04:29<02:30, 341.68sinyal/s]
Veri yükleniyor:  44%|████▍     | 41049/92284 [04:29<02:29, 342.73sinyal/s]
Veri yükleniyor:  45%|████▍     | 41084/92284 [04:29<02:29, 341.80sinyal/s]
Veri yükleniyor:  45%|████▍     | 41119/92284 [04:29<02:28, 344.10sinyal/s]
Veri yükleniyor:  45%|████▍     | 41154/92284 [04:29<02:28, 344.57sinyal/s]
Veri yükleniyor:  45%|████▍     | 41190/92284 [04:30<02:26, 347.88sinyal/s]
Veri yükleniyor:  45%|████▍     | 41225/92284 [04:30<02:28, 343.00sinyal/s]
Veri yükleniyor:  45%|████▍     | 41260/92284 [04:30<02:29, 341.44sinyal/s]
Veri yükleniyor:  45%|████▍     | 41296/92284 [04:30<02:28, 344.39sinyal/s]
Veri yükleniyor:  45%|████▍     | 41331/92284 [04:30<02:27, 344.29sinyal/s]
Veri yükleniyor:  45%|████▍     | 41367/92284 [04:30<02:26, 348.56sinyal/s]
Veri yükleniyor:  45%|████▍     | 41402/92284 [04:30<02:28, 341.52sinyal/s]
Veri yükleniyor:  45%|████▍     | 41437/92284 [04:30<02:31, 335.81sinyal/s]
Veri yükleniyor:  45%|████▍     | 41471/92284 [04:30<02:31, 335.84sinyal/s]
Veri yükleniyor:  45%|████▍     | 41506/92284 [04:31<02:29, 338.77sinyal/s]
Veri yükleniyor:  45%|████▌     | 41542/92284 [04:31<02:28, 342.83sinyal/s]
Veri yükleniyor:  45%|████▌     | 41577/92284 [04:31<02:28, 341.95sinyal/s]
Veri yükleniyor:  45%|████▌     | 41613/92284 [04:31<02:26, 345.80sinyal/s]
Veri yükleniyor:  45%|████▌     | 41648/92284 [04:31<02:26, 346.46sinyal/s]
Veri yükleniyor:  45%|████▌     | 41683/92284 [04:31<02:26, 344.32sinyal/s]
Veri yükleniyor:  45%|████▌     | 41718/92284 [04:32<06:09, 136.92sinyal/s]
Veri yükleniyor:  45%|████▌     | 41754/92284 [04:32<05:00, 168.27sinyal/s]
Veri yükleniyor:  45%|████▌     | 41783/92284 [04:32<04:50, 173.98sinyal/s]
Veri yükleniyor:  45%|████▌     | 41817/92284 [04:32<04:08, 203.16sinyal/s]
Veri yükleniyor:  45%|████▌     | 41853/92284 [04:32<03:35, 234.54sinyal/s]
Veri yükleniyor:  45%|████▌     | 41889/92284 [04:32<03:12, 261.84sinyal/s]
Veri yükleniyor:  45%|████▌     | 41924/92284 [04:32<02:58, 282.66sinyal/s]
Veri yükleniyor:  45%|████▌     | 41960/92284 [04:32<02:47, 300.88sinyal/s]
Veri yükleniyor:  46%|████▌     | 41997/92284 [04:33<02:38, 317.97sinyal/s]
Veri yükleniyor:  46%|████▌     | 42034/92284 [04:33<02:32, 330.49sinyal/s]
Veri yükleniyor:  46%|████▌     | 42070/92284 [04:33<02:29, 336.45sinyal/s]
Veri yükleniyor:  46%|████▌     | 42105/92284 [04:33<02:28, 338.32sinyal/s]
Veri yükleniyor:  46%|████▌     | 42140/92284 [04:33<02:28, 337.78sinyal/s]
Veri yükleniyor:  46%|████▌     | 42176/92284 [04:33<02:25, 343.28sinyal/s]
Veri yükleniyor:  46%|████▌     | 42211/92284 [04:33<02:25, 344.22sinyal/s]
Veri yükleniyor:  46%|████▌     | 42247/92284 [04:33<02:24, 347.03sinyal/s]
Veri yükleniyor:  46%|████▌     | 42282/92284 [04:33<02:26, 342.40sinyal/s]
Veri yükleniyor:  46%|████▌     | 42317/92284 [04:33<02:33, 326.26sinyal/s]
Veri yükleniyor:  46%|████▌     | 42350/92284 [04:34<03:05, 269.57sinyal/s]
Veri yükleniyor:  46%|████▌     | 42379/92284 [04:34<03:34, 232.62sinyal/s]
Veri yükleniyor:  46%|████▌     | 42405/92284 [04:34<03:52, 214.08sinyal/s]
Veri yükleniyor:  46%|████▌     | 42428/92284 [04:34<04:07, 201.82sinyal/s]
Veri yükleniyor:  46%|████▌     | 42450/92284 [04:34<04:14, 195.84sinyal/s]
Veri yükleniyor:  46%|████▌     | 42471/92284 [04:34<04:18, 192.49sinyal/s]
Veri yükleniyor:  46%|████▌     | 42491/92284 [04:34<04:24, 187.99sinyal/s]
Veri yükleniyor:  46%|████▌     | 42511/92284 [04:35<04:28, 185.53sinyal/s]
Veri yükleniyor:  46%|████▌     | 42530/92284 [04:35<04:40, 177.62sinyal/s]
Veri yükleniyor:  46%|████▌     | 42548/92284 [04:36<17:03, 48.61sinyal/s] 
Veri yükleniyor:  46%|████▌     | 42563/92284 [04:36<14:20, 57.77sinyal/s]
Veri yükleniyor:  46%|████▌     | 42581/92284 [04:36<11:33, 71.62sinyal/s]
Veri yükleniyor:  46%|████▌     | 42598/92284 [04:36<09:41, 85.52sinyal/s]
Veri yükleniyor:  46%|████▌     | 42615/92284 [04:36<08:19, 99.44sinyal/s]
Veri yükleniyor:  46%|████▌     | 42632/92284 [04:36<07:19, 113.10sinyal/s]
Veri yükleniyor:  46%|████▌     | 42650/92284 [04:36<06:30, 126.99sinyal/s]
Veri yükleniyor:  46%|████▌     | 42668/92284 [04:37<05:58, 138.51sinyal/s]
Veri yükleniyor:  46%|████▋     | 42686/92284 [04:37<05:35, 147.82sinyal/s]
Veri yükleniyor:  46%|████▋     | 42704/92284 [04:37<05:20, 154.69sinyal/s]
Veri yükleniyor:  46%|████▋     | 42722/92284 [04:37<05:07, 161.01sinyal/s]
Veri yükleniyor:  46%|████▋     | 42740/92284 [04:37<04:58, 165.70sinyal/s]
Veri yükleniyor:  46%|████▋     | 42758/92284 [04:37<04:57, 166.59sinyal/s]
Veri yükleniyor:  46%|████▋     | 42777/92284 [04:37<04:47, 171.95sinyal/s]
Veri yükleniyor:  46%|████▋     | 42795/92284 [04:37<04:46, 172.66sinyal/s]
Veri yükleniyor:  46%|████▋     | 42813/92284 [04:37<04:43, 174.58sinyal/s]
Veri yükleniyor:  46%|████▋     | 42832/92284 [04:37<04:38, 177.50sinyal/s]
Veri yükleniyor:  46%|████▋     | 42850/92284 [04:38<04:44, 173.62sinyal/s]
Veri yükleniyor:  46%|████▋     | 42869/92284 [04:38<04:39, 176.98sinyal/s]
Veri yükleniyor:  46%|████▋     | 42887/92284 [04:38<04:41, 175.21sinyal/s]
Veri yükleniyor:  46%|████▋     | 42905/92284 [04:38<04:45, 173.23sinyal/s]
Veri yükleniyor:  47%|████▋     | 42923/92284 [04:38<04:45, 172.79sinyal/s]
Veri yükleniyor:  47%|████▋     | 42941/92284 [04:38<04:46, 172.41sinyal/s]
Veri yükleniyor:  47%|████▋     | 42959/92284 [04:38<04:46, 172.29sinyal/s]
Veri yükleniyor:  47%|████▋     | 42977/92284 [04:38<04:43, 173.95sinyal/s]
Veri yükleniyor:  47%|████▋     | 42995/92284 [04:38<04:52, 168.39sinyal/s]
Veri yükleniyor:  47%|████▋     | 43014/92284 [04:38<04:44, 172.99sinyal/s]
Veri yükleniyor:  47%|████▋     | 43032/92284 [04:39<04:42, 174.29sinyal/s]
Veri yükleniyor:  47%|████▋     | 43050/92284 [04:39<04:40, 175.68sinyal/s]
Veri yükleniyor:  47%|████▋     | 43068/92284 [04:39<04:43, 173.42sinyal/s]
Veri yükleniyor:  47%|████▋     | 43086/92284 [04:39<04:47, 171.24sinyal/s]
Veri yükleniyor:  47%|████▋     | 43104/92284 [04:39<04:47, 171.00sinyal/s]
Veri yükleniyor:  47%|████▋     | 43122/92284 [04:39<04:44, 173.02sinyal/s]
Veri yükleniyor:  47%|████▋     | 43140/92284 [04:39<04:42, 173.93sinyal/s]
Veri yükleniyor:  47%|████▋     | 43158/92284 [04:39<04:41, 174.47sinyal/s]
Veri yükleniyor:  47%|████▋     | 43176/92284 [04:39<04:39, 175.56sinyal/s]
Veri yükleniyor:  47%|████▋     | 43194/92284 [04:40<04:40, 174.79sinyal/s]
Veri yükleniyor:  47%|████▋     | 43212/92284 [04:40<04:39, 175.55sinyal/s]
Veri yükleniyor:  47%|████▋     | 43230/92284 [04:40<04:42, 173.57sinyal/s]
Veri yükleniyor:  47%|████▋     | 43248/92284 [04:40<04:40, 174.54sinyal/s]
Veri yükleniyor:  47%|████▋     | 43266/92284 [04:40<04:39, 175.39sinyal/s]
Veri yükleniyor:  47%|████▋     | 43284/92284 [04:40<04:38, 175.77sinyal/s]
Veri yükleniyor:  47%|████▋     | 43302/92284 [04:40<04:42, 173.67sinyal/s]
Veri yükleniyor:  47%|████▋     | 43320/92284 [04:40<04:39, 175.30sinyal/s]
Veri yükleniyor:  47%|████▋     | 43338/92284 [04:40<04:39, 175.17sinyal/s]
Veri yükleniyor:  47%|████▋     | 43356/92284 [04:40<04:38, 175.54sinyal/s]
Veri yükleniyor:  47%|████▋     | 43374/92284 [04:41<04:41, 173.51sinyal/s]
Veri yükleniyor:  47%|████▋     | 43392/92284 [04:41<04:38, 175.38sinyal/s]
Veri yükleniyor:  47%|████▋     | 43410/92284 [04:41<04:46, 170.55sinyal/s]
Veri yükleniyor:  47%|████▋     | 43428/92284 [04:41<04:43, 172.20sinyal/s]
Veri yükleniyor:  47%|████▋     | 43446/92284 [04:41<04:42, 172.85sinyal/s]
Veri yükleniyor:  47%|████▋     | 43464/92284 [04:41<04:39, 174.69sinyal/s]
Veri yükleniyor:  47%|████▋     | 43482/92284 [04:41<05:20, 152.39sinyal/s]
Veri yükleniyor:  47%|████▋     | 43499/92284 [04:41<05:11, 156.42sinyal/s]
Veri yükleniyor:  47%|████▋     | 43516/92284 [04:41<05:55, 137.25sinyal/s]
Veri yükleniyor:  47%|████▋     | 43534/92284 [04:42<05:29, 147.74sinyal/s]
Veri yükleniyor:  47%|████▋     | 43552/92284 [04:42<05:12, 156.13sinyal/s]
Veri yükleniyor:  47%|████▋     | 43571/92284 [04:42<04:58, 163.02sinyal/s]
Veri yükleniyor:  47%|████▋     | 43589/92284 [04:42<04:52, 166.72sinyal/s]
Veri yükleniyor:  47%|████▋     | 43607/92284 [04:42<04:49, 168.13sinyal/s]
Veri yükleniyor:  47%|████▋     | 43625/92284 [04:42<04:47, 169.14sinyal/s]
Veri yükleniyor:  47%|████▋     | 43643/92284 [04:42<04:43, 171.69sinyal/s]
Veri yükleniyor:  47%|████▋     | 43661/92284 [04:42<04:39, 174.01sinyal/s]
Veri yükleniyor:  47%|████▋     | 43679/92284 [04:42<04:37, 175.34sinyal/s]
Veri yükleniyor:  47%|████▋     | 43697/92284 [04:43<04:40, 173.39sinyal/s]
Veri yükleniyor:  47%|████▋     | 43715/92284 [04:43<04:37, 174.90sinyal/s]
Veri yükleniyor:  47%|████▋     | 43733/92284 [04:43<04:37, 175.26sinyal/s]
Veri yükleniyor:  47%|████▋     | 43751/92284 [04:43<04:36, 175.51sinyal/s]
Veri yükleniyor:  47%|████▋     | 43769/92284 [04:43<04:36, 175.77sinyal/s]
Veri yükleniyor:  47%|████▋     | 43787/92284 [04:43<04:36, 175.15sinyal/s]
Veri yükleniyor:  47%|████▋     | 43806/92284 [04:43<04:36, 175.32sinyal/s]
Veri yükleniyor:  47%|████▋     | 43824/92284 [04:43<04:35, 176.03sinyal/s]
Veri yükleniyor:  48%|████▊     | 43842/92284 [04:43<04:37, 174.54sinyal/s]
Veri yükleniyor:  48%|████▊     | 43861/92284 [04:43<04:35, 175.98sinyal/s]
Veri yükleniyor:  48%|████▊     | 43879/92284 [04:44<04:36, 175.30sinyal/s]
Veri yükleniyor:  48%|████▊     | 43898/92284 [04:44<04:33, 176.72sinyal/s]
Veri yükleniyor:  48%|████▊     | 43916/92284 [04:44<04:44, 170.03sinyal/s]
Veri yükleniyor:  48%|████▊     | 43935/92284 [04:44<04:37, 173.98sinyal/s]
Veri yükleniyor:  48%|████▊     | 43953/92284 [04:44<04:41, 171.70sinyal/s]
Veri yükleniyor:  48%|████▊     | 43971/92284 [04:44<04:38, 173.67sinyal/s]
Veri yükleniyor:  48%|████▊     | 43989/92284 [04:44<04:40, 172.37sinyal/s]
Veri yükleniyor:  48%|████▊     | 44008/92284 [04:44<04:36, 174.91sinyal/s]
Veri yükleniyor:  48%|████▊     | 44026/92284 [04:44<04:39, 172.85sinyal/s]
Veri yükleniyor:  48%|████▊     | 44044/92284 [04:45<04:36, 174.63sinyal/s]
Veri yükleniyor:  48%|████▊     | 44062/92284 [04:45<04:37, 173.99sinyal/s]
Veri yükleniyor:  48%|████▊     | 44080/92284 [04:45<04:36, 174.41sinyal/s]
Veri yükleniyor:  48%|████▊     | 44098/92284 [04:45<04:37, 173.75sinyal/s]
Veri yükleniyor:  48%|████▊     | 44117/92284 [04:45<04:33, 176.05sinyal/s]
Veri yükleniyor:  48%|████▊     | 44135/92284 [04:45<04:37, 173.20sinyal/s]
Veri yükleniyor:  48%|████▊     | 44154/92284 [04:45<04:34, 175.63sinyal/s]
Veri yükleniyor:  48%|████▊     | 44173/92284 [04:45<04:31, 177.53sinyal/s]
Veri yükleniyor:  48%|████▊     | 44191/92284 [04:45<04:30, 177.81sinyal/s]
Veri yükleniyor:  48%|████▊     | 44209/92284 [04:45<04:30, 177.57sinyal/s]
Veri yükleniyor:  48%|████▊     | 44227/92284 [04:46<04:32, 176.44sinyal/s]
Veri yükleniyor:  48%|████▊     | 44245/92284 [04:46<04:33, 175.78sinyal/s]
Veri yükleniyor:  48%|████▊     | 44263/92284 [04:46<04:35, 174.57sinyal/s]
Veri yükleniyor:  48%|████▊     | 44281/92284 [04:46<04:34, 175.03sinyal/s]
Veri yükleniyor:  48%|████▊     | 44299/92284 [04:46<04:33, 175.59sinyal/s]
Veri yükleniyor:  48%|████▊     | 44317/92284 [04:46<04:34, 174.56sinyal/s]
Veri yükleniyor:  48%|████▊     | 44335/92284 [04:46<04:36, 173.60sinyal/s]
Veri yükleniyor:  48%|████▊     | 44353/92284 [04:46<04:34, 174.81sinyal/s]
Veri yükleniyor:  48%|████▊     | 44371/92284 [04:46<04:32, 176.11sinyal/s]
Veri yükleniyor:  48%|████▊     | 44389/92284 [04:46<04:30, 176.74sinyal/s]
Veri yükleniyor:  48%|████▊     | 44407/92284 [04:47<04:29, 177.64sinyal/s]
Veri yükleniyor:  48%|████▊     | 44425/92284 [04:47<04:29, 177.64sinyal/s]
Veri yükleniyor:  48%|████▊     | 44443/92284 [04:47<04:38, 171.94sinyal/s]
Veri yükleniyor:  48%|████▊     | 44461/92284 [04:47<04:37, 172.43sinyal/s]
Veri yükleniyor:  48%|████▊     | 44479/92284 [04:47<04:37, 172.34sinyal/s]
Veri yükleniyor:  48%|████▊     | 44497/92284 [04:47<04:34, 174.35sinyal/s]
Veri yükleniyor:  48%|████▊     | 44516/92284 [04:47<04:30, 176.38sinyal/s]
Veri yükleniyor:  48%|████▊     | 44534/92284 [04:47<04:30, 176.51sinyal/s]
Veri yükleniyor:  48%|████▊     | 44553/92284 [04:47<04:28, 177.92sinyal/s]
Veri yükleniyor:  48%|████▊     | 44571/92284 [04:48<04:28, 177.83sinyal/s]
Veri yükleniyor:  48%|████▊     | 44589/92284 [04:48<04:30, 176.41sinyal/s]
Veri yükleniyor:  48%|████▊     | 44607/92284 [04:48<04:31, 175.54sinyal/s]
Veri yükleniyor:  48%|████▊     | 44625/92284 [04:48<04:37, 171.67sinyal/s]
Veri yükleniyor:  48%|████▊     | 44644/92284 [04:48<04:32, 174.62sinyal/s]
Veri yükleniyor:  48%|████▊     | 44663/92284 [04:48<04:31, 175.62sinyal/s]
Veri yükleniyor:  48%|████▊     | 44681/92284 [04:48<04:30, 175.77sinyal/s]
Veri yükleniyor:  48%|████▊     | 44699/92284 [04:48<04:32, 174.34sinyal/s]
Veri yükleniyor:  48%|████▊     | 44717/92284 [04:48<04:36, 171.94sinyal/s]
Veri yükleniyor:  48%|████▊     | 44735/92284 [04:48<04:34, 173.41sinyal/s]
Veri yükleniyor:  48%|████▊     | 44753/92284 [04:49<04:34, 172.96sinyal/s]
Veri yükleniyor:  49%|████▊     | 44771/92284 [04:49<04:33, 173.76sinyal/s]
Veri yükleniyor:  49%|████▊     | 44789/92284 [04:49<04:36, 171.65sinyal/s]
Veri yükleniyor:  49%|████▊     | 44807/92284 [04:49<04:35, 172.44sinyal/s]
Veri yükleniyor:  49%|████▊     | 44825/92284 [04:49<04:36, 171.79sinyal/s]
Veri yükleniyor:  49%|████▊     | 44843/92284 [04:49<04:33, 173.77sinyal/s]
Veri yükleniyor:  49%|████▊     | 44861/92284 [04:49<04:30, 175.18sinyal/s]
Veri yükleniyor:  49%|████▊     | 44879/92284 [04:49<04:32, 174.26sinyal/s]
Veri yükleniyor:  49%|████▊     | 44897/92284 [04:49<04:31, 174.59sinyal/s]
Veri yükleniyor:  49%|████▊     | 44915/92284 [04:49<04:32, 173.76sinyal/s]
Veri yükleniyor:  49%|████▊     | 44933/92284 [04:50<04:54, 160.60sinyal/s]
Veri yükleniyor:  49%|████▊     | 44950/92284 [04:50<04:53, 161.12sinyal/s]
Veri yükleniyor:  49%|████▊     | 44968/92284 [04:50<04:46, 165.07sinyal/s]
Veri yükleniyor:  49%|████▊     | 44985/92284 [04:50<04:59, 158.06sinyal/s]
Veri yükleniyor:  49%|████▉     | 45001/92284 [04:50<05:12, 151.47sinyal/s]
Veri yükleniyor:  49%|████▉     | 45017/92284 [04:50<06:05, 129.27sinyal/s]
Veri yükleniyor:  49%|████▉     | 45031/92284 [04:50<06:03, 129.88sinyal/s]
Veri yükleniyor:  49%|████▉     | 45048/92284 [04:50<05:37, 139.86sinyal/s]
Veri yükleniyor:  49%|████▉     | 45066/92284 [04:51<05:17, 148.68sinyal/s]
Veri yükleniyor:  49%|████▉     | 45083/92284 [04:51<05:05, 154.46sinyal/s]
Veri yükleniyor:  49%|████▉     | 45101/92284 [04:51<04:53, 160.88sinyal/s]
Veri yükleniyor:  49%|████▉     | 45118/92284 [04:51<04:48, 163.23sinyal/s]
Veri yükleniyor:  49%|████▉     | 45135/92284 [04:51<04:46, 164.46sinyal/s]
Veri yükleniyor:  49%|████▉     | 45153/92284 [04:51<04:40, 167.83sinyal/s]
Veri yükleniyor:  49%|████▉     | 45171/92284 [04:51<04:36, 170.68sinyal/s]
Veri yükleniyor:  49%|████▉     | 45190/92284 [04:51<04:29, 174.52sinyal/s]
Veri yükleniyor:  49%|████▉     | 45208/92284 [04:51<04:28, 175.43sinyal/s]
Veri yükleniyor:  49%|████▉     | 45226/92284 [04:51<04:29, 174.59sinyal/s]
Veri yükleniyor:  49%|████▉     | 45244/92284 [04:52<11:11, 70.09sinyal/s] 
Veri yükleniyor:  49%|████▉     | 45262/92284 [04:52<09:09, 85.57sinyal/s]
Veri yükleniyor:  49%|████▉     | 45280/92284 [04:52<07:44, 101.10sinyal/s]
Veri yükleniyor:  49%|████▉     | 45299/92284 [04:52<06:38, 117.76sinyal/s]
Veri yükleniyor:  49%|████▉     | 45318/92284 [04:52<05:53, 132.90sinyal/s]
Veri yükleniyor:  49%|████▉     | 45336/92284 [04:53<05:28, 143.11sinyal/s]
Veri yükleniyor:  49%|████▉     | 45355/92284 [04:53<05:05, 153.42sinyal/s]
Veri yükleniyor:  49%|████▉     | 45373/92284 [04:53<04:58, 156.96sinyal/s]
Veri yükleniyor:  49%|████▉     | 45391/92284 [04:53<04:49, 162.13sinyal/s]
Veri yükleniyor:  49%|████▉     | 45409/92284 [04:53<04:43, 165.22sinyal/s]
Veri yükleniyor:  49%|████▉     | 45427/92284 [04:53<04:36, 169.18sinyal/s]
Veri yükleniyor:  49%|████▉     | 45446/92284 [04:53<04:28, 174.48sinyal/s]
Veri yükleniyor:  49%|████▉     | 45464/92284 [04:53<04:31, 172.22sinyal/s]
Veri yükleniyor:  49%|████▉     | 45482/92284 [04:53<04:37, 168.75sinyal/s]
Veri yükleniyor:  49%|████▉     | 45500/92284 [04:54<04:35, 170.05sinyal/s]
Veri yükleniyor:  49%|████▉     | 45519/92284 [04:54<04:29, 173.58sinyal/s]
Veri yükleniyor:  49%|████▉     | 45537/92284 [04:54<04:29, 173.56sinyal/s]
Veri yükleniyor:  49%|████▉     | 45555/92284 [04:54<04:31, 171.87sinyal/s]
Veri yükleniyor:  49%|████▉     | 45573/92284 [04:54<04:30, 172.59sinyal/s]
Veri yükleniyor:  49%|████▉     | 45592/92284 [04:54<04:25, 175.97sinyal/s]
Veri yükleniyor:  49%|████▉     | 45610/92284 [04:54<04:26, 175.24sinyal/s]
Veri yükleniyor:  49%|████▉     | 45628/92284 [04:54<04:27, 174.39sinyal/s]
Veri yükleniyor:  49%|████▉     | 45646/92284 [04:54<04:28, 173.97sinyal/s]
Veri yükleniyor:  49%|████▉     | 45664/92284 [04:54<04:25, 175.38sinyal/s]
Veri yükleniyor:  50%|████▉     | 45682/92284 [04:55<04:26, 175.05sinyal/s]
Veri yükleniyor:  50%|████▉     | 45701/92284 [04:55<04:21, 178.39sinyal/s]
Veri yükleniyor:  50%|████▉     | 45719/92284 [04:55<04:24, 175.87sinyal/s]
Veri yükleniyor:  50%|████▉     | 45737/92284 [04:55<04:24, 176.07sinyal/s]
Veri yükleniyor:  50%|████▉     | 45755/92284 [04:55<04:25, 175.45sinyal/s]
Veri yükleniyor:  50%|████▉     | 45773/92284 [04:55<04:24, 175.76sinyal/s]
Veri yükleniyor:  50%|████▉     | 45791/92284 [04:55<04:27, 173.71sinyal/s]
Veri yükleniyor:  50%|████▉     | 45810/92284 [04:55<04:24, 176.02sinyal/s]
Veri yükleniyor:  50%|████▉     | 45828/92284 [04:55<04:25, 174.90sinyal/s]
Veri yükleniyor:  50%|████▉     | 45846/92284 [04:56<04:26, 174.45sinyal/s]
Veri yükleniyor:  50%|████▉     | 45864/92284 [04:56<04:25, 174.55sinyal/s]
Veri yükleniyor:  50%|████▉     | 45882/92284 [04:56<04:30, 171.39sinyal/s]
Veri yükleniyor:  50%|████▉     | 45900/92284 [04:56<04:31, 170.60sinyal/s]
Veri yükleniyor:  50%|████▉     | 45918/92284 [04:56<04:30, 171.48sinyal/s]
Veri yükleniyor:  50%|████▉     | 45936/92284 [04:56<04:31, 170.94sinyal/s]
Veri yükleniyor:  50%|████▉     | 45954/92284 [04:56<04:29, 171.80sinyal/s]
Veri yükleniyor:  50%|████▉     | 45972/92284 [04:56<04:32, 169.92sinyal/s]
Veri yükleniyor:  50%|████▉     | 45990/92284 [04:56<04:31, 170.28sinyal/s]
Veri yükleniyor:  50%|████▉     | 46008/92284 [04:56<04:28, 172.25sinyal/s]
Veri yükleniyor:  50%|████▉     | 46026/92284 [04:57<04:28, 172.11sinyal/s]
Veri yükleniyor:  50%|████▉     | 46045/92284 [04:57<04:23, 175.33sinyal/s]
Veri yükleniyor:  50%|████▉     | 46063/92284 [04:57<04:27, 172.51sinyal/s]
Veri yükleniyor:  50%|████▉     | 46081/92284 [04:57<04:35, 167.90sinyal/s]
Veri yükleniyor:  50%|████▉     | 46098/92284 [04:57<04:35, 167.93sinyal/s]
Veri yükleniyor:  50%|████▉     | 46116/92284 [04:57<04:30, 170.55sinyal/s]
Veri yükleniyor:  50%|████▉     | 46134/92284 [04:57<04:27, 172.39sinyal/s]
Veri yükleniyor:  50%|█████     | 46152/92284 [04:57<04:26, 173.37sinyal/s]
Veri yükleniyor:  50%|█████     | 46170/92284 [04:57<04:26, 173.24sinyal/s]
Veri yükleniyor:  50%|█████     | 46188/92284 [04:58<04:47, 160.43sinyal/s]
Veri yükleniyor:  50%|█████     | 46205/92284 [04:58<05:10, 148.51sinyal/s]
Veri yükleniyor:  50%|█████     | 46221/92284 [04:58<05:27, 140.67sinyal/s]
Veri yükleniyor:  50%|█████     | 46236/92284 [04:58<05:24, 141.71sinyal/s]
Veri yükleniyor:  50%|█████     | 46251/92284 [04:58<05:29, 139.50sinyal/s]
Veri yükleniyor:  50%|█████     | 46266/92284 [04:58<05:33, 138.16sinyal/s]
Veri yükleniyor:  50%|█████     | 46284/92284 [04:58<05:12, 147.20sinyal/s]
Veri yükleniyor:  50%|█████     | 46301/92284 [04:58<05:03, 151.60sinyal/s]
Veri yükleniyor:  50%|█████     | 46319/92284 [04:58<04:50, 158.15sinyal/s]
Veri yükleniyor:  50%|█████     | 46337/92284 [04:59<04:43, 162.34sinyal/s]
Veri yükleniyor:  50%|█████     | 46355/92284 [04:59<04:36, 166.32sinyal/s]
Veri yükleniyor:  50%|█████     | 46372/92284 [04:59<04:46, 160.12sinyal/s]
Veri yükleniyor:  50%|█████     | 46389/92284 [04:59<04:42, 162.33sinyal/s]
Veri yükleniyor:  50%|█████     | 46407/92284 [04:59<04:36, 165.85sinyal/s]
Veri yükleniyor:  50%|█████     | 46425/92284 [04:59<04:30, 169.48sinyal/s]
Veri yükleniyor:  50%|█████     | 46442/92284 [04:59<04:30, 169.42sinyal/s]
Veri yükleniyor:  50%|█████     | 46459/92284 [04:59<04:54, 155.43sinyal/s]
Veri yükleniyor:  50%|█████     | 46477/92284 [04:59<04:45, 160.40sinyal/s]
Veri yükleniyor:  50%|█████     | 46495/92284 [04:59<04:37, 164.79sinyal/s]
Veri yükleniyor:  50%|█████     | 46513/92284 [05:00<04:34, 166.89sinyal/s]
Veri yükleniyor:  50%|█████     | 46531/92284 [05:00<04:31, 168.53sinyal/s]
Veri yükleniyor:  50%|█████     | 46549/92284 [05:00<04:28, 170.04sinyal/s]
Veri yükleniyor:  50%|█████     | 46567/92284 [05:00<11:00, 69.18sinyal/s] 
Veri yükleniyor:  50%|█████     | 46584/92284 [05:01<09:07, 83.47sinyal/s]
Veri yükleniyor:  50%|█████     | 46602/92284 [05:01<07:41, 99.08sinyal/s]
Veri yükleniyor:  51%|█████     | 46621/92284 [05:01<06:32, 116.19sinyal/s]
Veri yükleniyor:  51%|█████     | 46640/92284 [05:01<05:48, 130.80sinyal/s]
Veri yükleniyor:  51%|█████     | 46658/92284 [05:01<05:23, 140.96sinyal/s]
Veri yükleniyor:  51%|█████     | 46676/92284 [05:01<05:04, 149.62sinyal/s]
Veri yükleniyor:  51%|█████     | 46694/92284 [05:01<04:57, 153.38sinyal/s]
Veri yükleniyor:  51%|█████     | 46711/92284 [05:01<04:50, 156.82sinyal/s]
Veri yükleniyor:  51%|█████     | 46728/92284 [05:01<04:45, 159.63sinyal/s]
Veri yükleniyor:  51%|█████     | 46746/92284 [05:01<04:36, 164.66sinyal/s]
Veri yükleniyor:  51%|█████     | 46764/92284 [05:02<04:29, 168.69sinyal/s]
Veri yükleniyor:  51%|█████     | 46782/92284 [05:02<04:29, 169.13sinyal/s]
Veri yükleniyor:  51%|█████     | 46800/92284 [05:02<04:32, 166.99sinyal/s]
Veri yükleniyor:  51%|█████     | 46818/92284 [05:02<04:27, 169.79sinyal/s]
Veri yükleniyor:  51%|█████     | 46836/92284 [05:02<04:28, 169.40sinyal/s]
Veri yükleniyor:  51%|█████     | 46854/92284 [05:02<04:25, 171.09sinyal/s]
Veri yükleniyor:  51%|█████     | 46872/92284 [05:02<04:25, 171.19sinyal/s]
Veri yükleniyor:  51%|█████     | 46890/92284 [05:02<04:30, 167.68sinyal/s]
Veri yükleniyor:  51%|█████     | 46908/92284 [05:02<04:26, 170.42sinyal/s]
Veri yükleniyor:  51%|█████     | 46926/92284 [05:03<04:22, 172.56sinyal/s]
Veri yükleniyor:  51%|█████     | 46944/92284 [05:03<04:21, 173.47sinyal/s]
Veri yükleniyor:  51%|█████     | 46962/92284 [05:03<04:22, 172.38sinyal/s]
Veri yükleniyor:  51%|█████     | 46980/92284 [05:03<04:23, 171.74sinyal/s]
Veri yükleniyor:  51%|█████     | 46998/92284 [05:03<04:22, 172.66sinyal/s]
Veri yükleniyor:  51%|█████     | 47016/92284 [05:03<04:24, 170.87sinyal/s]
Veri yükleniyor:  51%|█████     | 47034/92284 [05:09<1:14:47, 10.08sinyal/s]
Veri yükleniyor:  51%|█████     | 47072/92284 [05:09<40:11, 18.75sinyal/s]  
Veri yükleniyor:  51%|█████     | 47100/92284 [05:09<28:02, 26.86sinyal/s]
Veri yükleniyor:  51%|█████     | 47134/92284 [05:09<18:34, 40.51sinyal/s]
Veri yükleniyor:  51%|█████     | 47171/92284 [05:09<12:34, 59.83sinyal/s]
Veri yükleniyor:  51%|█████     | 47208/92284 [05:09<08:58, 83.76sinyal/s]
Veri yükleniyor:  51%|█████     | 47240/92284 [05:12<28:15, 26.56sinyal/s]
Veri yükleniyor:  51%|█████     | 47276/92284 [05:13<19:48, 37.87sinyal/s]
Veri yükleniyor:  51%|█████▏    | 47313/92284 [05:13<14:05, 53.19sinyal/s]
Veri yükleniyor:  51%|█████▏    | 47349/92284 [05:13<10:22, 72.19sinyal/s]
Veri yükleniyor:  51%|█████▏    | 47386/92284 [05:13<07:46, 96.24sinyal/s]
Veri yükleniyor:  51%|█████▏    | 47424/92284 [05:13<05:57, 125.41sinyal/s]
Veri yükleniyor:  51%|█████▏    | 47460/92284 [05:13<04:48, 155.38sinyal/s]
Veri yükleniyor:  51%|█████▏    | 47497/92284 [05:13<03:57, 188.21sinyal/s]
Veri yükleniyor:  52%|█████▏    | 47532/92284 [05:13<03:25, 217.34sinyal/s]
Veri yükleniyor:  52%|█████▏    | 47567/92284 [05:17<25:37, 29.09sinyal/s] 
Veri yükleniyor:  52%|█████▏    | 47603/92284 [05:17<18:30, 40.25sinyal/s]
Veri yükleniyor:  52%|█████▏    | 47640/92284 [05:17<13:26, 55.37sinyal/s]
Veri yükleniyor:  52%|█████▏    | 47671/92284 [05:17<10:48, 68.76sinyal/s]
Veri yükleniyor:  52%|█████▏    | 47707/92284 [05:17<08:06, 91.56sinyal/s]
Veri yükleniyor:  52%|█████▏    | 47745/92284 [05:18<06:10, 120.33sinyal/s]
Veri yükleniyor:  52%|█████▏    | 47781/92284 [05:18<04:56, 150.21sinyal/s]
Veri yükleniyor:  52%|█████▏    | 47815/92284 [05:21<23:43, 31.24sinyal/s] 
Veri yükleniyor:  52%|█████▏    | 47852/92284 [05:21<16:59, 43.58sinyal/s]
Veri yükleniyor:  52%|█████▏    | 47889/92284 [05:21<12:23, 59.69sinyal/s]
Veri yükleniyor:  52%|█████▏    | 47925/92284 [05:21<09:18, 79.46sinyal/s]
Veri yükleniyor:  52%|█████▏    | 47962/92284 [05:21<07:04, 104.46sinyal/s]
Veri yükleniyor:  52%|█████▏    | 47998/92284 [05:21<05:35, 132.10sinyal/s]
Veri yükleniyor:  52%|█████▏    | 48036/92284 [05:21<04:28, 164.96sinyal/s]
Veri yükleniyor:  52%|█████▏    | 48074/92284 [05:22<03:42, 198.80sinyal/s]
Veri yükleniyor:  52%|█████▏    | 48110/92284 [05:22<03:13, 228.39sinyal/s]
Veri yükleniyor:  52%|█████▏    | 48147/92284 [05:22<02:51, 257.18sinyal/s]
Veri yükleniyor:  52%|█████▏    | 48183/92284 [05:25<21:08, 34.77sinyal/s] 
Veri yükleniyor:  52%|█████▏    | 48220/92284 [05:25<15:21, 47.84sinyal/s]
Veri yükleniyor:  52%|█████▏    | 48257/92284 [05:25<11:18, 64.84sinyal/s]
Veri yükleniyor:  52%|█████▏    | 48292/92284 [05:25<09:01, 81.24sinyal/s]
Veri yükleniyor:  52%|█████▏    | 48328/92284 [05:25<06:56, 105.50sinyal/s]
Veri yükleniyor:  52%|█████▏    | 48364/92284 [05:25<05:29, 133.48sinyal/s]
Veri yükleniyor:  52%|█████▏    | 48398/92284 [05:26<04:32, 161.21sinyal/s]
Veri yükleniyor:  52%|█████▏    | 48433/92284 [05:26<03:49, 191.48sinyal/s]
Veri yükleniyor:  53%|█████▎    | 48466/92284 [05:26<03:22, 216.50sinyal/s]
Veri yükleniyor:  53%|█████▎    | 48502/92284 [05:26<02:57, 246.02sinyal/s]
Veri yükleniyor:  53%|█████▎    | 48538/92284 [05:26<02:41, 271.55sinyal/s]
Veri yükleniyor:  53%|█████▎    | 48575/92284 [05:26<02:28, 294.06sinyal/s]
Veri yükleniyor:  53%|█████▎    | 48612/92284 [05:26<02:20, 311.64sinyal/s]
Veri yükleniyor:  53%|█████▎    | 48648/92284 [05:26<02:16, 320.40sinyal/s]
Veri yükleniyor:  53%|█████▎    | 48685/92284 [05:26<02:11, 332.79sinyal/s]
Veri yükleniyor:  53%|█████▎    | 48721/92284 [05:27<02:08, 340.21sinyal/s]
Veri yükleniyor:  53%|█████▎    | 48758/92284 [05:27<02:05, 348.05sinyal/s]
Veri yükleniyor:  53%|█████▎    | 48794/92284 [05:27<02:04, 350.31sinyal/s]
Veri yükleniyor:  53%|█████▎    | 48831/92284 [05:27<02:02, 353.79sinyal/s]
Veri yükleniyor:  53%|█████▎    | 48868/92284 [05:27<02:01, 358.15sinyal/s]
Veri yükleniyor:  53%|█████▎    | 48905/92284 [05:27<02:01, 356.49sinyal/s]
Veri yükleniyor:  53%|█████▎    | 48942/92284 [05:27<02:00, 359.89sinyal/s]
Veri yükleniyor:  53%|█████▎    | 48979/92284 [05:27<02:02, 352.38sinyal/s]
Veri yükleniyor:  53%|█████▎    | 49015/92284 [05:27<02:04, 348.46sinyal/s]
Veri yükleniyor:  53%|█████▎    | 49050/92284 [05:29<11:13, 64.20sinyal/s] 
Veri yükleniyor:  53%|█████▎    | 49087/92284 [05:29<08:23, 85.72sinyal/s]
Veri yükleniyor:  53%|█████▎    | 49125/92284 [05:29<06:23, 112.43sinyal/s]
Veri yükleniyor:  53%|█████▎    | 49163/92284 [05:29<05:01, 143.12sinyal/s]
Veri yükleniyor:  53%|█████▎    | 49201/92284 [05:29<04:04, 175.98sinyal/s]
Veri yükleniyor:  53%|█████▎    | 49238/92284 [05:29<03:27, 207.79sinyal/s]
Veri yükleniyor:  53%|█████▎    | 49275/92284 [05:30<03:00, 238.34sinyal/s]
Veri yükleniyor:  53%|█████▎    | 49312/92284 [05:30<02:41, 265.29sinyal/s]
Veri yükleniyor:  53%|█████▎    | 49348/92284 [05:30<02:30, 285.98sinyal/s]
Veri yükleniyor:  54%|█████▎    | 49384/92284 [05:30<02:21, 303.49sinyal/s]
Veri yükleniyor:  54%|█████▎    | 49420/92284 [05:30<02:14, 317.54sinyal/s]
Veri yükleniyor:  54%|█████▎    | 49457/92284 [05:30<02:09, 330.41sinyal/s]
Veri yükleniyor:  54%|█████▎    | 49493/92284 [05:30<02:06, 338.53sinyal/s]
Veri yükleniyor:  54%|█████▎    | 49529/92284 [05:30<02:05, 340.79sinyal/s]
Veri yükleniyor:  54%|█████▎    | 49565/92284 [05:30<02:03, 345.12sinyal/s]
Veri yükleniyor:  54%|█████▎    | 49601/92284 [05:30<02:02, 349.02sinyal/s]
Veri yükleniyor:  54%|█████▍    | 49637/92284 [05:31<02:03, 345.60sinyal/s]
Veri yükleniyor:  54%|█████▍    | 49673/92284 [05:31<02:02, 349.25sinyal/s]
Veri yükleniyor:  54%|█████▍    | 49709/92284 [05:31<02:02, 347.45sinyal/s]
Veri yükleniyor:  54%|█████▍    | 49745/92284 [05:31<02:02, 348.50sinyal/s]
Veri yükleniyor:  54%|█████▍    | 49782/92284 [05:31<02:00, 351.69sinyal/s]
Veri yükleniyor:  54%|█████▍    | 49819/92284 [05:31<01:59, 355.17sinyal/s]
Veri yükleniyor:  54%|█████▍    | 49856/92284 [05:31<01:58, 357.44sinyal/s]
Veri yükleniyor:  54%|█████▍    | 49892/92284 [05:31<02:00, 352.78sinyal/s]
Veri yükleniyor:  54%|█████▍    | 49928/92284 [05:31<02:00, 352.53sinyal/s]
Veri yükleniyor:  54%|█████▍    | 49965/92284 [05:32<01:59, 355.37sinyal/s]
Veri yükleniyor:  54%|█████▍    | 50002/92284 [05:32<01:58, 358.02sinyal/s]
Veri yükleniyor:  54%|█████▍    | 50038/92284 [05:32<01:58, 356.88sinyal/s]
Veri yükleniyor:  54%|█████▍    | 50074/92284 [05:32<02:00, 350.02sinyal/s]
Veri yükleniyor:  54%|█████▍    | 50110/92284 [05:32<01:59, 352.23sinyal/s]
Veri yükleniyor:  54%|█████▍    | 50146/92284 [05:32<01:59, 353.73sinyal/s]
Veri yükleniyor:  54%|█████▍    | 50183/92284 [05:32<01:58, 355.88sinyal/s]
Veri yükleniyor:  54%|█████▍    | 50219/92284 [05:32<01:59, 351.46sinyal/s]
Veri yükleniyor:  54%|█████▍    | 50255/92284 [05:33<05:02, 138.77sinyal/s]
Veri yükleniyor:  54%|█████▍    | 50292/92284 [05:33<04:05, 170.78sinyal/s]
Veri yükleniyor:  55%|█████▍    | 50330/92284 [05:33<03:24, 205.20sinyal/s]
Veri yükleniyor:  55%|█████▍    | 50362/92284 [05:33<03:28, 201.12sinyal/s]
Veri yükleniyor:  55%|█████▍    | 50397/92284 [05:33<03:02, 229.86sinyal/s]
Veri yükleniyor:  55%|█████▍    | 50434/92284 [05:33<02:41, 259.16sinyal/s]
Veri yükleniyor:  55%|█████▍    | 50471/92284 [05:34<02:27, 283.41sinyal/s]
Veri yükleniyor:  55%|█████▍    | 50507/92284 [05:34<02:18, 302.14sinyal/s]
Veri yükleniyor:  55%|█████▍    | 50544/92284 [05:34<02:10, 319.78sinyal/s]
Veri yükleniyor:  55%|█████▍    | 50579/92284 [05:34<02:07, 327.11sinyal/s]
Veri yükleniyor:  55%|█████▍    | 50615/92284 [05:34<02:04, 334.48sinyal/s]
Veri yükleniyor:  55%|█████▍    | 50651/92284 [05:34<02:02, 339.98sinyal/s]
Veri yükleniyor:  55%|█████▍    | 50687/92284 [05:34<02:00, 344.84sinyal/s]
Veri yükleniyor:  55%|█████▍    | 50724/92284 [05:34<01:58, 350.35sinyal/s]
Veri yükleniyor:  55%|█████▌    | 50761/92284 [05:34<01:57, 354.87sinyal/s]
Veri yükleniyor:  55%|█████▌    | 50798/92284 [05:34<01:56, 357.32sinyal/s]
Veri yükleniyor:  55%|█████▌    | 50834/92284 [05:35<01:56, 356.02sinyal/s]
Veri yükleniyor:  55%|█████▌    | 50871/92284 [05:35<01:55, 358.31sinyal/s]
Veri yükleniyor:  55%|█████▌    | 50907/92284 [05:35<01:57, 352.12sinyal/s]
Veri yükleniyor:  55%|█████▌    | 50944/92284 [05:35<01:56, 355.18sinyal/s]
Veri yükleniyor:  55%|█████▌    | 50981/92284 [05:35<01:55, 358.12sinyal/s]
Veri yükleniyor:  55%|█████▌    | 51017/92284 [05:35<01:56, 354.24sinyal/s]
Veri yükleniyor:  55%|█████▌    | 51053/92284 [05:35<01:56, 354.81sinyal/s]
Veri yükleniyor:  55%|█████▌    | 51089/92284 [05:35<01:56, 353.22sinyal/s]
Veri yükleniyor:  55%|█████▌    | 51125/92284 [05:35<01:56, 354.78sinyal/s]
Veri yükleniyor:  55%|█████▌    | 51161/92284 [05:35<01:55, 354.66sinyal/s]
Veri yükleniyor:  55%|█████▌    | 51197/92284 [05:36<01:55, 354.95sinyal/s]
Veri yükleniyor:  56%|█████▌    | 51233/92284 [05:36<01:56, 351.94sinyal/s]
Veri yükleniyor:  56%|█████▌    | 51269/92284 [05:36<01:56, 353.38sinyal/s]
Veri yükleniyor:  56%|█████▌    | 51305/92284 [05:36<01:55, 354.51sinyal/s]
Veri yükleniyor:  56%|█████▌    | 51341/92284 [05:36<01:55, 353.23sinyal/s]
Veri yükleniyor:  56%|█████▌    | 51377/92284 [05:36<01:55, 353.31sinyal/s]
Veri yükleniyor:  56%|█████▌    | 51413/92284 [05:36<01:56, 351.33sinyal/s]
Veri yükleniyor:  56%|█████▌    | 51449/92284 [05:36<01:56, 351.96sinyal/s]
Veri yükleniyor:  56%|█████▌    | 51485/92284 [05:37<07:43, 87.97sinyal/s] 
Veri yükleniyor:  56%|█████▌    | 51519/92284 [05:38<06:04, 111.78sinyal/s]
Veri yükleniyor:  56%|█████▌    | 51555/92284 [05:38<04:48, 140.94sinyal/s]
Veri yükleniyor:  56%|█████▌    | 51588/92284 [05:38<04:02, 167.66sinyal/s]
Veri yükleniyor:  56%|█████▌    | 51624/92284 [05:38<03:23, 199.86sinyal/s]
Veri yükleniyor:  56%|█████▌    | 51660/92284 [05:38<02:56, 230.27sinyal/s]
Veri yükleniyor:  56%|█████▌    | 51696/92284 [05:38<02:37, 257.47sinyal/s]
Veri yükleniyor:  56%|█████▌    | 51730/92284 [05:38<02:27, 274.91sinyal/s]
Veri yükleniyor:  56%|█████▌    | 51764/92284 [05:38<02:50, 237.71sinyal/s]
Veri yükleniyor:  56%|█████▌    | 51793/92284 [05:39<03:05, 218.04sinyal/s]
Veri yükleniyor:  56%|█████▌    | 51819/92284 [05:39<03:17, 204.50sinyal/s]
Veri yükleniyor:  56%|█████▌    | 51843/92284 [05:39<03:26, 196.05sinyal/s]
Veri yükleniyor:  56%|█████▌    | 51865/92284 [05:39<03:28, 193.48sinyal/s]
Veri yükleniyor:  56%|█████▌    | 51886/92284 [05:39<03:32, 190.10sinyal/s]
Veri yükleniyor:  56%|█████▌    | 51906/92284 [05:39<03:32, 189.61sinyal/s]
Veri yükleniyor:  56%|█████▋    | 51926/92284 [05:39<03:34, 188.30sinyal/s]
Veri yükleniyor:  56%|█████▋    | 51946/92284 [05:39<03:37, 185.43sinyal/s]
Veri yükleniyor:  56%|█████▋    | 51965/92284 [05:39<03:36, 186.45sinyal/s]
Veri yükleniyor:  56%|█████▋    | 51984/92284 [05:40<03:40, 182.73sinyal/s]
Veri yükleniyor:  56%|█████▋    | 52003/92284 [05:40<03:40, 182.79sinyal/s]
Veri yükleniyor:  56%|█████▋    | 52022/92284 [05:40<03:39, 183.25sinyal/s]
Veri yükleniyor:  56%|█████▋    | 52041/92284 [05:40<03:42, 180.72sinyal/s]
Veri yükleniyor:  56%|█████▋    | 52060/92284 [05:40<03:43, 179.88sinyal/s]
Veri yükleniyor:  56%|█████▋    | 52079/92284 [05:40<03:41, 181.23sinyal/s]
Veri yükleniyor:  56%|█████▋    | 52098/92284 [05:40<03:43, 179.87sinyal/s]
Veri yükleniyor:  56%|█████▋    | 52117/92284 [05:40<03:43, 179.90sinyal/s]
Veri yükleniyor:  56%|█████▋    | 52136/92284 [05:41<15:02, 44.48sinyal/s] 
Veri yükleniyor:  57%|█████▋    | 52154/92284 [05:42<11:46, 56.78sinyal/s]
Veri yükleniyor:  57%|█████▋    | 52173/92284 [05:42<09:18, 71.85sinyal/s]
Veri yükleniyor:  57%|█████▋    | 52191/92284 [05:42<07:40, 87.05sinyal/s]
Veri yükleniyor:  57%|█████▋    | 52208/92284 [05:42<07:20, 91.03sinyal/s]
Veri yükleniyor:  57%|█████▋    | 52226/92284 [05:42<06:15, 106.69sinyal/s]
Veri yükleniyor:  57%|█████▋    | 52245/92284 [05:42<05:26, 122.55sinyal/s]
Veri yükleniyor:  57%|█████▋    | 52263/92284 [05:42<04:57, 134.67sinyal/s]
Veri yükleniyor:  57%|█████▋    | 52282/92284 [05:42<04:33, 146.45sinyal/s]
Veri yükleniyor:  57%|█████▋    | 52300/92284 [05:42<04:21, 152.67sinyal/s]
Veri yükleniyor:  57%|█████▋    | 52318/92284 [05:43<04:21, 152.59sinyal/s]
Veri yükleniyor:  57%|█████▋    | 52335/92284 [05:43<04:18, 154.77sinyal/s]
Veri yükleniyor:  57%|█████▋    | 52352/92284 [05:43<04:11, 158.57sinyal/s]
Veri yükleniyor:  57%|█████▋    | 52370/92284 [05:43<04:04, 162.97sinyal/s]
Veri yükleniyor:  57%|█████▋    | 52387/92284 [05:43<04:02, 164.85sinyal/s]
Veri yükleniyor:  57%|█████▋    | 52405/92284 [05:43<03:58, 167.07sinyal/s]
Veri yükleniyor:  57%|█████▋    | 52423/92284 [05:43<03:54, 169.77sinyal/s]
Veri yükleniyor:  57%|█████▋    | 52441/92284 [05:43<03:51, 172.37sinyal/s]
Veri yükleniyor:  57%|█████▋    | 52459/92284 [05:43<03:50, 172.94sinyal/s]
Veri yükleniyor:  57%|█████▋    | 52477/92284 [05:44<03:47, 174.67sinyal/s]
Veri yükleniyor:  57%|█████▋    | 52495/92284 [05:44<03:45, 176.13sinyal/s]
Veri yükleniyor:  57%|█████▋    | 52514/92284 [05:44<03:43, 177.95sinyal/s]
Veri yükleniyor:  57%|█████▋    | 52532/92284 [05:44<03:49, 173.31sinyal/s]
Veri yükleniyor:  57%|█████▋    | 52551/92284 [05:44<03:44, 177.00sinyal/s]
Veri yükleniyor:  57%|█████▋    | 52569/92284 [05:44<03:44, 176.92sinyal/s]
Veri yükleniyor:  57%|█████▋    | 52587/92284 [05:44<03:43, 177.75sinyal/s]
Veri yükleniyor:  57%|█████▋    | 52606/92284 [05:44<03:41, 179.42sinyal/s]
Veri yükleniyor:  57%|█████▋    | 52624/92284 [05:44<03:42, 178.36sinyal/s]
Veri yükleniyor:  57%|█████▋    | 52643/92284 [05:44<03:39, 180.33sinyal/s]
Veri yükleniyor:  57%|█████▋    | 52662/92284 [05:45<03:39, 180.78sinyal/s]
Veri yükleniyor:  57%|█████▋    | 52681/92284 [05:45<03:39, 180.16sinyal/s]
Veri yükleniyor:  57%|█████▋    | 52700/92284 [05:45<03:41, 178.67sinyal/s]
Veri yükleniyor:  57%|█████▋    | 52719/92284 [05:45<03:40, 179.48sinyal/s]
Veri yükleniyor:  57%|█████▋    | 52738/92284 [05:45<03:38, 180.79sinyal/s]
Veri yükleniyor:  57%|█████▋    | 52757/92284 [05:45<03:40, 179.15sinyal/s]
Veri yükleniyor:  57%|█████▋    | 52775/92284 [05:45<03:42, 177.42sinyal/s]
Veri yükleniyor:  57%|█████▋    | 52793/92284 [05:45<03:41, 178.06sinyal/s]
Veri yükleniyor:  57%|█████▋    | 52812/92284 [05:45<03:38, 180.58sinyal/s]
Veri yükleniyor:  57%|█████▋    | 52831/92284 [05:45<03:40, 178.58sinyal/s]
Veri yükleniyor:  57%|█████▋    | 52849/92284 [05:46<03:40, 178.84sinyal/s]
Veri yükleniyor:  57%|█████▋    | 52867/92284 [05:46<03:40, 178.53sinyal/s]
Veri yükleniyor:  57%|█████▋    | 52886/92284 [05:46<03:39, 179.69sinyal/s]
Veri yükleniyor:  57%|█████▋    | 52904/92284 [05:46<03:41, 178.03sinyal/s]
Veri yükleniyor:  57%|█████▋    | 52922/92284 [05:46<03:42, 176.81sinyal/s]
Veri yükleniyor:  57%|█████▋    | 52941/92284 [05:46<03:40, 178.82sinyal/s]
Veri yükleniyor:  57%|█████▋    | 52960/92284 [05:46<03:38, 179.81sinyal/s]
Veri yükleniyor:  57%|█████▋    | 52978/92284 [05:46<03:41, 177.18sinyal/s]
Veri yükleniyor:  57%|█████▋    | 52997/92284 [05:46<03:39, 178.70sinyal/s]
Veri yükleniyor:  57%|█████▋    | 53015/92284 [05:47<03:39, 178.55sinyal/s]
Veri yükleniyor:  57%|█████▋    | 53033/92284 [05:47<03:40, 178.02sinyal/s]
Veri yükleniyor:  57%|█████▋    | 53051/92284 [05:47<03:43, 175.21sinyal/s]
Veri yükleniyor:  58%|█████▊    | 53069/92284 [05:47<03:51, 169.12sinyal/s]
Veri yükleniyor:  58%|█████▊    | 53087/92284 [05:47<03:49, 171.04sinyal/s]
Veri yükleniyor:  58%|█████▊    | 53105/92284 [05:47<03:51, 168.95sinyal/s]
Veri yükleniyor:  58%|█████▊    | 53123/92284 [05:47<03:49, 170.34sinyal/s]
Veri yükleniyor:  58%|█████▊    | 53141/92284 [05:47<03:47, 172.27sinyal/s]
Veri yükleniyor:  58%|█████▊    | 53159/92284 [05:47<03:45, 173.41sinyal/s]
Veri yükleniyor:  58%|█████▊    | 53178/92284 [05:47<03:41, 176.43sinyal/s]
Veri yükleniyor:  58%|█████▊    | 53196/92284 [05:48<03:43, 175.14sinyal/s]
Veri yükleniyor:  58%|█████▊    | 53215/92284 [05:48<03:40, 177.11sinyal/s]
Veri yükleniyor:  58%|█████▊    | 53233/92284 [05:48<03:42, 175.41sinyal/s]
Veri yükleniyor:  58%|█████▊    | 53251/92284 [05:48<03:41, 176.48sinyal/s]
Veri yükleniyor:  58%|█████▊    | 53269/92284 [05:48<03:40, 177.16sinyal/s]
Veri yükleniyor:  58%|█████▊    | 53287/92284 [05:48<03:39, 177.45sinyal/s]
Veri yükleniyor:  58%|█████▊    | 53305/92284 [05:48<03:40, 177.08sinyal/s]
Veri yükleniyor:  58%|█████▊    | 53324/92284 [05:48<03:37, 179.11sinyal/s]
Veri yükleniyor:  58%|█████▊    | 53342/92284 [05:48<03:41, 175.86sinyal/s]
Veri yükleniyor:  58%|█████▊    | 53361/92284 [05:48<03:38, 177.75sinyal/s]
Veri yükleniyor:  58%|█████▊    | 53379/92284 [05:49<03:39, 177.57sinyal/s]
Veri yükleniyor:  58%|█████▊    | 53397/92284 [05:49<03:42, 174.79sinyal/s]
Veri yükleniyor:  58%|█████▊    | 53415/92284 [05:49<03:46, 171.91sinyal/s]
Veri yükleniyor:  58%|█████▊    | 53433/92284 [05:49<03:43, 173.75sinyal/s]
Veri yükleniyor:  58%|█████▊    | 53451/92284 [05:49<03:44, 172.97sinyal/s]
Veri yükleniyor:  58%|█████▊    | 53469/92284 [05:49<03:42, 174.75sinyal/s]
Veri yükleniyor:  58%|█████▊    | 53487/92284 [05:49<03:43, 173.62sinyal/s]
Veri yükleniyor:  58%|█████▊    | 53505/92284 [05:49<03:42, 174.36sinyal/s]
Veri yükleniyor:  58%|█████▊    | 53523/92284 [05:49<03:41, 174.77sinyal/s]
Veri yükleniyor:  58%|█████▊    | 53541/92284 [05:50<03:40, 175.53sinyal/s]
Veri yükleniyor:  58%|█████▊    | 53559/92284 [05:50<03:57, 162.77sinyal/s]
Veri yükleniyor:  58%|█████▊    | 53576/92284 [05:50<03:56, 163.97sinyal/s]
Veri yükleniyor:  58%|█████▊    | 53594/92284 [05:50<03:52, 166.32sinyal/s]
Veri yükleniyor:  58%|█████▊    | 53613/92284 [05:50<03:47, 170.21sinyal/s]
Veri yükleniyor:  58%|█████▊    | 53631/92284 [05:50<03:43, 172.59sinyal/s]
Veri yükleniyor:  58%|█████▊    | 53650/92284 [05:50<03:38, 176.72sinyal/s]
Veri yükleniyor:  58%|█████▊    | 53668/92284 [05:50<03:59, 161.34sinyal/s]
Veri yükleniyor:  58%|█████▊    | 53687/92284 [05:50<03:50, 167.58sinyal/s]
Veri yükleniyor:  58%|█████▊    | 53705/92284 [05:51<03:46, 170.10sinyal/s]
Veri yükleniyor:  58%|█████▊    | 53724/92284 [05:51<03:41, 173.79sinyal/s]
Veri yükleniyor:  58%|█████▊    | 53742/92284 [05:51<03:45, 171.08sinyal/s]
Veri yükleniyor:  58%|█████▊    | 53760/92284 [05:51<03:42, 173.33sinyal/s]
Veri yükleniyor:  58%|█████▊    | 53778/92284 [05:51<03:41, 173.71sinyal/s]
Veri yükleniyor:  58%|█████▊    | 53797/92284 [05:51<03:37, 176.78sinyal/s]
Veri yükleniyor:  58%|█████▊    | 53815/92284 [05:51<03:39, 175.42sinyal/s]
Veri yükleniyor:  58%|█████▊    | 53833/92284 [05:51<03:38, 176.00sinyal/s]
Veri yükleniyor:  58%|█████▊    | 53852/92284 [05:51<03:35, 178.46sinyal/s]
Veri yükleniyor:  58%|█████▊    | 53871/92284 [05:51<03:33, 179.84sinyal/s]
Veri yükleniyor:  58%|█████▊    | 53889/92284 [05:52<03:33, 179.56sinyal/s]
Veri yükleniyor:  58%|█████▊    | 53907/92284 [05:52<03:34, 179.13sinyal/s]
Veri yükleniyor:  58%|█████▊    | 53926/92284 [05:52<03:33, 179.86sinyal/s]
Veri yükleniyor:  58%|█████▊    | 53944/92284 [05:52<03:33, 179.55sinyal/s]
Veri yükleniyor:  58%|█████▊    | 53962/92284 [05:52<03:35, 177.64sinyal/s]
Veri yükleniyor:  58%|█████▊    | 53980/92284 [05:52<03:37, 176.40sinyal/s]
Veri yükleniyor:  59%|█████▊    | 53998/92284 [05:52<03:36, 176.93sinyal/s]
Veri yükleniyor:  59%|█████▊    | 54017/92284 [05:52<03:34, 178.63sinyal/s]
Veri yükleniyor:  59%|█████▊    | 54036/92284 [05:52<03:33, 179.51sinyal/s]
Veri yükleniyor:  59%|█████▊    | 54054/92284 [05:52<03:34, 178.60sinyal/s]
Veri yükleniyor:  59%|█████▊    | 54073/92284 [05:53<03:33, 179.36sinyal/s]
Veri yükleniyor:  59%|█████▊    | 54091/92284 [05:53<03:33, 179.06sinyal/s]
Veri yükleniyor:  59%|█████▊    | 54109/92284 [05:53<03:40, 173.49sinyal/s]
Veri yükleniyor:  59%|█████▊    | 54128/92284 [05:53<03:36, 176.56sinyal/s]
Veri yükleniyor:  59%|█████▊    | 54146/92284 [05:53<03:35, 176.69sinyal/s]
Veri yükleniyor:  59%|█████▊    | 54165/92284 [05:53<03:33, 178.44sinyal/s]
Veri yükleniyor:  59%|█████▊    | 54183/92284 [05:53<03:35, 177.19sinyal/s]
Veri yükleniyor:  59%|█████▊    | 54201/92284 [05:53<03:37, 174.87sinyal/s]
Veri yükleniyor:  59%|█████▉    | 54219/92284 [05:53<03:36, 175.61sinyal/s]
Veri yükleniyor:  59%|█████▉    | 54237/92284 [05:54<03:37, 175.16sinyal/s]
Veri yükleniyor:  59%|█████▉    | 54255/92284 [05:54<03:38, 173.78sinyal/s]
Veri yükleniyor:  59%|█████▉    | 54273/92284 [05:54<03:38, 173.81sinyal/s]
Veri yükleniyor:  59%|█████▉    | 54291/92284 [05:54<03:40, 172.07sinyal/s]
Veri yükleniyor:  59%|█████▉    | 54309/92284 [05:54<03:39, 173.35sinyal/s]
Veri yükleniyor:  59%|█████▉    | 54327/92284 [05:54<03:37, 174.27sinyal/s]
Veri yükleniyor:  59%|█████▉    | 54345/92284 [05:54<03:36, 174.99sinyal/s]
Veri yükleniyor:  59%|█████▉    | 54364/92284 [05:54<03:33, 177.70sinyal/s]
Veri yükleniyor:  59%|█████▉    | 54382/92284 [05:54<03:35, 175.80sinyal/s]
Veri yükleniyor:  59%|█████▉    | 54401/92284 [05:54<03:32, 178.37sinyal/s]
Veri yükleniyor:  59%|█████▉    | 54419/92284 [05:55<03:33, 177.09sinyal/s]
Veri yükleniyor:  59%|█████▉    | 54438/92284 [05:55<03:33, 177.05sinyal/s]
Veri yükleniyor:  59%|█████▉    | 54456/92284 [05:55<03:37, 173.75sinyal/s]
Veri yükleniyor:  59%|█████▉    | 54474/92284 [05:55<03:36, 174.81sinyal/s]
Veri yükleniyor:  59%|█████▉    | 54492/92284 [05:55<03:36, 174.72sinyal/s]
Veri yükleniyor:  59%|█████▉    | 54511/92284 [05:55<03:32, 178.00sinyal/s]
Veri yükleniyor:  59%|█████▉    | 54529/92284 [05:55<03:32, 177.46sinyal/s]
Veri yükleniyor:  59%|█████▉    | 54547/92284 [05:55<03:33, 176.80sinyal/s]
Veri yükleniyor:  59%|█████▉    | 54566/92284 [05:55<03:31, 178.24sinyal/s]
Veri yükleniyor:  59%|█████▉    | 54584/92284 [05:55<03:31, 178.46sinyal/s]
Veri yükleniyor:  59%|█████▉    | 54602/92284 [05:56<03:31, 178.41sinyal/s]
Veri yükleniyor:  59%|█████▉    | 54620/92284 [05:56<03:32, 177.54sinyal/s]
Veri yükleniyor:  59%|█████▉    | 54638/92284 [05:56<03:39, 171.69sinyal/s]
Veri yükleniyor:  59%|█████▉    | 54657/92284 [05:56<03:34, 175.42sinyal/s]
Veri yükleniyor:  59%|█████▉    | 54675/92284 [05:56<03:37, 173.16sinyal/s]
Veri yükleniyor:  59%|█████▉    | 54694/92284 [05:56<03:33, 176.03sinyal/s]
Veri yükleniyor:  59%|█████▉    | 54713/92284 [05:56<03:32, 176.58sinyal/s]
Veri yükleniyor:  59%|█████▉    | 54731/92284 [05:56<03:33, 176.09sinyal/s]
Veri yükleniyor:  59%|█████▉    | 54749/92284 [05:56<03:32, 176.41sinyal/s]
Veri yükleniyor:  59%|█████▉    | 54767/92284 [05:57<03:32, 176.20sinyal/s]
Veri yükleniyor:  59%|█████▉    | 54785/92284 [05:57<03:45, 166.00sinyal/s]
Veri yükleniyor:  59%|█████▉    | 54802/92284 [05:57<04:02, 154.72sinyal/s]
Veri yükleniyor:  59%|█████▉    | 54820/92284 [05:57<03:52, 160.90sinyal/s]
Veri yükleniyor:  59%|█████▉    | 54837/92284 [05:57<03:50, 162.17sinyal/s]
Veri yükleniyor:  59%|█████▉    | 54854/92284 [05:58<09:17, 67.19sinyal/s] 
Veri yükleniyor:  59%|█████▉    | 54872/92284 [05:58<07:31, 82.91sinyal/s]
Veri yükleniyor:  59%|█████▉    | 54890/92284 [05:58<06:17, 99.00sinyal/s]
Veri yükleniyor:  60%|█████▉    | 54909/92284 [05:58<05:22, 115.71sinyal/s]
Veri yükleniyor:  60%|█████▉    | 54927/92284 [05:58<04:48, 129.29sinyal/s]
Veri yükleniyor:  60%|█████▉    | 54945/92284 [05:58<04:25, 140.65sinyal/s]
Veri yükleniyor:  60%|█████▉    | 54963/92284 [05:58<04:09, 149.77sinyal/s]
Veri yükleniyor:  60%|█████▉    | 54981/92284 [05:58<03:59, 155.49sinyal/s]
Veri yükleniyor:  60%|█████▉    | 55000/92284 [05:58<03:47, 164.17sinyal/s]
Veri yükleniyor:  60%|█████▉    | 55018/92284 [05:59<03:41, 168.46sinyal/s]
Veri yükleniyor:  60%|█████▉    | 55036/92284 [05:59<03:56, 157.29sinyal/s]
Veri yükleniyor:  60%|█████▉    | 55053/92284 [05:59<03:52, 160.19sinyal/s]
Veri yükleniyor:  60%|█████▉    | 55070/92284 [05:59<03:53, 159.30sinyal/s]
Veri yükleniyor:  60%|█████▉    | 55088/92284 [05:59<03:46, 164.22sinyal/s]
Veri yükleniyor:  60%|█████▉    | 55106/92284 [05:59<03:42, 166.97sinyal/s]
Veri yükleniyor:  60%|█████▉    | 55124/92284 [05:59<03:38, 169.92sinyal/s]
Veri yükleniyor:  60%|█████▉    | 55142/92284 [05:59<03:36, 171.81sinyal/s]
Veri yükleniyor:  60%|█████▉    | 55160/92284 [05:59<03:33, 174.08sinyal/s]
Veri yükleniyor:  60%|█████▉    | 55179/92284 [05:59<03:29, 177.03sinyal/s]
Veri yükleniyor:  60%|█████▉    | 55197/92284 [06:00<03:32, 174.44sinyal/s]
Veri yükleniyor:  60%|█████▉    | 55216/92284 [06:00<03:29, 176.68sinyal/s]
Veri yükleniyor:  60%|█████▉    | 55234/92284 [06:00<03:30, 176.35sinyal/s]
Veri yükleniyor:  60%|█████▉    | 55252/92284 [06:00<03:30, 175.56sinyal/s]
Veri yükleniyor:  60%|█████▉    | 55270/92284 [06:00<03:30, 175.57sinyal/s]
Veri yükleniyor:  60%|█████▉    | 55288/92284 [06:00<03:31, 174.53sinyal/s]
Veri yükleniyor:  60%|█████▉    | 55306/92284 [06:00<03:29, 176.09sinyal/s]
Veri yükleniyor:  60%|█████▉    | 55325/92284 [06:00<03:27, 177.91sinyal/s]
Veri yükleniyor:  60%|█████▉    | 55343/92284 [06:00<03:28, 177.44sinyal/s]
Veri yükleniyor:  60%|█████▉    | 55362/92284 [06:01<03:27, 178.28sinyal/s]
Veri yükleniyor:  60%|██████    | 55381/92284 [06:01<03:25, 179.30sinyal/s]
Veri yükleniyor:  60%|██████    | 55400/92284 [06:01<03:24, 180.75sinyal/s]
Veri yükleniyor:  60%|██████    | 55419/92284 [06:01<03:31, 174.26sinyal/s]
Veri yükleniyor:  60%|██████    | 55438/92284 [06:01<03:28, 176.93sinyal/s]
Veri yükleniyor:  60%|██████    | 55456/92284 [06:01<03:30, 175.29sinyal/s]
Veri yükleniyor:  60%|██████    | 55474/92284 [06:01<03:29, 175.96sinyal/s]
Veri yükleniyor:  60%|██████    | 55492/92284 [06:01<03:30, 175.10sinyal/s]
Veri yükleniyor:  60%|██████    | 55510/92284 [06:01<03:30, 174.72sinyal/s]
Veri yükleniyor:  60%|██████    | 55528/92284 [06:01<03:29, 175.49sinyal/s]
Veri yükleniyor:  60%|██████    | 55546/92284 [06:02<03:30, 174.27sinyal/s]
Veri yükleniyor:  60%|██████    | 55565/92284 [06:02<03:27, 176.54sinyal/s]
Veri yükleniyor:  60%|██████    | 55583/92284 [06:02<03:30, 174.54sinyal/s]
Veri yükleniyor:  60%|██████    | 55601/92284 [06:02<03:31, 173.16sinyal/s]
Veri yükleniyor:  60%|██████    | 55619/92284 [06:02<03:32, 172.80sinyal/s]
Veri yükleniyor:  60%|██████    | 55638/92284 [06:02<03:28, 175.56sinyal/s]
Veri yükleniyor:  60%|██████    | 55656/92284 [06:02<03:27, 176.68sinyal/s]
Veri yükleniyor:  60%|██████    | 55674/92284 [06:02<03:26, 176.98sinyal/s]
Veri yükleniyor:  60%|██████    | 55693/92284 [06:02<03:24, 179.27sinyal/s]
Veri yükleniyor:  60%|██████    | 55711/92284 [06:02<03:24, 178.56sinyal/s]
Veri yükleniyor:  60%|██████    | 55730/92284 [06:03<03:23, 179.80sinyal/s]
Veri yükleniyor:  60%|██████    | 55748/92284 [06:03<03:23, 179.70sinyal/s]
Veri yükleniyor:  60%|██████    | 55766/92284 [06:03<03:26, 176.79sinyal/s]
Veri yükleniyor:  60%|██████    | 55784/92284 [06:03<03:28, 175.12sinyal/s]
Veri yükleniyor:  60%|██████    | 55802/92284 [06:03<03:26, 176.34sinyal/s]
Veri yükleniyor:  60%|██████    | 55821/92284 [06:03<03:23, 179.00sinyal/s]
Veri yükleniyor:  61%|██████    | 55840/92284 [06:03<03:22, 179.60sinyal/s]
Veri yükleniyor:  61%|██████    | 55858/92284 [06:03<03:24, 178.10sinyal/s]
Veri yükleniyor:  61%|██████    | 55876/92284 [06:03<03:25, 177.50sinyal/s]
Veri yükleniyor:  61%|██████    | 55894/92284 [06:04<03:24, 177.75sinyal/s]
Veri yükleniyor:  61%|██████    | 55912/92284 [06:04<03:24, 177.80sinyal/s]
Veri yükleniyor:  61%|██████    | 55931/92284 [06:04<03:22, 179.20sinyal/s]
Veri yükleniyor:  61%|██████    | 55949/92284 [06:04<03:24, 177.67sinyal/s]
Veri yükleniyor:  61%|██████    | 55967/92284 [06:04<03:24, 177.58sinyal/s]
Veri yükleniyor:  61%|██████    | 55985/92284 [06:04<03:24, 177.45sinyal/s]
Veri yükleniyor:  61%|██████    | 56003/92284 [06:04<03:24, 177.02sinyal/s]
Veri yükleniyor:  61%|██████    | 56022/92284 [06:04<03:23, 178.27sinyal/s]
Veri yükleniyor:  61%|██████    | 56040/92284 [06:04<03:23, 178.50sinyal/s]
Veri yükleniyor:  61%|██████    | 56058/92284 [06:04<03:26, 175.26sinyal/s]
Veri yükleniyor:  61%|██████    | 56076/92284 [06:05<03:27, 174.62sinyal/s]
Veri yükleniyor:  61%|██████    | 56094/92284 [06:05<03:26, 175.52sinyal/s]
Veri yükleniyor:  61%|██████    | 56112/92284 [06:05<03:30, 171.55sinyal/s]
Veri yükleniyor:  61%|██████    | 56130/92284 [06:05<03:35, 167.47sinyal/s]
Veri yükleniyor:  61%|██████    | 56147/92284 [06:06<14:03, 42.85sinyal/s] 
Veri yükleniyor:  61%|██████    | 56162/92284 [06:06<11:23, 52.88sinyal/s]
Veri yükleniyor:  61%|██████    | 56180/92284 [06:06<08:52, 67.75sinyal/s]
Veri yükleniyor:  61%|██████    | 56199/92284 [06:06<07:06, 84.55sinyal/s]
Veri yükleniyor:  61%|██████    | 56217/92284 [06:06<05:59, 100.31sinyal/s]
Veri yükleniyor:  61%|██████    | 56235/92284 [06:07<05:11, 115.70sinyal/s]
Veri yükleniyor:  61%|██████    | 56254/92284 [06:07<04:36, 130.45sinyal/s]
Veri yükleniyor:  61%|██████    | 56273/92284 [06:07<04:11, 142.91sinyal/s]
Veri yükleniyor:  61%|██████    | 56291/92284 [06:07<04:21, 137.77sinyal/s]
Veri yükleniyor:  61%|██████    | 56309/92284 [06:07<04:03, 148.02sinyal/s]
Veri yükleniyor:  61%|██████    | 56326/92284 [06:07<03:54, 153.07sinyal/s]
Veri yükleniyor:  61%|██████    | 56344/92284 [06:07<03:46, 158.93sinyal/s]
Veri yükleniyor:  61%|██████    | 56362/92284 [06:07<03:38, 164.43sinyal/s]
Veri yükleniyor:  61%|██████    | 56380/92284 [06:07<03:33, 168.38sinyal/s]
Veri yükleniyor:  61%|██████    | 56398/92284 [06:07<03:29, 171.22sinyal/s]
Veri yükleniyor:  61%|██████    | 56416/92284 [06:08<03:30, 170.77sinyal/s]
Veri yükleniyor:  61%|██████    | 56434/92284 [06:10<28:59, 20.61sinyal/s] 
Veri yükleniyor:  61%|██████    | 56447/92284 [06:10<23:14, 25.70sinyal/s]
Veri yükleniyor:  61%|██████    | 56483/92284 [06:10<12:48, 46.60sinyal/s]
Veri yükleniyor:  61%|██████    | 56520/92284 [06:11<08:09, 73.10sinyal/s]
Veri yükleniyor:  61%|██████▏   | 56556/92284 [06:11<05:46, 103.04sinyal/s]
Veri yükleniyor:  61%|██████▏   | 56591/92284 [06:11<04:25, 134.51sinyal/s]
Veri yükleniyor:  61%|██████▏   | 56626/92284 [06:11<03:32, 167.81sinyal/s]
Veri yükleniyor:  61%|██████▏   | 56658/92284 [06:14<19:54, 29.84sinyal/s] 
Veri yükleniyor:  61%|██████▏   | 56695/92284 [06:14<13:51, 42.79sinyal/s]
Veri yükleniyor:  61%|██████▏   | 56733/92284 [06:14<09:50, 60.22sinyal/s]
Veri yükleniyor:  62%|██████▏   | 56770/92284 [06:14<07:16, 81.43sinyal/s]
Veri yükleniyor:  62%|██████▏   | 56808/92284 [06:14<05:28, 107.89sinyal/s]
Veri yükleniyor:  62%|██████▏   | 56845/92284 [06:15<04:18, 137.17sinyal/s]
Veri yükleniyor:  62%|██████▏   | 56882/92284 [06:15<03:29, 169.35sinyal/s]
Veri yükleniyor:  62%|██████▏   | 56918/92284 [06:15<02:56, 200.71sinyal/s]
Veri yükleniyor:  62%|██████▏   | 56954/92284 [06:18<19:57, 29.51sinyal/s] 
Veri yükleniyor:  62%|██████▏   | 56979/92284 [06:19<16:07, 36.50sinyal/s]
Veri yükleniyor:  62%|██████▏   | 57016/92284 [06:19<11:23, 51.57sinyal/s]
Veri yükleniyor:  62%|██████▏   | 57053/92284 [06:19<08:16, 70.93sinyal/s]
Veri yükleniyor:  62%|██████▏   | 57090/92284 [06:19<06:11, 94.66sinyal/s]
Veri yükleniyor:  62%|██████▏   | 57128/92284 [06:19<04:44, 123.38sinyal/s]
Veri yükleniyor:  62%|██████▏   | 57162/92284 [06:19<03:53, 150.55sinyal/s]
Veri yükleniyor:  62%|██████▏   | 57196/92284 [06:22<18:36, 31.42sinyal/s] 
Veri yükleniyor:  62%|██████▏   | 57233/92284 [06:22<13:19, 43.87sinyal/s]
Veri yükleniyor:  62%|██████▏   | 57270/92284 [06:22<09:41, 60.18sinyal/s]
Veri yükleniyor:  62%|██████▏   | 57307/92284 [06:23<07:12, 80.78sinyal/s]
Veri yükleniyor:  62%|██████▏   | 57344/92284 [06:23<05:30, 105.73sinyal/s]
Veri yükleniyor:  62%|██████▏   | 57381/92284 [06:23<04:19, 134.55sinyal/s]
Veri yükleniyor:  62%|██████▏   | 57417/92284 [06:23<03:31, 164.77sinyal/s]
Veri yükleniyor:  62%|██████▏   | 57453/92284 [06:23<02:57, 196.43sinyal/s]
Veri yükleniyor:  62%|██████▏   | 57489/92284 [06:23<02:33, 226.56sinyal/s]
Veri yükleniyor:  62%|██████▏   | 57525/92284 [06:23<02:16, 254.21sinyal/s]
Veri yükleniyor:  62%|██████▏   | 57561/92284 [06:26<17:05, 33.88sinyal/s] 
Veri yükleniyor:  62%|██████▏   | 57597/92284 [06:26<12:27, 46.43sinyal/s]
Veri yükleniyor:  62%|██████▏   | 57635/92284 [06:27<09:03, 63.80sinyal/s]
Veri yükleniyor:  62%|██████▏   | 57672/92284 [06:27<06:47, 85.01sinyal/s]
Veri yükleniyor:  63%|██████▎   | 57710/92284 [06:27<05:10, 111.29sinyal/s]
Veri yükleniyor:  63%|██████▎   | 57746/92284 [06:27<04:07, 139.40sinyal/s]
Veri yükleniyor:  63%|██████▎   | 57783/92284 [06:27<03:21, 171.51sinyal/s]
Veri yükleniyor:  63%|██████▎   | 57820/92284 [06:27<02:49, 203.80sinyal/s]
Veri yükleniyor:  63%|██████▎   | 57856/92284 [06:27<02:27, 233.18sinyal/s]
Veri yükleniyor:  63%|██████▎   | 57893/92284 [06:27<02:11, 261.90sinyal/s]
Veri yükleniyor:  63%|██████▎   | 57929/92284 [06:30<16:28, 34.74sinyal/s] 
Veri yükleniyor:  63%|██████▎   | 57966/92284 [06:31<11:57, 47.84sinyal/s]
Veri yükleniyor:  63%|██████▎   | 58003/92284 [06:31<08:48, 64.88sinyal/s]
Veri yükleniyor:  63%|██████▎   | 58040/92284 [06:31<06:37, 86.25sinyal/s]
Veri yükleniyor:  63%|██████▎   | 58073/92284 [06:31<05:17, 107.68sinyal/s]
Veri yükleniyor:  63%|██████▎   | 58110/92284 [06:31<04:08, 137.58sinyal/s]
Veri yükleniyor:  63%|██████▎   | 58145/92284 [06:31<03:23, 167.38sinyal/s]
Veri yükleniyor:  63%|██████▎   | 58181/92284 [06:31<02:51, 198.78sinyal/s]
Veri yükleniyor:  63%|██████▎   | 58216/92284 [06:31<02:29, 227.33sinyal/s]
Veri yükleniyor:  63%|██████▎   | 58253/92284 [06:31<02:12, 256.73sinyal/s]
Veri yükleniyor:  63%|██████▎   | 58290/92284 [06:31<02:00, 281.71sinyal/s]
Veri yükleniyor:  63%|██████▎   | 58326/92284 [06:32<01:53, 300.41sinyal/s]
Veri yükleniyor:  63%|██████▎   | 58362/92284 [06:32<02:08, 264.20sinyal/s]
Veri yükleniyor:  63%|██████▎   | 58397/92284 [06:32<01:59, 283.88sinyal/s]
Veri yükleniyor:  63%|██████▎   | 58434/92284 [06:32<01:51, 304.05sinyal/s]
Veri yükleniyor:  63%|██████▎   | 58470/92284 [06:32<01:46, 318.76sinyal/s]
Veri yükleniyor:  63%|██████▎   | 58507/92284 [06:32<01:42, 331.11sinyal/s]
Veri yükleniyor:  63%|██████▎   | 58542/92284 [06:32<01:40, 334.09sinyal/s]
Veri yükleniyor:  63%|██████▎   | 58578/92284 [06:32<01:39, 339.09sinyal/s]
Veri yükleniyor:  64%|██████▎   | 58614/92284 [06:32<01:37, 344.78sinyal/s]
Veri yükleniyor:  64%|██████▎   | 58650/92284 [06:33<01:36, 349.03sinyal/s]
Veri yükleniyor:  64%|██████▎   | 58686/92284 [06:33<01:35, 350.30sinyal/s]
Veri yükleniyor:  64%|██████▎   | 58722/92284 [06:33<01:36, 348.49sinyal/s]
Veri yükleniyor:  64%|██████▎   | 58758/92284 [06:33<01:35, 351.79sinyal/s]
Veri yükleniyor:  64%|██████▎   | 58795/92284 [06:33<01:34, 354.97sinyal/s]
Veri yükleniyor:  64%|██████▎   | 58831/92284 [06:33<01:33, 356.01sinyal/s]
Veri yükleniyor:  64%|██████▍   | 58867/92284 [06:35<08:42, 63.97sinyal/s] 
Veri yükleniyor:  64%|██████▍   | 58901/92284 [06:35<06:40, 83.35sinyal/s]
Veri yükleniyor:  64%|██████▍   | 58939/92284 [06:35<05:02, 110.38sinyal/s]
Veri yükleniyor:  64%|██████▍   | 58976/92284 [06:35<03:58, 139.94sinyal/s]
Veri yükleniyor:  64%|██████▍   | 59013/92284 [06:35<03:13, 171.94sinyal/s]
Veri yükleniyor:  64%|██████▍   | 59050/92284 [06:35<02:43, 203.87sinyal/s]
Veri yükleniyor:  64%|██████▍   | 59087/92284 [06:35<02:21, 234.90sinyal/s]
Veri yükleniyor:  64%|██████▍   | 59123/92284 [06:35<02:07, 261.11sinyal/s]
Veri yükleniyor:  64%|██████▍   | 59160/92284 [06:36<01:56, 285.44sinyal/s]
Veri yükleniyor:  64%|██████▍   | 59197/92284 [06:36<01:48, 306.00sinyal/s]
Veri yükleniyor:  64%|██████▍   | 59233/92284 [06:36<01:43, 320.15sinyal/s]
Veri yükleniyor:  64%|██████▍   | 59269/92284 [06:36<01:40, 330.02sinyal/s]
Veri yükleniyor:  64%|██████▍   | 59306/92284 [06:36<01:37, 339.01sinyal/s]
Veri yükleniyor:  64%|██████▍   | 59344/92284 [06:36<01:34, 348.28sinyal/s]
Veri yükleniyor:  64%|██████▍   | 59381/92284 [06:36<01:34, 347.97sinyal/s]
Veri yükleniyor:  64%|██████▍   | 59417/92284 [06:36<01:34, 346.42sinyal/s]
Veri yükleniyor:  64%|██████▍   | 59453/92284 [06:36<01:34, 349.19sinyal/s]
Veri yükleniyor:  64%|██████▍   | 59490/92284 [06:36<01:32, 354.56sinyal/s]
Veri yükleniyor:  65%|██████▍   | 59527/92284 [06:37<01:31, 356.98sinyal/s]
Veri yükleniyor:  65%|██████▍   | 59563/92284 [06:37<01:32, 353.33sinyal/s]
Veri yükleniyor:  65%|██████▍   | 59599/92284 [06:37<01:32, 353.71sinyal/s]
Veri yükleniyor:  65%|██████▍   | 59635/92284 [06:37<01:31, 355.50sinyal/s]
Veri yükleniyor:  65%|██████▍   | 59672/92284 [06:37<01:31, 357.42sinyal/s]
Veri yükleniyor:  65%|██████▍   | 59709/92284 [06:37<01:30, 359.33sinyal/s]
Veri yükleniyor:  65%|██████▍   | 59745/92284 [06:37<01:31, 357.52sinyal/s]
Veri yükleniyor:  65%|██████▍   | 59781/92284 [06:37<01:30, 358.19sinyal/s]
Veri yükleniyor:  65%|██████▍   | 59817/92284 [06:37<01:31, 356.41sinyal/s]
Veri yükleniyor:  65%|██████▍   | 59854/92284 [06:37<01:30, 358.75sinyal/s]
Veri yükleniyor:  65%|██████▍   | 59891/92284 [06:38<01:30, 359.87sinyal/s]
Veri yükleniyor:  65%|██████▍   | 59927/92284 [06:38<01:31, 354.61sinyal/s]
Veri yükleniyor:  65%|██████▍   | 59963/92284 [06:38<01:31, 354.52sinyal/s]
Veri yükleniyor:  65%|██████▌   | 59999/92284 [06:38<01:31, 353.48sinyal/s]
Veri yükleniyor:  65%|██████▌   | 60035/92284 [06:38<01:31, 354.30sinyal/s]
Veri yükleniyor:  65%|██████▌   | 60071/92284 [06:38<01:32, 350.11sinyal/s]
Veri yükleniyor:  65%|██████▌   | 60107/92284 [06:39<03:48, 140.52sinyal/s]
Veri yükleniyor:  65%|██████▌   | 60143/92284 [06:39<03:06, 171.92sinyal/s]
Veri yükleniyor:  65%|██████▌   | 60180/92284 [06:39<02:36, 204.87sinyal/s]
Veri yükleniyor:  65%|██████▌   | 60213/92284 [06:39<02:35, 206.03sinyal/s]
Veri yükleniyor:  65%|██████▌   | 60249/92284 [06:39<02:15, 235.68sinyal/s]
Veri yükleniyor:  65%|██████▌   | 60280/92284 [06:39<02:08, 249.34sinyal/s]
Veri yükleniyor:  65%|██████▌   | 60316/92284 [06:39<01:55, 275.69sinyal/s]
Veri yükleniyor:  65%|██████▌   | 60351/92284 [06:39<01:48, 293.50sinyal/s]
Veri yükleniyor:  65%|██████▌   | 60388/92284 [06:40<01:42, 312.31sinyal/s]
Veri yükleniyor:  65%|██████▌   | 60423/92284 [06:40<01:38, 322.40sinyal/s]
Veri yükleniyor:  66%|██████▌   | 60459/92284 [06:40<01:35, 332.73sinyal/s]
Veri yükleniyor:  66%|██████▌   | 60496/92284 [06:40<01:32, 342.55sinyal/s]
Veri yükleniyor:  66%|██████▌   | 60532/92284 [06:40<01:31, 345.53sinyal/s]
Veri yükleniyor:  66%|██████▌   | 60569/92284 [06:40<01:30, 352.31sinyal/s]
Veri yükleniyor:  66%|██████▌   | 60605/92284 [06:40<01:29, 353.17sinyal/s]
Veri yükleniyor:  66%|██████▌   | 60642/92284 [06:40<01:28, 355.67sinyal/s]
Veri yükleniyor:  66%|██████▌   | 60679/92284 [06:40<01:28, 359.05sinyal/s]
Veri yükleniyor:  66%|██████▌   | 60716/92284 [06:40<01:28, 358.68sinyal/s]
Veri yükleniyor:  66%|██████▌   | 60753/92284 [06:41<01:27, 359.47sinyal/s]
Veri yükleniyor:  66%|██████▌   | 60790/92284 [06:41<01:27, 360.21sinyal/s]
Veri yükleniyor:  66%|██████▌   | 60827/92284 [06:41<01:28, 355.83sinyal/s]
Veri yükleniyor:  66%|██████▌   | 60864/92284 [06:41<01:27, 358.83sinyal/s]
Veri yükleniyor:  66%|██████▌   | 60900/92284 [06:41<01:28, 355.50sinyal/s]
Veri yükleniyor:  66%|██████▌   | 60937/92284 [06:41<01:27, 358.98sinyal/s]
Veri yükleniyor:  66%|██████▌   | 60973/92284 [06:41<01:27, 356.83sinyal/s]
Veri yükleniyor:  66%|██████▌   | 61009/92284 [06:41<01:28, 354.31sinyal/s]
Veri yükleniyor:  66%|██████▌   | 61045/92284 [06:41<01:34, 331.13sinyal/s]
Veri yükleniyor:  66%|██████▌   | 61079/92284 [06:42<01:42, 303.10sinyal/s]
Veri yükleniyor:  66%|██████▌   | 61110/92284 [06:42<01:46, 293.38sinyal/s]
Veri yükleniyor:  66%|██████▋   | 61140/92284 [06:43<06:52, 75.51sinyal/s] 
Veri yükleniyor:  66%|██████▋   | 61168/92284 [06:43<05:32, 93.52sinyal/s]
Veri yükleniyor:  66%|██████▋   | 61192/92284 [06:43<05:04, 102.01sinyal/s]
Veri yükleniyor:  66%|██████▋   | 61213/92284 [06:43<04:33, 113.56sinyal/s]
Veri yükleniyor:  66%|██████▋   | 61233/92284 [06:43<04:09, 124.67sinyal/s]
Veri yükleniyor:  66%|██████▋   | 61253/92284 [06:43<03:50, 134.36sinyal/s]
Veri yükleniyor:  66%|██████▋   | 61272/92284 [06:44<03:36, 143.27sinyal/s]
Veri yükleniyor:  66%|██████▋   | 61292/92284 [06:44<03:20, 154.36sinyal/s]
Veri yükleniyor:  66%|██████▋   | 61311/92284 [06:44<03:16, 157.29sinyal/s]
Veri yükleniyor:  66%|██████▋   | 61330/92284 [06:44<03:08, 163.93sinyal/s]
Veri yükleniyor:  66%|██████▋   | 61349/92284 [06:44<03:04, 168.02sinyal/s]
Veri yükleniyor:  66%|██████▋   | 61368/92284 [06:44<02:59, 171.96sinyal/s]
Veri yükleniyor:  67%|██████▋   | 61387/92284 [06:44<02:55, 176.17sinyal/s]
Veri yükleniyor:  67%|██████▋   | 61406/92284 [06:44<02:55, 176.37sinyal/s]
Veri yükleniyor:  67%|██████▋   | 61425/92284 [06:44<02:52, 178.72sinyal/s]
Veri yükleniyor:  67%|██████▋   | 61444/92284 [06:45<02:52, 178.60sinyal/s]
Veri yükleniyor:  67%|██████▋   | 61463/92284 [06:45<02:54, 176.48sinyal/s]
Veri yükleniyor:  67%|██████▋   | 61482/92284 [06:45<02:52, 178.89sinyal/s]
Veri yükleniyor:  67%|██████▋   | 61501/92284 [06:45<02:52, 178.40sinyal/s]
Veri yükleniyor:  67%|██████▋   | 61519/92284 [06:45<02:52, 178.50sinyal/s]
Veri yükleniyor:  67%|██████▋   | 61537/92284 [06:45<02:52, 178.24sinyal/s]
Veri yükleniyor:  67%|██████▋   | 61556/92284 [06:45<02:52, 177.89sinyal/s]
Veri yükleniyor:  67%|██████▋   | 61574/92284 [06:45<02:53, 177.31sinyal/s]
Veri yükleniyor:  67%|██████▋   | 61593/92284 [06:45<02:50, 180.07sinyal/s]
Veri yükleniyor:  67%|██████▋   | 61612/92284 [06:45<02:50, 179.75sinyal/s]
Veri yükleniyor:  67%|██████▋   | 61630/92284 [06:46<02:51, 178.88sinyal/s]
Veri yükleniyor:  67%|██████▋   | 61648/92284 [06:46<02:51, 178.20sinyal/s]
Veri yükleniyor:  67%|██████▋   | 61666/92284 [06:46<02:57, 172.30sinyal/s]
Veri yükleniyor:  67%|██████▋   | 61684/92284 [06:47<11:34, 44.07sinyal/s] 
Veri yükleniyor:  67%|██████▋   | 61702/92284 [06:47<08:58, 56.75sinyal/s]
Veri yükleniyor:  67%|██████▋   | 61721/92284 [06:47<07:03, 72.20sinyal/s]
Veri yükleniyor:  67%|██████▋   | 61739/92284 [06:47<05:48, 87.60sinyal/s]
Veri yükleniyor:  67%|██████▋   | 61758/92284 [06:47<04:50, 104.97sinyal/s]
Veri yükleniyor:  67%|██████▋   | 61776/92284 [06:47<04:15, 119.18sinyal/s]
Veri yükleniyor:  67%|██████▋   | 61794/92284 [06:48<03:51, 131.60sinyal/s]
Veri yükleniyor:  67%|██████▋   | 61813/92284 [06:48<03:30, 144.68sinyal/s]
Veri yükleniyor:  67%|██████▋   | 61832/92284 [06:48<03:15, 155.72sinyal/s]
Veri yükleniyor:  67%|██████▋   | 61851/92284 [06:48<03:09, 160.80sinyal/s]
Veri yükleniyor:  67%|██████▋   | 61869/92284 [06:48<03:11, 158.83sinyal/s]
Veri yükleniyor:  67%|██████▋   | 61887/92284 [06:48<03:07, 162.17sinyal/s]
Veri yükleniyor:  67%|██████▋   | 61905/92284 [06:48<03:02, 166.12sinyal/s]
Veri yükleniyor:  67%|██████▋   | 61923/92284 [06:48<03:00, 168.50sinyal/s]
Veri yükleniyor:  67%|██████▋   | 61941/92284 [06:48<02:58, 169.57sinyal/s]
Veri yükleniyor:  67%|██████▋   | 61959/92284 [06:48<02:56, 172.23sinyal/s]
Veri yükleniyor:  67%|██████▋   | 61977/92284 [06:49<02:54, 173.88sinyal/s]
Veri yükleniyor:  67%|██████▋   | 61996/92284 [06:49<02:51, 177.07sinyal/s]
Veri yükleniyor:  67%|██████▋   | 62014/92284 [06:49<02:52, 175.55sinyal/s]
Veri yükleniyor:  67%|██████▋   | 62033/92284 [06:49<02:49, 178.10sinyal/s]
Veri yükleniyor:  67%|██████▋   | 62051/92284 [06:49<02:51, 176.02sinyal/s]
Veri yükleniyor:  67%|██████▋   | 62070/92284 [06:49<02:49, 177.93sinyal/s]
Veri yükleniyor:  67%|██████▋   | 62088/92284 [06:49<02:49, 177.93sinyal/s]
Veri yükleniyor:  67%|██████▋   | 62107/92284 [06:49<02:48, 179.11sinyal/s]
Veri yükleniyor:  67%|██████▋   | 62126/92284 [06:49<02:47, 179.74sinyal/s]
Veri yükleniyor:  67%|██████▋   | 62144/92284 [06:49<02:48, 179.28sinyal/s]
Veri yükleniyor:  67%|██████▋   | 62162/92284 [06:50<02:48, 179.16sinyal/s]
Veri yükleniyor:  67%|██████▋   | 62180/92284 [06:50<03:04, 162.78sinyal/s]
Veri yükleniyor:  67%|██████▋   | 62197/92284 [06:50<03:03, 163.65sinyal/s]
Veri yükleniyor:  67%|██████▋   | 62215/92284 [06:50<03:00, 166.84sinyal/s]
Veri yükleniyor:  67%|██████▋   | 62233/92284 [06:50<02:58, 168.07sinyal/s]
Veri yükleniyor:  67%|██████▋   | 62252/92284 [06:50<02:54, 172.02sinyal/s]
Veri yükleniyor:  67%|██████▋   | 62271/92284 [06:50<02:51, 175.03sinyal/s]
Veri yükleniyor:  67%|██████▋   | 62289/92284 [06:50<03:04, 162.87sinyal/s]
Veri yükleniyor:  68%|██████▊   | 62307/92284 [06:50<02:59, 166.96sinyal/s]
Veri yükleniyor:  68%|██████▊   | 62325/92284 [06:51<02:55, 170.42sinyal/s]
Veri yükleniyor:  68%|██████▊   | 62344/92284 [06:51<02:50, 175.51sinyal/s]
Veri yükleniyor:  68%|██████▊   | 62362/92284 [06:51<02:51, 174.21sinyal/s]
Veri yükleniyor:  68%|██████▊   | 62381/92284 [06:51<02:50, 175.87sinyal/s]
Veri yükleniyor:  68%|██████▊   | 62399/92284 [06:51<02:51, 174.53sinyal/s]
Veri yükleniyor:  68%|██████▊   | 62418/92284 [06:51<02:48, 177.64sinyal/s]
Veri yükleniyor:  68%|██████▊   | 62436/92284 [06:51<02:49, 175.78sinyal/s]
Veri yükleniyor:  68%|██████▊   | 62454/92284 [06:51<02:48, 176.81sinyal/s]
Veri yükleniyor:  68%|██████▊   | 62472/92284 [06:51<02:48, 177.15sinyal/s]
Veri yükleniyor:  68%|██████▊   | 62491/92284 [06:52<02:46, 178.59sinyal/s]
Veri yükleniyor:  68%|██████▊   | 62509/92284 [06:52<02:47, 177.32sinyal/s]
Veri yükleniyor:  68%|██████▊   | 62527/92284 [06:52<02:48, 176.17sinyal/s]
Veri yükleniyor:  68%|██████▊   | 62546/92284 [06:52<02:46, 178.16sinyal/s]
Veri yükleniyor:  68%|██████▊   | 62565/92284 [06:52<02:45, 179.75sinyal/s]
Veri yükleniyor:  68%|██████▊   | 62583/92284 [06:52<02:45, 179.47sinyal/s]
Veri yükleniyor:  68%|██████▊   | 62602/92284 [06:52<02:43, 181.86sinyal/s]
Veri yükleniyor:  68%|██████▊   | 62621/92284 [06:52<02:45, 179.68sinyal/s]
Veri yükleniyor:  68%|██████▊   | 62640/92284 [06:52<02:42, 182.63sinyal/s]
Veri yükleniyor:  68%|██████▊   | 62659/92284 [06:52<02:44, 180.59sinyal/s]
Veri yükleniyor:  68%|██████▊   | 62678/92284 [06:53<02:45, 179.40sinyal/s]
Veri yükleniyor:  68%|██████▊   | 62697/92284 [06:53<02:44, 179.81sinyal/s]
Veri yükleniyor:  68%|██████▊   | 62715/92284 [06:53<02:47, 176.38sinyal/s]
Veri yükleniyor:  68%|██████▊   | 62734/92284 [06:53<02:45, 178.75sinyal/s]
Veri yükleniyor:  68%|██████▊   | 62752/92284 [06:53<02:46, 177.60sinyal/s]
Veri yükleniyor:  68%|██████▊   | 62770/92284 [06:53<02:45, 177.88sinyal/s]
Veri yükleniyor:  68%|██████▊   | 62789/92284 [06:53<02:43, 179.92sinyal/s]
Veri yükleniyor:  68%|██████▊   | 62807/92284 [06:53<02:46, 177.31sinyal/s]
Veri yükleniyor:  68%|██████▊   | 62825/92284 [06:53<02:48, 175.24sinyal/s]
Veri yükleniyor:  68%|██████▊   | 62844/92284 [06:53<02:46, 177.21sinyal/s]
Veri yükleniyor:  68%|██████▊   | 62862/92284 [06:54<02:46, 177.21sinyal/s]
Veri yükleniyor:  68%|██████▊   | 62880/92284 [06:54<02:48, 174.77sinyal/s]
Veri yükleniyor:  68%|██████▊   | 62898/92284 [06:54<02:49, 173.57sinyal/s]
Veri yükleniyor:  68%|██████▊   | 62916/92284 [06:54<02:48, 174.18sinyal/s]
Veri yükleniyor:  68%|██████▊   | 62934/92284 [06:54<02:48, 174.50sinyal/s]
Veri yükleniyor:  68%|██████▊   | 62953/92284 [06:54<02:44, 177.89sinyal/s]
Veri yükleniyor:  68%|██████▊   | 62972/92284 [06:54<02:43, 178.95sinyal/s]
Veri yükleniyor:  68%|██████▊   | 62991/92284 [06:54<02:43, 179.54sinyal/s]
Veri yükleniyor:  68%|██████▊   | 63009/92284 [06:54<02:42, 179.61sinyal/s]
Veri yükleniyor:  68%|██████▊   | 63027/92284 [06:55<02:44, 177.81sinyal/s]
Veri yükleniyor:  68%|██████▊   | 63045/92284 [06:55<02:45, 177.18sinyal/s]
Veri yükleniyor:  68%|██████▊   | 63063/92284 [06:55<02:44, 177.53sinyal/s]
Veri yükleniyor:  68%|██████▊   | 63081/92284 [06:55<02:45, 176.94sinyal/s]
Veri yükleniyor:  68%|██████▊   | 63099/92284 [06:55<02:45, 176.69sinyal/s]
Veri yükleniyor:  68%|██████▊   | 63117/92284 [06:55<02:45, 176.25sinyal/s]
Veri yükleniyor:  68%|██████▊   | 63136/92284 [06:55<02:43, 178.01sinyal/s]
Veri yükleniyor:  68%|██████▊   | 63154/92284 [06:55<02:46, 175.37sinyal/s]
Veri yükleniyor:  68%|██████▊   | 63173/92284 [06:55<02:44, 177.33sinyal/s]
Veri yükleniyor:  68%|██████▊   | 63191/92284 [06:55<02:44, 176.94sinyal/s]
Veri yükleniyor:  68%|██████▊   | 63209/92284 [06:56<02:44, 176.79sinyal/s]
Veri yükleniyor:  69%|██████▊   | 63228/92284 [06:56<02:42, 178.98sinyal/s]
Veri yükleniyor:  69%|██████▊   | 63246/92284 [06:56<02:43, 177.55sinyal/s]
Veri yükleniyor:  69%|██████▊   | 63264/92284 [06:56<02:44, 176.16sinyal/s]
Veri yükleniyor:  69%|██████▊   | 63282/92284 [06:56<02:43, 177.10sinyal/s]
Veri yükleniyor:  69%|██████▊   | 63300/92284 [06:56<02:43, 176.79sinyal/s]
Veri yükleniyor:  69%|██████▊   | 63318/92284 [06:56<02:44, 176.35sinyal/s]
Veri yükleniyor:  69%|██████▊   | 63337/92284 [06:56<02:42, 178.11sinyal/s]
Veri yükleniyor:  69%|██████▊   | 63355/92284 [06:56<02:43, 177.44sinyal/s]
Veri yükleniyor:  69%|██████▊   | 63374/92284 [06:56<02:40, 179.81sinyal/s]
Veri yükleniyor:  69%|██████▊   | 63393/92284 [06:57<02:39, 181.19sinyal/s]
Veri yükleniyor:  69%|██████▊   | 63412/92284 [06:57<03:10, 151.87sinyal/s]
Veri yükleniyor:  69%|██████▊   | 63429/92284 [06:57<03:05, 155.36sinyal/s]
Veri yükleniyor:  69%|██████▉   | 63447/92284 [06:57<02:58, 161.23sinyal/s]
Veri yükleniyor:  69%|██████▉   | 63465/92284 [06:57<02:55, 164.59sinyal/s]
Veri yükleniyor:  69%|██████▉   | 63484/92284 [06:57<02:49, 169.99sinyal/s]
Veri yükleniyor:  69%|██████▉   | 63502/92284 [06:57<02:48, 170.34sinyal/s]
Veri yükleniyor:  69%|██████▉   | 63521/92284 [06:57<02:45, 173.97sinyal/s]
Veri yükleniyor:  69%|██████▉   | 63540/92284 [06:57<02:42, 176.40sinyal/s]
Veri yükleniyor:  69%|██████▉   | 63558/92284 [06:58<02:43, 175.70sinyal/s]
Veri yükleniyor:  69%|██████▉   | 63576/92284 [06:58<02:42, 176.55sinyal/s]
Veri yükleniyor:  69%|██████▉   | 63594/92284 [06:58<02:45, 173.59sinyal/s]
Veri yükleniyor:  69%|██████▉   | 63612/92284 [06:58<02:46, 172.47sinyal/s]
Veri yükleniyor:  69%|██████▉   | 63630/92284 [06:58<02:48, 170.16sinyal/s]
Veri yükleniyor:  69%|██████▉   | 63649/92284 [06:58<02:45, 173.31sinyal/s]
Veri yükleniyor:  69%|██████▉   | 63668/92284 [06:58<02:42, 176.20sinyal/s]
Veri yükleniyor:  69%|██████▉   | 63686/92284 [06:58<02:46, 171.37sinyal/s]
Veri yükleniyor:  69%|██████▉   | 63704/92284 [06:58<02:44, 173.77sinyal/s]
Veri yükleniyor:  69%|██████▉   | 63722/92284 [06:59<02:43, 174.62sinyal/s]
Veri yükleniyor:  69%|██████▉   | 63741/92284 [06:59<02:40, 177.36sinyal/s]
Veri yükleniyor:  69%|██████▉   | 63759/92284 [06:59<02:43, 174.99sinyal/s]
Veri yükleniyor:  69%|██████▉   | 63777/92284 [06:59<03:00, 158.18sinyal/s]
Veri yükleniyor:  69%|██████▉   | 63794/92284 [06:59<02:56, 161.11sinyal/s]
Veri yükleniyor:  69%|██████▉   | 63813/92284 [06:59<02:50, 166.87sinyal/s]
Veri yükleniyor:  69%|██████▉   | 63831/92284 [06:59<02:47, 169.67sinyal/s]
Veri yükleniyor:  69%|██████▉   | 63849/92284 [06:59<02:48, 168.54sinyal/s]
Veri yükleniyor:  69%|██████▉   | 63867/92284 [06:59<02:47, 169.78sinyal/s]
Veri yükleniyor:  69%|██████▉   | 63885/92284 [07:00<02:45, 171.54sinyal/s]
Veri yükleniyor:  69%|██████▉   | 63903/92284 [07:00<02:44, 172.60sinyal/s]
Veri yükleniyor:  69%|██████▉   | 63922/92284 [07:00<02:40, 176.76sinyal/s]
Veri yükleniyor:  69%|██████▉   | 63940/92284 [07:00<02:40, 176.23sinyal/s]
Veri yükleniyor:  69%|██████▉   | 63959/92284 [07:00<02:38, 178.75sinyal/s]
Veri yükleniyor:  69%|██████▉   | 63977/92284 [07:00<02:38, 178.63sinyal/s]
Veri yükleniyor:  69%|██████▉   | 63995/92284 [07:00<02:38, 178.09sinyal/s]
Veri yükleniyor:  69%|██████▉   | 64014/92284 [07:00<02:37, 179.11sinyal/s]
Veri yükleniyor:  69%|██████▉   | 64032/92284 [07:00<02:38, 178.53sinyal/s]
Veri yükleniyor:  69%|██████▉   | 64050/92284 [07:00<02:38, 178.42sinyal/s]
Veri yükleniyor:  69%|██████▉   | 64068/92284 [07:01<02:37, 178.60sinyal/s]
Veri yükleniyor:  69%|██████▉   | 64086/92284 [07:01<02:40, 175.50sinyal/s]
Veri yükleniyor:  69%|██████▉   | 64105/92284 [07:01<02:38, 177.67sinyal/s]
Veri yükleniyor:  69%|██████▉   | 64123/92284 [07:01<02:40, 175.79sinyal/s]
Veri yükleniyor:  70%|██████▉   | 64141/92284 [07:01<02:41, 174.55sinyal/s]
Veri yükleniyor:  70%|██████▉   | 64159/92284 [07:01<02:41, 174.35sinyal/s]
Veri yükleniyor:  70%|██████▉   | 64177/92284 [07:01<02:40, 174.91sinyal/s]
Veri yükleniyor:  70%|██████▉   | 64195/92284 [07:01<02:40, 175.49sinyal/s]
Veri yükleniyor:  70%|██████▉   | 64213/92284 [07:01<02:41, 174.24sinyal/s]
Veri yükleniyor:  70%|██████▉   | 64231/92284 [07:01<02:39, 175.58sinyal/s]
Veri yükleniyor:  70%|██████▉   | 64249/92284 [07:02<02:38, 176.33sinyal/s]
Veri yükleniyor:  70%|██████▉   | 64268/92284 [07:02<02:37, 178.29sinyal/s]
Veri yükleniyor:  70%|██████▉   | 64286/92284 [07:02<02:42, 172.28sinyal/s]
Veri yükleniyor:  70%|██████▉   | 64305/92284 [07:02<02:39, 175.76sinyal/s]
Veri yükleniyor:  70%|██████▉   | 64323/92284 [07:02<02:41, 173.55sinyal/s]
Veri yükleniyor:  70%|██████▉   | 64341/92284 [07:02<02:40, 173.86sinyal/s]
Veri yükleniyor:  70%|██████▉   | 64360/92284 [07:02<02:37, 176.92sinyal/s]
Veri yükleniyor:  70%|██████▉   | 64378/92284 [07:02<02:37, 177.13sinyal/s]
Veri yükleniyor:  70%|██████▉   | 64397/92284 [07:02<02:36, 178.58sinyal/s]
Veri yükleniyor:  70%|██████▉   | 64415/92284 [07:02<02:35, 178.67sinyal/s]
Veri yükleniyor:  70%|██████▉   | 64433/92284 [07:03<02:47, 166.31sinyal/s]
Veri yükleniyor:  70%|██████▉   | 64450/92284 [07:03<02:56, 157.98sinyal/s]
Veri yükleniyor:  70%|██████▉   | 64466/92284 [07:03<06:57, 66.69sinyal/s] 
Veri yükleniyor:  70%|██████▉   | 64485/92284 [07:03<05:31, 83.83sinyal/s]
Veri yükleniyor:  70%|██████▉   | 64504/92284 [07:04<04:35, 100.81sinyal/s]
Veri yükleniyor:  70%|██████▉   | 64522/92284 [07:04<04:00, 115.40sinyal/s]
Veri yükleniyor:  70%|██████▉   | 64540/92284 [07:04<03:35, 128.79sinyal/s]
Veri yükleniyor:  70%|██████▉   | 64558/92284 [07:04<03:18, 139.84sinyal/s]
Veri yükleniyor:  70%|██████▉   | 64576/92284 [07:04<03:05, 149.35sinyal/s]
Veri yükleniyor:  70%|██████▉   | 64594/92284 [07:04<02:56, 156.64sinyal/s]
Veri yükleniyor:  70%|███████   | 64612/92284 [07:04<02:50, 161.93sinyal/s]
Veri yükleniyor:  70%|███████   | 64630/92284 [07:04<02:45, 166.95sinyal/s]
Veri yükleniyor:  70%|███████   | 64648/92284 [07:04<02:42, 169.98sinyal/s]
Veri yükleniyor:  70%|███████   | 64667/92284 [07:04<02:38, 173.86sinyal/s]
Veri yükleniyor:  70%|███████   | 64685/92284 [07:05<02:37, 174.95sinyal/s]
Veri yükleniyor:  70%|███████   | 64703/92284 [07:05<02:37, 175.54sinyal/s]
Veri yükleniyor:  70%|███████   | 64721/92284 [07:05<02:39, 172.58sinyal/s]
Veri yükleniyor:  70%|███████   | 64739/92284 [07:05<02:39, 172.85sinyal/s]
Veri yükleniyor:  70%|███████   | 64757/92284 [07:05<02:39, 172.15sinyal/s]
Veri yükleniyor:  70%|███████   | 64775/92284 [07:05<02:38, 173.59sinyal/s]
Veri yükleniyor:  70%|███████   | 64794/92284 [07:05<02:35, 176.43sinyal/s]
Veri yükleniyor:  70%|███████   | 64812/92284 [07:05<02:37, 174.57sinyal/s]
Veri yükleniyor:  70%|███████   | 64830/92284 [07:05<02:37, 174.76sinyal/s]
Veri yükleniyor:  70%|███████   | 64848/92284 [07:06<02:36, 175.05sinyal/s]
Veri yükleniyor:  70%|███████   | 64866/92284 [07:06<02:35, 175.80sinyal/s]
Veri yükleniyor:  70%|███████   | 64884/92284 [07:06<02:35, 176.35sinyal/s]
Veri yükleniyor:  70%|███████   | 64902/92284 [07:06<02:36, 174.52sinyal/s]
Veri yükleniyor:  70%|███████   | 64920/92284 [07:06<02:36, 175.10sinyal/s]
Veri yükleniyor:  70%|███████   | 64938/92284 [07:06<02:36, 175.25sinyal/s]
Veri yükleniyor:  70%|███████   | 64956/92284 [07:06<02:35, 175.89sinyal/s]
Veri yükleniyor:  70%|███████   | 64974/92284 [07:06<02:34, 176.67sinyal/s]
Veri yükleniyor:  70%|███████   | 64993/92284 [07:06<02:33, 177.96sinyal/s]
Veri yükleniyor:  70%|███████   | 65011/92284 [07:06<02:33, 177.50sinyal/s]
Veri yükleniyor:  70%|███████   | 65029/92284 [07:07<02:33, 177.58sinyal/s]
Veri yükleniyor:  70%|███████   | 65048/92284 [07:07<02:32, 179.11sinyal/s]
Veri yükleniyor:  71%|███████   | 65066/92284 [07:07<02:32, 178.99sinyal/s]
Veri yükleniyor:  71%|███████   | 65084/92284 [07:07<02:33, 177.13sinyal/s]
Veri yükleniyor:  71%|███████   | 65103/92284 [07:07<02:32, 178.44sinyal/s]
Veri yükleniyor:  71%|███████   | 65121/92284 [07:07<02:33, 176.68sinyal/s]
Veri yükleniyor:  71%|███████   | 65139/92284 [07:07<02:32, 177.42sinyal/s]
Veri yükleniyor:  71%|███████   | 65157/92284 [07:07<02:32, 177.77sinyal/s]
Veri yükleniyor:  71%|███████   | 65175/92284 [07:07<02:36, 173.62sinyal/s]
Veri yükleniyor:  71%|███████   | 65194/92284 [07:07<02:33, 176.12sinyal/s]
Veri yükleniyor:  71%|███████   | 65212/92284 [07:08<02:33, 175.99sinyal/s]
Veri yükleniyor:  71%|███████   | 65230/92284 [07:08<02:33, 176.52sinyal/s]
Veri yükleniyor:  71%|███████   | 65248/92284 [07:08<02:35, 173.62sinyal/s]
Veri yükleniyor:  71%|███████   | 65266/92284 [07:08<02:34, 175.21sinyal/s]
Veri yükleniyor:  71%|███████   | 65284/92284 [07:08<02:47, 161.10sinyal/s]
Veri yükleniyor:  71%|███████   | 65303/92284 [07:08<02:41, 167.07sinyal/s]
Veri yükleniyor:  71%|███████   | 65321/92284 [07:08<02:37, 170.69sinyal/s]
Veri yükleniyor:  71%|███████   | 65339/92284 [07:08<02:38, 170.20sinyal/s]
Veri yükleniyor:  71%|███████   | 65357/92284 [07:08<02:36, 171.93sinyal/s]
Veri yükleniyor:  71%|███████   | 65375/92284 [07:09<02:35, 173.37sinyal/s]
Veri yükleniyor:  71%|███████   | 65393/92284 [07:09<02:34, 173.96sinyal/s]
Veri yükleniyor:  71%|███████   | 65411/92284 [07:09<02:37, 170.81sinyal/s]
Veri yükleniyor:  71%|███████   | 65430/92284 [07:09<02:34, 174.30sinyal/s]
Veri yükleniyor:  71%|███████   | 65448/92284 [07:09<02:33, 174.65sinyal/s]
Veri yükleniyor:  71%|███████   | 65466/92284 [07:09<02:32, 175.40sinyal/s]
Veri yükleniyor:  71%|███████   | 65484/92284 [07:09<02:31, 176.53sinyal/s]
Veri yükleniyor:  71%|███████   | 65502/92284 [07:09<02:31, 176.35sinyal/s]
Veri yükleniyor:  71%|███████   | 65520/92284 [07:09<02:34, 173.68sinyal/s]
Veri yükleniyor:  71%|███████   | 65538/92284 [07:09<02:33, 174.72sinyal/s]
Veri yükleniyor:  71%|███████   | 65556/92284 [07:10<02:33, 174.42sinyal/s]
Veri yükleniyor:  71%|███████   | 65574/92284 [07:10<02:32, 175.14sinyal/s]
Veri yükleniyor:  71%|███████   | 65592/92284 [07:10<02:32, 174.71sinyal/s]
Veri yükleniyor:  71%|███████   | 65610/92284 [07:10<02:32, 175.29sinyal/s]
Veri yükleniyor:  71%|███████   | 65628/92284 [07:10<02:31, 175.69sinyal/s]
Veri yükleniyor:  71%|███████   | 65646/92284 [07:10<02:33, 173.56sinyal/s]
Veri yükleniyor:  71%|███████   | 65664/92284 [07:10<02:32, 174.89sinyal/s]
Veri yükleniyor:  71%|███████   | 65682/92284 [07:10<02:30, 176.22sinyal/s]
Veri yükleniyor:  71%|███████   | 65700/92284 [07:10<02:33, 173.43sinyal/s]
Veri yükleniyor:  71%|███████   | 65718/92284 [07:11<09:53, 44.74sinyal/s] 
Veri yükleniyor:  71%|███████   | 65752/92284 [07:12<06:03, 73.08sinyal/s]
Veri yükleniyor:  71%|███████▏  | 65789/92284 [07:12<04:03, 108.86sinyal/s]
Veri yükleniyor:  71%|███████▏  | 65826/92284 [07:12<02:59, 147.01sinyal/s]
Veri yükleniyor:  71%|███████▏  | 65863/92284 [07:12<02:22, 185.26sinyal/s]
Veri yükleniyor:  71%|███████▏  | 65894/92284 [07:12<02:14, 196.76sinyal/s]
Veri yükleniyor:  71%|███████▏  | 65923/92284 [07:12<02:19, 188.69sinyal/s]
Veri yükleniyor:  71%|███████▏  | 65948/92284 [07:12<02:22, 185.18sinyal/s]
Veri yükleniyor:  71%|███████▏  | 65971/92284 [07:12<02:23, 183.21sinyal/s]
Veri yükleniyor:  72%|███████▏  | 65993/92284 [07:13<02:24, 182.28sinyal/s]
Veri yükleniyor:  72%|███████▏  | 66014/92284 [07:16<19:00, 23.04sinyal/s] 
Veri yükleniyor:  72%|███████▏  | 66029/92284 [07:16<15:41, 27.89sinyal/s]
Veri yükleniyor:  72%|███████▏  | 66064/92284 [07:16<09:44, 44.83sinyal/s]
Veri yükleniyor:  72%|███████▏  | 66101/92284 [07:16<06:27, 67.52sinyal/s]
Veri yükleniyor:  72%|███████▏  | 66138/92284 [07:16<04:35, 94.97sinyal/s]
Veri yükleniyor:  72%|███████▏  | 66176/92284 [07:16<03:24, 127.42sinyal/s]
Veri yükleniyor:  72%|███████▏  | 66211/92284 [07:16<02:44, 158.68sinyal/s]
Veri yükleniyor:  72%|███████▏  | 66248/92284 [07:16<02:14, 193.42sinyal/s]
Veri yükleniyor:  72%|███████▏  | 66283/92284 [07:17<01:56, 222.61sinyal/s]
Veri yükleniyor:  72%|███████▏  | 66320/92284 [07:17<01:42, 252.71sinyal/s]
Veri yükleniyor:  72%|███████▏  | 66355/92284 [07:20<12:51, 33.60sinyal/s] 
Veri yükleniyor:  72%|███████▏  | 66392/92284 [07:20<09:13, 46.76sinyal/s]
Veri yükleniyor:  72%|███████▏  | 66429/92284 [07:20<06:45, 63.82sinyal/s]
Veri yükleniyor:  72%|███████▏  | 66466/92284 [07:20<05:03, 85.19sinyal/s]
Veri yükleniyor:  72%|███████▏  | 66503/92284 [07:20<03:52, 111.08sinyal/s]
Veri yükleniyor:  72%|███████▏  | 66538/92284 [07:20<03:05, 138.53sinyal/s]
Veri yükleniyor:  72%|███████▏  | 66573/92284 [07:24<13:49, 31.00sinyal/s] 
Veri yükleniyor:  72%|███████▏  | 66609/92284 [07:24<10:00, 42.76sinyal/s]
Veri yükleniyor:  72%|███████▏  | 66644/92284 [07:24<07:24, 57.66sinyal/s]
Veri yükleniyor:  72%|███████▏  | 66681/92284 [07:24<05:28, 77.89sinyal/s]
Veri yükleniyor:  72%|███████▏  | 66717/92284 [07:24<04:11, 101.78sinyal/s]
Veri yükleniyor:  72%|███████▏  | 66753/92284 [07:24<03:16, 129.67sinyal/s]
Veri yükleniyor:  72%|███████▏  | 66789/92284 [07:24<02:39, 159.92sinyal/s]
Veri yükleniyor:  72%|███████▏  | 66826/92284 [07:24<02:11, 193.25sinyal/s]
Veri yükleniyor:  72%|███████▏  | 66863/92284 [07:24<01:52, 225.24sinyal/s]
Veri yükleniyor:  72%|███████▏  | 66900/92284 [07:25<01:39, 254.62sinyal/s]
Veri yükleniyor:  73%|███████▎  | 66936/92284 [07:28<12:16, 34.43sinyal/s] 
Veri yükleniyor:  73%|███████▎  | 66974/92284 [07:28<08:49, 47.83sinyal/s]
Veri yükleniyor:  73%|███████▎  | 67012/92284 [07:28<06:27, 65.25sinyal/s]
Veri yükleniyor:  73%|███████▎  | 67049/92284 [07:28<04:52, 86.41sinyal/s]
Veri yükleniyor:  73%|███████▎  | 67086/92284 [07:28<03:45, 111.95sinyal/s]
Veri yükleniyor:  73%|███████▎  | 67120/92284 [07:28<03:16, 127.85sinyal/s]
Veri yükleniyor:  73%|███████▎  | 67156/92284 [07:28<02:38, 158.38sinyal/s]
Veri yükleniyor:  73%|███████▎  | 67192/92284 [07:29<02:12, 189.41sinyal/s]
Veri yükleniyor:  73%|███████▎  | 67229/92284 [07:29<01:52, 221.87sinyal/s]
Veri yükleniyor:  73%|███████▎  | 67265/92284 [07:29<01:40, 250.14sinyal/s]
Veri yükleniyor:  73%|███████▎  | 67300/92284 [07:32<12:19, 33.77sinyal/s] 
Veri yükleniyor:  73%|███████▎  | 67336/92284 [07:32<08:57, 46.41sinyal/s]
Veri yükleniyor:  73%|███████▎  | 67373/92284 [07:32<06:33, 63.37sinyal/s]
Veri yükleniyor:  73%|███████▎  | 67411/92284 [07:32<04:51, 85.30sinyal/s]
Veri yükleniyor:  73%|███████▎  | 67448/92284 [07:32<03:44, 110.82sinyal/s]
Veri yükleniyor:  73%|███████▎  | 67485/92284 [07:32<02:56, 140.32sinyal/s]
Veri yükleniyor:  73%|███████▎  | 67521/92284 [07:33<02:24, 171.05sinyal/s]
Veri yükleniyor:  73%|███████▎  | 67558/92284 [07:33<02:01, 203.69sinyal/s]
Veri yükleniyor:  73%|███████▎  | 67595/92284 [07:33<01:45, 234.41sinyal/s]
Veri yükleniyor:  73%|███████▎  | 67633/92284 [07:33<01:33, 264.28sinyal/s]
Veri yükleniyor:  73%|███████▎  | 67670/92284 [07:33<01:25, 287.22sinyal/s]
Veri yükleniyor:  73%|███████▎  | 67707/92284 [07:36<11:32, 35.51sinyal/s] 
Veri yükleniyor:  73%|███████▎  | 67744/92284 [07:36<08:24, 48.66sinyal/s]
Veri yükleniyor:  73%|███████▎  | 67781/92284 [07:36<06:12, 65.73sinyal/s]
Veri yükleniyor:  73%|███████▎  | 67818/92284 [07:36<04:40, 87.11sinyal/s]
Veri yükleniyor:  74%|███████▎  | 67854/92284 [07:37<03:37, 112.09sinyal/s]
Veri yükleniyor:  74%|███████▎  | 67888/92284 [07:37<03:10, 128.05sinyal/s]
Veri yükleniyor:  74%|███████▎  | 67923/92284 [07:37<02:34, 157.23sinyal/s]
Veri yükleniyor:  74%|███████▎  | 67956/92284 [07:37<02:11, 184.49sinyal/s]
Veri yükleniyor:  74%|███████▎  | 67992/92284 [07:37<01:52, 215.94sinyal/s]
Veri yükleniyor:  74%|███████▎  | 68028/92284 [07:37<01:38, 245.20sinyal/s]
Veri yükleniyor:  74%|███████▍  | 68062/92284 [07:37<01:31, 266.12sinyal/s]
Veri yükleniyor:  74%|███████▍  | 68098/92284 [07:37<01:23, 288.13sinyal/s]
Veri yükleniyor:  74%|███████▍  | 68135/92284 [07:37<01:18, 307.51sinyal/s]
Veri yükleniyor:  74%|███████▍  | 68171/92284 [07:37<01:15, 320.67sinyal/s]
Veri yükleniyor:  74%|███████▍  | 68208/92284 [07:38<01:12, 333.37sinyal/s]
Veri yükleniyor:  74%|███████▍  | 68244/92284 [07:38<01:10, 340.45sinyal/s]
Veri yükleniyor:  74%|███████▍  | 68280/92284 [07:38<01:11, 336.39sinyal/s]
Veri yükleniyor:  74%|███████▍  | 68316/92284 [07:38<01:09, 342.61sinyal/s]
Veri yükleniyor:  74%|███████▍  | 68352/92284 [07:38<01:08, 347.20sinyal/s]
Veri yükleniyor:  74%|███████▍  | 68389/92284 [07:38<01:08, 350.87sinyal/s]
Veri yükleniyor:  74%|███████▍  | 68426/92284 [07:38<01:07, 354.16sinyal/s]
Veri yükleniyor:  74%|███████▍  | 68462/92284 [07:38<01:08, 348.77sinyal/s]
Veri yükleniyor:  74%|███████▍  | 68498/92284 [07:38<01:07, 351.95sinyal/s]
Veri yükleniyor:  74%|███████▍  | 68534/92284 [07:39<01:07, 353.74sinyal/s]
Veri yükleniyor:  74%|███████▍  | 68570/92284 [07:39<01:07, 352.80sinyal/s]
Veri yükleniyor:  74%|███████▍  | 68606/92284 [07:40<06:09, 64.11sinyal/s] 
Veri yükleniyor:  74%|███████▍  | 68643/92284 [07:40<04:36, 85.62sinyal/s]
Veri yükleniyor:  74%|███████▍  | 68680/92284 [07:40<03:31, 111.55sinyal/s]
Veri yükleniyor:  74%|███████▍  | 68717/92284 [07:41<02:47, 141.11sinyal/s]
Veri yükleniyor:  75%|███████▍  | 68755/92284 [07:41<02:15, 174.24sinyal/s]
Veri yükleniyor:  75%|███████▍  | 68789/92284 [07:41<01:57, 200.05sinyal/s]
Veri yükleniyor:  75%|███████▍  | 68826/92284 [07:41<01:40, 232.28sinyal/s]
Veri yükleniyor:  75%|███████▍  | 68862/92284 [07:41<01:30, 259.15sinyal/s]
Veri yükleniyor:  75%|███████▍  | 68898/92284 [07:41<01:22, 282.24sinyal/s]
Veri yükleniyor:  75%|███████▍  | 68934/92284 [07:41<01:19, 292.01sinyal/s]
Veri yükleniyor:  75%|███████▍  | 68969/92284 [07:41<01:16, 304.96sinyal/s]
Veri yükleniyor:  75%|███████▍  | 69004/92284 [07:41<01:13, 315.86sinyal/s]
Veri yükleniyor:  75%|███████▍  | 69039/92284 [07:42<01:17, 299.34sinyal/s]
Veri yükleniyor:  75%|███████▍  | 69076/92284 [07:42<01:13, 316.66sinyal/s]
Veri yükleniyor:  75%|███████▍  | 69110/92284 [07:42<01:12, 319.18sinyal/s]
Veri yükleniyor:  75%|███████▍  | 69146/92284 [07:42<01:10, 329.27sinyal/s]
Veri yükleniyor:  75%|███████▍  | 69181/92284 [07:42<01:09, 334.80sinyal/s]
Veri yükleniyor:  75%|███████▌  | 69217/92284 [07:42<01:07, 341.82sinyal/s]
Veri yükleniyor:  75%|███████▌  | 69253/92284 [07:42<01:06, 346.14sinyal/s]
Veri yükleniyor:  75%|███████▌  | 69289/92284 [07:42<01:06, 347.54sinyal/s]
Veri yükleniyor:  75%|███████▌  | 69325/92284 [07:42<01:05, 350.78sinyal/s]
Veri yükleniyor:  75%|███████▌  | 69362/92284 [07:42<01:04, 355.72sinyal/s]
Veri yükleniyor:  75%|███████▌  | 69399/92284 [07:43<01:03, 357.62sinyal/s]
Veri yükleniyor:  75%|███████▌  | 69436/92284 [07:43<01:03, 358.58sinyal/s]
Veri yükleniyor:  75%|███████▌  | 69472/92284 [07:43<01:04, 354.92sinyal/s]
Veri yükleniyor:  75%|███████▌  | 69508/92284 [07:43<01:03, 356.29sinyal/s]
Veri yükleniyor:  75%|███████▌  | 69545/92284 [07:43<01:03, 358.95sinyal/s]
Veri yükleniyor:  75%|███████▌  | 69582/92284 [07:43<01:03, 359.90sinyal/s]
Veri yükleniyor:  75%|███████▌  | 69619/92284 [07:43<01:03, 355.61sinyal/s]
Veri yükleniyor:  75%|███████▌  | 69656/92284 [07:43<01:03, 357.42sinyal/s]
Veri yükleniyor:  76%|███████▌  | 69692/92284 [07:43<01:03, 356.02sinyal/s]
Veri yükleniyor:  76%|███████▌  | 69728/92284 [07:43<01:03, 355.54sinyal/s]
Veri yükleniyor:  76%|███████▌  | 69764/92284 [07:44<01:03, 353.31sinyal/s]
Veri yükleniyor:  76%|███████▌  | 69800/92284 [07:44<01:04, 347.79sinyal/s]
Veri yükleniyor:  76%|███████▌  | 69835/92284 [07:44<02:39, 140.31sinyal/s]
Veri yükleniyor:  76%|███████▌  | 69872/92284 [07:44<02:09, 172.87sinyal/s]
Veri yükleniyor:  76%|███████▌  | 69910/92284 [07:44<01:47, 207.32sinyal/s]
Veri yükleniyor:  76%|███████▌  | 69946/92284 [07:45<01:46, 210.54sinyal/s]
Veri yükleniyor:  76%|███████▌  | 69981/92284 [07:45<01:33, 237.69sinyal/s]
Veri yükleniyor:  76%|███████▌  | 70018/92284 [07:45<01:23, 266.33sinyal/s]
Veri yükleniyor:  76%|███████▌  | 70054/92284 [07:45<01:17, 288.09sinyal/s]
Veri yükleniyor:  76%|███████▌  | 70090/92284 [07:45<01:12, 305.54sinyal/s]
Veri yükleniyor:  76%|███████▌  | 70125/92284 [07:45<01:09, 316.95sinyal/s]
Veri yükleniyor:  76%|███████▌  | 70161/92284 [07:45<01:07, 328.47sinyal/s]
Veri yükleniyor:  76%|███████▌  | 70198/92284 [07:45<01:05, 338.13sinyal/s]
Veri yükleniyor:  76%|███████▌  | 70234/92284 [07:45<01:04, 342.92sinyal/s]
Veri yükleniyor:  76%|███████▌  | 70270/92284 [07:46<01:03, 344.69sinyal/s]
Veri yükleniyor:  76%|███████▌  | 70306/92284 [07:46<01:03, 346.14sinyal/s]
Veri yükleniyor:  76%|███████▌  | 70342/92284 [07:46<01:02, 348.90sinyal/s]
Veri yükleniyor:  76%|███████▋  | 70378/92284 [07:46<01:02, 350.19sinyal/s]
Veri yükleniyor:  76%|███████▋  | 70416/92284 [07:46<01:02, 351.53sinyal/s]
Veri yükleniyor:  76%|███████▋  | 70453/92284 [07:46<01:01, 355.16sinyal/s]
Veri yükleniyor:  76%|███████▋  | 70489/92284 [07:46<01:01, 352.21sinyal/s]
Veri yükleniyor:  76%|███████▋  | 70525/92284 [07:46<01:01, 352.33sinyal/s]
Veri yükleniyor:  76%|███████▋  | 70561/92284 [07:46<01:13, 297.24sinyal/s]
Veri yükleniyor:  76%|███████▋  | 70593/92284 [07:47<01:24, 255.96sinyal/s]
Veri yükleniyor:  77%|███████▋  | 70621/92284 [07:47<01:35, 227.79sinyal/s]
Veri yükleniyor:  77%|███████▋  | 70646/92284 [07:47<01:40, 214.44sinyal/s]
Veri yükleniyor:  77%|███████▋  | 70669/92284 [07:47<01:44, 206.62sinyal/s]
Veri yükleniyor:  77%|███████▋  | 70691/92284 [07:47<01:47, 200.05sinyal/s]
Veri yükleniyor:  77%|███████▋  | 70712/92284 [07:48<06:18, 57.06sinyal/s] 
Veri yükleniyor:  77%|███████▋  | 70727/92284 [07:48<05:33, 64.61sinyal/s]
Veri yükleniyor:  77%|███████▋  | 70742/92284 [07:49<04:51, 73.80sinyal/s]
Veri yükleniyor:  77%|███████▋  | 70759/92284 [07:49<04:08, 86.67sinyal/s]
Veri yükleniyor:  77%|███████▋  | 70778/92284 [07:49<03:29, 102.88sinyal/s]
Veri yükleniyor:  77%|███████▋  | 70796/92284 [07:49<03:03, 117.38sinyal/s]
Veri yükleniyor:  77%|███████▋  | 70815/92284 [07:49<02:43, 131.41sinyal/s]
Veri yükleniyor:  77%|███████▋  | 70833/92284 [07:49<02:31, 141.75sinyal/s]
Veri yükleniyor:  77%|███████▋  | 70852/92284 [07:49<02:20, 152.71sinyal/s]
Veri yükleniyor:  77%|███████▋  | 70871/92284 [07:49<02:12, 161.61sinyal/s]
Veri yükleniyor:  77%|███████▋  | 70890/92284 [07:49<02:07, 167.73sinyal/s]
Veri yükleniyor:  77%|███████▋  | 70909/92284 [07:49<02:03, 173.20sinyal/s]
Veri yükleniyor:  77%|███████▋  | 70928/92284 [07:50<02:02, 174.37sinyal/s]
Veri yükleniyor:  77%|███████▋  | 70947/92284 [07:50<02:14, 158.39sinyal/s]
Veri yükleniyor:  77%|███████▋  | 70964/92284 [07:50<02:12, 160.63sinyal/s]
Veri yükleniyor:  77%|███████▋  | 70983/92284 [07:50<02:07, 166.83sinyal/s]
Veri yükleniyor:  77%|███████▋  | 71001/92284 [07:50<02:05, 169.73sinyal/s]
Veri yükleniyor:  77%|███████▋  | 71019/92284 [07:50<02:04, 171.44sinyal/s]
Veri yükleniyor:  77%|███████▋  | 71037/92284 [07:50<02:02, 173.04sinyal/s]
Veri yükleniyor:  77%|███████▋  | 71055/92284 [07:50<02:11, 161.87sinyal/s]
Veri yükleniyor:  77%|███████▋  | 71074/92284 [07:50<02:06, 167.81sinyal/s]
Veri yükleniyor:  77%|███████▋  | 71092/92284 [07:51<02:04, 170.71sinyal/s]
Veri yükleniyor:  77%|███████▋  | 71110/92284 [07:51<02:02, 172.23sinyal/s]
Veri yükleniyor:  77%|███████▋  | 71128/92284 [07:51<02:01, 174.18sinyal/s]
Veri yükleniyor:  77%|███████▋  | 71146/92284 [07:51<02:00, 175.48sinyal/s]
Veri yükleniyor:  77%|███████▋  | 71165/92284 [07:51<01:59, 177.29sinyal/s]
Veri yükleniyor:  77%|███████▋  | 71183/92284 [07:51<01:59, 176.04sinyal/s]
Veri yükleniyor:  77%|███████▋  | 71202/92284 [07:51<01:58, 178.03sinyal/s]
Veri yükleniyor:  77%|███████▋  | 71221/92284 [07:51<01:57, 179.66sinyal/s]
Veri yükleniyor:  77%|███████▋  | 71239/92284 [07:51<01:57, 178.98sinyal/s]
Veri yükleniyor:  77%|███████▋  | 71257/92284 [07:51<01:58, 177.80sinyal/s]
Veri yükleniyor:  77%|███████▋  | 71275/92284 [07:53<07:47, 44.98sinyal/s] 
Veri yükleniyor:  77%|███████▋  | 71294/92284 [07:53<05:58, 58.62sinyal/s]
Veri yükleniyor:  77%|███████▋  | 71312/92284 [07:53<04:46, 73.08sinyal/s]
Veri yükleniyor:  77%|███████▋  | 71330/92284 [07:53<03:56, 88.63sinyal/s]
Veri yükleniyor:  77%|███████▋  | 71349/92284 [07:53<03:18, 105.33sinyal/s]
Veri yükleniyor:  77%|███████▋  | 71368/92284 [07:53<02:52, 121.32sinyal/s]
Veri yükleniyor:  77%|███████▋  | 71386/92284 [07:53<02:36, 133.46sinyal/s]
Veri yükleniyor:  77%|███████▋  | 71405/92284 [07:53<02:24, 144.97sinyal/s]
Veri yükleniyor:  77%|███████▋  | 71423/92284 [07:53<02:23, 145.22sinyal/s]
Veri yükleniyor:  77%|███████▋  | 71441/92284 [07:54<02:16, 153.21sinyal/s]
Veri yükleniyor:  77%|███████▋  | 71459/92284 [07:54<02:10, 159.88sinyal/s]
Veri yükleniyor:  77%|███████▋  | 71477/92284 [07:54<02:09, 160.96sinyal/s]
Veri yükleniyor:  77%|███████▋  | 71494/92284 [07:54<02:08, 161.20sinyal/s]
Veri yükleniyor:  77%|███████▋  | 71512/92284 [07:54<02:06, 164.79sinyal/s]
Veri yükleniyor:  78%|███████▊  | 71530/92284 [07:54<02:03, 168.27sinyal/s]
Veri yükleniyor:  78%|███████▊  | 71549/92284 [07:54<02:00, 171.73sinyal/s]
Veri yükleniyor:  78%|███████▊  | 71568/92284 [07:54<01:58, 174.89sinyal/s]
Veri yükleniyor:  78%|███████▊  | 71586/92284 [07:54<01:57, 175.90sinyal/s]
Veri yükleniyor:  78%|███████▊  | 71604/92284 [07:54<01:57, 176.34sinyal/s]
Veri yükleniyor:  78%|███████▊  | 71623/92284 [07:55<01:56, 177.88sinyal/s]
Veri yükleniyor:  78%|███████▊  | 71642/92284 [07:55<01:54, 180.44sinyal/s]
Veri yükleniyor:  78%|███████▊  | 71661/92284 [07:55<01:53, 181.17sinyal/s]
Veri yükleniyor:  78%|███████▊  | 71680/92284 [07:55<01:53, 182.00sinyal/s]
Veri yükleniyor:  78%|███████▊  | 71699/92284 [07:55<01:53, 181.03sinyal/s]
Veri yükleniyor:  78%|███████▊  | 71718/92284 [07:55<01:53, 180.61sinyal/s]
Veri yükleniyor:  78%|███████▊  | 71737/92284 [07:55<01:53, 180.43sinyal/s]
Veri yükleniyor:  78%|███████▊  | 71756/92284 [07:55<01:53, 180.20sinyal/s]
Veri yükleniyor:  78%|███████▊  | 71775/92284 [07:55<01:54, 179.80sinyal/s]
Veri yükleniyor:  78%|███████▊  | 71794/92284 [07:56<01:53, 179.74sinyal/s]
Veri yükleniyor:  78%|███████▊  | 71812/92284 [07:56<01:53, 179.60sinyal/s]
Veri yükleniyor:  78%|███████▊  | 71831/92284 [07:56<01:53, 179.48sinyal/s]
Veri yükleniyor:  78%|███████▊  | 71849/92284 [07:56<01:56, 175.02sinyal/s]
Veri yükleniyor:  78%|███████▊  | 71867/92284 [07:56<01:56, 175.61sinyal/s]
Veri yükleniyor:  78%|███████▊  | 71885/92284 [07:56<01:57, 173.77sinyal/s]
Veri yükleniyor:  78%|███████▊  | 71904/92284 [07:56<01:55, 176.31sinyal/s]
Veri yükleniyor:  78%|███████▊  | 71922/92284 [07:56<01:55, 176.83sinyal/s]
Veri yükleniyor:  78%|███████▊  | 71940/92284 [07:56<01:54, 177.55sinyal/s]
Veri yükleniyor:  78%|███████▊  | 71958/92284 [07:56<01:54, 177.83sinyal/s]
Veri yükleniyor:  78%|███████▊  | 71976/92284 [07:57<01:54, 176.96sinyal/s]
Veri yükleniyor:  78%|███████▊  | 71994/92284 [07:57<01:55, 175.24sinyal/s]
Veri yükleniyor:  78%|███████▊  | 72012/92284 [07:57<01:54, 176.32sinyal/s]
Veri yükleniyor:  78%|███████▊  | 72030/92284 [07:57<01:58, 170.30sinyal/s]
Veri yükleniyor:  78%|███████▊  | 72048/92284 [07:57<01:57, 172.87sinyal/s]
Veri yükleniyor:  78%|███████▊  | 72066/92284 [07:57<01:56, 173.13sinyal/s]
Veri yükleniyor:  78%|███████▊  | 72084/92284 [07:57<01:55, 174.46sinyal/s]
Veri yükleniyor:  78%|███████▊  | 72103/92284 [07:57<01:54, 176.81sinyal/s]
Veri yükleniyor:  78%|███████▊  | 72121/92284 [07:57<01:53, 177.17sinyal/s]
Veri yükleniyor:  78%|███████▊  | 72140/92284 [07:57<01:52, 178.55sinyal/s]
Veri yükleniyor:  78%|███████▊  | 72158/92284 [07:58<01:52, 178.52sinyal/s]
Veri yükleniyor:  78%|███████▊  | 72177/92284 [07:58<01:52, 179.45sinyal/s]
Veri yükleniyor:  78%|███████▊  | 72195/92284 [07:58<01:54, 174.95sinyal/s]
Veri yükleniyor:  78%|███████▊  | 72214/92284 [07:58<01:53, 177.05sinyal/s]
Veri yükleniyor:  78%|███████▊  | 72232/92284 [07:58<01:53, 176.63sinyal/s]
Veri yükleniyor:  78%|███████▊  | 72251/92284 [07:58<01:52, 178.61sinyal/s]
Veri yükleniyor:  78%|███████▊  | 72270/92284 [07:58<01:51, 179.24sinyal/s]
Veri yükleniyor:  78%|███████▊  | 72288/92284 [07:58<01:53, 175.79sinyal/s]
Veri yükleniyor:  78%|███████▊  | 72306/92284 [07:58<01:53, 176.09sinyal/s]
Veri yükleniyor:  78%|███████▊  | 72324/92284 [07:59<01:53, 176.12sinyal/s]
Veri yükleniyor:  78%|███████▊  | 72343/92284 [07:59<01:52, 178.03sinyal/s]
Veri yükleniyor:  78%|███████▊  | 72361/92284 [07:59<01:52, 177.14sinyal/s]
Veri yükleniyor:  78%|███████▊  | 72379/92284 [07:59<01:54, 173.43sinyal/s]
Veri yükleniyor:  78%|███████▊  | 72397/92284 [07:59<01:53, 174.68sinyal/s]
Veri yükleniyor:  78%|███████▊  | 72415/92284 [07:59<01:54, 174.17sinyal/s]
Veri yükleniyor:  78%|███████▊  | 72434/92284 [07:59<01:52, 177.06sinyal/s]
Veri yükleniyor:  79%|███████▊  | 72452/92284 [07:59<02:01, 163.07sinyal/s]
Veri yükleniyor:  79%|███████▊  | 72470/92284 [07:59<01:59, 166.39sinyal/s]
Veri yükleniyor:  79%|███████▊  | 72488/92284 [07:59<01:56, 169.78sinyal/s]
Veri yükleniyor:  79%|███████▊  | 72506/92284 [08:00<01:55, 171.76sinyal/s]
Veri yükleniyor:  79%|███████▊  | 72524/92284 [08:00<01:54, 172.50sinyal/s]
Veri yükleniyor:  79%|███████▊  | 72542/92284 [08:00<01:54, 172.74sinyal/s]
Veri yükleniyor:  79%|███████▊  | 72561/92284 [08:00<01:52, 175.79sinyal/s]
Veri yükleniyor:  79%|███████▊  | 72579/92284 [08:00<01:52, 175.38sinyal/s]
Veri yükleniyor:  79%|███████▊  | 72598/92284 [08:00<01:51, 177.24sinyal/s]
Veri yükleniyor:  79%|███████▊  | 72617/92284 [08:00<01:49, 179.78sinyal/s]
Veri yükleniyor:  79%|███████▊  | 72635/92284 [08:00<01:49, 179.49sinyal/s]
Veri yükleniyor:  79%|███████▊  | 72653/92284 [08:00<01:50, 177.55sinyal/s]
Veri yükleniyor:  79%|███████▊  | 72672/92284 [08:01<01:49, 178.76sinyal/s]
Veri yükleniyor:  79%|███████▉  | 72690/92284 [08:01<01:49, 179.11sinyal/s]
Veri yükleniyor:  79%|███████▉  | 72709/92284 [08:01<01:48, 180.19sinyal/s]
Veri yükleniyor:  79%|███████▉  | 72728/92284 [08:01<01:48, 180.13sinyal/s]
Veri yükleniyor:  79%|███████▉  | 72747/92284 [08:01<01:49, 178.63sinyal/s]
Veri yükleniyor:  79%|███████▉  | 72765/92284 [08:01<01:51, 175.78sinyal/s]
Veri yükleniyor:  79%|███████▉  | 72784/92284 [08:01<01:49, 177.32sinyal/s]
Veri yükleniyor:  79%|███████▉  | 72803/92284 [08:01<01:48, 178.75sinyal/s]
Veri yükleniyor:  79%|███████▉  | 72821/92284 [08:01<01:48, 178.72sinyal/s]
Veri yükleniyor:  79%|███████▉  | 72839/92284 [08:01<01:48, 178.60sinyal/s]
Veri yükleniyor:  79%|███████▉  | 72857/92284 [08:02<01:50, 175.04sinyal/s]
Veri yükleniyor:  79%|███████▉  | 72875/92284 [08:02<01:50, 176.19sinyal/s]
Veri yükleniyor:  79%|███████▉  | 72893/92284 [08:02<01:50, 175.08sinyal/s]
Veri yükleniyor:  79%|███████▉  | 72911/92284 [08:02<01:52, 172.88sinyal/s]
Veri yükleniyor:  79%|███████▉  | 72929/92284 [08:02<01:51, 173.74sinyal/s]
Veri yükleniyor:  79%|███████▉  | 72947/92284 [08:02<01:51, 172.84sinyal/s]
Veri yükleniyor:  79%|███████▉  | 72966/92284 [08:02<01:50, 175.34sinyal/s]
Veri yükleniyor:  79%|███████▉  | 72984/92284 [08:02<01:50, 174.46sinyal/s]
Veri yükleniyor:  79%|███████▉  | 73002/92284 [08:02<01:50, 175.05sinyal/s]
Veri yükleniyor:  79%|███████▉  | 73021/92284 [08:02<01:49, 176.36sinyal/s]
Veri yükleniyor:  79%|███████▉  | 73040/92284 [08:03<01:47, 178.45sinyal/s]
Veri yükleniyor:  79%|███████▉  | 73058/92284 [08:03<02:09, 147.96sinyal/s]
Veri yükleniyor:  79%|███████▉  | 73076/92284 [08:03<02:03, 155.83sinyal/s]
Veri yükleniyor:  79%|███████▉  | 73095/92284 [08:03<01:57, 162.97sinyal/s]
Veri yükleniyor:  79%|███████▉  | 73113/92284 [08:03<01:55, 166.56sinyal/s]
Veri yükleniyor:  79%|███████▉  | 73132/92284 [08:03<01:51, 171.64sinyal/s]
Veri yükleniyor:  79%|███████▉  | 73151/92284 [08:03<01:49, 175.18sinyal/s]
Veri yükleniyor:  79%|███████▉  | 73169/92284 [08:03<01:50, 173.68sinyal/s]
Veri yükleniyor:  79%|███████▉  | 73188/92284 [08:03<01:47, 176.99sinyal/s]
Veri yükleniyor:  79%|███████▉  | 73206/92284 [08:04<01:47, 177.28sinyal/s]
Veri yükleniyor:  79%|███████▉  | 73225/92284 [08:04<01:46, 179.48sinyal/s]
Veri yükleniyor:  79%|███████▉  | 73244/92284 [08:04<01:48, 175.71sinyal/s]
Veri yükleniyor:  79%|███████▉  | 73263/92284 [08:04<01:46, 177.85sinyal/s]
Veri yükleniyor:  79%|███████▉  | 73281/92284 [08:04<01:47, 176.51sinyal/s]
Veri yükleniyor:  79%|███████▉  | 73299/92284 [08:04<01:47, 177.18sinyal/s]
Veri yükleniyor:  79%|███████▉  | 73318/92284 [08:04<01:46, 178.06sinyal/s]
Veri yükleniyor:  79%|███████▉  | 73336/92284 [08:04<01:48, 174.97sinyal/s]
Veri yükleniyor:  79%|███████▉  | 73355/92284 [08:04<01:46, 177.54sinyal/s]
Veri yükleniyor:  80%|███████▉  | 73373/92284 [08:05<01:46, 178.04sinyal/s]
Veri yükleniyor:  80%|███████▉  | 73391/92284 [08:05<01:46, 177.75sinyal/s]
Veri yükleniyor:  80%|███████▉  | 73409/92284 [08:05<01:46, 177.10sinyal/s]
Veri yükleniyor:  80%|███████▉  | 73427/92284 [08:05<01:47, 174.66sinyal/s]
Veri yükleniyor:  80%|███████▉  | 73445/92284 [08:05<01:47, 175.11sinyal/s]
Veri yükleniyor:  80%|███████▉  | 73463/92284 [08:05<01:47, 174.97sinyal/s]
Veri yükleniyor:  80%|███████▉  | 73481/92284 [08:05<01:46, 176.25sinyal/s]
Veri yükleniyor:  80%|███████▉  | 73500/92284 [08:05<01:45, 177.43sinyal/s]
Veri yükleniyor:  80%|███████▉  | 73518/92284 [08:05<01:46, 176.61sinyal/s]
Veri yükleniyor:  80%|███████▉  | 73536/92284 [08:05<01:45, 177.19sinyal/s]
Veri yükleniyor:  80%|███████▉  | 73554/92284 [08:06<01:45, 177.78sinyal/s]
Veri yükleniyor:  80%|███████▉  | 73573/92284 [08:06<01:44, 179.15sinyal/s]
Veri yükleniyor:  80%|███████▉  | 73591/92284 [08:06<01:45, 177.31sinyal/s]
Veri yükleniyor:  80%|███████▉  | 73609/92284 [08:06<01:46, 175.24sinyal/s]
Veri yükleniyor:  80%|███████▉  | 73627/92284 [08:06<01:46, 175.35sinyal/s]
Veri yükleniyor:  80%|███████▉  | 73645/92284 [08:06<01:46, 174.62sinyal/s]
Veri yükleniyor:  80%|███████▉  | 73664/92284 [08:06<01:45, 176.37sinyal/s]
Veri yükleniyor:  80%|███████▉  | 73683/92284 [08:06<01:43, 179.01sinyal/s]
Veri yükleniyor:  80%|███████▉  | 73701/92284 [08:06<01:43, 178.85sinyal/s]
Veri yükleniyor:  80%|███████▉  | 73719/92284 [08:06<01:44, 177.12sinyal/s]
Veri yükleniyor:  80%|███████▉  | 73737/92284 [08:07<01:44, 177.64sinyal/s]
Veri yükleniyor:  80%|███████▉  | 73755/92284 [08:07<01:43, 178.23sinyal/s]
Veri yükleniyor:  80%|███████▉  | 73773/92284 [08:07<01:44, 177.54sinyal/s]
Veri yükleniyor:  80%|███████▉  | 73791/92284 [08:07<01:44, 177.81sinyal/s]
Veri yükleniyor:  80%|███████▉  | 73809/92284 [08:07<01:44, 176.08sinyal/s]
Veri yükleniyor:  80%|███████▉  | 73827/92284 [08:07<01:44, 177.04sinyal/s]
Veri yükleniyor:  80%|████████  | 73845/92284 [08:07<01:43, 177.68sinyal/s]
Veri yükleniyor:  80%|████████  | 73863/92284 [08:07<01:44, 176.92sinyal/s]
Veri yükleniyor:  80%|████████  | 73882/92284 [08:07<01:42, 179.55sinyal/s]
Veri yükleniyor:  80%|████████  | 73900/92284 [08:08<01:43, 177.68sinyal/s]
Veri yükleniyor:  80%|████████  | 73918/92284 [08:08<01:44, 176.52sinyal/s]
Veri yükleniyor:  80%|████████  | 73936/92284 [08:08<01:53, 161.00sinyal/s]
Veri yükleniyor:  80%|████████  | 73953/92284 [08:08<01:53, 161.20sinyal/s]
Veri yükleniyor:  80%|████████  | 73971/92284 [08:08<01:50, 166.44sinyal/s]
Veri yükleniyor:  80%|████████  | 73989/92284 [08:08<01:48, 168.27sinyal/s]
Veri yükleniyor:  80%|████████  | 74007/92284 [08:08<01:47, 170.28sinyal/s]
Veri yükleniyor:  80%|████████  | 74025/92284 [08:08<01:53, 161.16sinyal/s]
Veri yükleniyor:  80%|████████  | 74042/92284 [08:09<04:33, 66.70sinyal/s] 
Veri yükleniyor:  80%|████████  | 74060/92284 [08:09<03:41, 82.14sinyal/s]
Veri yükleniyor:  80%|████████  | 74079/92284 [08:09<03:02, 99.49sinyal/s]
Veri yükleniyor:  80%|████████  | 74098/92284 [08:09<02:37, 115.67sinyal/s]
Veri yükleniyor:  80%|████████  | 74116/92284 [08:09<02:20, 128.91sinyal/s]
Veri yükleniyor:  80%|████████  | 74135/92284 [08:09<02:08, 141.36sinyal/s]
Veri yükleniyor:  80%|████████  | 74153/92284 [08:10<02:00, 150.62sinyal/s]
Veri yükleniyor:  80%|████████  | 74171/92284 [08:10<01:54, 158.11sinyal/s]
Veri yükleniyor:  80%|████████  | 74189/92284 [08:10<01:50, 163.19sinyal/s]
Veri yükleniyor:  80%|████████  | 74207/92284 [08:10<01:47, 167.74sinyal/s]
Veri yükleniyor:  80%|████████  | 74225/92284 [08:10<01:46, 169.78sinyal/s]
Veri yükleniyor:  80%|████████  | 74243/92284 [08:10<01:45, 171.25sinyal/s]
Veri yükleniyor:  80%|████████  | 74261/92284 [08:10<01:44, 173.11sinyal/s]
Veri yükleniyor:  80%|████████  | 74279/92284 [08:10<01:42, 175.09sinyal/s]
Veri yükleniyor:  81%|████████  | 74298/92284 [08:10<01:40, 178.26sinyal/s]
Veri yükleniyor:  81%|████████  | 74316/92284 [08:10<01:41, 177.52sinyal/s]
Veri yükleniyor:  81%|████████  | 74334/92284 [08:11<01:41, 177.27sinyal/s]
Veri yükleniyor:  81%|████████  | 74352/92284 [08:11<01:40, 177.77sinyal/s]
Veri yükleniyor:  81%|████████  | 74370/92284 [08:11<01:41, 176.51sinyal/s]
Veri yükleniyor:  81%|████████  | 74388/92284 [08:11<01:41, 176.01sinyal/s]
Veri yükleniyor:  81%|████████  | 74406/92284 [08:11<01:42, 174.63sinyal/s]
Veri yükleniyor:  81%|████████  | 74424/92284 [08:11<01:41, 175.13sinyal/s]
Veri yükleniyor:  81%|████████  | 74442/92284 [08:11<01:41, 175.98sinyal/s]
Veri yükleniyor:  81%|████████  | 74461/92284 [08:11<01:40, 178.02sinyal/s]
Veri yükleniyor:  81%|████████  | 74479/92284 [08:11<01:40, 176.52sinyal/s]
Veri yükleniyor:  81%|████████  | 74498/92284 [08:11<01:39, 178.36sinyal/s]
Veri yükleniyor:  81%|████████  | 74516/92284 [08:12<01:39, 177.72sinyal/s]
Veri yükleniyor:  81%|████████  | 74535/92284 [08:12<01:39, 178.97sinyal/s]
Veri yükleniyor:  81%|████████  | 74554/92284 [08:12<01:38, 179.94sinyal/s]
Veri yükleniyor:  81%|████████  | 74572/92284 [08:12<01:39, 177.43sinyal/s]
Veri yükleniyor:  81%|████████  | 74591/92284 [08:12<01:38, 178.75sinyal/s]
Veri yükleniyor:  81%|████████  | 74610/92284 [08:12<01:38, 179.38sinyal/s]
Veri yükleniyor:  81%|████████  | 74628/92284 [08:12<01:38, 179.17sinyal/s]
Veri yükleniyor:  81%|████████  | 74647/92284 [08:12<01:37, 180.07sinyal/s]
Veri yükleniyor:  81%|████████  | 74666/92284 [08:12<01:38, 179.45sinyal/s]
Veri yükleniyor:  81%|████████  | 74684/92284 [08:13<01:38, 177.91sinyal/s]
Veri yükleniyor:  81%|████████  | 74703/92284 [08:13<01:37, 181.15sinyal/s]
Veri yükleniyor:  81%|████████  | 74738/92284 [08:13<01:16, 228.99sinyal/s]
Veri yükleniyor:  81%|████████  | 74775/92284 [08:13<01:05, 268.68sinyal/s]
Veri yükleniyor:  81%|████████  | 74813/92284 [08:13<00:58, 299.28sinyal/s]
Veri yükleniyor:  81%|████████  | 74848/92284 [08:13<00:55, 313.71sinyal/s]
Veri yükleniyor:  81%|████████  | 74880/92284 [08:13<00:55, 315.11sinyal/s]
Veri yükleniyor:  81%|████████  | 74912/92284 [08:13<01:07, 258.24sinyal/s]
Veri yükleniyor:  81%|████████  | 74940/92284 [08:13<01:15, 229.29sinyal/s]
Veri yükleniyor:  81%|████████  | 74965/92284 [08:14<01:21, 212.35sinyal/s]
Veri yükleniyor:  81%|████████▏ | 74988/92284 [08:14<01:25, 201.99sinyal/s]
Veri yükleniyor:  81%|████████▏ | 75010/92284 [08:14<01:29, 192.61sinyal/s]
Veri yükleniyor:  81%|████████▏ | 75030/92284 [08:14<01:31, 187.59sinyal/s]
Veri yükleniyor:  81%|████████▏ | 75050/92284 [08:14<01:32, 185.84sinyal/s]
Veri yükleniyor:  81%|████████▏ | 75069/92284 [08:14<01:33, 183.15sinyal/s]
Veri yükleniyor:  81%|████████▏ | 75088/92284 [08:14<01:34, 181.68sinyal/s]
Veri yükleniyor:  81%|████████▏ | 75107/92284 [08:14<01:35, 180.67sinyal/s]
Veri yükleniyor:  81%|████████▏ | 75126/92284 [08:15<01:35, 180.09sinyal/s]
Veri yükleniyor:  81%|████████▏ | 75145/92284 [08:15<01:35, 179.52sinyal/s]
Veri yükleniyor:  81%|████████▏ | 75163/92284 [08:15<01:35, 179.55sinyal/s]
Veri yükleniyor:  81%|████████▏ | 75181/92284 [08:15<01:36, 176.53sinyal/s]
Veri yükleniyor:  81%|████████▏ | 75200/92284 [08:15<01:35, 178.89sinyal/s]
Veri yükleniyor:  82%|████████▏ | 75218/92284 [08:15<01:36, 177.34sinyal/s]
Veri yükleniyor:  82%|████████▏ | 75236/92284 [08:15<01:35, 177.72sinyal/s]
Veri yükleniyor:  82%|████████▏ | 75255/92284 [08:15<01:35, 179.20sinyal/s]
Veri yükleniyor:  82%|████████▏ | 75273/92284 [08:15<01:35, 178.48sinyal/s]
Veri yükleniyor:  82%|████████▏ | 75291/92284 [08:15<01:35, 178.36sinyal/s]
Veri yükleniyor:  82%|████████▏ | 75309/92284 [08:16<01:35, 178.22sinyal/s]
Veri yükleniyor:  82%|████████▏ | 75327/92284 [08:16<01:35, 177.41sinyal/s]
Veri yükleniyor:  82%|████████▏ | 75345/92284 [08:16<01:35, 176.70sinyal/s]
Veri yükleniyor:  82%|████████▏ | 75363/92284 [08:16<01:37, 174.37sinyal/s]
Veri yükleniyor:  82%|████████▏ | 75381/92284 [08:17<06:22, 44.20sinyal/s] 
Veri yükleniyor:  82%|████████▏ | 75415/92284 [08:17<03:53, 72.15sinyal/s]
Veri yükleniyor:  82%|████████▏ | 75444/92284 [08:17<02:52, 97.84sinyal/s]
Veri yükleniyor:  82%|████████▏ | 75467/92284 [08:17<02:30, 111.69sinyal/s]
Veri yükleniyor:  82%|████████▏ | 75501/92284 [08:17<01:52, 148.89sinyal/s]
Veri yükleniyor:  82%|████████▏ | 75537/92284 [08:18<01:28, 188.83sinyal/s]
Veri yükleniyor:  82%|████████▏ | 75573/92284 [08:18<01:14, 224.54sinyal/s]
Veri yükleniyor:  82%|████████▏ | 75609/92284 [08:18<01:05, 254.66sinyal/s]
Veri yükleniyor:  82%|████████▏ | 75641/92284 [08:18<01:07, 244.86sinyal/s]
Veri yükleniyor:  82%|████████▏ | 75670/92284 [08:21<09:19, 29.70sinyal/s] 
Veri yükleniyor:  82%|████████▏ | 75707/92284 [08:21<06:26, 42.89sinyal/s]
Veri yükleniyor:  82%|████████▏ | 75743/92284 [08:21<04:37, 59.51sinyal/s]
Veri yükleniyor:  82%|████████▏ | 75781/92284 [08:21<03:21, 81.71sinyal/s]
Veri yükleniyor:  82%|████████▏ | 75818/92284 [08:21<02:33, 107.56sinyal/s]
Veri yükleniyor:  82%|████████▏ | 75855/92284 [08:22<01:59, 137.35sinyal/s]
Veri yükleniyor:  82%|████████▏ | 75892/92284 [08:22<01:36, 169.66sinyal/s]
Veri yükleniyor:  82%|████████▏ | 75929/92284 [08:22<01:20, 202.96sinyal/s]
Veri yükleniyor:  82%|████████▏ | 75965/92284 [08:25<08:02, 33.80sinyal/s] 
Veri yükleniyor:  82%|████████▏ | 76002/92284 [08:25<05:48, 46.66sinyal/s]
Veri yükleniyor:  82%|████████▏ | 76040/92284 [08:25<04:14, 63.85sinyal/s]
Veri yükleniyor:  82%|████████▏ | 76072/92284 [08:25<03:26, 78.38sinyal/s]
Veri yükleniyor:  82%|████████▏ | 76108/92284 [08:25<02:37, 102.68sinyal/s]
Veri yükleniyor:  83%|████████▎ | 76145/92284 [08:26<02:02, 131.83sinyal/s]
Veri yükleniyor:  83%|████████▎ | 76182/92284 [08:26<01:38, 163.85sinyal/s]
Veri yükleniyor:  83%|████████▎ | 76217/92284 [08:26<01:23, 193.49sinyal/s]
Veri yükleniyor:  83%|████████▎ | 76251/92284 [08:26<01:12, 220.43sinyal/s]
Veri yükleniyor:  83%|████████▎ | 76287/92284 [08:26<01:04, 249.41sinyal/s]
Veri yükleniyor:  83%|████████▎ | 76322/92284 [08:29<07:56, 33.48sinyal/s] 
Veri yükleniyor:  83%|████████▎ | 76359/92284 [08:29<05:41, 46.57sinyal/s]
Veri yükleniyor:  83%|████████▎ | 76393/92284 [08:29<04:16, 61.98sinyal/s]
Veri yükleniyor:  83%|████████▎ | 76431/92284 [08:29<03:08, 84.15sinyal/s]
Veri yükleniyor:  83%|████████▎ | 76468/92284 [08:30<02:23, 109.84sinyal/s]
Veri yükleniyor:  83%|████████▎ | 76504/92284 [08:30<01:53, 138.42sinyal/s]
Veri yükleniyor:  83%|████████▎ | 76542/92284 [08:30<01:31, 171.83sinyal/s]
Veri yükleniyor:  83%|████████▎ | 76578/92284 [08:30<01:17, 202.74sinyal/s]
Veri yükleniyor:  83%|████████▎ | 76615/92284 [08:30<01:07, 233.83sinyal/s]
Veri yükleniyor:  83%|████████▎ | 76651/92284 [08:30<01:00, 259.60sinyal/s]
Veri yükleniyor:  83%|████████▎ | 76687/92284 [08:33<07:31, 34.54sinyal/s] 
Veri yükleniyor:  83%|████████▎ | 76724/92284 [08:33<05:26, 47.63sinyal/s]
Veri yükleniyor:  83%|████████▎ | 76762/92284 [08:33<03:58, 65.14sinyal/s]
Veri yükleniyor:  83%|████████▎ | 76796/92284 [08:34<03:11, 80.90sinyal/s]
Veri yükleniyor:  83%|████████▎ | 76833/92284 [08:34<02:25, 106.05sinyal/s]
Veri yükleniyor:  83%|████████▎ | 76870/92284 [08:34<01:54, 135.08sinyal/s]
Veri yükleniyor:  83%|████████▎ | 76905/92284 [08:34<01:33, 163.98sinyal/s]
Veri yükleniyor:  83%|████████▎ | 76942/92284 [08:34<01:17, 196.92sinyal/s]
Veri yükleniyor:  83%|████████▎ | 76980/92284 [08:34<01:06, 230.36sinyal/s]
Veri yükleniyor:  83%|████████▎ | 77016/92284 [08:34<00:59, 257.00sinyal/s]
Veri yükleniyor:  83%|████████▎ | 77052/92284 [08:34<00:54, 279.62sinyal/s]
Veri yükleniyor:  84%|████████▎ | 77088/92284 [08:37<07:16, 34.78sinyal/s] 
Veri yükleniyor:  84%|████████▎ | 77125/92284 [08:38<05:15, 47.99sinyal/s]
Veri yükleniyor:  84%|████████▎ | 77163/92284 [08:38<03:50, 65.62sinyal/s]
Veri yükleniyor:  84%|████████▎ | 77199/92284 [08:38<02:54, 86.40sinyal/s]
Veri yükleniyor:  84%|████████▎ | 77237/92284 [08:38<02:13, 113.10sinyal/s]
Veri yükleniyor:  84%|████████▎ | 77274/92284 [08:38<01:45, 142.57sinyal/s]
Veri yükleniyor:  84%|████████▍ | 77311/92284 [08:38<01:25, 174.37sinyal/s]
Veri yükleniyor:  84%|████████▍ | 77347/92284 [08:38<01:13, 201.89sinyal/s]
Veri yükleniyor:  84%|████████▍ | 77382/92284 [08:38<01:05, 227.17sinyal/s]
Veri yükleniyor:  84%|████████▍ | 77416/92284 [08:41<07:24, 33.41sinyal/s] 
Veri yükleniyor:  84%|████████▍ | 77452/92284 [08:42<05:22, 46.03sinyal/s]
Veri yükleniyor:  84%|████████▍ | 77490/92284 [08:42<03:53, 63.44sinyal/s]
Veri yükleniyor:  84%|████████▍ | 77528/92284 [08:42<02:52, 85.33sinyal/s]
Veri yükleniyor:  84%|████████▍ | 77561/92284 [08:42<02:24, 101.69sinyal/s]
Veri yükleniyor:  84%|████████▍ | 77598/92284 [08:42<01:52, 130.65sinyal/s]
Veri yükleniyor:  84%|████████▍ | 77633/92284 [08:42<01:31, 159.97sinyal/s]
Veri yükleniyor:  84%|████████▍ | 77669/92284 [08:42<01:16, 191.95sinyal/s]
Veri yükleniyor:  84%|████████▍ | 77706/92284 [08:42<01:05, 224.19sinyal/s]
Veri yükleniyor:  84%|████████▍ | 77741/92284 [08:42<00:58, 249.32sinyal/s]
Veri yükleniyor:  84%|████████▍ | 77778/92284 [08:43<00:52, 275.88sinyal/s]
Veri yükleniyor:  84%|████████▍ | 77815/92284 [08:43<00:48, 297.28sinyal/s]
Veri yükleniyor:  84%|████████▍ | 77851/92284 [08:43<00:46, 313.17sinyal/s]
Veri yükleniyor:  84%|████████▍ | 77888/92284 [08:43<00:44, 325.15sinyal/s]
Veri yükleniyor:  84%|████████▍ | 77926/92284 [08:43<00:42, 338.57sinyal/s]
Veri yükleniyor:  84%|████████▍ | 77963/92284 [08:43<00:41, 345.99sinyal/s]
Veri yükleniyor:  85%|████████▍ | 78000/92284 [08:43<00:40, 351.42sinyal/s]
Veri yükleniyor:  85%|████████▍ | 78037/92284 [08:43<00:40, 352.30sinyal/s]
Veri yükleniyor:  85%|████████▍ | 78074/92284 [08:43<00:40, 353.98sinyal/s]
Veri yükleniyor:  85%|████████▍ | 78112/92284 [08:43<00:39, 359.71sinyal/s]
Veri yükleniyor:  85%|████████▍ | 78149/92284 [08:44<00:39, 360.66sinyal/s]
Veri yükleniyor:  85%|████████▍ | 78186/92284 [08:44<00:39, 361.41sinyal/s]
Veri yükleniyor:  85%|████████▍ | 78223/92284 [08:44<00:40, 350.83sinyal/s]
Veri yükleniyor:  85%|████████▍ | 78260/92284 [08:44<00:39, 355.01sinyal/s]
Veri yükleniyor:  85%|████████▍ | 78297/92284 [08:44<00:38, 359.33sinyal/s]
Veri yükleniyor:  85%|████████▍ | 78334/92284 [08:46<03:32, 65.56sinyal/s] 
Veri yükleniyor:  85%|████████▍ | 78371/92284 [08:46<02:39, 87.03sinyal/s]
Veri yükleniyor:  85%|████████▍ | 78409/92284 [08:46<02:02, 113.69sinyal/s]
Veri yükleniyor:  85%|████████▌ | 78446/92284 [08:46<01:36, 143.26sinyal/s]
Veri yükleniyor:  85%|████████▌ | 78483/92284 [08:46<01:18, 175.14sinyal/s]
Veri yükleniyor:  85%|████████▌ | 78521/92284 [08:46<01:05, 208.68sinyal/s]
Veri yükleniyor:  85%|████████▌ | 78558/92284 [08:46<00:57, 239.16sinyal/s]
Veri yükleniyor:  85%|████████▌ | 78595/92284 [08:46<00:51, 266.02sinyal/s]
Veri yükleniyor:  85%|████████▌ | 78633/92284 [08:46<00:46, 291.51sinyal/s]
Veri yükleniyor:  85%|████████▌ | 78671/92284 [08:47<00:43, 311.91sinyal/s]
Veri yükleniyor:  85%|████████▌ | 78708/92284 [08:47<00:42, 322.09sinyal/s]
Veri yükleniyor:  85%|████████▌ | 78745/92284 [08:47<00:40, 332.55sinyal/s]
Veri yükleniyor:  85%|████████▌ | 78782/92284 [08:47<00:39, 340.53sinyal/s]
Veri yükleniyor:  85%|████████▌ | 78820/92284 [08:47<00:38, 349.80sinyal/s]
Veri yükleniyor:  85%|████████▌ | 78857/92284 [08:47<00:38, 352.31sinyal/s]
Veri yükleniyor:  85%|████████▌ | 78894/92284 [08:47<00:38, 346.43sinyal/s]
Veri yükleniyor:  86%|████████▌ | 78931/92284 [08:47<00:38, 351.30sinyal/s]
Veri yükleniyor:  86%|████████▌ | 78967/92284 [08:47<00:37, 353.44sinyal/s]
Veri yükleniyor:  86%|████████▌ | 79004/92284 [08:47<00:37, 355.88sinyal/s]
Veri yükleniyor:  86%|████████▌ | 79040/92284 [08:48<00:37, 357.04sinyal/s]
Veri yükleniyor:  86%|████████▌ | 79077/92284 [08:48<00:36, 360.45sinyal/s]
Veri yükleniyor:  86%|████████▌ | 79114/92284 [08:48<00:36, 361.31sinyal/s]
Veri yükleniyor:  86%|████████▌ | 79151/92284 [08:48<00:36, 362.43sinyal/s]
Veri yükleniyor:  86%|████████▌ | 79188/92284 [08:48<00:36, 363.47sinyal/s]
Veri yükleniyor:  86%|████████▌ | 79225/92284 [08:48<00:35, 363.67sinyal/s]
Veri yükleniyor:  86%|████████▌ | 79262/92284 [08:48<00:36, 361.29sinyal/s]
Veri yükleniyor:  86%|████████▌ | 79299/92284 [08:48<00:35, 362.12sinyal/s]
Veri yükleniyor:  86%|████████▌ | 79336/92284 [08:48<00:35, 363.30sinyal/s]
Veri yükleniyor:  86%|████████▌ | 79374/92284 [08:48<00:35, 366.70sinyal/s]
Veri yükleniyor:  86%|████████▌ | 79411/92284 [08:49<00:35, 360.02sinyal/s]
Veri yükleniyor:  86%|████████▌ | 79448/92284 [08:49<00:35, 357.39sinyal/s]
Veri yükleniyor:  86%|████████▌ | 79485/92284 [08:49<00:35, 358.80sinyal/s]
Veri yükleniyor:  86%|████████▌ | 79522/92284 [08:49<00:35, 359.64sinyal/s]
Veri yükleniyor:  86%|████████▌ | 79558/92284 [08:50<01:27, 144.72sinyal/s]
Veri yükleniyor:  86%|████████▌ | 79589/92284 [08:50<01:15, 168.34sinyal/s]
Veri yükleniyor:  86%|████████▋ | 79625/92284 [08:50<01:03, 199.94sinyal/s]
Veri yükleniyor:  86%|████████▋ | 79660/92284 [08:50<00:55, 229.22sinyal/s]
Veri yükleniyor:  86%|████████▋ | 79692/92284 [08:50<00:57, 219.43sinyal/s]
Veri yükleniyor:  86%|████████▋ | 79729/92284 [08:50<00:49, 251.86sinyal/s]
Veri yükleniyor:  86%|████████▋ | 79766/92284 [08:50<00:44, 279.36sinyal/s]
Veri yükleniyor:  86%|████████▋ | 79799/92284 [08:50<00:43, 285.87sinyal/s]
Veri yükleniyor:  87%|████████▋ | 79835/92284 [08:50<00:41, 302.80sinyal/s]
Veri yükleniyor:  87%|████████▋ | 79873/92284 [08:50<00:38, 321.56sinyal/s]
Veri yükleniyor:  87%|████████▋ | 79910/92284 [08:51<00:37, 333.97sinyal/s]
Veri yükleniyor:  87%|████████▋ | 79945/92284 [08:51<00:37, 329.80sinyal/s]
Veri yükleniyor:  87%|████████▋ | 79980/92284 [08:51<00:45, 268.11sinyal/s]
Veri yükleniyor:  87%|████████▋ | 80010/92284 [08:51<00:52, 235.14sinyal/s]
Veri yükleniyor:  87%|████████▋ | 80036/92284 [08:51<00:55, 220.93sinyal/s]
Veri yükleniyor:  87%|████████▋ | 80060/92284 [08:51<00:57, 212.16sinyal/s]
Veri yükleniyor:  87%|████████▋ | 80083/92284 [08:51<00:59, 205.00sinyal/s]
Veri yükleniyor:  87%|████████▋ | 80105/92284 [08:52<01:01, 198.94sinyal/s]
Veri yükleniyor:  87%|████████▋ | 80126/92284 [08:52<01:02, 195.35sinyal/s]
Veri yükleniyor:  87%|████████▋ | 80146/92284 [08:52<01:03, 192.29sinyal/s]
Veri yükleniyor:  87%|████████▋ | 80166/92284 [08:52<01:03, 190.52sinyal/s]
Veri yükleniyor:  87%|████████▋ | 80186/92284 [08:52<01:04, 186.78sinyal/s]
Veri yükleniyor:  87%|████████▋ | 80205/92284 [08:52<01:05, 185.13sinyal/s]
Veri yükleniyor:  87%|████████▋ | 80224/92284 [08:52<01:06, 182.06sinyal/s]
Veri yükleniyor:  87%|████████▋ | 80243/92284 [08:52<01:06, 182.33sinyal/s]
Veri yükleniyor:  87%|████████▋ | 80262/92284 [08:52<01:06, 181.42sinyal/s]
Veri yükleniyor:  87%|████████▋ | 80281/92284 [08:53<01:06, 181.23sinyal/s]
Veri yükleniyor:  87%|████████▋ | 80300/92284 [08:54<04:16, 46.75sinyal/s] 
Veri yükleniyor:  87%|████████▋ | 80315/92284 [08:54<03:32, 56.32sinyal/s]
Veri yükleniyor:  87%|████████▋ | 80331/92284 [08:54<02:55, 68.20sinyal/s]
Veri yükleniyor:  87%|████████▋ | 80346/92284 [08:54<02:32, 78.24sinyal/s]
Veri yükleniyor:  87%|████████▋ | 80364/92284 [08:54<02:05, 95.10sinyal/s]
Veri yükleniyor:  87%|████████▋ | 80383/92284 [08:54<01:45, 113.09sinyal/s]
Veri yükleniyor:  87%|████████▋ | 80401/92284 [08:54<01:34, 126.32sinyal/s]
Veri yükleniyor:  87%|████████▋ | 80419/92284 [08:54<01:25, 138.24sinyal/s]
Veri yükleniyor:  87%|████████▋ | 80438/92284 [08:55<01:18, 150.02sinyal/s]
Veri yükleniyor:  87%|████████▋ | 80457/92284 [08:55<01:14, 159.54sinyal/s]
Veri yükleniyor:  87%|████████▋ | 80475/92284 [08:55<01:11, 164.40sinyal/s]
Veri yükleniyor:  87%|████████▋ | 80494/92284 [08:55<01:09, 169.57sinyal/s]
Veri yükleniyor:  87%|████████▋ | 80513/92284 [08:55<01:07, 173.39sinyal/s]
Veri yükleniyor:  87%|████████▋ | 80531/92284 [08:55<01:07, 174.69sinyal/s]
Veri yükleniyor:  87%|████████▋ | 80550/92284 [08:55<01:06, 177.50sinyal/s]
Veri yükleniyor:  87%|████████▋ | 80569/92284 [08:55<01:05, 178.23sinyal/s]
Veri yükleniyor:  87%|████████▋ | 80588/92284 [08:55<01:04, 180.80sinyal/s]
Veri yükleniyor:  87%|████████▋ | 80607/92284 [08:55<01:05, 179.47sinyal/s]
Veri yükleniyor:  87%|████████▋ | 80626/92284 [08:56<01:05, 178.82sinyal/s]
Veri yükleniyor:  87%|████████▋ | 80645/92284 [08:56<01:04, 180.56sinyal/s]
Veri yükleniyor:  87%|████████▋ | 80664/92284 [08:56<01:04, 180.45sinyal/s]
Veri yükleniyor:  87%|████████▋ | 80683/92284 [08:56<01:04, 179.72sinyal/s]
Veri yükleniyor:  87%|████████▋ | 80702/92284 [08:56<01:04, 180.48sinyal/s]
Veri yükleniyor:  87%|████████▋ | 80721/92284 [08:56<01:05, 177.50sinyal/s]
Veri yükleniyor:  87%|████████▋ | 80740/92284 [08:56<01:04, 178.94sinyal/s]
Veri yükleniyor:  88%|████████▊ | 80758/92284 [08:56<01:06, 174.41sinyal/s]
Veri yükleniyor:  88%|████████▊ | 80776/92284 [08:56<01:05, 175.40sinyal/s]
Veri yükleniyor:  88%|████████▊ | 80794/92284 [08:56<01:05, 174.66sinyal/s]
Veri yükleniyor:  88%|████████▊ | 80812/92284 [08:57<01:05, 174.24sinyal/s]
Veri yükleniyor:  88%|████████▊ | 80830/92284 [08:58<04:18, 44.29sinyal/s] 
Veri yükleniyor:  88%|████████▊ | 80849/92284 [08:58<03:17, 57.83sinyal/s]
Veri yükleniyor:  88%|████████▊ | 80868/92284 [08:58<02:35, 73.49sinyal/s]
Veri yükleniyor:  88%|████████▊ | 80886/92284 [08:58<02:08, 88.69sinyal/s]
Veri yükleniyor:  88%|████████▊ | 80905/92284 [08:58<01:47, 105.74sinyal/s]
Veri yükleniyor:  88%|████████▊ | 80924/92284 [08:58<01:33, 121.34sinyal/s]
Veri yükleniyor:  88%|████████▊ | 80942/92284 [08:58<01:26, 131.22sinyal/s]
Veri yükleniyor:  88%|████████▊ | 80961/92284 [08:58<01:18, 144.20sinyal/s]
Veri yükleniyor:  88%|████████▊ | 80980/92284 [08:59<01:13, 153.85sinyal/s]
Veri yükleniyor:  88%|████████▊ | 80999/92284 [08:59<01:09, 162.58sinyal/s]
Veri yükleniyor:  88%|████████▊ | 81018/92284 [08:59<01:12, 156.34sinyal/s]
Veri yükleniyor:  88%|████████▊ | 81035/92284 [08:59<01:22, 137.16sinyal/s]
Veri yükleniyor:  88%|████████▊ | 81052/92284 [08:59<01:18, 143.70sinyal/s]
Veri yükleniyor:  88%|████████▊ | 81070/92284 [08:59<01:13, 152.64sinyal/s]
Veri yükleniyor:  88%|████████▊ | 81089/92284 [08:59<01:09, 160.72sinyal/s]
Veri yükleniyor:  88%|████████▊ | 81107/92284 [08:59<01:08, 163.99sinyal/s]
Veri yükleniyor:  88%|████████▊ | 81126/92284 [08:59<01:05, 170.72sinyal/s]
Veri yükleniyor:  88%|████████▊ | 81145/92284 [09:00<01:03, 174.71sinyal/s]
Veri yükleniyor:  88%|████████▊ | 81165/92284 [09:00<01:01, 179.75sinyal/s]
Veri yükleniyor:  88%|████████▊ | 81184/92284 [09:00<01:01, 180.58sinyal/s]
Veri yükleniyor:  88%|████████▊ | 81203/92284 [09:00<01:01, 180.43sinyal/s]
Veri yükleniyor:  88%|████████▊ | 81222/92284 [09:00<01:00, 181.57sinyal/s]
Veri yükleniyor:  88%|████████▊ | 81241/92284 [09:00<01:00, 182.02sinyal/s]
Veri yükleniyor:  88%|████████▊ | 81260/92284 [09:00<01:00, 182.39sinyal/s]
Veri yükleniyor:  88%|████████▊ | 81279/92284 [09:00<01:01, 179.66sinyal/s]
Veri yükleniyor:  88%|████████▊ | 81298/92284 [09:00<01:01, 179.15sinyal/s]
Veri yükleniyor:  88%|████████▊ | 81316/92284 [09:01<01:01, 178.86sinyal/s]
Veri yükleniyor:  88%|████████▊ | 81335/92284 [09:01<01:00, 180.32sinyal/s]
Veri yükleniyor:  88%|████████▊ | 81354/92284 [09:01<01:00, 181.23sinyal/s]
Veri yükleniyor:  88%|████████▊ | 81373/92284 [09:01<01:00, 179.84sinyal/s]
Veri yükleniyor:  88%|████████▊ | 81392/92284 [09:01<01:00, 180.96sinyal/s]
Veri yükleniyor:  88%|████████▊ | 81411/92284 [09:01<01:01, 176.10sinyal/s]
Veri yükleniyor:  88%|████████▊ | 81430/92284 [09:01<01:00, 178.84sinyal/s]
Veri yükleniyor:  88%|████████▊ | 81449/92284 [09:01<01:00, 179.77sinyal/s]
Veri yükleniyor:  88%|████████▊ | 81468/92284 [09:01<01:00, 178.81sinyal/s]
Veri yükleniyor:  88%|████████▊ | 81486/92284 [09:01<01:00, 178.56sinyal/s]
Veri yükleniyor:  88%|████████▊ | 81504/92284 [09:02<01:00, 177.54sinyal/s]
Veri yükleniyor:  88%|████████▊ | 81522/92284 [09:02<01:00, 177.49sinyal/s]
Veri yükleniyor:  88%|████████▊ | 81540/92284 [09:02<01:04, 167.57sinyal/s]
Veri yükleniyor:  88%|████████▊ | 81559/92284 [09:02<01:02, 172.04sinyal/s]
Veri yükleniyor:  88%|████████▊ | 81577/92284 [09:02<01:01, 173.29sinyal/s]
Veri yükleniyor:  88%|████████▊ | 81595/92284 [09:02<01:01, 174.23sinyal/s]
Veri yükleniyor:  88%|████████▊ | 81614/92284 [09:02<01:00, 176.80sinyal/s]
Veri yükleniyor:  88%|████████▊ | 81632/92284 [09:02<01:00, 176.00sinyal/s]
Veri yükleniyor:  88%|████████▊ | 81651/92284 [09:02<00:59, 178.04sinyal/s]
Veri yükleniyor:  88%|████████▊ | 81670/92284 [09:02<00:58, 181.22sinyal/s]
Veri yükleniyor:  89%|████████▊ | 81689/92284 [09:03<00:58, 180.26sinyal/s]
Veri yükleniyor:  89%|████████▊ | 81708/92284 [09:03<00:58, 181.34sinyal/s]
Veri yükleniyor:  89%|████████▊ | 81727/92284 [09:03<00:58, 181.05sinyal/s]
Veri yükleniyor:  89%|████████▊ | 81746/92284 [09:03<00:57, 182.24sinyal/s]
Veri yükleniyor:  89%|████████▊ | 81765/92284 [09:03<00:58, 180.71sinyal/s]
Veri yükleniyor:  89%|████████▊ | 81784/92284 [09:03<00:58, 180.80sinyal/s]
Veri yükleniyor:  89%|████████▊ | 81803/92284 [09:03<00:58, 180.03sinyal/s]
Veri yükleniyor:  89%|████████▊ | 81822/92284 [09:03<00:58, 178.50sinyal/s]
Veri yükleniyor:  89%|████████▊ | 81841/92284 [09:03<00:58, 179.69sinyal/s]
Veri yükleniyor:  89%|████████▊ | 81859/92284 [09:04<00:58, 179.50sinyal/s]
Veri yükleniyor:  89%|████████▊ | 81878/92284 [09:04<00:57, 181.35sinyal/s]
Veri yükleniyor:  89%|████████▊ | 81897/92284 [09:04<00:58, 176.60sinyal/s]
Veri yükleniyor:  89%|████████▉ | 81915/92284 [09:04<00:58, 176.87sinyal/s]
Veri yükleniyor:  89%|████████▉ | 81934/92284 [09:04<00:58, 177.80sinyal/s]
Veri yükleniyor:  89%|████████▉ | 81952/92284 [09:04<00:57, 178.19sinyal/s]
Veri yükleniyor:  89%|████████▉ | 81970/92284 [09:04<00:57, 178.42sinyal/s]
Veri yükleniyor:  89%|████████▉ | 81988/92284 [09:04<00:57, 178.46sinyal/s]
Veri yükleniyor:  89%|████████▉ | 82006/92284 [09:04<00:57, 177.22sinyal/s]
Veri yükleniyor:  89%|████████▉ | 82024/92284 [09:04<00:57, 177.98sinyal/s]
Veri yükleniyor:  89%|████████▉ | 82043/92284 [09:05<00:57, 179.04sinyal/s]
Veri yükleniyor:  89%|████████▉ | 82061/92284 [09:05<00:57, 179.28sinyal/s]
Veri yükleniyor:  89%|████████▉ | 82079/92284 [09:05<00:58, 175.36sinyal/s]
Veri yükleniyor:  89%|████████▉ | 82097/92284 [09:05<00:58, 175.06sinyal/s]
Veri yükleniyor:  89%|████████▉ | 82115/92284 [09:05<00:57, 175.75sinyal/s]
Veri yükleniyor:  89%|████████▉ | 82133/92284 [09:05<00:57, 176.25sinyal/s]
Veri yükleniyor:  89%|████████▉ | 82151/92284 [09:05<00:57, 175.76sinyal/s]
Veri yükleniyor:  89%|████████▉ | 82169/92284 [09:05<01:00, 166.03sinyal/s]
Veri yükleniyor:  89%|████████▉ | 82187/92284 [09:05<00:59, 169.89sinyal/s]
Veri yükleniyor:  89%|████████▉ | 82205/92284 [09:06<00:58, 171.18sinyal/s]
Veri yükleniyor:  89%|████████▉ | 82223/92284 [09:06<00:58, 173.21sinyal/s]
Veri yükleniyor:  89%|████████▉ | 82242/92284 [09:06<00:56, 177.02sinyal/s]
Veri yükleniyor:  89%|████████▉ | 82260/92284 [09:06<00:56, 175.91sinyal/s]
Veri yükleniyor:  89%|████████▉ | 82278/92284 [09:06<00:58, 170.00sinyal/s]
Veri yükleniyor:  89%|████████▉ | 82296/92284 [09:06<01:01, 162.08sinyal/s]
Veri yükleniyor:  89%|████████▉ | 82314/92284 [09:06<00:59, 166.21sinyal/s]
Veri yükleniyor:  89%|████████▉ | 82332/92284 [09:06<00:58, 170.01sinyal/s]
Veri yükleniyor:  89%|████████▉ | 82350/92284 [09:06<00:59, 167.86sinyal/s]
Veri yükleniyor:  89%|████████▉ | 82369/92284 [09:06<00:57, 172.38sinyal/s]
Veri yükleniyor:  89%|████████▉ | 82388/92284 [09:07<00:56, 176.08sinyal/s]
Veri yükleniyor:  89%|████████▉ | 82406/92284 [09:07<00:55, 176.94sinyal/s]
Veri yükleniyor:  89%|████████▉ | 82425/92284 [09:07<00:55, 178.68sinyal/s]
Veri yükleniyor:  89%|████████▉ | 82444/92284 [09:07<00:54, 180.69sinyal/s]
Veri yükleniyor:  89%|████████▉ | 82463/92284 [09:07<00:54, 181.06sinyal/s]
Veri yükleniyor:  89%|████████▉ | 82482/92284 [09:07<00:54, 179.93sinyal/s]
Veri yükleniyor:  89%|████████▉ | 82501/92284 [09:07<00:53, 181.17sinyal/s]
Veri yükleniyor:  89%|████████▉ | 82520/92284 [09:07<00:53, 181.73sinyal/s]
Veri yükleniyor:  89%|████████▉ | 82539/92284 [09:07<00:58, 165.68sinyal/s]
Veri yükleniyor:  89%|████████▉ | 82557/92284 [09:08<00:57, 169.56sinyal/s]
Veri yükleniyor:  89%|████████▉ | 82575/92284 [09:08<00:56, 172.24sinyal/s]
Veri yükleniyor:  89%|████████▉ | 82593/92284 [09:08<00:56, 172.31sinyal/s]
Veri yükleniyor:  90%|████████▉ | 82611/92284 [09:08<00:56, 172.59sinyal/s]
Veri yükleniyor:  90%|████████▉ | 82629/92284 [09:08<00:55, 174.57sinyal/s]
Veri yükleniyor:  90%|████████▉ | 82647/92284 [09:08<00:54, 175.60sinyal/s]
Veri yükleniyor:  90%|████████▉ | 82666/92284 [09:08<00:53, 178.17sinyal/s]
Veri yükleniyor:  90%|████████▉ | 82684/92284 [09:08<00:54, 177.40sinyal/s]
Veri yükleniyor:  90%|████████▉ | 82702/92284 [09:08<00:55, 172.91sinyal/s]
Veri yükleniyor:  90%|████████▉ | 82721/92284 [09:09<01:05, 147.03sinyal/s]
Veri yükleniyor:  90%|████████▉ | 82739/92284 [09:09<01:01, 154.12sinyal/s]
Veri yükleniyor:  90%|████████▉ | 82757/92284 [09:09<00:59, 159.85sinyal/s]
Veri yükleniyor:  90%|████████▉ | 82774/92284 [09:09<00:59, 160.78sinyal/s]
Veri yükleniyor:  90%|████████▉ | 82792/92284 [09:09<00:57, 166.09sinyal/s]
Veri yükleniyor:  90%|████████▉ | 82809/92284 [09:09<00:57, 166.21sinyal/s]
Veri yükleniyor:  90%|████████▉ | 82827/92284 [09:09<00:56, 168.04sinyal/s]
Veri yükleniyor:  90%|████████▉ | 82845/92284 [09:09<00:55, 170.39sinyal/s]
Veri yükleniyor:  90%|████████▉ | 82863/92284 [09:09<00:55, 168.58sinyal/s]
Veri yükleniyor:  90%|████████▉ | 82881/92284 [09:09<00:55, 170.71sinyal/s]
Veri yükleniyor:  90%|████████▉ | 82899/92284 [09:10<00:56, 167.33sinyal/s]
Veri yükleniyor:  90%|████████▉ | 82918/92284 [09:10<00:54, 171.41sinyal/s]
Veri yükleniyor:  90%|████████▉ | 82936/92284 [09:10<00:54, 173.01sinyal/s]
Veri yükleniyor:  90%|████████▉ | 82955/92284 [09:10<00:52, 176.31sinyal/s]
Veri yükleniyor:  90%|████████▉ | 82973/92284 [09:10<00:52, 176.29sinyal/s]
Veri yükleniyor:  90%|████████▉ | 82991/92284 [09:10<00:53, 173.44sinyal/s]
Veri yükleniyor:  90%|████████▉ | 83009/92284 [09:10<00:52, 175.26sinyal/s]
Veri yükleniyor:  90%|████████▉ | 83028/92284 [09:10<00:52, 177.79sinyal/s]
Veri yükleniyor:  90%|████████▉ | 83046/92284 [09:10<00:52, 177.04sinyal/s]
Veri yükleniyor:  90%|█████████ | 83064/92284 [09:11<00:52, 177.23sinyal/s]
Veri yükleniyor:  90%|█████████ | 83082/92284 [09:11<00:51, 177.56sinyal/s]
Veri yükleniyor:  90%|█████████ | 83100/92284 [09:11<00:52, 174.23sinyal/s]
Veri yükleniyor:  90%|█████████ | 83118/92284 [09:11<00:52, 173.37sinyal/s]
Veri yükleniyor:  90%|█████████ | 83137/92284 [09:11<00:51, 175.97sinyal/s]
Veri yükleniyor:  90%|█████████ | 83155/92284 [09:11<00:52, 174.14sinyal/s]
Veri yükleniyor:  90%|█████████ | 83174/92284 [09:11<00:51, 176.46sinyal/s]
Veri yükleniyor:  90%|█████████ | 83192/92284 [09:11<00:51, 175.30sinyal/s]
Veri yükleniyor:  90%|█████████ | 83210/92284 [09:11<00:51, 175.32sinyal/s]
Veri yükleniyor:  90%|█████████ | 83229/92284 [09:11<00:51, 177.42sinyal/s]
Veri yükleniyor:  90%|█████████ | 83248/92284 [09:12<00:50, 178.32sinyal/s]
Veri yükleniyor:  90%|█████████ | 83267/92284 [09:12<00:50, 179.68sinyal/s]
Veri yükleniyor:  90%|█████████ | 83285/92284 [09:12<00:50, 179.41sinyal/s]
Veri yükleniyor:  90%|█████████ | 83304/92284 [09:12<00:49, 180.07sinyal/s]
Veri yükleniyor:  90%|█████████ | 83323/92284 [09:12<00:49, 181.19sinyal/s]
Veri yükleniyor:  90%|█████████ | 83342/92284 [09:12<00:49, 179.34sinyal/s]
Veri yükleniyor:  90%|█████████ | 83361/92284 [09:12<00:49, 181.06sinyal/s]
Veri yükleniyor:  90%|█████████ | 83380/92284 [09:12<00:49, 180.92sinyal/s]
Veri yükleniyor:  90%|█████████ | 83399/92284 [09:12<00:50, 176.75sinyal/s]
Veri yükleniyor:  90%|█████████ | 83418/92284 [09:13<00:49, 178.13sinyal/s]
Veri yükleniyor:  90%|█████████ | 83436/92284 [09:13<00:49, 177.88sinyal/s]
Veri yükleniyor:  90%|█████████ | 83454/92284 [09:13<00:49, 178.30sinyal/s]
Veri yükleniyor:  90%|█████████ | 83472/92284 [09:13<00:49, 178.70sinyal/s]
Veri yükleniyor:  90%|█████████ | 83490/92284 [09:13<00:49, 178.64sinyal/s]
Veri yükleniyor:  90%|█████████ | 83508/92284 [09:13<00:49, 176.39sinyal/s]
Veri yükleniyor:  91%|█████████ | 83527/92284 [09:13<00:48, 178.97sinyal/s]
Veri yükleniyor:  91%|█████████ | 83545/92284 [09:13<00:49, 178.33sinyal/s]
Veri yükleniyor:  91%|█████████ | 83563/92284 [09:13<00:49, 175.28sinyal/s]
Veri yükleniyor:  91%|█████████ | 83581/92284 [09:13<00:53, 162.56sinyal/s]
Veri yükleniyor:  91%|█████████ | 83599/92284 [09:14<00:52, 165.42sinyal/s]
Veri yükleniyor:  91%|█████████ | 83616/92284 [09:14<02:01, 71.30sinyal/s] 
Veri yükleniyor:  91%|█████████ | 83653/92284 [09:14<01:15, 114.74sinyal/s]
Veri yükleniyor:  91%|█████████ | 83689/92284 [09:14<00:54, 156.64sinyal/s]
Veri yükleniyor:  91%|█████████ | 83725/92284 [09:14<00:43, 195.77sinyal/s]
Veri yükleniyor:  91%|█████████ | 83760/92284 [09:15<00:37, 229.13sinyal/s]
Veri yükleniyor:  91%|█████████ | 83790/92284 [09:15<00:37, 226.86sinyal/s]
Veri yükleniyor:  91%|█████████ | 83818/92284 [09:15<00:39, 213.13sinyal/s]
Veri yükleniyor:  91%|█████████ | 83843/92284 [09:15<00:41, 203.57sinyal/s]
Veri yükleniyor:  91%|█████████ | 83866/92284 [09:15<00:42, 198.11sinyal/s]
Veri yükleniyor:  91%|█████████ | 83888/92284 [09:15<00:43, 193.38sinyal/s]
Veri yükleniyor:  91%|█████████ | 83909/92284 [09:15<00:43, 191.45sinyal/s]
Veri yükleniyor:  91%|█████████ | 83929/92284 [09:15<00:44, 188.89sinyal/s]
Veri yükleniyor:  91%|█████████ | 83949/92284 [09:16<00:44, 185.26sinyal/s]
Veri yükleniyor:  91%|█████████ | 83968/92284 [09:16<00:45, 184.08sinyal/s]
Veri yükleniyor:  91%|█████████ | 83987/92284 [09:16<00:45, 183.25sinyal/s]
Veri yükleniyor:  91%|█████████ | 84006/92284 [09:16<00:45, 182.64sinyal/s]
Veri yükleniyor:  91%|█████████ | 84025/92284 [09:16<00:49, 166.71sinyal/s]
Veri yükleniyor:  91%|█████████ | 84043/92284 [09:16<00:48, 169.17sinyal/s]
Veri yükleniyor:  91%|█████████ | 84061/92284 [09:16<00:47, 171.43sinyal/s]
Veri yükleniyor:  91%|█████████ | 84080/92284 [09:16<00:46, 174.78sinyal/s]
Veri yükleniyor:  91%|█████████ | 84098/92284 [09:16<00:47, 171.49sinyal/s]
Veri yükleniyor:  91%|█████████ | 84116/92284 [09:17<00:47, 173.57sinyal/s]
Veri yükleniyor:  91%|█████████ | 84134/92284 [09:17<00:46, 175.38sinyal/s]
Veri yükleniyor:  91%|█████████ | 84152/92284 [09:17<00:46, 175.46sinyal/s]
Veri yükleniyor:  91%|█████████ | 84170/92284 [09:17<00:46, 173.88sinyal/s]
Veri yükleniyor:  91%|█████████ | 84188/92284 [09:17<00:46, 174.66sinyal/s]
Veri yükleniyor:  91%|█████████ | 84206/92284 [09:17<00:46, 174.78sinyal/s]
Veri yükleniyor:  91%|█████████▏| 84224/92284 [09:17<00:45, 175.42sinyal/s]
Veri yükleniyor:  91%|█████████▏| 84243/92284 [09:17<00:45, 177.54sinyal/s]
Veri yükleniyor:  91%|█████████▏| 84262/92284 [09:17<00:44, 179.00sinyal/s]
Veri yükleniyor:  91%|█████████▏| 84280/92284 [09:17<00:44, 178.87sinyal/s]
Veri yükleniyor:  91%|█████████▏| 84298/92284 [09:18<00:44, 178.73sinyal/s]
Veri yükleniyor:  91%|█████████▏| 84317/92284 [09:18<00:44, 179.64sinyal/s]
Veri yükleniyor:  91%|█████████▏| 84335/92284 [09:18<00:44, 178.04sinyal/s]
Veri yükleniyor:  91%|█████████▏| 84354/92284 [09:18<00:44, 179.28sinyal/s]
Veri yükleniyor:  91%|█████████▏| 84373/92284 [09:18<00:43, 180.01sinyal/s]
Veri yükleniyor:  91%|█████████▏| 84391/92284 [09:18<00:43, 179.73sinyal/s]
Veri yükleniyor:  91%|█████████▏| 84414/92284 [09:18<00:40, 193.94sinyal/s]
Veri yükleniyor:  92%|█████████▏| 84450/92284 [09:18<00:32, 241.95sinyal/s]
Veri yükleniyor:  92%|█████████▏| 84485/92284 [09:18<00:28, 271.49sinyal/s]
Veri yükleniyor:  92%|█████████▏| 84522/92284 [09:18<00:25, 298.96sinyal/s]
Veri yükleniyor:  92%|█████████▏| 84559/92284 [09:19<00:24, 318.75sinyal/s]
Veri yükleniyor:  92%|█████████▏| 84596/92284 [09:19<00:23, 333.15sinyal/s]
Veri yükleniyor:  92%|█████████▏| 84633/92284 [09:19<00:22, 341.19sinyal/s]
Veri yükleniyor:  92%|█████████▏| 84668/92284 [09:19<00:27, 279.65sinyal/s]
Veri yükleniyor:  92%|█████████▏| 84698/92284 [09:19<00:31, 241.55sinyal/s]
Veri yükleniyor:  92%|█████████▏| 84725/92284 [09:19<00:34, 222.14sinyal/s]
Veri yükleniyor:  92%|█████████▏| 84749/92284 [09:19<00:35, 210.66sinyal/s]
Veri yükleniyor:  92%|█████████▏| 84772/92284 [09:20<00:37, 201.29sinyal/s]
Veri yükleniyor:  92%|█████████▏| 84793/92284 [09:20<00:44, 169.07sinyal/s]
Veri yükleniyor:  92%|█████████▏| 84811/92284 [09:20<00:44, 167.89sinyal/s]
Veri yükleniyor:  92%|█████████▏| 84829/92284 [09:20<00:43, 170.21sinyal/s]
Veri yükleniyor:  92%|█████████▏| 84847/92284 [09:20<00:43, 172.27sinyal/s]
Veri yükleniyor:  92%|█████████▏| 84865/92284 [09:20<00:42, 173.83sinyal/s]
Veri yükleniyor:  92%|█████████▏| 84884/92284 [09:20<00:41, 177.01sinyal/s]
Veri yükleniyor:  92%|█████████▏| 84903/92284 [09:20<00:41, 178.62sinyal/s]
Veri yükleniyor:  92%|█████████▏| 84922/92284 [09:20<00:41, 177.30sinyal/s]
Veri yükleniyor:  92%|█████████▏| 84940/92284 [09:21<00:41, 176.12sinyal/s]
Veri yükleniyor:  92%|█████████▏| 84959/92284 [09:21<00:41, 177.98sinyal/s]
Veri yükleniyor:  92%|█████████▏| 84978/92284 [09:21<00:40, 178.82sinyal/s]
Veri yükleniyor:  92%|█████████▏| 84996/92284 [09:21<00:40, 178.28sinyal/s]
Veri yükleniyor:  92%|█████████▏| 85014/92284 [09:21<00:40, 177.79sinyal/s]
Veri yükleniyor:  92%|█████████▏| 85032/92284 [09:21<00:42, 172.20sinyal/s]
Veri yükleniyor:  92%|█████████▏| 85050/92284 [09:23<03:43, 32.40sinyal/s] 
Veri yükleniyor:  92%|█████████▏| 85086/92284 [09:23<02:09, 55.57sinyal/s]
Veri yükleniyor:  92%|█████████▏| 85123/92284 [09:23<01:24, 84.36sinyal/s]
Veri yükleniyor:  92%|█████████▏| 85161/92284 [09:23<01:00, 118.30sinyal/s]
Veri yükleniyor:  92%|█████████▏| 85199/92284 [09:23<00:45, 154.94sinyal/s]
Veri yükleniyor:  92%|█████████▏| 85237/92284 [09:23<00:36, 192.10sinyal/s]
Veri yükleniyor:  92%|█████████▏| 85273/92284 [09:23<00:31, 224.39sinyal/s]
Veri yükleniyor:  92%|█████████▏| 85310/92284 [09:23<00:27, 254.71sinyal/s]
Veri yükleniyor:  92%|█████████▏| 85345/92284 [09:27<03:28, 33.29sinyal/s] 
Veri yükleniyor:  93%|█████████▎| 85382/92284 [09:27<02:28, 46.33sinyal/s]
Veri yükleniyor:  93%|█████████▎| 85419/92284 [09:27<01:48, 63.28sinyal/s]
Veri yükleniyor:  93%|█████████▎| 85456/92284 [09:27<01:20, 84.64sinyal/s]
Veri yükleniyor:  93%|█████████▎| 85493/92284 [09:27<01:01, 110.43sinyal/s]
Veri yükleniyor:  93%|█████████▎| 85527/92284 [09:27<00:53, 127.25sinyal/s]
Veri yükleniyor:  93%|█████████▎| 85562/92284 [09:27<00:43, 156.20sinyal/s]
Veri yükleniyor:  93%|█████████▎| 85598/92284 [09:27<00:35, 188.24sinyal/s]
Veri yükleniyor:  93%|█████████▎| 85632/92284 [09:28<00:30, 216.20sinyal/s]
Veri yükleniyor:  93%|█████████▎| 85668/92284 [09:28<00:26, 245.86sinyal/s]
Veri yükleniyor:  93%|█████████▎| 85702/92284 [09:31<03:17, 33.26sinyal/s] 
Veri yükleniyor:  93%|█████████▎| 85739/92284 [09:31<02:21, 46.42sinyal/s]
Veri yükleniyor:  93%|█████████▎| 85770/92284 [09:31<01:48, 60.30sinyal/s]
Veri yükleniyor:  93%|█████████▎| 85807/92284 [09:31<01:18, 81.99sinyal/s]
Veri yükleniyor:  93%|█████████▎| 85844/92284 [09:31<00:59, 108.16sinyal/s]
Veri yükleniyor:  93%|█████████▎| 85882/92284 [09:31<00:45, 139.35sinyal/s]
Veri yükleniyor:  93%|█████████▎| 85920/92284 [09:31<00:36, 172.84sinyal/s]
Veri yükleniyor:  93%|█████████▎| 85957/92284 [09:31<00:30, 205.57sinyal/s]
Veri yükleniyor:  93%|█████████▎| 85994/92284 [09:32<00:26, 237.01sinyal/s]
Veri yükleniyor:  93%|█████████▎| 86030/92284 [09:32<00:23, 263.23sinyal/s]
Veri yükleniyor:  93%|█████████▎| 86066/92284 [09:35<02:59, 34.67sinyal/s] 
Veri yükleniyor:  93%|█████████▎| 86093/92284 [09:35<02:21, 43.87sinyal/s]
Veri yükleniyor:  93%|█████████▎| 86130/92284 [09:35<01:40, 61.12sinyal/s]
Veri yükleniyor:  93%|█████████▎| 86168/92284 [09:35<01:13, 83.41sinyal/s]
Veri yükleniyor:  93%|█████████▎| 86206/92284 [09:35<00:55, 110.28sinyal/s]
Veri yükleniyor:  93%|█████████▎| 86240/92284 [09:35<00:47, 126.60sinyal/s]
Veri yükleniyor:  93%|█████████▎| 86277/92284 [09:36<00:37, 158.36sinyal/s]
Veri yükleniyor:  94%|█████████▎| 86314/92284 [09:36<00:31, 191.23sinyal/s]
Veri yükleniyor:  94%|█████████▎| 86349/92284 [09:36<00:26, 220.19sinyal/s]
Veri yükleniyor:  94%|█████████▎| 86386/92284 [09:36<00:23, 250.90sinyal/s]
Veri yükleniyor:  94%|█████████▎| 86421/92284 [09:36<00:21, 270.28sinyal/s]
Veri yükleniyor:  94%|█████████▎| 86456/92284 [09:39<02:50, 34.10sinyal/s] 
Veri yükleniyor:  94%|█████████▎| 86494/92284 [09:39<02:01, 47.68sinyal/s]
Veri yükleniyor:  94%|█████████▍| 86531/92284 [09:39<01:28, 64.75sinyal/s]
Veri yükleniyor:  94%|█████████▍| 86568/92284 [09:39<01:06, 86.24sinyal/s]
Veri yükleniyor:  94%|█████████▍| 86605/92284 [09:40<00:50, 112.18sinyal/s]
Veri yükleniyor:  94%|█████████▍| 86641/92284 [09:40<00:40, 140.61sinyal/s]
Veri yükleniyor:  94%|█████████▍| 86678/92284 [09:40<00:32, 172.69sinyal/s]
Veri yükleniyor:  94%|█████████▍| 86715/92284 [09:40<00:27, 204.94sinyal/s]
Veri yükleniyor:  94%|█████████▍| 86752/92284 [09:40<00:23, 236.58sinyal/s]
Veri yükleniyor:  94%|█████████▍| 86788/92284 [09:43<02:39, 34.51sinyal/s] 
Veri yükleniyor:  94%|█████████▍| 86825/92284 [09:43<01:54, 47.54sinyal/s]
Veri yükleniyor:  94%|█████████▍| 86862/92284 [09:43<01:24, 64.43sinyal/s]
Veri yükleniyor:  94%|█████████▍| 86899/92284 [09:43<01:02, 85.71sinyal/s]
Veri yükleniyor:  94%|█████████▍| 86937/92284 [09:44<00:47, 112.24sinyal/s]
Veri yükleniyor:  94%|█████████▍| 86972/92284 [09:44<00:41, 129.34sinyal/s]
Veri yükleniyor:  94%|█████████▍| 87007/92284 [09:44<00:33, 158.26sinyal/s]
Veri yükleniyor:  94%|█████████▍| 87042/92284 [09:44<00:27, 187.95sinyal/s]
Veri yükleniyor:  94%|█████████▍| 87079/92284 [09:44<00:23, 220.71sinyal/s]
Veri yükleniyor:  94%|█████████▍| 87115/92284 [09:44<00:20, 249.05sinyal/s]
Veri yükleniyor:  94%|█████████▍| 87152/92284 [09:44<00:18, 275.74sinyal/s]
Veri yükleniyor:  94%|█████████▍| 87187/92284 [09:47<02:06, 40.23sinyal/s] 
Veri yükleniyor:  95%|█████████▍| 87224/92284 [09:47<01:31, 55.30sinyal/s]
Veri yükleniyor:  95%|█████████▍| 87261/92284 [09:47<01:07, 74.60sinyal/s]
Veri yükleniyor:  95%|█████████▍| 87298/92284 [09:47<00:50, 98.25sinyal/s]
Veri yükleniyor:  95%|█████████▍| 87336/92284 [09:47<00:38, 127.11sinyal/s]
Veri yükleniyor:  95%|█████████▍| 87373/92284 [09:47<00:31, 158.20sinyal/s]
Veri yükleniyor:  95%|█████████▍| 87408/92284 [09:47<00:26, 186.47sinyal/s]
Veri yükleniyor:  95%|█████████▍| 87445/92284 [09:48<00:22, 218.71sinyal/s]
Veri yükleniyor:  95%|█████████▍| 87482/92284 [09:48<00:19, 249.22sinyal/s]
Veri yükleniyor:  95%|█████████▍| 87519/92284 [09:48<00:17, 276.11sinyal/s]
Veri yükleniyor:  95%|█████████▍| 87556/92284 [09:48<00:15, 297.93sinyal/s]
Veri yükleniyor:  95%|█████████▍| 87593/92284 [09:48<00:15, 311.83sinyal/s]
Veri yükleniyor:  95%|█████████▍| 87629/92284 [09:48<00:14, 324.25sinyal/s]
Veri yükleniyor:  95%|█████████▍| 87667/92284 [09:48<00:13, 337.37sinyal/s]
Veri yükleniyor:  95%|█████████▌| 87705/92284 [09:48<00:13, 347.58sinyal/s]
Veri yükleniyor:  95%|█████████▌| 87742/92284 [09:48<00:12, 350.02sinyal/s]
Veri yükleniyor:  95%|█████████▌| 87779/92284 [09:48<00:12, 351.37sinyal/s]
Veri yükleniyor:  95%|█████████▌| 87816/92284 [09:49<00:12, 355.39sinyal/s]
Veri yükleniyor:  95%|█████████▌| 87853/92284 [09:49<00:12, 358.72sinyal/s]
Veri yükleniyor:  95%|█████████▌| 87890/92284 [09:49<00:12, 361.72sinyal/s]
Veri yükleniyor:  95%|█████████▌| 87927/92284 [09:49<00:12, 358.47sinyal/s]
Veri yükleniyor:  95%|█████████▌| 87964/92284 [09:49<00:11, 360.54sinyal/s]
Veri yükleniyor:  95%|█████████▌| 88001/92284 [09:49<00:11, 360.35sinyal/s]
Veri yükleniyor:  95%|█████████▌| 88038/92284 [09:49<00:11, 360.44sinyal/s]
Veri yükleniyor:  95%|█████████▌| 88075/92284 [09:49<00:11, 361.91sinyal/s]
Veri yükleniyor:  95%|█████████▌| 88112/92284 [09:51<01:03, 65.44sinyal/s] 
Veri yükleniyor:  96%|█████████▌| 88150/92284 [09:51<00:47, 87.46sinyal/s]
Veri yükleniyor:  96%|█████████▌| 88187/92284 [09:51<00:36, 113.19sinyal/s]
Veri yükleniyor:  96%|█████████▌| 88225/92284 [09:51<00:28, 143.55sinyal/s]
Veri yükleniyor:  96%|█████████▌| 88263/92284 [09:51<00:22, 176.55sinyal/s]
Veri yükleniyor:  96%|█████████▌| 88298/92284 [09:52<00:21, 183.90sinyal/s]
Veri yükleniyor:  96%|█████████▌| 88334/92284 [09:52<00:18, 214.31sinyal/s]
Veri yükleniyor:  96%|█████████▌| 88372/92284 [09:52<00:15, 246.22sinyal/s]
Veri yükleniyor:  96%|█████████▌| 88409/92284 [09:52<00:14, 272.54sinyal/s]
Veri yükleniyor:  96%|█████████▌| 88446/92284 [09:52<00:13, 294.14sinyal/s]
Veri yükleniyor:  96%|█████████▌| 88481/92284 [09:52<00:12, 303.24sinyal/s]
Veri yükleniyor:  96%|█████████▌| 88518/92284 [09:52<00:11, 319.70sinyal/s]
Veri yükleniyor:  96%|█████████▌| 88555/92284 [09:52<00:11, 333.11sinyal/s]
Veri yükleniyor:  96%|█████████▌| 88592/92284 [09:52<00:10, 343.09sinyal/s]
Veri yükleniyor:  96%|█████████▌| 88628/92284 [09:52<00:10, 344.79sinyal/s]
Veri yükleniyor:  96%|█████████▌| 88664/92284 [09:53<00:10, 346.69sinyal/s]
Veri yükleniyor:  96%|█████████▌| 88701/92284 [09:53<00:10, 351.00sinyal/s]
Veri yükleniyor:  96%|█████████▌| 88737/92284 [09:53<00:10, 348.58sinyal/s]
Veri yükleniyor:  96%|█████████▌| 88774/92284 [09:53<00:09, 354.37sinyal/s]
Veri yükleniyor:  96%|█████████▌| 88810/92284 [09:53<00:09, 351.73sinyal/s]
Veri yükleniyor:  96%|█████████▋| 88847/92284 [09:53<00:09, 356.07sinyal/s]
Veri yükleniyor:  96%|█████████▋| 88885/92284 [09:53<00:09, 360.61sinyal/s]
Veri yükleniyor:  96%|█████████▋| 88922/92284 [09:53<00:09, 360.45sinyal/s]
Veri yükleniyor:  96%|█████████▋| 88959/92284 [09:53<00:09, 360.15sinyal/s]
Veri yükleniyor:  96%|█████████▋| 88996/92284 [09:53<00:09, 359.48sinyal/s]
Veri yükleniyor:  96%|█████████▋| 89033/92284 [09:54<00:09, 360.49sinyal/s]
Veri yükleniyor:  97%|█████████▋| 89070/92284 [09:54<00:08, 363.03sinyal/s]
Veri yükleniyor:  97%|█████████▋| 89107/92284 [09:54<00:08, 363.32sinyal/s]
Veri yükleniyor:  97%|█████████▋| 89144/92284 [09:54<00:08, 361.30sinyal/s]
Veri yükleniyor:  97%|█████████▋| 89182/92284 [09:54<00:08, 364.24sinyal/s]
Veri yükleniyor:  97%|█████████▋| 89219/92284 [09:54<00:08, 361.81sinyal/s]
Veri yükleniyor:  97%|█████████▋| 89256/92284 [09:54<00:08, 358.71sinyal/s]
Veri yükleniyor:  97%|█████████▋| 89292/92284 [09:54<00:08, 357.48sinyal/s]
Veri yükleniyor:  97%|█████████▋| 89328/92284 [09:54<00:09, 299.83sinyal/s]
Veri yükleniyor:  97%|█████████▋| 89360/92284 [09:55<00:23, 126.75sinyal/s]
Veri yükleniyor:  97%|█████████▋| 89385/92284 [09:55<00:20, 142.59sinyal/s]
Veri yükleniyor:  97%|█████████▋| 89409/92284 [09:55<00:18, 152.73sinyal/s]
Veri yükleniyor:  97%|█████████▋| 89432/92284 [09:55<00:17, 160.01sinyal/s]
Veri yükleniyor:  97%|█████████▋| 89454/92284 [09:56<00:16, 166.99sinyal/s]
Veri yükleniyor:  97%|█████████▋| 89475/92284 [09:56<00:16, 169.97sinyal/s]
Veri yükleniyor:  97%|█████████▋| 89495/92284 [09:56<00:16, 170.79sinyal/s]
Veri yükleniyor:  97%|█████████▋| 89515/92284 [09:56<00:15, 173.55sinyal/s]
Veri yükleniyor:  97%|█████████▋| 89534/92284 [09:56<00:15, 174.40sinyal/s]
Veri yükleniyor:  97%|█████████▋| 89553/92284 [09:56<00:15, 174.94sinyal/s]
Veri yükleniyor:  97%|█████████▋| 89572/92284 [09:56<00:15, 177.15sinyal/s]
Veri yükleniyor:  97%|█████████▋| 89591/92284 [09:56<00:15, 178.51sinyal/s]
Veri yükleniyor:  97%|█████████▋| 89610/92284 [09:56<00:14, 180.31sinyal/s]
Veri yükleniyor:  97%|█████████▋| 89629/92284 [09:57<00:14, 179.49sinyal/s]
Veri yükleniyor:  97%|█████████▋| 89648/92284 [09:57<00:14, 180.08sinyal/s]
Veri yükleniyor:  97%|█████████▋| 89667/92284 [09:57<00:14, 177.74sinyal/s]
Veri yükleniyor:  97%|█████████▋| 89685/92284 [09:57<00:14, 176.31sinyal/s]
Veri yükleniyor:  97%|█████████▋| 89704/92284 [09:57<00:14, 178.14sinyal/s]
Veri yükleniyor:  97%|█████████▋| 89722/92284 [09:57<00:14, 172.74sinyal/s]
Veri yükleniyor:  97%|█████████▋| 89741/92284 [09:57<00:14, 175.42sinyal/s]
Veri yükleniyor:  97%|█████████▋| 89760/92284 [09:57<00:14, 177.26sinyal/s]
Veri yükleniyor:  97%|█████████▋| 89779/92284 [09:57<00:13, 179.07sinyal/s]
Veri yükleniyor:  97%|█████████▋| 89798/92284 [09:58<00:13, 179.62sinyal/s]
Veri yükleniyor:  97%|█████████▋| 89816/92284 [09:58<00:13, 178.52sinyal/s]
Veri yükleniyor:  97%|█████████▋| 89835/92284 [09:58<00:13, 180.55sinyal/s]
Veri yükleniyor:  97%|█████████▋| 89854/92284 [09:58<00:13, 181.49sinyal/s]
Veri yükleniyor:  97%|█████████▋| 89873/92284 [09:58<00:13, 180.76sinyal/s]
Veri yükleniyor:  97%|█████████▋| 89892/92284 [09:58<00:13, 179.48sinyal/s]
Veri yükleniyor:  97%|█████████▋| 89910/92284 [09:59<00:53, 44.69sinyal/s] 
Veri yükleniyor:  97%|█████████▋| 89924/92284 [09:59<00:45, 51.92sinyal/s]
Veri yükleniyor:  97%|█████████▋| 89937/92284 [09:59<00:39, 59.86sinyal/s]
Veri yükleniyor:  97%|█████████▋| 89951/92284 [10:00<00:33, 70.40sinyal/s]
Veri yükleniyor:  97%|█████████▋| 89964/92284 [10:00<00:30, 77.27sinyal/s]
Veri yükleniyor:  97%|█████████▋| 89976/92284 [10:00<00:28, 82.39sinyal/s]
Veri yükleniyor:  98%|█████████▊| 89988/92284 [10:00<00:25, 89.64sinyal/s]
Veri yükleniyor:  98%|█████████▊| 90006/92284 [10:00<00:20, 109.71sinyal/s]
Veri yükleniyor:  98%|█████████▊| 90024/92284 [10:00<00:17, 126.35sinyal/s]
Veri yükleniyor:  98%|█████████▊| 90042/92284 [10:00<00:16, 140.02sinyal/s]
Veri yükleniyor:  98%|█████████▊| 90061/92284 [10:00<00:14, 151.61sinyal/s]
Veri yükleniyor:  98%|█████████▊| 90080/92284 [10:00<00:13, 160.59sinyal/s]
Veri yükleniyor:  98%|█████████▊| 90099/92284 [10:00<00:13, 167.39sinyal/s]
Veri yükleniyor:  98%|█████████▊| 90118/92284 [10:01<00:12, 171.58sinyal/s]
Veri yükleniyor:  98%|█████████▊| 90137/92284 [10:01<00:12, 175.01sinyal/s]
Veri yükleniyor:  98%|█████████▊| 90155/92284 [10:01<00:12, 174.07sinyal/s]
Veri yükleniyor:  98%|█████████▊| 90173/92284 [10:01<00:12, 175.69sinyal/s]
Veri yükleniyor:  98%|█████████▊| 90191/92284 [10:01<00:11, 175.97sinyal/s]
Veri yükleniyor:  98%|█████████▊| 90210/92284 [10:01<00:11, 178.05sinyal/s]
Veri yükleniyor:  98%|█████████▊| 90228/92284 [10:01<00:11, 177.20sinyal/s]
Veri yükleniyor:  98%|█████████▊| 90246/92284 [10:01<00:11, 176.92sinyal/s]
Veri yükleniyor:  98%|█████████▊| 90265/92284 [10:01<00:11, 178.98sinyal/s]
Veri yükleniyor:  98%|█████████▊| 90283/92284 [10:02<00:11, 177.81sinyal/s]
Veri yükleniyor:  98%|█████████▊| 90301/92284 [10:02<00:11, 178.15sinyal/s]
Veri yükleniyor:  98%|█████████▊| 90320/92284 [10:02<00:11, 178.35sinyal/s]
Veri yükleniyor:  98%|█████████▊| 90338/92284 [10:02<00:11, 174.44sinyal/s]
Veri yükleniyor:  98%|█████████▊| 90357/92284 [10:02<00:10, 176.00sinyal/s]
Veri yükleniyor:  98%|█████████▊| 90375/92284 [10:02<00:10, 175.52sinyal/s]
Veri yükleniyor:  98%|█████████▊| 90393/92284 [10:02<00:10, 175.88sinyal/s]
Veri yükleniyor:  98%|█████████▊| 90412/92284 [10:02<00:10, 177.84sinyal/s]
Veri yükleniyor:  98%|█████████▊| 90430/92284 [10:02<00:10, 177.61sinyal/s]
Veri yükleniyor:  98%|█████████▊| 90448/92284 [10:03<00:41, 44.69sinyal/s] 
Veri yükleniyor:  98%|█████████▊| 90466/92284 [10:04<00:31, 57.44sinyal/s]
Veri yükleniyor:  98%|█████████▊| 90485/92284 [10:04<00:24, 72.95sinyal/s]
Veri yükleniyor:  98%|█████████▊| 90504/92284 [10:04<00:19, 89.34sinyal/s]
Veri yükleniyor:  98%|█████████▊| 90523/92284 [10:04<00:18, 94.75sinyal/s]
Veri yükleniyor:  98%|█████████▊| 90540/92284 [10:04<00:16, 108.13sinyal/s]
Veri yükleniyor:  98%|█████████▊| 90559/92284 [10:04<00:13, 123.76sinyal/s]
Veri yükleniyor:  98%|█████████▊| 90576/92284 [10:04<00:13, 130.28sinyal/s]
Veri yükleniyor:  98%|█████████▊| 90594/92284 [10:04<00:12, 140.49sinyal/s]
Veri yükleniyor:  98%|█████████▊| 90611/92284 [10:04<00:11, 147.87sinyal/s]
Veri yükleniyor:  98%|█████████▊| 90628/92284 [10:05<00:10, 153.42sinyal/s]
Veri yükleniyor:  98%|█████████▊| 90647/92284 [10:05<00:10, 161.93sinyal/s]
Veri yükleniyor:  98%|█████████▊| 90665/92284 [10:05<00:09, 163.61sinyal/s]
Veri yükleniyor:  98%|█████████▊| 90683/92284 [10:05<00:09, 166.89sinyal/s]
Veri yükleniyor:  98%|█████████▊| 90701/92284 [10:05<00:09, 169.61sinyal/s]
Veri yükleniyor:  98%|█████████▊| 90720/92284 [10:05<00:09, 173.40sinyal/s]
Veri yükleniyor:  98%|█████████▊| 90739/92284 [10:05<00:08, 176.15sinyal/s]
Veri yükleniyor:  98%|█████████▊| 90757/92284 [10:05<00:08, 174.21sinyal/s]
Veri yükleniyor:  98%|█████████▊| 90776/92284 [10:05<00:08, 176.33sinyal/s]
Veri yükleniyor:  98%|█████████▊| 90794/92284 [10:06<00:08, 176.27sinyal/s]
Veri yükleniyor:  98%|█████████▊| 90812/92284 [10:06<00:08, 177.05sinyal/s]
Veri yükleniyor:  98%|█████████▊| 90831/92284 [10:06<00:08, 179.32sinyal/s]
Veri yükleniyor:  98%|█████████▊| 90849/92284 [10:06<00:07, 179.45sinyal/s]
Veri yükleniyor:  98%|█████████▊| 90868/92284 [10:06<00:07, 182.12sinyal/s]
Veri yükleniyor:  98%|█████████▊| 90887/92284 [10:06<00:07, 182.10sinyal/s]
Veri yükleniyor:  99%|█████████▊| 90906/92284 [10:06<00:07, 180.65sinyal/s]
Veri yükleniyor:  99%|█████████▊| 90925/92284 [10:06<00:07, 180.15sinyal/s]
Veri yükleniyor:  99%|█████████▊| 90944/92284 [10:06<00:07, 182.78sinyal/s]
Veri yükleniyor:  99%|█████████▊| 90963/92284 [10:06<00:07, 182.22sinyal/s]
Veri yükleniyor:  99%|█████████▊| 90982/92284 [10:07<00:07, 181.50sinyal/s]
Veri yükleniyor:  99%|█████████▊| 91001/92284 [10:07<00:07, 182.16sinyal/s]
Veri yükleniyor:  99%|█████████▊| 91020/92284 [10:07<00:06, 181.51sinyal/s]
Veri yükleniyor:  99%|█████████▊| 91039/92284 [10:07<00:07, 177.71sinyal/s]
Veri yükleniyor:  99%|█████████▊| 91058/92284 [10:07<00:06, 180.25sinyal/s]
Veri yükleniyor:  99%|█████████▊| 91077/92284 [10:07<00:06, 178.17sinyal/s]
Veri yükleniyor:  99%|█████████▊| 91095/92284 [10:07<00:06, 177.85sinyal/s]
Veri yükleniyor:  99%|█████████▊| 91114/92284 [10:07<00:06, 178.95sinyal/s]
Veri yükleniyor:  99%|█████████▉| 91132/92284 [10:07<00:06, 177.96sinyal/s]
Veri yükleniyor:  99%|█████████▉| 91150/92284 [10:07<00:06, 177.97sinyal/s]
Veri yükleniyor:  99%|█████████▉| 91169/92284 [10:08<00:06, 179.45sinyal/s]
Veri yükleniyor:  99%|█████████▉| 91188/92284 [10:08<00:06, 181.06sinyal/s]
Veri yükleniyor:  99%|█████████▉| 91207/92284 [10:08<00:06, 175.07sinyal/s]
Veri yükleniyor:  99%|█████████▉| 91226/92284 [10:08<00:05, 177.92sinyal/s]
Veri yükleniyor:  99%|█████████▉| 91244/92284 [10:08<00:06, 170.63sinyal/s]
Veri yükleniyor:  99%|█████████▉| 91262/92284 [10:08<00:06, 164.75sinyal/s]
Veri yükleniyor:  99%|█████████▉| 91281/92284 [10:08<00:05, 170.28sinyal/s]
Veri yükleniyor:  99%|█████████▉| 91299/92284 [10:08<00:06, 157.31sinyal/s]
Veri yükleniyor:  99%|█████████▉| 91318/92284 [10:08<00:05, 163.69sinyal/s]
Veri yükleniyor:  99%|█████████▉| 91337/92284 [10:09<00:05, 168.59sinyal/s]
Veri yükleniyor:  99%|█████████▉| 91355/92284 [10:09<00:05, 169.36sinyal/s]
Veri yükleniyor:  99%|█████████▉| 91373/92284 [10:09<00:05, 157.95sinyal/s]
Veri yükleniyor:  99%|█████████▉| 91391/92284 [10:09<00:05, 163.47sinyal/s]
Veri yükleniyor:  99%|█████████▉| 91409/92284 [10:09<00:05, 166.38sinyal/s]
Veri yükleniyor:  99%|█████████▉| 91427/92284 [10:09<00:05, 169.78sinyal/s]
Veri yükleniyor:  99%|█████████▉| 91445/92284 [10:09<00:04, 169.49sinyal/s]
Veri yükleniyor:  99%|█████████▉| 91463/92284 [10:09<00:04, 172.11sinyal/s]
Veri yükleniyor:  99%|█████████▉| 91482/92284 [10:09<00:04, 175.56sinyal/s]
Veri yükleniyor:  99%|█████████▉| 91501/92284 [10:10<00:04, 178.53sinyal/s]
Veri yükleniyor:  99%|█████████▉| 91519/92284 [10:10<00:04, 178.32sinyal/s]
Veri yükleniyor:  99%|█████████▉| 91538/92284 [10:10<00:04, 180.03sinyal/s]
Veri yükleniyor:  99%|█████████▉| 91557/92284 [10:10<00:04, 178.90sinyal/s]
Veri yükleniyor:  99%|█████████▉| 91576/92284 [10:10<00:03, 179.97sinyal/s]
Veri yükleniyor:  99%|█████████▉| 91595/92284 [10:10<00:03, 178.67sinyal/s]
Veri yükleniyor:  99%|█████████▉| 91613/92284 [10:10<00:03, 178.47sinyal/s]
Veri yükleniyor:  99%|█████████▉| 91631/92284 [10:10<00:03, 177.48sinyal/s]
Veri yükleniyor:  99%|█████████▉| 91650/92284 [10:10<00:03, 178.66sinyal/s]
Veri yükleniyor:  99%|█████████▉| 91668/92284 [10:10<00:03, 177.47sinyal/s]
Veri yükleniyor:  99%|█████████▉| 91686/92284 [10:11<00:03, 176.91sinyal/s]
Veri yükleniyor:  99%|█████████▉| 91705/92284 [10:11<00:03, 178.27sinyal/s]
Veri yükleniyor:  99%|█████████▉| 91723/92284 [10:11<00:03, 174.84sinyal/s]
Veri yükleniyor:  99%|█████████▉| 91741/92284 [10:11<00:03, 173.54sinyal/s]
Veri yükleniyor:  99%|█████████▉| 91759/92284 [10:11<00:03, 173.38sinyal/s]
Veri yükleniyor:  99%|█████████▉| 91777/92284 [10:11<00:02, 174.13sinyal/s]
Veri yükleniyor:  99%|█████████▉| 91795/92284 [10:11<00:02, 174.31sinyal/s]
Veri yükleniyor:  99%|█████████▉| 91813/92284 [10:11<00:02, 174.51sinyal/s]
Veri yükleniyor: 100%|█████████▉| 91831/92284 [10:11<00:02, 174.65sinyal/s]
Veri yükleniyor: 100%|█████████▉| 91849/92284 [10:12<00:02, 175.26sinyal/s]
Veri yükleniyor: 100%|█████████▉| 91867/92284 [10:12<00:02, 176.43sinyal/s]
Veri yükleniyor: 100%|█████████▉| 91885/92284 [10:12<00:02, 177.21sinyal/s]
Veri yükleniyor: 100%|█████████▉| 91904/92284 [10:12<00:02, 178.91sinyal/s]
Veri yükleniyor: 100%|█████████▉| 91923/92284 [10:12<00:02, 180.10sinyal/s]
Veri yükleniyor: 100%|█████████▉| 91942/92284 [10:12<00:01, 180.13sinyal/s]
Veri yükleniyor: 100%|█████████▉| 91961/92284 [10:12<00:01, 180.44sinyal/s]
Veri yükleniyor: 100%|█████████▉| 91980/92284 [10:12<00:01, 179.73sinyal/s]
Veri yükleniyor: 100%|█████████▉| 91999/92284 [10:12<00:01, 181.21sinyal/s]
Veri yükleniyor: 100%|█████████▉| 92018/92284 [10:12<00:01, 180.94sinyal/s]
Veri yükleniyor: 100%|█████████▉| 92037/92284 [10:13<00:01, 179.30sinyal/s]
Veri yükleniyor: 100%|█████████▉| 92056/92284 [10:13<00:01, 180.47sinyal/s]
Veri yükleniyor: 100%|█████████▉| 92075/92284 [10:13<00:01, 178.37sinyal/s]
Veri yükleniyor: 100%|█████████▉| 92093/92284 [10:13<00:01, 176.70sinyal/s]
Veri yükleniyor: 100%|█████████▉| 92111/92284 [10:13<00:00, 177.64sinyal/s]
Veri yükleniyor: 100%|█████████▉| 92129/92284 [10:13<00:00, 176.83sinyal/s]
Veri yükleniyor: 100%|█████████▉| 92148/92284 [10:13<00:00, 178.09sinyal/s]
Veri yükleniyor: 100%|█████████▉| 92166/92284 [10:13<00:00, 177.42sinyal/s]
Veri yükleniyor: 100%|█████████▉| 92184/92284 [10:13<00:00, 176.31sinyal/s]
Veri yükleniyor: 100%|█████████▉| 92202/92284 [10:13<00:00, 177.37sinyal/s]
Veri yükleniyor: 100%|█████████▉| 92220/92284 [10:14<00:00, 176.98sinyal/s]
Veri yükleniyor: 100%|█████████▉| 92238/92284 [10:14<00:00, 177.18sinyal/s]
Veri yükleniyor: 100%|█████████▉| 92256/92284 [10:14<00:00, 172.56sinyal/s]
Veri yükleniyor: 100%|█████████▉| 92275/92284 [10:14<00:00, 175.30sinyal/s]
Veri yükleniyor: 100%|██████████| 92284/92284 [10:14<00:00, 150.19sinyal/s]

✓ RAM Cache hazır: 2.64 GB (92,284 sinyal)
======================================================================


======================================================================
✓ SEQUENCE DATASET OLUŞTURULDU
======================================================================
  Toplam sequence: 22959
  Sequence length: 5 epoch
  Stride: 1
  Kanallar: ['C3-M2', 'F4-M1', 'E1-M2', 'CHIN1-CHIN2']
  Hasta sayısı: 28
======================================================================

📦 Validation dataset oluşturuluyor...

======================================================================
SEQUENCE DATASET: EPOCH VERİLERİ YÜKLENİYOR
======================================================================
  aacc7ceb-4ce5-400e-866f-9efdfdebf58b: 922 epoch
  5d29266c-729c-4f74-bc5d-ab7fcdb31f0f: 892 epoch
  06d40147-a3fe-47f3-99de-0047b8ce5940: 887 epoch
  607d1600-3df4-476f-bfef-731b9b52ba97: 851 epoch
  5bb85300-e862-4cab-b98f-fcbbf4cb58c0: 799 epoch

Toplam: 4351 epoch, 5 hasta
======================================================================


======================================================================
SEQUENCE METADATA OLUŞTURULUYOR
======================================================================
Sequence length: 5, Stride: 1
  aacc7ceb-4ce5-400e-866f-9efdfdebf58b: 918 sequence
  5d29266c-729c-4f74-bc5d-ab7fcdb31f0f: 888 sequence
  06d40147-a3fe-47f3-99de-0047b8ce5940: 883 sequence
  607d1600-3df4-476f-bfef-731b9b52ba97: 847 sequence
  5bb85300-e862-4cab-b98f-fcbbf4cb58c0: 795 sequence

Toplam: 4331 sequence
======================================================================


======================================================================
RAM CACHE OLUŞTURULUYOR (SEQUENCE MODE)
======================================================================
Yüklenecek toplam: 17,404 sinyal
Tahmini boyut: ~0.50 GB

Veri yükleniyor:   0%|          | 0/17404 [00:00<?, ?sinyal/s]
Veri yükleniyor:   0%|          | 12/17404 [00:00<02:25, 119.75sinyal/s]
Veri yükleniyor:   0%|          | 27/17404 [00:00<02:09, 134.18sinyal/s]
Veri yükleniyor:   0%|          | 43/17404 [00:00<02:02, 142.17sinyal/s]
Veri yükleniyor:   0%|          | 58/17404 [00:00<01:59, 144.76sinyal/s]
Veri yükleniyor:   0%|          | 73/17404 [00:00<02:01, 143.14sinyal/s]
Veri yükleniyor:   1%|          | 88/17404 [00:00<02:02, 141.82sinyal/s]
Veri yükleniyor:   1%|          | 103/17404 [00:00<02:01, 142.12sinyal/s]
Veri yükleniyor:   1%|          | 118/17404 [00:00<02:03, 140.01sinyal/s]
Veri yükleniyor:   1%|          | 133/17404 [00:00<02:05, 137.84sinyal/s]
Veri yükleniyor:   1%|          | 148/17404 [00:01<02:04, 138.46sinyal/s]
Veri yükleniyor:   1%|          | 162/17404 [00:01<02:05, 137.93sinyal/s]
Veri yükleniyor:   1%|          | 176/17404 [00:01<02:04, 137.93sinyal/s]
Veri yükleniyor:   1%|          | 190/17404 [00:01<02:04, 138.40sinyal/s]
Veri yükleniyor:   1%|          | 205/17404 [00:01<02:02, 140.74sinyal/s]
Veri yükleniyor:   1%|▏         | 230/17404 [00:01<01:39, 172.57sinyal/s]
Veri yükleniyor:   1%|▏         | 257/17404 [00:01<01:25, 201.25sinyal/s]
Veri yükleniyor:   2%|▏         | 285/17404 [00:01<01:16, 224.08sinyal/s]
Veri yükleniyor:   2%|▏         | 312/17404 [00:01<01:12, 236.91sinyal/s]
Veri yükleniyor:   2%|▏         | 340/17404 [00:01<01:08, 247.62sinyal/s]
Veri yükleniyor:   2%|▏         | 365/17404 [00:02<01:10, 241.73sinyal/s]
Veri yükleniyor:   2%|▏         | 390/17404 [00:02<01:14, 228.67sinyal/s]
Veri yükleniyor:   2%|▏         | 414/17404 [00:02<01:24, 200.92sinyal/s]
Veri yükleniyor:   2%|▏         | 435/17404 [00:02<01:31, 185.39sinyal/s]
Veri yükleniyor:   3%|▎         | 455/17404 [00:02<01:35, 176.85sinyal/s]
Veri yükleniyor:   3%|▎         | 474/17404 [00:02<01:42, 165.96sinyal/s]
Veri yükleniyor:   3%|▎         | 491/17404 [00:02<01:45, 160.53sinyal/s]
Veri yükleniyor:   3%|▎         | 508/17404 [00:02<01:47, 156.84sinyal/s]
Veri yükleniyor:   3%|▎         | 524/17404 [00:03<01:48, 156.07sinyal/s]
Veri yükleniyor:   3%|▎         | 540/17404 [00:03<01:48, 155.06sinyal/s]
Veri yükleniyor:   3%|▎         | 556/17404 [00:03<01:50, 152.73sinyal/s]
Veri yükleniyor:   3%|▎         | 572/17404 [00:03<01:50, 152.61sinyal/s]
Veri yükleniyor:   3%|▎         | 588/17404 [00:03<01:50, 151.94sinyal/s]
Veri yükleniyor:   3%|▎         | 604/17404 [00:03<01:49, 153.10sinyal/s]
Veri yükleniyor:   4%|▎         | 620/17404 [00:03<01:49, 153.29sinyal/s]
Veri yükleniyor:   4%|▎         | 636/17404 [00:03<01:49, 152.78sinyal/s]
Veri yükleniyor:   4%|▎         | 652/17404 [00:03<01:49, 153.61sinyal/s]
Veri yükleniyor:   4%|▍         | 668/17404 [00:04<01:50, 152.09sinyal/s]
Veri yükleniyor:   4%|▍         | 684/17404 [00:04<01:50, 151.44sinyal/s]
Veri yükleniyor:   4%|▍         | 700/17404 [00:04<01:51, 150.40sinyal/s]
Veri yükleniyor:   4%|▍         | 716/17404 [00:04<01:51, 149.33sinyal/s]
Veri yükleniyor:   4%|▍         | 732/17404 [00:04<01:49, 152.01sinyal/s]
Veri yükleniyor:   4%|▍         | 748/17404 [00:04<01:51, 149.63sinyal/s]
Veri yükleniyor:   4%|▍         | 763/17404 [00:04<01:51, 149.16sinyal/s]
Veri yükleniyor:   4%|▍         | 778/17404 [00:04<01:52, 148.19sinyal/s]
Veri yükleniyor:   5%|▍         | 793/17404 [00:04<01:52, 148.25sinyal/s]
Veri yükleniyor:   5%|▍         | 808/17404 [00:04<01:53, 146.34sinyal/s]
Veri yükleniyor:   5%|▍         | 824/17404 [00:05<01:51, 148.25sinyal/s]
Veri yükleniyor:   5%|▍         | 840/17404 [00:05<01:50, 150.58sinyal/s]
Veri yükleniyor:   5%|▍         | 856/17404 [00:05<01:49, 151.68sinyal/s]
Veri yükleniyor:   5%|▌         | 872/17404 [00:05<01:48, 152.75sinyal/s]
Veri yükleniyor:   5%|▌         | 888/17404 [00:05<01:54, 144.19sinyal/s]
Veri yükleniyor:   5%|▌         | 907/17404 [00:05<01:45, 155.89sinyal/s]
Veri yükleniyor:   5%|▌         | 935/17404 [00:05<01:26, 191.00sinyal/s]
Veri yükleniyor:   6%|▌         | 962/17404 [00:05<01:17, 212.42sinyal/s]
Veri yükleniyor:   6%|▌         | 991/17404 [00:06<01:24, 194.09sinyal/s]
Veri yükleniyor:   6%|▌         | 1020/17404 [00:06<01:15, 217.93sinyal/s]
Veri yükleniyor:   6%|▌         | 1049/17404 [00:06<01:09, 235.51sinyal/s]
Veri yükleniyor:   6%|▌         | 1078/17404 [00:06<01:05, 249.95sinyal/s]
Veri yükleniyor:   6%|▋         | 1106/17404 [00:06<01:03, 257.14sinyal/s]
Veri yükleniyor:   7%|▋         | 1133/17404 [00:06<01:03, 256.08sinyal/s]
Veri yükleniyor:   7%|▋         | 1159/17404 [00:06<01:15, 215.89sinyal/s]
Veri yükleniyor:   7%|▋         | 1182/17404 [00:06<01:23, 195.29sinyal/s]
Veri yükleniyor:   7%|▋         | 1203/17404 [00:06<01:30, 179.76sinyal/s]
Veri yükleniyor:   7%|▋         | 1222/17404 [00:07<01:33, 173.93sinyal/s]
Veri yükleniyor:   7%|▋         | 1240/17404 [00:07<01:36, 167.73sinyal/s]
Veri yükleniyor:   7%|▋         | 1258/17404 [00:07<01:37, 165.55sinyal/s]
Veri yükleniyor:   7%|▋         | 1275/17404 [00:07<01:39, 162.43sinyal/s]
Veri yükleniyor:   7%|▋         | 1292/17404 [00:07<01:40, 160.92sinyal/s]
Veri yükleniyor:   8%|▊         | 1309/17404 [00:07<01:40, 159.99sinyal/s]
Veri yükleniyor:   8%|▊         | 1326/17404 [00:07<01:41, 157.93sinyal/s]
Veri yükleniyor:   8%|▊         | 1342/17404 [00:07<01:42, 156.68sinyal/s]
Veri yükleniyor:   8%|▊         | 1358/17404 [00:07<01:42, 156.05sinyal/s]
Veri yükleniyor:   8%|▊         | 1374/17404 [00:08<01:42, 157.04sinyal/s]
Veri yükleniyor:   8%|▊         | 1390/17404 [00:08<01:41, 157.18sinyal/s]
Veri yükleniyor:   8%|▊         | 1406/17404 [00:08<01:41, 157.96sinyal/s]
Veri yükleniyor:   8%|▊         | 1423/17404 [00:08<01:40, 159.70sinyal/s]
Veri yükleniyor:   8%|▊         | 1440/17404 [00:08<01:39, 161.12sinyal/s]
Veri yükleniyor:   8%|▊         | 1457/17404 [00:08<01:39, 160.75sinyal/s]
Veri yükleniyor:   8%|▊         | 1474/17404 [00:08<01:38, 162.45sinyal/s]
Veri yükleniyor:   9%|▊         | 1491/17404 [00:08<01:40, 158.29sinyal/s]
Veri yükleniyor:   9%|▊         | 1508/17404 [00:08<01:38, 160.92sinyal/s]
Veri yükleniyor:   9%|▉         | 1525/17404 [00:09<01:40, 158.05sinyal/s]
Veri yükleniyor:   9%|▉         | 1541/17404 [00:09<01:40, 157.74sinyal/s]
Veri yükleniyor:   9%|▉         | 1557/17404 [00:09<01:41, 156.56sinyal/s]
Veri yükleniyor:   9%|▉         | 1573/17404 [00:09<01:41, 155.39sinyal/s]
Veri yükleniyor:   9%|▉         | 1589/17404 [00:09<01:41, 156.37sinyal/s]
Veri yükleniyor:   9%|▉         | 1606/17404 [00:09<01:39, 158.24sinyal/s]
Veri yükleniyor:   9%|▉         | 1623/17404 [00:09<01:38, 159.62sinyal/s]
Veri yükleniyor:   9%|▉         | 1647/17404 [00:09<01:26, 181.69sinyal/s]
Veri yükleniyor:  10%|▉         | 1677/17404 [00:09<01:12, 215.47sinyal/s]
Veri yükleniyor:  10%|▉         | 1708/17404 [00:09<01:05, 240.85sinyal/s]
Veri yükleniyor:  10%|▉         | 1740/17404 [00:10<00:59, 263.00sinyal/s]
Veri yükleniyor:  10%|█         | 1768/17404 [00:10<00:58, 266.21sinyal/s]
Veri yükleniyor:  10%|█         | 1797/17404 [00:10<00:57, 273.17sinyal/s]
Veri yükleniyor:  10%|█         | 1827/17404 [00:10<00:55, 279.05sinyal/s]
Veri yükleniyor:  11%|█         | 1858/17404 [00:10<00:54, 287.85sinyal/s]
Veri yükleniyor:  11%|█         | 1887/17404 [00:10<01:01, 250.76sinyal/s]
Veri yükleniyor:  11%|█         | 1913/17404 [00:10<01:16, 202.67sinyal/s]
Veri yükleniyor:  11%|█         | 1936/17404 [00:10<01:22, 188.59sinyal/s]
Veri yükleniyor:  11%|█         | 1957/17404 [00:11<01:25, 180.13sinyal/s]
Veri yükleniyor:  11%|█▏        | 1976/17404 [00:11<01:27, 176.21sinyal/s]
Veri yükleniyor:  11%|█▏        | 1995/17404 [00:11<01:29, 171.72sinyal/s]
Veri yükleniyor:  12%|█▏        | 2013/17404 [00:11<01:30, 169.79sinyal/s]
Veri yükleniyor:  12%|█▏        | 2031/17404 [00:11<01:32, 166.71sinyal/s]
Veri yükleniyor:  12%|█▏        | 2048/17404 [00:11<01:32, 165.91sinyal/s]
Veri yükleniyor:  12%|█▏        | 2065/17404 [00:11<01:32, 165.90sinyal/s]
Veri yükleniyor:  12%|█▏        | 2082/17404 [00:11<01:33, 163.49sinyal/s]
Veri yükleniyor:  12%|█▏        | 2099/17404 [00:11<01:33, 163.89sinyal/s]
Veri yükleniyor:  12%|█▏        | 2116/17404 [00:12<01:35, 160.20sinyal/s]
Veri yükleniyor:  12%|█▏        | 2133/17404 [00:12<01:34, 162.25sinyal/s]
Veri yükleniyor:  12%|█▏        | 2150/17404 [00:12<01:34, 160.85sinyal/s]
Veri yükleniyor:  12%|█▏        | 2167/17404 [00:12<01:35, 160.25sinyal/s]
Veri yükleniyor:  13%|█▎        | 2184/17404 [00:12<01:34, 161.47sinyal/s]
Veri yükleniyor:  13%|█▎        | 2201/17404 [00:12<01:33, 161.80sinyal/s]
Veri yükleniyor:  13%|█▎        | 2218/17404 [00:12<01:34, 160.55sinyal/s]
Veri yükleniyor:  13%|█▎        | 2235/17404 [00:12<01:33, 162.35sinyal/s]
Veri yükleniyor:  13%|█▎        | 2252/17404 [00:12<01:33, 162.56sinyal/s]
Veri yükleniyor:  13%|█▎        | 2269/17404 [00:13<01:34, 160.22sinyal/s]
Veri yükleniyor:  13%|█▎        | 2286/17404 [00:13<01:33, 161.70sinyal/s]
Veri yükleniyor:  13%|█▎        | 2303/17404 [00:13<01:33, 161.36sinyal/s]
Veri yükleniyor:  13%|█▎        | 2320/17404 [00:13<01:33, 161.38sinyal/s]
Veri yükleniyor:  13%|█▎        | 2337/17404 [00:13<01:32, 162.14sinyal/s]
Veri yükleniyor:  14%|█▎        | 2354/17404 [00:13<01:32, 162.42sinyal/s]
Veri yükleniyor:  14%|█▎        | 2371/17404 [00:13<01:31, 164.22sinyal/s]
Veri yükleniyor:  14%|█▎        | 2388/17404 [00:13<01:31, 164.82sinyal/s]
Veri yükleniyor:  14%|█▍        | 2412/17404 [00:13<01:20, 186.68sinyal/s]
Veri yükleniyor:  14%|█▍        | 2443/17404 [00:13<01:07, 222.27sinyal/s]
Veri yükleniyor:  14%|█▍        | 2476/17404 [00:14<00:59, 252.99sinyal/s]
Veri yükleniyor:  14%|█▍        | 2505/17404 [00:14<00:56, 263.27sinyal/s]
Veri yükleniyor:  15%|█▍        | 2535/17404 [00:14<00:54, 274.00sinyal/s]
Veri yükleniyor:  15%|█▍        | 2567/17404 [00:14<00:52, 285.23sinyal/s]
Veri yükleniyor:  15%|█▍        | 2600/17404 [00:14<00:49, 297.28sinyal/s]
Veri yükleniyor:  15%|█▌        | 2631/17404 [00:14<00:49, 300.01sinyal/s]
Veri yükleniyor:  15%|█▌        | 2662/17404 [00:14<00:49, 300.74sinyal/s]
Veri yükleniyor:  15%|█▌        | 2695/17404 [00:14<00:47, 308.35sinyal/s]
Veri yükleniyor:  16%|█▌        | 2726/17404 [00:14<00:48, 303.99sinyal/s]
Veri yükleniyor:  16%|█▌        | 2757/17404 [00:15<01:00, 243.20sinyal/s]
Veri yükleniyor:  16%|█▌        | 2784/17404 [00:18<08:30, 28.66sinyal/s] 
Veri yükleniyor:  16%|█▌        | 2817/17404 [00:18<06:00, 40.51sinyal/s]
Veri yükleniyor:  16%|█▋        | 2850/17404 [00:18<04:20, 55.89sinyal/s]
Veri yükleniyor:  17%|█▋        | 2876/17404 [00:18<03:33, 68.17sinyal/s]
Veri yükleniyor:  17%|█▋        | 2910/17404 [00:18<02:36, 92.32sinyal/s]
Veri yükleniyor:  17%|█▋        | 2943/17404 [00:18<02:01, 118.80sinyal/s]
Veri yükleniyor:  17%|█▋        | 2975/17404 [00:18<01:38, 146.53sinyal/s]
Veri yükleniyor:  17%|█▋        | 3008/17404 [00:18<01:21, 176.77sinyal/s]
Veri yükleniyor:  17%|█▋        | 3041/17404 [00:19<01:10, 205.13sinyal/s]
Veri yükleniyor:  18%|█▊        | 3072/17404 [00:19<01:03, 227.37sinyal/s]
Veri yükleniyor:  18%|█▊        | 3105/17404 [00:19<00:56, 251.07sinyal/s]
Veri yükleniyor:  18%|█▊        | 3137/17404 [00:22<07:44, 30.72sinyal/s] 
Veri yükleniyor:  18%|█▊        | 3171/17404 [00:22<05:32, 42.85sinyal/s]
Veri yükleniyor:  18%|█▊        | 3203/17404 [00:22<04:06, 57.50sinyal/s]
Veri yükleniyor:  19%|█▊        | 3237/17404 [00:22<03:03, 77.28sinyal/s]
Veri yükleniyor:  19%|█▉        | 3270/17404 [00:22<02:21, 100.19sinyal/s]
Veri yükleniyor:  19%|█▉        | 3302/17404 [00:22<01:52, 125.40sinyal/s]
Veri yükleniyor:  19%|█▉        | 3333/17404 [00:23<01:33, 150.92sinyal/s]
Veri yükleniyor:  19%|█▉        | 3368/17404 [00:23<01:16, 183.72sinyal/s]
Veri yükleniyor:  20%|█▉        | 3401/17404 [00:23<01:06, 211.85sinyal/s]
Veri yükleniyor:  20%|█▉        | 3434/17404 [00:23<00:59, 235.29sinyal/s]
Veri yükleniyor:  20%|█▉        | 3468/17404 [00:23<00:54, 257.47sinyal/s]
Veri yükleniyor:  20%|██        | 3501/17404 [00:26<06:12, 37.28sinyal/s] 
Veri yükleniyor:  20%|██        | 3533/17404 [00:26<04:36, 50.17sinyal/s]
Veri yükleniyor:  20%|██        | 3559/17404 [00:26<03:39, 63.02sinyal/s]
Veri yükleniyor:  21%|██        | 3593/17404 [00:26<02:41, 85.29sinyal/s]
Veri yükleniyor:  21%|██        | 3621/17404 [00:26<02:16, 100.76sinyal/s]
Veri yükleniyor:  21%|██        | 3654/17404 [00:26<01:46, 128.99sinyal/s]
Veri yükleniyor:  21%|██        | 3687/17404 [00:26<01:26, 159.03sinyal/s]
Veri yükleniyor:  21%|██▏       | 3721/17404 [00:26<01:11, 190.43sinyal/s]
Veri yükleniyor:  22%|██▏       | 3755/17404 [00:27<01:02, 219.65sinyal/s]
Veri yükleniyor:  22%|██▏       | 3787/17404 [00:27<00:56, 241.42sinyal/s]
Veri yükleniyor:  22%|██▏       | 3820/17404 [00:27<00:51, 262.28sinyal/s]
Veri yükleniyor:  22%|██▏       | 3852/17404 [00:30<07:13, 31.24sinyal/s] 
Veri yükleniyor:  22%|██▏       | 3885/17404 [00:30<05:14, 43.02sinyal/s]
Veri yükleniyor:  23%|██▎       | 3917/17404 [00:30<03:53, 57.81sinyal/s]
Veri yükleniyor:  23%|██▎       | 3951/17404 [00:30<02:53, 77.72sinyal/s]
Veri yükleniyor:  23%|██▎       | 3986/17404 [00:30<02:10, 102.67sinyal/s]
Veri yükleniyor:  23%|██▎       | 4018/17404 [00:30<01:44, 127.66sinyal/s]
Veri yükleniyor:  23%|██▎       | 4052/17404 [00:31<01:24, 157.70sinyal/s]
Veri yükleniyor:  23%|██▎       | 4086/17404 [00:31<01:10, 187.97sinyal/s]
Veri yükleniyor:  24%|██▎       | 4119/17404 [00:31<01:01, 214.84sinyal/s]
Veri yükleniyor:  24%|██▍       | 4152/17404 [00:31<00:55, 238.55sinyal/s]
Veri yükleniyor:  24%|██▍       | 4185/17404 [00:31<00:51, 256.24sinyal/s]
Veri yükleniyor:  24%|██▍       | 4217/17404 [00:34<07:00, 31.35sinyal/s] 
Veri yükleniyor:  24%|██▍       | 4252/17404 [00:34<04:59, 43.86sinyal/s]
Veri yükleniyor:  25%|██▍       | 4288/17404 [00:34<03:36, 60.62sinyal/s]
Veri yükleniyor:  25%|██▍       | 4323/17404 [00:34<02:41, 80.96sinyal/s]
Veri yükleniyor:  25%|██▌       | 4358/17404 [00:35<02:03, 105.37sinyal/s]
Veri yükleniyor:  25%|██▌       | 4390/17404 [00:35<01:46, 122.14sinyal/s]
Veri yükleniyor:  25%|██▌       | 4426/17404 [00:35<01:24, 153.45sinyal/s]
Veri yükleniyor:  26%|██▌       | 4461/17404 [00:35<01:10, 184.37sinyal/s]
Veri yükleniyor:  26%|██▌       | 4495/17404 [00:35<01:00, 212.96sinyal/s]
Veri yükleniyor:  26%|██▌       | 4528/17404 [00:35<00:55, 231.33sinyal/s]
Veri yükleniyor:  26%|██▌       | 4561/17404 [00:35<00:50, 253.48sinyal/s]
Veri yükleniyor:  26%|██▋       | 4596/17404 [00:35<00:46, 275.99sinyal/s]
Veri yükleniyor:  27%|██▋       | 4631/17404 [00:35<00:43, 294.97sinyal/s]
Veri yükleniyor:  27%|██▋       | 4666/17404 [00:35<00:41, 308.57sinyal/s]
Veri yükleniyor:  27%|██▋       | 4700/17404 [00:36<00:40, 316.03sinyal/s]
Veri yükleniyor:  27%|██▋       | 4734/17404 [00:36<00:41, 306.26sinyal/s]
Veri yükleniyor:  27%|██▋       | 4767/17404 [00:38<05:26, 38.69sinyal/s] 
Veri yükleniyor:  28%|██▊       | 4803/17404 [00:38<03:55, 53.61sinyal/s]
Veri yükleniyor:  28%|██▊       | 4839/17404 [00:39<02:52, 72.64sinyal/s]
Veri yükleniyor:  28%|██▊       | 4875/17404 [00:39<02:10, 96.10sinyal/s]
Veri yükleniyor:  28%|██▊       | 4912/17404 [00:39<01:40, 124.40sinyal/s]
Veri yükleniyor:  28%|██▊       | 4948/17404 [00:39<01:20, 154.29sinyal/s]
Veri yükleniyor:  29%|██▊       | 4985/17404 [00:39<01:06, 187.22sinyal/s]
Veri yükleniyor:  29%|██▉       | 5021/17404 [00:39<00:56, 218.32sinyal/s]
Veri yükleniyor:  29%|██▉       | 5057/17404 [00:39<00:49, 247.37sinyal/s]
Veri yükleniyor:  29%|██▉       | 5093/17404 [00:39<00:45, 267.77sinyal/s]
Veri yükleniyor:  29%|██▉       | 5130/17404 [00:39<00:42, 291.22sinyal/s]
Veri yükleniyor:  30%|██▉       | 5167/17404 [00:39<00:39, 309.56sinyal/s]
Veri yükleniyor:  30%|██▉       | 5204/17404 [00:40<00:37, 323.74sinyal/s]
Veri yükleniyor:  30%|███       | 5241/17404 [00:40<00:36, 334.79sinyal/s]
Veri yükleniyor:  30%|███       | 5277/17404 [00:40<00:35, 341.38sinyal/s]
Veri yükleniyor:  31%|███       | 5313/17404 [00:40<00:35, 341.34sinyal/s]
Veri yükleniyor:  31%|███       | 5350/17404 [00:40<00:34, 348.62sinyal/s]
Veri yükleniyor:  31%|███       | 5386/17404 [00:40<00:34, 349.84sinyal/s]
Veri yükleniyor:  31%|███       | 5422/17404 [00:40<00:34, 351.60sinyal/s]
Veri yükleniyor:  31%|███▏      | 5459/17404 [00:40<00:33, 354.18sinyal/s]
Veri yükleniyor:  32%|███▏      | 5495/17404 [00:40<00:34, 350.15sinyal/s]
Veri yükleniyor:  32%|███▏      | 5532/17404 [00:41<00:33, 353.45sinyal/s]
Veri yükleniyor:  32%|███▏      | 5569/17404 [00:41<00:33, 357.20sinyal/s]
Veri yükleniyor:  32%|███▏      | 5605/17404 [00:41<00:33, 353.75sinyal/s]
Veri yükleniyor:  32%|███▏      | 5641/17404 [00:41<00:33, 349.50sinyal/s]
Veri yükleniyor:  33%|███▎      | 5677/17404 [00:42<03:03, 63.81sinyal/s] 
Veri yükleniyor:  33%|███▎      | 5711/17404 [00:43<02:20, 83.11sinyal/s]
Veri yükleniyor:  33%|███▎      | 5746/17404 [00:43<01:48, 107.18sinyal/s]
Veri yükleniyor:  33%|███▎      | 5780/17404 [00:43<01:26, 133.87sinyal/s]
Veri yükleniyor:  33%|███▎      | 5811/17404 [00:43<01:20, 144.85sinyal/s]
Veri yükleniyor:  34%|███▎      | 5848/17404 [00:43<01:04, 179.43sinyal/s]
Veri yükleniyor:  34%|███▍      | 5884/17404 [00:43<00:54, 211.31sinyal/s]
Veri yükleniyor:  34%|███▍      | 5921/17404 [00:43<00:47, 242.70sinyal/s]
Veri yükleniyor:  34%|███▍      | 5957/17404 [00:43<00:42, 268.23sinyal/s]
Veri yükleniyor:  34%|███▍      | 5993/17404 [00:43<00:39, 289.82sinyal/s]
Veri yükleniyor:  35%|███▍      | 6030/17404 [00:44<00:36, 308.56sinyal/s]
Veri yükleniyor:  35%|███▍      | 6066/17404 [00:44<00:35, 322.28sinyal/s]
Veri yükleniyor:  35%|███▌      | 6103/17404 [00:44<00:33, 333.26sinyal/s]
Veri yükleniyor:  35%|███▌      | 6139/17404 [00:44<00:33, 339.53sinyal/s]
Veri yükleniyor:  35%|███▌      | 6175/17404 [00:44<00:32, 343.93sinyal/s]
Veri yükleniyor:  36%|███▌      | 6211/17404 [00:44<00:32, 347.66sinyal/s]
Veri yükleniyor:  36%|███▌      | 6247/17404 [00:44<00:31, 350.01sinyal/s]
Veri yükleniyor:  36%|███▌      | 6283/17404 [00:44<00:32, 346.89sinyal/s]
Veri yükleniyor:  36%|███▋      | 6319/17404 [00:44<00:31, 349.78sinyal/s]
Veri yükleniyor:  37%|███▋      | 6355/17404 [00:44<00:31, 352.14sinyal/s]
Veri yükleniyor:  37%|███▋      | 6391/17404 [00:45<00:31, 349.61sinyal/s]
Veri yükleniyor:  37%|███▋      | 6428/17404 [00:45<00:31, 354.02sinyal/s]
Veri yükleniyor:  37%|███▋      | 6464/17404 [00:45<00:31, 349.75sinyal/s]
Veri yükleniyor:  37%|███▋      | 6500/17404 [00:45<00:38, 282.32sinyal/s]
Veri yükleniyor:  38%|███▊      | 6531/17404 [00:45<00:44, 246.50sinyal/s]
Veri yükleniyor:  38%|███▊      | 6558/17404 [00:45<00:48, 225.80sinyal/s]
Veri yükleniyor:  38%|███▊      | 6583/17404 [00:45<00:50, 215.26sinyal/s]
Veri yükleniyor:  38%|███▊      | 6606/17404 [00:46<00:52, 205.76sinyal/s]
Veri yükleniyor:  38%|███▊      | 6628/17404 [00:46<00:53, 199.96sinyal/s]
Veri yükleniyor:  38%|███▊      | 6649/17404 [00:46<00:54, 196.01sinyal/s]
Veri yükleniyor:  38%|███▊      | 6669/17404 [00:46<01:00, 178.51sinyal/s]
Veri yükleniyor:  38%|███▊      | 6688/17404 [00:46<01:00, 177.37sinyal/s]
Veri yükleniyor:  39%|███▊      | 6706/17404 [00:46<01:00, 177.25sinyal/s]
Veri yükleniyor:  39%|███▊      | 6724/17404 [00:46<01:06, 161.76sinyal/s]
Veri yükleniyor:  39%|███▊      | 6743/17404 [00:46<01:04, 166.53sinyal/s]
Veri yükleniyor:  39%|███▉      | 6761/17404 [00:46<01:02, 169.55sinyal/s]
Veri yükleniyor:  39%|███▉      | 6779/17404 [00:47<01:01, 171.69sinyal/s]
Veri yükleniyor:  39%|███▉      | 6798/17404 [00:47<01:00, 173.90sinyal/s]
Veri yükleniyor:  39%|███▉      | 6816/17404 [00:47<01:01, 171.80sinyal/s]
Veri yükleniyor:  39%|███▉      | 6834/17404 [00:47<01:01, 173.03sinyal/s]
Veri yükleniyor:  39%|███▉      | 6853/17404 [00:47<00:59, 176.82sinyal/s]
Veri yükleniyor:  39%|███▉      | 6871/17404 [00:47<00:59, 177.27sinyal/s]
Veri yükleniyor:  40%|███▉      | 6890/17404 [00:47<00:58, 178.87sinyal/s]
Veri yükleniyor:  40%|███▉      | 6908/17404 [00:47<00:59, 176.49sinyal/s]
Veri yükleniyor:  40%|███▉      | 6927/17404 [00:47<00:58, 178.65sinyal/s]
Veri yükleniyor:  40%|███▉      | 6946/17404 [00:48<00:58, 179.60sinyal/s]
Veri yükleniyor:  40%|████      | 6964/17404 [00:48<00:58, 179.53sinyal/s]
Veri yükleniyor:  40%|████      | 6983/17404 [00:48<00:57, 181.10sinyal/s]
Veri yükleniyor:  40%|████      | 7002/17404 [00:48<00:57, 180.05sinyal/s]
Veri yükleniyor:  40%|████      | 7021/17404 [00:48<00:57, 181.09sinyal/s]
Veri yükleniyor:  40%|████      | 7040/17404 [00:48<00:57, 180.11sinyal/s]
Veri yükleniyor:  41%|████      | 7059/17404 [00:48<00:57, 181.16sinyal/s]
Veri yükleniyor:  41%|████      | 7078/17404 [00:48<00:56, 181.81sinyal/s]
Veri yükleniyor:  41%|████      | 7097/17404 [00:48<00:57, 180.03sinyal/s]
Veri yükleniyor:  41%|████      | 7116/17404 [00:48<00:56, 180.84sinyal/s]
Veri yükleniyor:  41%|████      | 7135/17404 [00:49<00:57, 180.02sinyal/s]
Veri yükleniyor:  41%|████      | 7154/17404 [00:49<00:56, 181.47sinyal/s]
Veri yükleniyor:  41%|████      | 7173/17404 [00:49<00:56, 179.77sinyal/s]
Veri yükleniyor:  41%|████▏     | 7191/17404 [00:49<00:58, 173.46sinyal/s]
Veri yükleniyor:  41%|████▏     | 7209/17404 [00:51<05:11, 32.74sinyal/s] 
Veri yükleniyor:  42%|████▏     | 7228/17404 [00:51<03:52, 43.74sinyal/s]
Veri yükleniyor:  42%|████▏     | 7247/17404 [00:51<02:58, 57.05sinyal/s]
Veri yükleniyor:  42%|████▏     | 7265/17404 [00:51<02:22, 70.96sinyal/s]
Veri yükleniyor:  42%|████▏     | 7282/17404 [00:51<02:02, 82.51sinyal/s]
Veri yükleniyor:  42%|████▏     | 7298/17404 [00:51<01:52, 89.52sinyal/s]
Veri yükleniyor:  42%|████▏     | 7313/17404 [00:51<01:42, 98.93sinyal/s]
Veri yükleniyor:  42%|████▏     | 7331/17404 [00:51<01:28, 114.15sinyal/s]
Veri yükleniyor:  42%|████▏     | 7349/17404 [00:51<01:18, 128.40sinyal/s]
Veri yükleniyor:  42%|████▏     | 7367/17404 [00:52<01:11, 140.07sinyal/s]
Veri yükleniyor:  42%|████▏     | 7385/17404 [00:52<01:07, 148.82sinyal/s]
Veri yükleniyor:  43%|████▎     | 7402/17404 [00:52<01:05, 152.21sinyal/s]
Veri yükleniyor:  43%|████▎     | 7419/17404 [00:52<01:06, 149.40sinyal/s]
Veri yükleniyor:  43%|████▎     | 7438/17404 [00:52<01:02, 159.05sinyal/s]
Veri yükleniyor:  43%|████▎     | 7456/17404 [00:52<01:00, 164.22sinyal/s]
Veri yükleniyor:  43%|████▎     | 7475/17404 [00:52<00:57, 171.21sinyal/s]
Veri yükleniyor:  43%|████▎     | 7494/17404 [00:52<00:56, 174.18sinyal/s]
Veri yükleniyor:  43%|████▎     | 7514/17404 [00:52<00:55, 179.26sinyal/s]
Veri yükleniyor:  43%|████▎     | 7533/17404 [00:52<00:54, 180.75sinyal/s]
Veri yükleniyor:  43%|████▎     | 7552/17404 [00:53<00:55, 178.89sinyal/s]
Veri yükleniyor:  44%|████▎     | 7571/17404 [00:53<00:54, 180.72sinyal/s]
Veri yükleniyor:  44%|████▎     | 7590/17404 [00:53<00:54, 179.67sinyal/s]
Veri yükleniyor:  44%|████▎     | 7609/17404 [00:53<00:55, 176.66sinyal/s]
Veri yükleniyor:  44%|████▍     | 7628/17404 [00:53<00:54, 178.90sinyal/s]
Veri yükleniyor:  44%|████▍     | 7646/17404 [00:53<00:55, 177.31sinyal/s]
Veri yükleniyor:  44%|████▍     | 7665/17404 [00:53<00:54, 179.41sinyal/s]
Veri yükleniyor:  44%|████▍     | 7683/17404 [00:53<00:55, 176.32sinyal/s]
Veri yükleniyor:  44%|████▍     | 7702/17404 [00:53<00:54, 178.53sinyal/s]
Veri yükleniyor:  44%|████▍     | 7720/17404 [00:53<00:54, 177.05sinyal/s]
Veri yükleniyor:  44%|████▍     | 7738/17404 [00:55<03:35, 44.94sinyal/s] 
Veri yükleniyor:  45%|████▍     | 7757/17404 [00:55<02:44, 58.55sinyal/s]
Veri yükleniyor:  45%|████▍     | 7775/17404 [00:55<02:11, 73.00sinyal/s]
Veri yükleniyor:  45%|████▍     | 7792/17404 [00:55<01:51, 86.58sinyal/s]
Veri yükleniyor:  45%|████▍     | 7811/17404 [00:55<01:32, 103.53sinyal/s]
Veri yükleniyor:  45%|████▍     | 7829/17404 [00:55<01:20, 118.33sinyal/s]
Veri yükleniyor:  45%|████▌     | 7848/17404 [00:55<01:11, 133.10sinyal/s]
Veri yükleniyor:  45%|████▌     | 7867/17404 [00:55<01:05, 145.47sinyal/s]
Veri yükleniyor:  45%|████▌     | 7886/17404 [00:55<01:01, 155.54sinyal/s]
Veri yükleniyor:  45%|████▌     | 7904/17404 [00:56<00:58, 161.69sinyal/s]
Veri yükleniyor:  46%|████▌     | 7922/17404 [00:56<00:56, 166.41sinyal/s]
Veri yükleniyor:  46%|████▌     | 7941/17404 [00:56<00:55, 171.38sinyal/s]
Veri yükleniyor:  46%|████▌     | 7960/17404 [00:56<00:53, 175.26sinyal/s]
Veri yükleniyor:  46%|████▌     | 7979/17404 [00:56<00:56, 166.57sinyal/s]
Veri yükleniyor:  46%|████▌     | 7997/17404 [00:56<00:59, 157.94sinyal/s]
Veri yükleniyor:  46%|████▌     | 8015/17404 [00:56<00:57, 162.12sinyal/s]
Veri yükleniyor:  46%|████▌     | 8032/17404 [00:56<00:58, 161.52sinyal/s]
Veri yükleniyor:  46%|████▋     | 8050/17404 [00:56<00:56, 166.55sinyal/s]
Veri yükleniyor:  46%|████▋     | 8068/17404 [00:57<00:54, 169.92sinyal/s]
Veri yükleniyor:  46%|████▋     | 8086/17404 [00:57<00:54, 170.70sinyal/s]
Veri yükleniyor:  47%|████▋     | 8105/17404 [00:57<00:52, 175.72sinyal/s]
Veri yükleniyor:  47%|████▋     | 8123/17404 [00:57<00:53, 174.68sinyal/s]
Veri yükleniyor:  47%|████▋     | 8141/17404 [00:57<00:53, 173.53sinyal/s]
Veri yükleniyor:  47%|████▋     | 8160/17404 [00:57<00:52, 176.27sinyal/s]
Veri yükleniyor:  47%|████▋     | 8179/17404 [00:57<00:52, 177.19sinyal/s]
Veri yükleniyor:  47%|████▋     | 8198/17404 [00:57<00:51, 179.57sinyal/s]
Veri yükleniyor:  47%|████▋     | 8217/17404 [00:57<00:50, 180.55sinyal/s]
Veri yükleniyor:  47%|████▋     | 8236/17404 [00:57<00:50, 180.32sinyal/s]
Veri yükleniyor:  47%|████▋     | 8255/17404 [00:58<00:50, 182.07sinyal/s]
Veri yükleniyor:  48%|████▊     | 8274/17404 [00:58<00:50, 181.47sinyal/s]
Veri yükleniyor:  48%|████▊     | 8293/17404 [00:58<00:49, 182.60sinyal/s]
Veri yükleniyor:  48%|████▊     | 8312/17404 [00:58<00:49, 182.82sinyal/s]
Veri yükleniyor:  48%|████▊     | 8331/17404 [00:58<00:49, 181.96sinyal/s]
Veri yükleniyor:  48%|████▊     | 8350/17404 [00:58<00:50, 180.85sinyal/s]
Veri yükleniyor:  48%|████▊     | 8369/17404 [00:58<00:49, 182.30sinyal/s]
Veri yükleniyor:  48%|████▊     | 8388/17404 [00:58<00:49, 181.18sinyal/s]
Veri yükleniyor:  48%|████▊     | 8407/17404 [00:58<00:49, 182.54sinyal/s]
Veri yükleniyor:  48%|████▊     | 8426/17404 [00:58<00:49, 180.61sinyal/s]
Veri yükleniyor:  49%|████▊     | 8445/17404 [00:59<00:49, 180.77sinyal/s]
Veri yükleniyor:  49%|████▊     | 8464/17404 [00:59<00:49, 181.70sinyal/s]
Veri yükleniyor:  49%|████▊     | 8483/17404 [00:59<00:49, 178.62sinyal/s]
Veri yükleniyor:  49%|████▉     | 8501/17404 [00:59<00:50, 175.56sinyal/s]
Veri yükleniyor:  49%|████▉     | 8520/17404 [00:59<00:49, 178.51sinyal/s]
Veri yükleniyor:  49%|████▉     | 8539/17404 [00:59<00:49, 180.22sinyal/s]
Veri yükleniyor:  49%|████▉     | 8558/17404 [00:59<00:49, 179.67sinyal/s]
Veri yükleniyor:  49%|████▉     | 8576/17404 [00:59<00:49, 176.64sinyal/s]
Veri yükleniyor:  49%|████▉     | 8595/17404 [00:59<00:49, 177.69sinyal/s]
Veri yükleniyor:  49%|████▉     | 8613/17404 [01:00<00:49, 178.11sinyal/s]
Veri yükleniyor:  50%|████▉     | 8632/17404 [01:00<00:48, 179.46sinyal/s]
Veri yükleniyor:  50%|████▉     | 8651/17404 [01:00<00:48, 181.12sinyal/s]
Veri yükleniyor:  50%|████▉     | 8670/17404 [01:00<00:48, 180.90sinyal/s]
Veri yükleniyor:  50%|████▉     | 8689/17404 [01:00<00:48, 181.35sinyal/s]
Veri yükleniyor:  50%|█████     | 8708/17404 [01:00<00:48, 181.08sinyal/s]
Veri yükleniyor:  50%|█████     | 8727/17404 [01:00<00:48, 180.71sinyal/s]
Veri yükleniyor:  50%|█████     | 8746/17404 [01:00<00:47, 181.38sinyal/s]
Veri yükleniyor:  50%|█████     | 8765/17404 [01:00<00:47, 180.96sinyal/s]
Veri yükleniyor:  50%|█████     | 8784/17404 [01:00<00:47, 180.82sinyal/s]
Veri yükleniyor:  51%|█████     | 8803/17404 [01:01<00:47, 181.25sinyal/s]
Veri yükleniyor:  51%|█████     | 8822/17404 [01:01<00:47, 180.98sinyal/s]
Veri yükleniyor:  51%|█████     | 8841/17404 [01:01<00:47, 182.00sinyal/s]
Veri yükleniyor:  51%|█████     | 8860/17404 [01:01<00:47, 179.06sinyal/s]
Veri yükleniyor:  51%|█████     | 8878/17404 [01:01<00:47, 177.73sinyal/s]
Veri yükleniyor:  51%|█████     | 8897/17404 [01:01<00:47, 179.36sinyal/s]
Veri yükleniyor:  51%|█████     | 8916/17404 [01:01<00:47, 180.46sinyal/s]
Veri yükleniyor:  51%|█████▏    | 8935/17404 [01:01<00:47, 179.66sinyal/s]
Veri yükleniyor:  51%|█████▏    | 8953/17404 [01:01<00:47, 178.66sinyal/s]
Veri yükleniyor:  52%|█████▏    | 8971/17404 [01:02<00:47, 178.36sinyal/s]
Veri yükleniyor:  52%|█████▏    | 8989/17404 [01:02<00:47, 177.86sinyal/s]
Veri yükleniyor:  52%|█████▏    | 9008/17404 [01:02<00:46, 180.74sinyal/s]
Veri yükleniyor:  52%|█████▏    | 9027/17404 [01:02<00:46, 179.78sinyal/s]
Veri yükleniyor:  52%|█████▏    | 9045/17404 [01:02<00:46, 178.16sinyal/s]
Veri yükleniyor:  52%|█████▏    | 9063/17404 [01:02<00:47, 176.20sinyal/s]
Veri yükleniyor:  52%|█████▏    | 9082/17404 [01:02<00:46, 178.66sinyal/s]
Veri yükleniyor:  52%|█████▏    | 9100/17404 [01:02<00:47, 175.50sinyal/s]
Veri yükleniyor:  52%|█████▏    | 9118/17404 [01:02<00:47, 174.79sinyal/s]
Veri yükleniyor:  53%|█████▎    | 9138/17404 [01:03<00:52, 157.33sinyal/s]
Veri yükleniyor:  53%|█████▎    | 9175/17404 [01:03<00:38, 212.34sinyal/s]
Veri yükleniyor:  53%|█████▎    | 9211/17404 [01:03<00:32, 250.96sinyal/s]
Veri yükleniyor:  53%|█████▎    | 9247/17404 [01:03<00:29, 280.75sinyal/s]
Veri yükleniyor:  53%|█████▎    | 9283/17404 [01:03<00:26, 302.41sinyal/s]
Veri yükleniyor:  54%|█████▎    | 9314/17404 [01:03<00:27, 289.77sinyal/s]
Veri yükleniyor:  54%|█████▎    | 9344/17404 [01:03<00:32, 247.86sinyal/s]
Veri yükleniyor:  54%|█████▍    | 9371/17404 [01:03<00:35, 228.00sinyal/s]
Veri yükleniyor:  54%|█████▍    | 9395/17404 [01:03<00:37, 213.25sinyal/s]
Veri yükleniyor:  54%|█████▍    | 9418/17404 [01:04<00:39, 204.14sinyal/s]
Veri yükleniyor:  54%|█████▍    | 9439/17404 [01:04<00:39, 199.18sinyal/s]
Veri yükleniyor:  54%|█████▍    | 9460/17404 [01:04<00:41, 192.98sinyal/s]
Veri yükleniyor:  54%|█████▍    | 9480/17404 [01:04<00:41, 190.76sinyal/s]
Veri yükleniyor:  55%|█████▍    | 9500/17404 [01:04<00:46, 171.81sinyal/s]
Veri yükleniyor:  55%|█████▍    | 9519/17404 [01:04<00:44, 175.27sinyal/s]
Veri yükleniyor:  55%|█████▍    | 9537/17404 [01:04<00:44, 175.15sinyal/s]
Veri yükleniyor:  55%|█████▍    | 9555/17404 [01:04<00:44, 175.66sinyal/s]
Veri yükleniyor:  55%|█████▌    | 9574/17404 [01:05<00:44, 177.67sinyal/s]
Veri yükleniyor:  55%|█████▌    | 9593/17404 [01:05<00:43, 179.10sinyal/s]
Veri yükleniyor:  55%|█████▌    | 9612/17404 [01:05<00:42, 181.27sinyal/s]
Veri yükleniyor:  55%|█████▌    | 9631/17404 [01:05<00:43, 179.87sinyal/s]
Veri yükleniyor:  55%|█████▌    | 9650/17404 [01:05<00:43, 177.48sinyal/s]
Veri yükleniyor:  56%|█████▌    | 9668/17404 [01:05<00:43, 178.17sinyal/s]
Veri yükleniyor:  56%|█████▌    | 9686/17404 [01:05<00:43, 178.46sinyal/s]
Veri yükleniyor:  56%|█████▌    | 9704/17404 [01:05<00:43, 176.76sinyal/s]
Veri yükleniyor:  56%|█████▌    | 9722/17404 [01:05<00:43, 176.09sinyal/s]
Veri yükleniyor:  56%|█████▌    | 9741/17404 [01:05<00:43, 177.01sinyal/s]
Veri yükleniyor:  56%|█████▌    | 9760/17404 [01:06<00:42, 178.23sinyal/s]
Veri yükleniyor:  56%|█████▌    | 9778/17404 [01:06<00:42, 178.62sinyal/s]
Veri yükleniyor:  56%|█████▋    | 9797/17404 [01:06<00:42, 179.31sinyal/s]
Veri yükleniyor:  56%|█████▋    | 9816/17404 [01:06<00:42, 179.84sinyal/s]
Veri yükleniyor:  57%|█████▋    | 9835/17404 [01:06<00:41, 181.60sinyal/s]
Veri yükleniyor:  57%|█████▋    | 9854/17404 [01:06<00:42, 179.63sinyal/s]
Veri yükleniyor:  57%|█████▋    | 9873/17404 [01:06<00:41, 180.40sinyal/s]
Veri yükleniyor:  57%|█████▋    | 9892/17404 [01:07<01:38, 76.42sinyal/s] 
Veri yükleniyor:  57%|█████▋    | 9929/17404 [01:07<01:02, 119.27sinyal/s]
Veri yükleniyor:  57%|█████▋    | 9966/17404 [01:07<00:45, 162.26sinyal/s]
Veri yükleniyor:  57%|█████▋    | 10003/17404 [01:07<00:36, 202.66sinyal/s]
Veri yükleniyor:  58%|█████▊    | 10040/17404 [01:07<00:30, 239.01sinyal/s]
Veri yükleniyor:  58%|█████▊    | 10078/17404 [01:07<00:26, 271.51sinyal/s]
Veri yükleniyor:  58%|█████▊    | 10115/17404 [01:07<00:24, 294.68sinyal/s]
Veri yükleniyor:  58%|█████▊    | 10149/17404 [01:08<00:28, 250.54sinyal/s]
Veri yükleniyor:  58%|█████▊    | 10179/17404 [01:08<00:31, 226.56sinyal/s]
Veri yükleniyor:  59%|█████▊    | 10205/17404 [01:08<00:33, 213.53sinyal/s]
Veri yükleniyor:  59%|█████▉    | 10229/17404 [01:08<00:34, 206.92sinyal/s]
Veri yükleniyor:  59%|█████▉    | 10252/17404 [01:08<00:35, 200.27sinyal/s]
Veri yükleniyor:  59%|█████▉    | 10274/17404 [01:08<00:36, 195.60sinyal/s]
Veri yükleniyor:  59%|█████▉    | 10295/17404 [01:08<00:37, 191.02sinyal/s]
Veri yükleniyor:  59%|█████▉    | 10315/17404 [01:08<00:37, 188.92sinyal/s]
Veri yükleniyor:  59%|█████▉    | 10335/17404 [01:09<00:37, 186.88sinyal/s]
Veri yükleniyor:  59%|█████▉    | 10354/17404 [01:09<00:37, 186.76sinyal/s]
Veri yükleniyor:  60%|█████▉    | 10373/17404 [01:09<00:37, 185.90sinyal/s]
Veri yükleniyor:  60%|█████▉    | 10392/17404 [01:09<00:38, 181.77sinyal/s]
Veri yükleniyor:  60%|█████▉    | 10411/17404 [01:09<00:39, 178.46sinyal/s]
Veri yükleniyor:  60%|█████▉    | 10429/17404 [01:09<00:39, 178.71sinyal/s]
Veri yükleniyor:  60%|██████    | 10448/17404 [01:09<00:38, 180.44sinyal/s]
Veri yükleniyor:  60%|██████    | 10467/17404 [01:09<00:38, 179.03sinyal/s]
Veri yükleniyor:  60%|██████    | 10485/17404 [01:09<00:38, 178.30sinyal/s]
Veri yükleniyor:  60%|██████    | 10503/17404 [01:10<00:38, 178.78sinyal/s]
Veri yükleniyor:  60%|██████    | 10521/17404 [01:10<00:38, 178.62sinyal/s]
Veri yükleniyor:  61%|██████    | 10540/17404 [01:10<00:38, 180.52sinyal/s]
Veri yükleniyor:  61%|██████    | 10559/17404 [01:10<00:37, 180.44sinyal/s]
Veri yükleniyor:  61%|██████    | 10578/17404 [01:10<00:38, 176.35sinyal/s]
Veri yükleniyor:  61%|██████    | 10596/17404 [01:11<02:30, 45.37sinyal/s] 
Veri yükleniyor:  61%|██████    | 10629/17404 [01:11<01:33, 72.26sinyal/s]
Veri yükleniyor:  61%|██████    | 10648/17404 [01:11<01:21, 83.05sinyal/s]
Veri yükleniyor:  61%|██████▏   | 10684/17404 [01:11<00:55, 121.95sinyal/s]
Veri yükleniyor:  62%|██████▏   | 10721/17404 [01:11<00:40, 163.43sinyal/s]
Veri yükleniyor:  62%|██████▏   | 10758/17404 [01:12<00:32, 202.60sinyal/s]
Veri yükleniyor:  62%|██████▏   | 10795/17404 [01:12<00:27, 237.39sinyal/s]
Veri yükleniyor:  62%|██████▏   | 10827/17404 [01:12<00:25, 254.99sinyal/s]
Veri yükleniyor:  62%|██████▏   | 10859/17404 [01:12<00:28, 226.09sinyal/s]
Veri yükleniyor:  63%|██████▎   | 10887/17404 [01:12<00:30, 213.88sinyal/s]
Veri yükleniyor:  63%|██████▎   | 10912/17404 [01:12<00:31, 204.90sinyal/s]
Veri yükleniyor:  63%|██████▎   | 10935/17404 [01:12<00:32, 198.94sinyal/s]
Veri yükleniyor:  63%|██████▎   | 10957/17404 [01:13<00:33, 194.59sinyal/s]
Veri yükleniyor:  63%|██████▎   | 10978/17404 [01:13<00:33, 192.29sinyal/s]
Veri yükleniyor:  63%|██████▎   | 10998/17404 [01:13<00:33, 189.55sinyal/s]
Veri yükleniyor:  63%|██████▎   | 11018/17404 [01:13<00:33, 187.88sinyal/s]
Veri yükleniyor:  63%|██████▎   | 11038/17404 [01:13<00:34, 186.49sinyal/s]
Veri yükleniyor:  64%|██████▎   | 11057/17404 [01:13<00:34, 181.97sinyal/s]
Veri yükleniyor:  64%|██████▎   | 11076/17404 [01:13<00:34, 181.82sinyal/s]
Veri yükleniyor:  64%|██████▎   | 11095/17404 [01:13<00:34, 182.32sinyal/s]
Veri yükleniyor:  64%|██████▍   | 11114/17404 [01:13<00:34, 180.78sinyal/s]
Veri yükleniyor:  64%|██████▍   | 11133/17404 [01:13<00:34, 181.13sinyal/s]
Veri yükleniyor:  64%|██████▍   | 11152/17404 [01:14<00:34, 180.59sinyal/s]
Veri yükleniyor:  64%|██████▍   | 11171/17404 [01:14<00:34, 180.81sinyal/s]
Veri yükleniyor:  64%|██████▍   | 11190/17404 [01:14<00:34, 182.23sinyal/s]
Veri yükleniyor:  64%|██████▍   | 11209/17404 [01:14<00:34, 179.82sinyal/s]
Veri yükleniyor:  65%|██████▍   | 11227/17404 [01:14<00:37, 166.40sinyal/s]
Veri yükleniyor:  65%|██████▍   | 11245/17404 [01:14<00:36, 169.63sinyal/s]
Veri yükleniyor:  65%|██████▍   | 11263/17404 [01:14<00:35, 171.17sinyal/s]
Veri yükleniyor:  65%|██████▍   | 11281/17404 [01:14<00:36, 168.86sinyal/s]
Veri yükleniyor:  65%|██████▍   | 11300/17404 [01:14<00:35, 172.85sinyal/s]
Veri yükleniyor:  65%|██████▌   | 11318/17404 [01:15<00:34, 174.10sinyal/s]
Veri yükleniyor:  65%|██████▌   | 11336/17404 [01:15<01:24, 71.49sinyal/s] 
Veri yükleniyor:  65%|██████▌   | 11374/17404 [01:15<00:52, 115.53sinyal/s]
Veri yükleniyor:  66%|██████▌   | 11412/17404 [01:15<00:37, 159.87sinyal/s]
Veri yükleniyor:  66%|██████▌   | 11450/17404 [01:15<00:29, 201.95sinyal/s]
Veri yükleniyor:  66%|██████▌   | 11487/17404 [01:16<00:24, 237.99sinyal/s]
Veri yükleniyor:  66%|██████▌   | 11525/17404 [01:16<00:21, 270.26sinyal/s]
Veri yükleniyor:  66%|██████▋   | 11562/17404 [01:16<00:19, 294.79sinyal/s]
Veri yükleniyor:  67%|██████▋   | 11599/17404 [01:16<00:18, 314.59sinyal/s]
Veri yükleniyor:  67%|██████▋   | 11636/17404 [01:16<00:17, 327.23sinyal/s]
Veri yükleniyor:  67%|██████▋   | 11672/17404 [01:16<00:18, 312.17sinyal/s]
Veri yükleniyor:  67%|██████▋   | 11706/17404 [01:16<00:22, 258.95sinyal/s]
Veri yükleniyor:  67%|██████▋   | 11735/17404 [01:16<00:24, 234.08sinyal/s]
Veri yükleniyor:  68%|██████▊   | 11761/17404 [01:17<00:25, 218.76sinyal/s]
Veri yükleniyor:  68%|██████▊   | 11785/17404 [01:17<00:26, 209.16sinyal/s]
Veri yükleniyor:  68%|██████▊   | 11807/17404 [01:17<00:27, 203.20sinyal/s]
Veri yükleniyor:  68%|██████▊   | 11828/17404 [01:17<00:28, 198.04sinyal/s]
Veri yükleniyor:  68%|██████▊   | 11849/17404 [01:17<00:28, 191.62sinyal/s]
Veri yükleniyor:  68%|██████▊   | 11869/17404 [01:17<00:29, 189.75sinyal/s]
Veri yükleniyor:  68%|██████▊   | 11889/17404 [01:17<00:30, 182.96sinyal/s]
Veri yükleniyor:  68%|██████▊   | 11908/17404 [01:17<00:30, 180.89sinyal/s]
Veri yükleniyor:  69%|██████▊   | 11927/17404 [01:17<00:30, 180.22sinyal/s]
Veri yükleniyor:  69%|██████▊   | 11946/17404 [01:18<00:30, 180.32sinyal/s]
Veri yükleniyor:  69%|██████▊   | 11965/17404 [01:18<00:30, 181.27sinyal/s]
Veri yükleniyor:  69%|██████▉   | 11984/17404 [01:18<00:29, 181.72sinyal/s]
Veri yükleniyor:  69%|██████▉   | 12003/17404 [01:18<00:30, 179.88sinyal/s]
Veri yükleniyor:  69%|██████▉   | 12022/17404 [01:18<00:29, 180.17sinyal/s]
Veri yükleniyor:  69%|██████▉   | 12041/17404 [01:18<00:29, 181.31sinyal/s]
Veri yükleniyor:  69%|██████▉   | 12060/17404 [01:18<00:29, 182.39sinyal/s]
Veri yükleniyor:  69%|██████▉   | 12079/17404 [01:18<00:29, 182.44sinyal/s]
Veri yükleniyor:  70%|██████▉   | 12098/17404 [01:18<00:29, 182.52sinyal/s]
Veri yükleniyor:  70%|██████▉   | 12117/17404 [01:19<00:28, 182.45sinyal/s]
Veri yükleniyor:  70%|██████▉   | 12136/17404 [01:19<00:29, 177.41sinyal/s]
Veri yükleniyor:  70%|██████▉   | 12154/17404 [01:19<01:09, 75.58sinyal/s] 
Veri yükleniyor:  70%|██████▉   | 12169/17404 [01:19<01:00, 86.48sinyal/s]
Veri yükleniyor:  70%|███████   | 12206/17404 [01:19<00:38, 135.61sinyal/s]
Veri yükleniyor:  70%|███████   | 12244/17404 [01:20<00:28, 183.77sinyal/s]
Veri yükleniyor:  71%|███████   | 12282/17404 [01:20<00:22, 226.34sinyal/s]
Veri yükleniyor:  71%|███████   | 12319/17404 [01:20<00:19, 260.29sinyal/s]
Veri yükleniyor:  71%|███████   | 12356/17404 [01:20<00:17, 287.98sinyal/s]
Veri yükleniyor:  71%|███████   | 12393/17404 [01:20<00:16, 308.98sinyal/s]
Veri yükleniyor:  71%|███████▏  | 12431/17404 [01:20<00:15, 326.50sinyal/s]
Veri yükleniyor:  72%|███████▏  | 12467/17404 [01:20<00:16, 307.43sinyal/s]
Veri yükleniyor:  72%|███████▏  | 12500/17404 [01:23<02:24, 33.92sinyal/s] 
Veri yükleniyor:  72%|███████▏  | 12538/17404 [01:23<01:42, 47.69sinyal/s]
Veri yükleniyor:  72%|███████▏  | 12576/17404 [01:24<01:13, 65.56sinyal/s]
Veri yükleniyor:  72%|███████▏  | 12614/17404 [01:24<00:54, 87.91sinyal/s]
Veri yükleniyor:  73%|███████▎  | 12652/17404 [01:24<00:41, 114.76sinyal/s]
Veri yükleniyor:  73%|███████▎  | 12689/17404 [01:24<00:32, 144.32sinyal/s]
Veri yükleniyor:  73%|███████▎  | 12727/17404 [01:24<00:26, 177.24sinyal/s]
Veri yükleniyor:  73%|███████▎  | 12764/17404 [01:24<00:22, 209.74sinyal/s]
Veri yükleniyor:  74%|███████▎  | 12800/17404 [01:27<02:14, 34.20sinyal/s] 
Veri yükleniyor:  74%|███████▎  | 12834/17404 [01:27<01:41, 45.07sinyal/s]
Veri yükleniyor:  74%|███████▍  | 12870/17404 [01:27<01:14, 61.09sinyal/s]
Veri yükleniyor:  74%|███████▍  | 12907/17404 [01:28<00:54, 81.99sinyal/s]
Veri yükleniyor:  74%|███████▍  | 12944/17404 [01:28<00:41, 107.38sinyal/s]
Veri yükleniyor:  75%|███████▍  | 12981/17404 [01:28<00:32, 136.75sinyal/s]
Veri yükleniyor:  75%|███████▍  | 13019/17404 [01:28<00:25, 169.64sinyal/s]
Veri yükleniyor:  75%|███████▌  | 13056/17404 [01:28<00:21, 202.43sinyal/s]
Veri yükleniyor:  75%|███████▌  | 13094/17404 [01:28<00:18, 235.05sinyal/s]
Veri yükleniyor:  75%|███████▌  | 13132/17404 [01:28<00:16, 264.62sinyal/s]
Veri yükleniyor:  76%|███████▌  | 13169/17404 [01:28<00:14, 284.94sinyal/s]
Veri yükleniyor:  76%|███████▌  | 13206/17404 [01:28<00:13, 305.14sinyal/s]
Veri yükleniyor:  76%|███████▌  | 13243/17404 [01:32<01:56, 35.82sinyal/s] 
Veri yükleniyor:  76%|███████▋  | 13281/17404 [01:32<01:23, 49.42sinyal/s]
Veri yükleniyor:  77%|███████▋  | 13318/17404 [01:32<01:01, 66.58sinyal/s]
Veri yükleniyor:  77%|███████▋  | 13356/17404 [01:32<00:45, 88.76sinyal/s]
Veri yükleniyor:  77%|███████▋  | 13393/17404 [01:32<00:34, 114.65sinyal/s]
Veri yükleniyor:  77%|███████▋  | 13430/17404 [01:32<00:27, 144.11sinyal/s]
Veri yükleniyor:  77%|███████▋  | 13468/17404 [01:32<00:22, 177.42sinyal/s]
Veri yükleniyor:  78%|███████▊  | 13504/17404 [01:32<00:18, 206.00sinyal/s]
Veri yükleniyor:  78%|███████▊  | 13541/17404 [01:32<00:16, 237.10sinyal/s]
Veri yükleniyor:  78%|███████▊  | 13577/17404 [01:36<01:50, 34.64sinyal/s] 
Veri yükleniyor:  78%|███████▊  | 13603/17404 [01:36<01:28, 42.93sinyal/s]
Veri yükleniyor:  78%|███████▊  | 13633/17404 [01:36<01:07, 56.25sinyal/s]
Veri yükleniyor:  79%|███████▊  | 13671/17404 [01:36<00:47, 78.51sinyal/s]
Veri yükleniyor:  79%|███████▉  | 13709/17404 [01:36<00:35, 105.37sinyal/s]
Veri yükleniyor:  79%|███████▉  | 13745/17404 [01:36<00:27, 134.25sinyal/s]
Veri yükleniyor:  79%|███████▉  | 13782/17404 [01:36<00:21, 166.80sinyal/s]
Veri yükleniyor:  79%|███████▉  | 13818/17404 [01:36<00:18, 198.70sinyal/s]
Veri yükleniyor:  80%|███████▉  | 13856/17404 [01:36<00:15, 232.33sinyal/s]
Veri yükleniyor:  80%|███████▉  | 13892/17404 [01:36<00:13, 257.50sinyal/s]
Veri yükleniyor:  80%|████████  | 13928/17404 [01:40<01:40, 34.44sinyal/s] 
Veri yükleniyor:  80%|████████  | 13966/17404 [01:40<01:11, 47.93sinyal/s]
Veri yükleniyor:  80%|████████  | 14004/17404 [01:40<00:51, 65.42sinyal/s]
Veri yükleniyor:  81%|████████  | 14042/17404 [01:40<00:38, 87.36sinyal/s]
Veri yükleniyor:  81%|████████  | 14080/17404 [01:40<00:29, 113.75sinyal/s]
Veri yükleniyor:  81%|████████  | 14118/17404 [01:40<00:22, 144.06sinyal/s]
Veri yükleniyor:  81%|████████▏ | 14155/17404 [01:40<00:18, 175.75sinyal/s]
Veri yükleniyor:  82%|████████▏ | 14193/17404 [01:40<00:15, 209.06sinyal/s]
Veri yükleniyor:  82%|████████▏ | 14230/17404 [01:40<00:13, 239.63sinyal/s]
Veri yükleniyor:  82%|████████▏ | 14267/17404 [01:41<00:11, 267.52sinyal/s]
Veri yükleniyor:  82%|████████▏ | 14304/17404 [01:41<00:10, 291.40sinyal/s]
Veri yükleniyor:  82%|████████▏ | 14341/17404 [01:41<00:09, 310.25sinyal/s]
Veri yükleniyor:  83%|████████▎ | 14378/17404 [01:41<00:09, 325.74sinyal/s]
Veri yükleniyor:  83%|████████▎ | 14415/17404 [01:41<00:08, 335.88sinyal/s]
Veri yükleniyor:  83%|████████▎ | 14452/17404 [01:44<01:10, 42.15sinyal/s] 
Veri yükleniyor:  83%|████████▎ | 14478/17404 [01:44<00:56, 51.59sinyal/s]
Veri yükleniyor:  83%|████████▎ | 14515/17404 [01:44<00:40, 71.15sinyal/s]
Veri yükleniyor:  84%|████████▎ | 14553/17404 [01:44<00:29, 95.89sinyal/s]
Veri yükleniyor:  84%|████████▍ | 14590/17404 [01:44<00:22, 123.86sinyal/s]
Veri yükleniyor:  84%|████████▍ | 14628/17404 [01:44<00:17, 156.29sinyal/s]
Veri yükleniyor:  84%|████████▍ | 14663/17404 [01:44<00:14, 185.63sinyal/s]
Veri yükleniyor:  84%|████████▍ | 14700/17404 [01:44<00:12, 218.63sinyal/s]
Veri yükleniyor:  85%|████████▍ | 14738/17404 [01:45<00:10, 250.51sinyal/s]
Veri yükleniyor:  85%|████████▍ | 14776/17404 [01:45<00:09, 278.43sinyal/s]
Veri yükleniyor:  85%|████████▌ | 14814/17404 [01:45<00:08, 301.34sinyal/s]
Veri yükleniyor:  85%|████████▌ | 14851/17404 [01:45<00:08, 316.45sinyal/s]
Veri yükleniyor:  86%|████████▌ | 14888/17404 [01:45<00:07, 330.29sinyal/s]
Veri yükleniyor:  86%|████████▌ | 14925/17404 [01:45<00:07, 337.42sinyal/s]
Veri yükleniyor:  86%|████████▌ | 14963/17404 [01:45<00:07, 347.45sinyal/s]
Veri yükleniyor:  86%|████████▌ | 15000/17404 [01:45<00:06, 353.07sinyal/s]
Veri yükleniyor:  86%|████████▋ | 15037/17404 [01:45<00:06, 354.63sinyal/s]
Veri yükleniyor:  87%|████████▋ | 15075/17404 [01:45<00:06, 361.25sinyal/s]
Veri yükleniyor:  87%|████████▋ | 15112/17404 [01:46<00:06, 360.93sinyal/s]
Veri yükleniyor:  87%|████████▋ | 15149/17404 [01:46<00:06, 359.97sinyal/s]
Veri yükleniyor:  87%|████████▋ | 15186/17404 [01:46<00:06, 362.79sinyal/s]
Veri yükleniyor:  87%|████████▋ | 15223/17404 [01:46<00:05, 364.81sinyal/s]
Veri yükleniyor:  88%|████████▊ | 15260/17404 [01:46<00:05, 365.75sinyal/s]
Veri yükleniyor:  88%|████████▊ | 15297/17404 [01:46<00:05, 360.54sinyal/s]
Veri yükleniyor:  88%|████████▊ | 15334/17404 [01:48<00:31, 65.68sinyal/s] 
Veri yükleniyor:  88%|████████▊ | 15372/17404 [01:48<00:23, 87.75sinyal/s]
Veri yükleniyor:  89%|████████▊ | 15409/17404 [01:48<00:17, 113.53sinyal/s]
Veri yükleniyor:  89%|████████▉ | 15447/17404 [01:48<00:13, 144.12sinyal/s]
Veri yükleniyor:  89%|████████▉ | 15484/17404 [01:48<00:10, 175.96sinyal/s]
Veri yükleniyor:  89%|████████▉ | 15521/17404 [01:48<00:09, 208.05sinyal/s]
Veri yükleniyor:  89%|████████▉ | 15559/17404 [01:48<00:07, 240.37sinyal/s]
Veri yükleniyor:  90%|████████▉ | 15597/17404 [01:48<00:06, 268.99sinyal/s]
Veri yükleniyor:  90%|████████▉ | 15635/17404 [01:48<00:06, 293.84sinyal/s]
Veri yükleniyor:  90%|█████████ | 15672/17404 [01:49<00:05, 312.83sinyal/s]
Veri yükleniyor:  90%|█████████ | 15709/17404 [01:49<00:05, 323.03sinyal/s]
Veri yükleniyor:  90%|█████████ | 15746/17404 [01:49<00:04, 335.46sinyal/s]
Veri yükleniyor:  91%|█████████ | 15783/17404 [01:49<00:04, 345.00sinyal/s]
Veri yükleniyor:  91%|█████████ | 15820/17404 [01:49<00:04, 333.34sinyal/s]
Veri yükleniyor:  91%|█████████ | 15857/17404 [01:49<00:04, 343.26sinyal/s]
Veri yükleniyor:  91%|█████████▏| 15893/17404 [01:49<00:05, 298.26sinyal/s]
Veri yükleniyor:  92%|█████████▏| 15925/17404 [01:49<00:05, 256.85sinyal/s]
Veri yükleniyor:  92%|█████████▏| 15953/17404 [01:50<00:06, 233.53sinyal/s]
Veri yükleniyor:  92%|█████████▏| 15978/17404 [01:50<00:06, 220.97sinyal/s]
Veri yükleniyor:  92%|█████████▏| 16002/17404 [01:50<00:07, 186.43sinyal/s]
Veri yükleniyor:  92%|█████████▏| 16023/17404 [01:50<00:07, 185.69sinyal/s]
Veri yükleniyor:  92%|█████████▏| 16043/17404 [01:50<00:07, 185.86sinyal/s]
Veri yükleniyor:  92%|█████████▏| 16063/17404 [01:50<00:07, 182.63sinyal/s]
Veri yükleniyor:  92%|█████████▏| 16082/17404 [01:50<00:07, 182.62sinyal/s]
Veri yükleniyor:  93%|█████████▎| 16101/17404 [01:50<00:07, 183.64sinyal/s]
Veri yükleniyor:  93%|█████████▎| 16120/17404 [01:51<00:07, 182.66sinyal/s]
Veri yükleniyor:  93%|█████████▎| 16139/17404 [01:51<00:06, 184.09sinyal/s]
Veri yükleniyor:  93%|█████████▎| 16158/17404 [01:51<00:06, 184.58sinyal/s]
Veri yükleniyor:  93%|█████████▎| 16177/17404 [01:51<00:06, 185.27sinyal/s]
Veri yükleniyor:  93%|█████████▎| 16196/17404 [01:51<00:06, 185.59sinyal/s]
Veri yükleniyor:  93%|█████████▎| 16215/17404 [01:51<00:06, 185.38sinyal/s]
Veri yükleniyor:  93%|█████████▎| 16234/17404 [01:51<00:06, 186.10sinyal/s]
Veri yükleniyor:  93%|█████████▎| 16253/17404 [01:51<00:06, 183.92sinyal/s]
Veri yükleniyor:  93%|█████████▎| 16272/17404 [01:51<00:06, 184.50sinyal/s]
Veri yükleniyor:  94%|█████████▎| 16291/17404 [01:52<00:06, 170.50sinyal/s]
Veri yükleniyor:  94%|█████████▎| 16309/17404 [01:52<00:06, 170.90sinyal/s]
Veri yükleniyor:  94%|█████████▍| 16328/17404 [01:52<00:06, 175.06sinyal/s]
Veri yükleniyor:  94%|█████████▍| 16346/17404 [01:52<00:06, 174.27sinyal/s]
Veri yükleniyor:  94%|█████████▍| 16364/17404 [01:52<00:05, 175.05sinyal/s]
Veri yükleniyor:  94%|█████████▍| 16382/17404 [01:52<00:05, 174.68sinyal/s]
Veri yükleniyor:  94%|█████████▍| 16400/17404 [01:52<00:05, 175.61sinyal/s]
Veri yükleniyor:  94%|█████████▍| 16419/17404 [01:52<00:05, 178.48sinyal/s]
Veri yükleniyor:  94%|█████████▍| 16438/17404 [01:52<00:05, 179.82sinyal/s]
Veri yükleniyor:  95%|█████████▍| 16457/17404 [01:52<00:05, 182.26sinyal/s]
Veri yükleniyor:  95%|█████████▍| 16476/17404 [01:53<00:05, 182.16sinyal/s]
Veri yükleniyor:  95%|█████████▍| 16495/17404 [01:53<00:05, 181.40sinyal/s]
Veri yükleniyor:  95%|█████████▍| 16514/17404 [01:53<00:04, 181.29sinyal/s]
Veri yükleniyor:  95%|█████████▍| 16533/17404 [01:53<00:04, 182.51sinyal/s]
Veri yükleniyor:  95%|█████████▌| 16552/17404 [01:53<00:04, 182.30sinyal/s]
Veri yükleniyor:  95%|█████████▌| 16571/17404 [01:53<00:04, 182.01sinyal/s]
Veri yükleniyor:  95%|█████████▌| 16590/17404 [01:53<00:04, 182.81sinyal/s]
Veri yükleniyor:  95%|█████████▌| 16609/17404 [01:53<00:04, 173.62sinyal/s]
Veri yükleniyor:  96%|█████████▌| 16628/17404 [01:53<00:04, 176.31sinyal/s]
Veri yükleniyor:  96%|█████████▌| 16647/17404 [01:54<00:04, 177.97sinyal/s]
Veri yükleniyor:  96%|█████████▌| 16665/17404 [01:54<00:04, 178.35sinyal/s]
Veri yükleniyor:  96%|█████████▌| 16684/17404 [01:54<00:04, 179.29sinyal/s]
Veri yükleniyor:  96%|█████████▌| 16703/17404 [01:54<00:03, 179.26sinyal/s]
Veri yükleniyor:  96%|█████████▌| 16721/17404 [01:54<00:03, 178.96sinyal/s]
Veri yükleniyor:  96%|█████████▌| 16739/17404 [01:54<00:03, 177.62sinyal/s]
Veri yükleniyor:  96%|█████████▋| 16757/17404 [01:54<00:03, 176.12sinyal/s]
Veri yükleniyor:  96%|█████████▋| 16775/17404 [01:56<00:24, 25.44sinyal/s] 
Veri yükleniyor:  96%|█████████▋| 16794/17404 [01:56<00:17, 34.70sinyal/s]
Veri yükleniyor:  97%|█████████▋| 16813/17404 [01:56<00:12, 46.01sinyal/s]
Veri yükleniyor:  97%|█████████▋| 16829/17404 [01:57<00:10, 56.75sinyal/s]
Veri yükleniyor:  97%|█████████▋| 16847/17404 [01:57<00:07, 71.54sinyal/s]
Veri yükleniyor:  97%|█████████▋| 16866/17404 [01:57<00:06, 88.15sinyal/s]
Veri yükleniyor:  97%|█████████▋| 16884/17404 [01:57<00:05, 103.82sinyal/s]
Veri yükleniyor:  97%|█████████▋| 16902/17404 [01:57<00:04, 118.42sinyal/s]
Veri yükleniyor:  97%|█████████▋| 16921/17404 [01:57<00:03, 132.69sinyal/s]
Veri yükleniyor:  97%|█████████▋| 16940/17404 [01:57<00:03, 145.59sinyal/s]
Veri yükleniyor:  97%|█████████▋| 16958/17404 [01:57<00:03, 146.67sinyal/s]
Veri yükleniyor:  98%|█████████▊| 16975/17404 [01:57<00:02, 146.66sinyal/s]
Veri yükleniyor:  98%|█████████▊| 16994/17404 [01:58<00:02, 156.95sinyal/s]
Veri yükleniyor:  98%|█████████▊| 17013/17404 [01:58<00:02, 164.32sinyal/s]
Veri yükleniyor:  98%|█████████▊| 17032/17404 [01:58<00:02, 169.58sinyal/s]
Veri yükleniyor:  98%|█████████▊| 17051/17404 [01:58<00:02, 174.43sinyal/s]
Veri yükleniyor:  98%|█████████▊| 17070/17404 [01:58<00:01, 177.82sinyal/s]
Veri yükleniyor:  98%|█████████▊| 17089/17404 [01:58<00:01, 178.82sinyal/s]
Veri yükleniyor:  98%|█████████▊| 17108/17404 [01:58<00:01, 179.75sinyal/s]
Veri yükleniyor:  98%|█████████▊| 17127/17404 [01:58<00:01, 182.40sinyal/s]
Veri yükleniyor:  99%|█████████▊| 17146/17404 [01:58<00:01, 182.87sinyal/s]
Veri yükleniyor:  99%|█████████▊| 17165/17404 [01:58<00:01, 182.76sinyal/s]
Veri yükleniyor:  99%|█████████▊| 17184/17404 [01:59<00:01, 167.76sinyal/s]
Veri yükleniyor:  99%|█████████▉| 17203/17404 [01:59<00:01, 172.65sinyal/s]
Veri yükleniyor:  99%|█████████▉| 17221/17404 [01:59<00:01, 173.64sinyal/s]
Veri yükleniyor:  99%|█████████▉| 17239/17404 [01:59<00:00, 174.27sinyal/s]
Veri yükleniyor:  99%|█████████▉| 17257/17404 [01:59<00:00, 173.75sinyal/s]
Veri yükleniyor:  99%|█████████▉| 17276/17404 [01:59<00:00, 176.93sinyal/s]
Veri yükleniyor:  99%|█████████▉| 17294/17404 [01:59<00:00, 175.93sinyal/s]
Veri yükleniyor:  99%|█████████▉| 17312/17404 [02:00<00:01, 70.92sinyal/s] 
Veri yükleniyor: 100%|█████████▉| 17331/17404 [02:00<00:00, 87.73sinyal/s]
Veri yükleniyor: 100%|█████████▉| 17350/17404 [02:00<00:00, 104.63sinyal/s]
Veri yükleniyor: 100%|█████████▉| 17369/17404 [02:00<00:00, 120.89sinyal/s]
Veri yükleniyor: 100%|█████████▉| 17388/17404 [02:00<00:00, 134.78sinyal/s]
Veri yükleniyor: 100%|██████████| 17404/17404 [02:00<00:00, 144.04sinyal/s]

✓ RAM Cache hazır: 0.50 GB (17,404 sinyal)
======================================================================


======================================================================
✓ SEQUENCE DATASET OLUŞTURULDU
======================================================================
  Toplam sequence: 4331
  Sequence length: 5 epoch
  Stride: 1
  Kanallar: ['C3-M2', 'F4-M1', 'E1-M2', 'CHIN1-CHIN2']
  Hasta sayısı: 5
======================================================================

📦 Test dataset oluşturuluyor...

======================================================================
SEQUENCE DATASET: EPOCH VERİLERİ YÜKLENİYOR
======================================================================
  658873df-b9a2-43e6-8c37-b8304efde5b1: 842 epoch
  038b27bd-06f5-4f62-a76a-f69c8c48c821: 942 epoch
  dbc8c784-09f3-4e09-ae83-841c45bf7517: 911 epoch
  ffa83f68-7ebd-4f4f-9eb4-e3a638439ba7: 768 epoch
  7b89bba4-f73f-4ca7-a6db-ab556378d577: 838 epoch

Toplam: 4301 epoch, 5 hasta
======================================================================


======================================================================
SEQUENCE METADATA OLUŞTURULUYOR
======================================================================
Sequence length: 5, Stride: 1
  658873df-b9a2-43e6-8c37-b8304efde5b1: 838 sequence
  038b27bd-06f5-4f62-a76a-f69c8c48c821: 938 sequence
  dbc8c784-09f3-4e09-ae83-841c45bf7517: 907 sequence
  ffa83f68-7ebd-4f4f-9eb4-e3a638439ba7: 764 sequence
  7b89bba4-f73f-4ca7-a6db-ab556378d577: 834 sequence

Toplam: 4281 sequence
======================================================================


======================================================================
RAM CACHE OLUŞTURULUYOR (SEQUENCE MODE)
======================================================================
Yüklenecek toplam: 17,204 sinyal
Tahmini boyut: ~0.49 GB

Veri yükleniyor:   0%|          | 0/17204 [00:00<?, ?sinyal/s]
Veri yükleniyor:   0%|          | 13/17204 [00:00<02:20, 122.75sinyal/s]
Veri yükleniyor:   0%|          | 28/17204 [00:00<02:05, 136.60sinyal/s]
Veri yükleniyor:   0%|          | 44/17204 [00:00<01:59, 143.54sinyal/s]
Veri yükleniyor:   0%|          | 60/17204 [00:00<01:56, 147.69sinyal/s]
Veri yükleniyor:   0%|          | 76/17204 [00:00<01:54, 148.96sinyal/s]
Veri yükleniyor:   1%|          | 91/17204 [00:00<01:57, 145.32sinyal/s]
Veri yükleniyor:   1%|          | 106/17204 [00:00<02:01, 141.27sinyal/s]
Veri yükleniyor:   1%|          | 121/17204 [00:00<02:01, 140.11sinyal/s]
Veri yükleniyor:   1%|          | 136/17204 [00:00<02:01, 140.69sinyal/s]
Veri yükleniyor:   1%|          | 151/17204 [00:01<02:02, 139.11sinyal/s]
Veri yükleniyor:   1%|          | 165/17204 [00:01<02:02, 139.29sinyal/s]
Veri yükleniyor:   1%|          | 180/17204 [00:01<02:01, 139.93sinyal/s]
Veri yükleniyor:   1%|          | 194/17204 [00:01<02:01, 139.73sinyal/s]
Veri yükleniyor:   1%|          | 210/17204 [00:01<01:57, 144.39sinyal/s]
Veri yükleniyor:   1%|▏         | 226/17204 [00:01<01:55, 147.18sinyal/s]
Veri yükleniyor:   1%|▏         | 241/17204 [00:01<01:56, 145.64sinyal/s]
Veri yükleniyor:   1%|▏         | 257/17204 [00:01<01:54, 148.49sinyal/s]
Veri yükleniyor:   2%|▏         | 273/17204 [00:01<01:52, 150.00sinyal/s]
Veri yükleniyor:   2%|▏         | 289/17204 [00:02<01:53, 148.47sinyal/s]
Veri yükleniyor:   2%|▏         | 306/17204 [00:02<01:50, 153.12sinyal/s]
Veri yükleniyor:   2%|▏         | 322/17204 [00:02<01:49, 153.84sinyal/s]
Veri yükleniyor:   2%|▏         | 338/17204 [00:02<01:48, 154.92sinyal/s]
Veri yükleniyor:   2%|▏         | 354/17204 [00:02<01:49, 153.70sinyal/s]
Veri yükleniyor:   2%|▏         | 370/17204 [00:02<01:48, 154.82sinyal/s]
Veri yükleniyor:   2%|▏         | 386/17204 [00:02<01:48, 155.54sinyal/s]
Veri yükleniyor:   2%|▏         | 402/17204 [00:02<01:47, 156.17sinyal/s]
Veri yükleniyor:   2%|▏         | 419/17204 [00:02<01:45, 158.65sinyal/s]
Veri yükleniyor:   3%|▎         | 435/17204 [00:02<01:46, 157.76sinyal/s]
Veri yükleniyor:   3%|▎         | 451/17204 [00:03<01:48, 153.87sinyal/s]
Veri yükleniyor:   3%|▎         | 467/17204 [00:03<01:48, 154.70sinyal/s]
Veri yükleniyor:   3%|▎         | 483/17204 [00:03<01:47, 155.08sinyal/s]
Veri yükleniyor:   3%|▎         | 499/17204 [00:03<01:48, 154.24sinyal/s]
Veri yükleniyor:   3%|▎         | 515/17204 [00:03<01:48, 154.34sinyal/s]
Veri yükleniyor:   3%|▎         | 531/17204 [00:03<02:03, 134.69sinyal/s]
Veri yükleniyor:   3%|▎         | 561/17204 [00:03<01:34, 176.95sinyal/s]
Veri yükleniyor:   3%|▎         | 589/17204 [00:03<01:21, 203.64sinyal/s]
Veri yükleniyor:   4%|▎         | 618/17204 [00:03<01:13, 226.94sinyal/s]
Veri yükleniyor:   4%|▍         | 647/17204 [00:04<01:07, 243.58sinyal/s]
Veri yükleniyor:   4%|▍         | 676/17204 [00:04<01:04, 256.53sinyal/s]
Veri yükleniyor:   4%|▍         | 703/17204 [00:04<01:04, 254.66sinyal/s]
Veri yükleniyor:   4%|▍         | 729/17204 [00:04<01:16, 215.32sinyal/s]
Veri yükleniyor:   4%|▍         | 752/17204 [00:04<01:23, 196.17sinyal/s]
Veri yükleniyor:   4%|▍         | 773/17204 [00:04<01:29, 183.54sinyal/s]
Veri yükleniyor:   5%|▍         | 793/17204 [00:04<01:32, 176.58sinyal/s]
Veri yükleniyor:   5%|▍         | 812/17204 [00:04<01:38, 166.83sinyal/s]
Veri yükleniyor:   5%|▍         | 830/17204 [00:05<01:40, 162.29sinyal/s]
Veri yükleniyor:   5%|▍         | 847/17204 [00:05<01:41, 160.58sinyal/s]
Veri yükleniyor:   5%|▌         | 864/17204 [00:05<01:42, 159.09sinyal/s]
Veri yükleniyor:   5%|▌         | 880/17204 [00:05<01:42, 158.54sinyal/s]
Veri yükleniyor:   5%|▌         | 896/17204 [00:05<01:43, 156.83sinyal/s]
Veri yükleniyor:   5%|▌         | 912/17204 [00:05<01:43, 156.72sinyal/s]
Veri yükleniyor:   5%|▌         | 928/17204 [00:05<01:43, 156.55sinyal/s]
Veri yükleniyor:   5%|▌         | 944/17204 [00:05<01:43, 157.02sinyal/s]
Veri yükleniyor:   6%|▌         | 960/17204 [00:05<01:43, 156.93sinyal/s]
Veri yükleniyor:   6%|▌         | 976/17204 [00:05<01:43, 156.98sinyal/s]
Veri yükleniyor:   6%|▌         | 993/17204 [00:06<01:41, 159.51sinyal/s]
Veri yükleniyor:   6%|▌         | 1010/17204 [00:06<01:41, 160.27sinyal/s]
Veri yükleniyor:   6%|▌         | 1027/17204 [00:06<01:41, 159.16sinyal/s]
Veri yükleniyor:   6%|▌         | 1043/17204 [00:06<01:41, 159.09sinyal/s]
Veri yükleniyor:   6%|▌         | 1060/17204 [00:06<01:41, 159.25sinyal/s]
Veri yükleniyor:   6%|▋         | 1076/17204 [00:06<01:41, 158.75sinyal/s]
Veri yükleniyor:   6%|▋         | 1092/17204 [00:06<01:41, 158.76sinyal/s]
Veri yükleniyor:   6%|▋         | 1109/17204 [00:06<01:40, 160.19sinyal/s]
Veri yükleniyor:   7%|▋         | 1126/17204 [00:06<01:40, 160.54sinyal/s]
Veri yükleniyor:   7%|▋         | 1143/17204 [00:07<01:40, 160.54sinyal/s]
Veri yükleniyor:   7%|▋         | 1160/17204 [00:07<01:42, 156.17sinyal/s]
Veri yükleniyor:   7%|▋         | 1176/17204 [00:07<01:41, 157.24sinyal/s]
Veri yükleniyor:   7%|▋         | 1192/17204 [00:07<01:50, 144.84sinyal/s]
Veri yükleniyor:   7%|▋         | 1209/17204 [00:07<01:46, 149.69sinyal/s]
Veri yükleniyor:   7%|▋         | 1226/17204 [00:07<01:44, 152.87sinyal/s]
Veri yükleniyor:   7%|▋         | 1251/17204 [00:07<01:28, 179.81sinyal/s]
Veri yükleniyor:   7%|▋         | 1281/17204 [00:07<01:14, 212.50sinyal/s]
Veri yükleniyor:   8%|▊         | 1309/17204 [00:07<01:08, 231.65sinyal/s]
Veri yükleniyor:   8%|▊         | 1336/17204 [00:07<01:05, 242.78sinyal/s]
Veri yükleniyor:   8%|▊         | 1368/17204 [00:08<01:00, 262.98sinyal/s]
Veri yükleniyor:   8%|▊         | 1398/17204 [00:08<00:58, 271.81sinyal/s]
Veri yükleniyor:   8%|▊         | 1427/17204 [00:08<00:57, 275.30sinyal/s]
Veri yükleniyor:   8%|▊         | 1457/17204 [00:08<00:55, 281.93sinyal/s]
Veri yükleniyor:   9%|▊         | 1486/17204 [00:08<01:03, 247.64sinyal/s]
Veri yükleniyor:   9%|▉         | 1512/17204 [00:08<01:12, 215.92sinyal/s]
Veri yükleniyor:   9%|▉         | 1535/17204 [00:08<01:18, 200.24sinyal/s]
Veri yükleniyor:   9%|▉         | 1556/17204 [00:08<01:22, 189.16sinyal/s]
Veri yükleniyor:   9%|▉         | 1576/17204 [00:09<01:26, 179.72sinyal/s]
Veri yükleniyor:   9%|▉         | 1595/17204 [00:09<01:28, 176.60sinyal/s]
Veri yükleniyor:   9%|▉         | 1613/17204 [00:09<01:29, 174.50sinyal/s]
Veri yükleniyor:   9%|▉         | 1631/17204 [00:09<01:31, 170.98sinyal/s]
Veri yükleniyor:  10%|▉         | 1649/17204 [00:09<01:31, 169.16sinyal/s]
Veri yükleniyor:  10%|▉         | 1666/17204 [00:09<01:31, 169.20sinyal/s]
Veri yükleniyor:  10%|▉         | 1683/17204 [00:09<01:33, 165.63sinyal/s]
Veri yükleniyor:  10%|▉         | 1700/17204 [00:09<01:33, 165.19sinyal/s]
Veri yükleniyor:  10%|▉         | 1717/17204 [00:09<01:33, 165.28sinyal/s]
Veri yükleniyor:  10%|█         | 1734/17204 [00:10<01:33, 164.59sinyal/s]
Veri yükleniyor:  10%|█         | 1751/17204 [00:10<01:33, 165.74sinyal/s]
Veri yükleniyor:  10%|█         | 1768/17204 [00:10<01:35, 161.86sinyal/s]
Veri yükleniyor:  10%|█         | 1785/17204 [00:10<01:34, 163.40sinyal/s]
Veri yükleniyor:  10%|█         | 1803/17204 [00:10<01:32, 166.34sinyal/s]
Veri yükleniyor:  11%|█         | 1820/17204 [00:10<01:32, 166.52sinyal/s]
Veri yükleniyor:  11%|█         | 1837/17204 [00:10<01:32, 165.87sinyal/s]
Veri yükleniyor:  11%|█         | 1854/17204 [00:10<01:33, 165.00sinyal/s]
Veri yükleniyor:  11%|█         | 1871/17204 [00:10<01:34, 161.43sinyal/s]
Veri yükleniyor:  11%|█         | 1888/17204 [00:11<01:36, 158.58sinyal/s]
Veri yükleniyor:  11%|█         | 1904/17204 [00:11<01:36, 158.01sinyal/s]
Veri yükleniyor:  11%|█         | 1921/17204 [00:11<01:35, 160.39sinyal/s]
Veri yükleniyor:  11%|█▏        | 1938/17204 [00:11<01:34, 160.83sinyal/s]
Veri yükleniyor:  11%|█▏        | 1956/17204 [00:11<01:33, 163.52sinyal/s]
Veri yükleniyor:  11%|█▏        | 1973/17204 [00:11<01:32, 163.96sinyal/s]
Veri yükleniyor:  12%|█▏        | 1990/17204 [00:11<01:34, 161.51sinyal/s]
Veri yükleniyor:  12%|█▏        | 2008/17204 [00:11<01:31, 165.95sinyal/s]
Veri yükleniyor:  12%|█▏        | 2040/17204 [00:11<01:12, 208.78sinyal/s]
Veri yükleniyor:  12%|█▏        | 2071/17204 [00:11<01:03, 237.95sinyal/s]
Veri yükleniyor:  12%|█▏        | 2101/17204 [00:12<00:59, 254.61sinyal/s]
Veri yükleniyor:  12%|█▏        | 2132/17204 [00:12<00:56, 269.00sinyal/s]
Veri yükleniyor:  13%|█▎        | 2162/17204 [00:12<00:54, 277.74sinyal/s]
Veri yükleniyor:  13%|█▎        | 2194/17204 [00:12<00:52, 288.42sinyal/s]
Veri yükleniyor:  13%|█▎        | 2223/17204 [00:12<00:56, 265.53sinyal/s]
Veri yükleniyor:  13%|█▎        | 2250/17204 [00:12<01:05, 227.06sinyal/s]
Veri yükleniyor:  13%|█▎        | 2274/17204 [00:12<01:12, 205.92sinyal/s]
Veri yükleniyor:  13%|█▎        | 2296/17204 [00:12<01:16, 194.64sinyal/s]
Veri yükleniyor:  13%|█▎        | 2317/17204 [00:13<01:20, 185.90sinyal/s]
Veri yükleniyor:  14%|█▎        | 2337/17204 [00:13<01:22, 179.18sinyal/s]
Veri yükleniyor:  14%|█▎        | 2356/17204 [00:13<01:24, 175.24sinyal/s]
Veri yükleniyor:  14%|█▍        | 2374/17204 [00:13<01:24, 174.71sinyal/s]
Veri yükleniyor:  14%|█▍        | 2392/17204 [00:13<01:27, 170.09sinyal/s]
Veri yükleniyor:  14%|█▍        | 2410/17204 [00:13<01:28, 167.67sinyal/s]
Veri yükleniyor:  14%|█▍        | 2427/17204 [00:13<01:27, 168.03sinyal/s]
Veri yükleniyor:  14%|█▍        | 2444/17204 [00:13<01:27, 167.83sinyal/s]
Veri yükleniyor:  14%|█▍        | 2461/17204 [00:13<01:30, 163.23sinyal/s]
Veri yükleniyor:  14%|█▍        | 2478/17204 [00:14<01:30, 162.25sinyal/s]
Veri yükleniyor:  15%|█▍        | 2495/17204 [00:14<01:29, 164.01sinyal/s]
Veri yükleniyor:  15%|█▍        | 2512/17204 [00:14<01:28, 165.64sinyal/s]
Veri yükleniyor:  15%|█▍        | 2529/17204 [00:14<01:29, 163.96sinyal/s]
Veri yükleniyor:  15%|█▍        | 2546/17204 [00:14<01:29, 163.09sinyal/s]
Veri yükleniyor:  15%|█▍        | 2563/17204 [00:14<01:31, 160.09sinyal/s]
Veri yükleniyor:  15%|█▍        | 2580/17204 [00:14<01:30, 161.19sinyal/s]
Veri yükleniyor:  15%|█▌        | 2597/17204 [00:14<01:30, 160.54sinyal/s]
Veri yükleniyor:  15%|█▌        | 2614/17204 [00:14<01:30, 162.03sinyal/s]
Veri yükleniyor:  15%|█▌        | 2631/17204 [00:14<01:29, 163.41sinyal/s]
Veri yükleniyor:  15%|█▌        | 2648/17204 [00:15<01:28, 164.10sinyal/s]
Veri yükleniyor:  15%|█▌        | 2665/17204 [00:15<01:30, 160.73sinyal/s]
Veri yükleniyor:  16%|█▌        | 2682/17204 [00:15<01:31, 158.74sinyal/s]
Veri yükleniyor:  16%|█▌        | 2698/17204 [00:15<01:31, 158.40sinyal/s]
Veri yükleniyor:  16%|█▌        | 2714/17204 [00:15<01:32, 157.09sinyal/s]
Veri yükleniyor:  16%|█▌        | 2731/17204 [00:15<01:30, 160.44sinyal/s]
Veri yükleniyor:  16%|█▌        | 2748/17204 [00:15<01:30, 159.70sinyal/s]
Veri yükleniyor:  16%|█▌        | 2765/17204 [00:15<01:29, 160.71sinyal/s]
Veri yükleniyor:  16%|█▌        | 2790/17204 [00:15<01:17, 185.68sinyal/s]
Veri yükleniyor:  16%|█▋        | 2821/17204 [00:16<01:05, 221.18sinyal/s]
Veri yükleniyor:  17%|█▋        | 2844/17204 [00:16<01:11, 200.96sinyal/s]
Veri yükleniyor:  17%|█▋        | 2878/17204 [00:16<01:00, 237.29sinyal/s]
Veri yükleniyor:  17%|█▋        | 2909/17204 [00:16<00:55, 255.75sinyal/s]
Veri yükleniyor:  17%|█▋        | 2942/17204 [00:16<00:51, 274.65sinyal/s]
Veri yükleniyor:  17%|█▋        | 2975/17204 [00:16<00:49, 288.20sinyal/s]
Veri yükleniyor:  17%|█▋        | 3008/17204 [00:16<00:47, 299.46sinyal/s]
Veri yükleniyor:  18%|█▊        | 3042/17204 [00:16<00:45, 309.77sinyal/s]
Veri yükleniyor:  18%|█▊        | 3075/17204 [00:16<00:44, 315.33sinyal/s]
Veri yükleniyor:  18%|█▊        | 3107/17204 [00:17<00:57, 243.75sinyal/s]
Veri yükleniyor:  18%|█▊        | 3134/17204 [00:17<01:05, 214.51sinyal/s]
Veri yükleniyor:  18%|█▊        | 3158/17204 [00:17<01:10, 199.68sinyal/s]
Veri yükleniyor:  18%|█▊        | 3180/17204 [00:17<01:13, 191.76sinyal/s]
Veri yükleniyor:  19%|█▊        | 3201/17204 [00:17<01:15, 186.25sinyal/s]
Veri yükleniyor:  19%|█▊        | 3221/17204 [00:17<01:16, 182.43sinyal/s]
Veri yükleniyor:  19%|█▉        | 3240/17204 [00:17<01:17, 179.08sinyal/s]
Veri yükleniyor:  19%|█▉        | 3259/17204 [00:17<01:18, 176.81sinyal/s]
Veri yükleniyor:  19%|█▉        | 3277/17204 [00:18<01:19, 174.47sinyal/s]
Veri yükleniyor:  19%|█▉        | 3295/17204 [00:18<01:20, 172.43sinyal/s]
Veri yükleniyor:  19%|█▉        | 3313/17204 [00:18<01:28, 157.68sinyal/s]
Veri yükleniyor:  19%|█▉        | 3331/17204 [00:18<01:25, 161.49sinyal/s]
Veri yükleniyor:  19%|█▉        | 3348/17204 [00:18<01:26, 159.78sinyal/s]
Veri yükleniyor:  20%|█▉        | 3365/17204 [00:18<01:25, 161.95sinyal/s]
Veri yükleniyor:  20%|█▉        | 3382/17204 [00:18<01:25, 162.28sinyal/s]
Veri yükleniyor:  20%|█▉        | 3399/17204 [00:18<01:24, 163.40sinyal/s]
Veri yükleniyor:  20%|█▉        | 3416/17204 [00:18<01:24, 162.40sinyal/s]
Veri yükleniyor:  20%|█▉        | 3433/17204 [00:19<01:23, 164.44sinyal/s]
Veri yükleniyor:  20%|██        | 3450/17204 [00:19<01:24, 163.45sinyal/s]
Veri yükleniyor:  20%|██        | 3467/17204 [00:19<01:23, 164.54sinyal/s]
Veri yükleniyor:  20%|██        | 3484/17204 [00:19<01:23, 164.34sinyal/s]
Veri yükleniyor:  20%|██        | 3501/17204 [00:19<01:23, 164.04sinyal/s]
Veri yükleniyor:  20%|██        | 3518/17204 [00:19<01:23, 164.74sinyal/s]
Veri yükleniyor:  21%|██        | 3535/17204 [00:19<01:23, 164.55sinyal/s]
Veri yükleniyor:  21%|██        | 3552/17204 [00:19<01:22, 165.66sinyal/s]
Veri yükleniyor:  21%|██        | 3569/17204 [00:19<01:22, 165.76sinyal/s]
Veri yükleniyor:  21%|██        | 3596/17204 [00:19<01:09, 196.08sinyal/s]
Veri yükleniyor:  21%|██        | 3629/17204 [00:20<00:58, 234.00sinyal/s]
Veri yükleniyor:  21%|██▏       | 3662/17204 [00:20<00:51, 261.56sinyal/s]
Veri yükleniyor:  21%|██▏       | 3697/17204 [00:20<00:47, 285.66sinyal/s]
Veri yükleniyor:  22%|██▏       | 3732/17204 [00:20<00:44, 302.45sinyal/s]
Veri yükleniyor:  22%|██▏       | 3766/17204 [00:20<00:42, 313.45sinyal/s]
Veri yükleniyor:  22%|██▏       | 3800/17204 [00:20<00:41, 320.21sinyal/s]
Veri yükleniyor:  22%|██▏       | 3834/17204 [00:20<00:41, 324.28sinyal/s]
Veri yükleniyor:  22%|██▏       | 3869/17204 [00:20<00:40, 330.02sinyal/s]
Veri yükleniyor:  23%|██▎       | 3903/17204 [00:20<00:44, 296.75sinyal/s]
Veri yükleniyor:  23%|██▎       | 3934/17204 [00:21<00:53, 246.52sinyal/s]
Veri yükleniyor:  23%|██▎       | 3961/17204 [00:21<01:00, 217.13sinyal/s]
Veri yükleniyor:  23%|██▎       | 3985/17204 [00:21<01:04, 204.26sinyal/s]
Veri yükleniyor:  23%|██▎       | 4007/17204 [00:21<01:06, 198.08sinyal/s]
Veri yükleniyor:  23%|██▎       | 4028/17204 [00:21<01:09, 189.50sinyal/s]
Veri yükleniyor:  24%|██▎       | 4048/17204 [00:21<01:11, 184.58sinyal/s]
Veri yükleniyor:  24%|██▎       | 4067/17204 [00:21<01:11, 182.62sinyal/s]
Veri yükleniyor:  24%|██▍       | 4086/17204 [00:22<01:13, 177.86sinyal/s]
Veri yükleniyor:  24%|██▍       | 4104/17204 [00:22<01:14, 175.22sinyal/s]
Veri yükleniyor:  24%|██▍       | 4122/17204 [00:22<01:16, 171.90sinyal/s]
Veri yükleniyor:  24%|██▍       | 4140/17204 [00:22<01:15, 172.42sinyal/s]
Veri yükleniyor:  24%|██▍       | 4158/17204 [00:22<01:15, 173.43sinyal/s]
Veri yükleniyor:  24%|██▍       | 4176/17204 [00:22<01:15, 171.53sinyal/s]
Veri yükleniyor:  24%|██▍       | 4194/17204 [00:22<01:15, 171.49sinyal/s]
Veri yükleniyor:  24%|██▍       | 4212/17204 [00:22<01:16, 170.16sinyal/s]
Veri yükleniyor:  25%|██▍       | 4230/17204 [00:22<01:15, 172.08sinyal/s]
Veri yükleniyor:  25%|██▍       | 4248/17204 [00:22<01:16, 169.09sinyal/s]
Veri yükleniyor:  25%|██▍       | 4266/17204 [00:23<01:15, 170.96sinyal/s]
Veri yükleniyor:  25%|██▍       | 4284/17204 [00:23<01:16, 169.49sinyal/s]
Veri yükleniyor:  25%|██▌       | 4302/17204 [00:23<01:15, 170.11sinyal/s]
Veri yükleniyor:  25%|██▌       | 4320/17204 [00:23<01:15, 171.05sinyal/s]
Veri yükleniyor:  25%|██▌       | 4338/17204 [00:23<01:16, 168.63sinyal/s]
Veri yükleniyor:  25%|██▌       | 4355/17204 [00:23<01:17, 164.74sinyal/s]
Veri yükleniyor:  25%|██▌       | 4372/17204 [00:23<01:17, 165.19sinyal/s]
Veri yükleniyor:  26%|██▌       | 4390/17204 [00:23<01:15, 168.82sinyal/s]
Veri yükleniyor:  26%|██▌       | 4407/17204 [00:23<01:16, 167.26sinyal/s]
Veri yükleniyor:  26%|██▌       | 4424/17204 [00:24<03:07, 68.09sinyal/s] 
Veri yükleniyor:  26%|██▌       | 4460/17204 [00:24<01:55, 110.13sinyal/s]
Veri yükleniyor:  26%|██▌       | 4496/17204 [00:24<01:23, 152.23sinyal/s]
Veri yükleniyor:  26%|██▋       | 4530/17204 [00:24<01:07, 188.92sinyal/s]
Veri yükleniyor:  26%|██▋       | 4558/17204 [00:24<01:05, 191.64sinyal/s]
Veri yükleniyor:  27%|██▋       | 4594/17204 [00:25<00:55, 228.64sinyal/s]
Veri yükleniyor:  27%|██▋       | 4629/17204 [00:25<00:48, 256.95sinyal/s]
Veri yükleniyor:  27%|██▋       | 4663/17204 [00:25<00:45, 278.06sinyal/s]
Veri yükleniyor:  27%|██▋       | 4699/17204 [00:25<00:41, 297.95sinyal/s]
Veri yükleniyor:  28%|██▊       | 4732/17204 [00:25<00:42, 291.57sinyal/s]
Veri yükleniyor:  28%|██▊       | 4764/17204 [00:28<05:32, 37.36sinyal/s] 
Veri yükleniyor:  28%|██▊       | 4799/17204 [00:28<03:59, 51.82sinyal/s]
Veri yükleniyor:  28%|██▊       | 4836/17204 [00:28<02:53, 71.43sinyal/s]
Veri yükleniyor:  28%|██▊       | 4872/17204 [00:28<02:10, 94.82sinyal/s]
Veri yükleniyor:  29%|██▊       | 4908/17204 [00:28<01:40, 122.17sinyal/s]
Veri yükleniyor:  29%|██▊       | 4943/17204 [00:28<01:21, 151.30sinyal/s]
Veri yükleniyor:  29%|██▉       | 4979/17204 [00:28<01:06, 183.46sinyal/s]
Veri yükleniyor:  29%|██▉       | 5015/17204 [00:28<00:56, 215.09sinyal/s]
Veri yükleniyor:  29%|██▉       | 5050/17204 [00:28<00:50, 242.62sinyal/s]
Veri yükleniyor:  30%|██▉       | 5087/17204 [00:29<00:44, 270.07sinyal/s]
Veri yükleniyor:  30%|██▉       | 5122/17204 [00:29<00:41, 288.32sinyal/s]
Veri yükleniyor:  30%|██▉       | 5158/17204 [00:29<00:39, 304.99sinyal/s]
Veri yükleniyor:  30%|███       | 5193/17204 [00:32<05:49, 34.36sinyal/s] 
Veri yükleniyor:  30%|███       | 5230/17204 [00:32<04:10, 47.71sinyal/s]
Veri yükleniyor:  31%|███       | 5267/17204 [00:32<03:03, 64.95sinyal/s]
Veri yükleniyor:  31%|███       | 5303/17204 [00:32<02:18, 85.93sinyal/s]
Veri yükleniyor:  31%|███       | 5336/17204 [00:32<01:55, 103.02sinyal/s]
Veri yükleniyor:  31%|███       | 5372/17204 [00:33<01:29, 131.50sinyal/s]
Veri yükleniyor:  31%|███▏      | 5408/17204 [00:33<01:12, 162.42sinyal/s]
Veri yükleniyor:  32%|███▏      | 5443/17204 [00:33<01:00, 193.06sinyal/s]
Veri yükleniyor:  32%|███▏      | 5478/17204 [00:33<00:52, 222.60sinyal/s]
Veri yükleniyor:  32%|███▏      | 5514/17204 [00:33<00:46, 250.88sinyal/s]
Veri yükleniyor:  32%|███▏      | 5549/17204 [00:36<05:46, 33.65sinyal/s] 
Veri yükleniyor:  32%|███▏      | 5584/17204 [00:36<04:12, 46.03sinyal/s]
Veri yükleniyor:  33%|███▎      | 5620/17204 [00:36<03:04, 62.66sinyal/s]
Veri yükleniyor:  33%|███▎      | 5656/17204 [00:36<02:18, 83.57sinyal/s]
Veri yükleniyor:  33%|███▎      | 5693/17204 [00:36<01:45, 109.62sinyal/s]
Veri yükleniyor:  33%|███▎      | 5730/17204 [00:37<01:22, 139.44sinyal/s]
Veri yükleniyor:  34%|███▎      | 5766/17204 [00:37<01:07, 170.37sinyal/s]
Veri yükleniyor:  34%|███▎      | 5802/17204 [00:37<00:56, 201.65sinyal/s]
Veri yükleniyor:  34%|███▍      | 5838/17204 [00:37<00:48, 232.11sinyal/s]
Veri yükleniyor:  34%|███▍      | 5874/17204 [00:40<05:32, 34.06sinyal/s] 
Veri yükleniyor:  34%|███▍      | 5901/17204 [00:40<04:21, 43.22sinyal/s]
Veri yükleniyor:  35%|███▍      | 5937/17204 [00:40<03:08, 59.86sinyal/s]
Veri yükleniyor:  35%|███▍      | 5975/17204 [00:40<02:16, 82.08sinyal/s]
Veri yükleniyor:  35%|███▍      | 6008/17204 [00:40<01:47, 104.51sinyal/s]
Veri yükleniyor:  35%|███▌      | 6045/17204 [00:41<01:22, 134.90sinyal/s]
Veri yükleniyor:  35%|███▌      | 6079/17204 [00:41<01:13, 150.77sinyal/s]
Veri yükleniyor:  36%|███▌      | 6116/17204 [00:41<01:00, 184.25sinyal/s]
Veri yükleniyor:  36%|███▌      | 6151/17204 [00:41<00:51, 214.16sinyal/s]
Veri yükleniyor:  36%|███▌      | 6187/17204 [00:41<00:45, 242.92sinyal/s]
Veri yükleniyor:  36%|███▌      | 6224/17204 [00:41<00:40, 270.44sinyal/s]
Veri yükleniyor:  36%|███▋      | 6259/17204 [00:44<05:20, 34.13sinyal/s] 
Veri yükleniyor:  37%|███▋      | 6295/17204 [00:44<03:52, 46.93sinyal/s]
Veri yükleniyor:  37%|███▋      | 6332/17204 [00:45<02:49, 64.06sinyal/s]
Veri yükleniyor:  37%|███▋      | 6368/17204 [00:45<02:07, 84.94sinyal/s]
Veri yükleniyor:  37%|███▋      | 6405/17204 [00:45<01:37, 110.79sinyal/s]
Veri yükleniyor:  37%|███▋      | 6441/17204 [00:45<01:17, 139.52sinyal/s]
Veri yükleniyor:  38%|███▊      | 6478/17204 [00:45<01:02, 171.11sinyal/s]
Veri yükleniyor:  38%|███▊      | 6515/17204 [00:45<00:52, 203.57sinyal/s]
Veri yükleniyor:  38%|███▊      | 6551/17204 [00:45<00:45, 233.09sinyal/s]
Veri yükleniyor:  38%|███▊      | 6588/17204 [00:45<00:40, 261.51sinyal/s]
Veri yükleniyor:  39%|███▊      | 6624/17204 [00:45<00:37, 283.90sinyal/s]
Veri yükleniyor:  39%|███▊      | 6661/17204 [00:45<00:34, 304.34sinyal/s]
Veri yükleniyor:  39%|███▉      | 6697/17204 [00:46<00:32, 318.45sinyal/s]
Veri yükleniyor:  39%|███▉      | 6733/17204 [00:46<00:31, 329.06sinyal/s]
Veri yükleniyor:  39%|███▉      | 6769/17204 [00:46<00:31, 335.77sinyal/s]
Veri yükleniyor:  40%|███▉      | 6805/17204 [00:48<04:13, 40.98sinyal/s] 
Veri yükleniyor:  40%|███▉      | 6842/17204 [00:49<03:04, 56.21sinyal/s]
Veri yükleniyor:  40%|███▉      | 6879/17204 [00:49<02:16, 75.58sinyal/s]
Veri yükleniyor:  40%|████      | 6916/17204 [00:49<01:43, 99.42sinyal/s]
Veri yükleniyor:  40%|████      | 6953/17204 [00:49<01:20, 127.26sinyal/s]
Veri yükleniyor:  41%|████      | 6987/17204 [00:49<01:11, 143.74sinyal/s]
Veri yükleniyor:  41%|████      | 7024/17204 [00:49<00:57, 176.26sinyal/s]
Veri yükleniyor:  41%|████      | 7061/17204 [00:49<00:48, 209.26sinyal/s]
Veri yükleniyor:  41%|████▏     | 7097/17204 [00:49<00:42, 238.18sinyal/s]
Veri yükleniyor:  41%|████▏     | 7133/17204 [00:49<00:38, 263.72sinyal/s]
Veri yükleniyor:  42%|████▏     | 7168/17204 [00:49<00:35, 282.54sinyal/s]
Veri yükleniyor:  42%|████▏     | 7205/17204 [00:50<00:32, 303.68sinyal/s]
Veri yükleniyor:  42%|████▏     | 7242/17204 [00:50<00:31, 319.89sinyal/s]
Veri yükleniyor:  42%|████▏     | 7278/17204 [00:50<00:30, 330.59sinyal/s]
Veri yükleniyor:  43%|████▎     | 7315/17204 [00:50<00:29, 340.01sinyal/s]
Veri yükleniyor:  43%|████▎     | 7352/17204 [00:50<00:28, 346.58sinyal/s]
Veri yükleniyor:  43%|████▎     | 7389/17204 [00:50<00:27, 352.54sinyal/s]
Veri yükleniyor:  43%|████▎     | 7426/17204 [00:50<00:27, 356.40sinyal/s]
Veri yükleniyor:  43%|████▎     | 7463/17204 [00:50<00:27, 356.30sinyal/s]
Veri yükleniyor:  44%|████▎     | 7500/17204 [00:50<00:27, 358.64sinyal/s]
Veri yükleniyor:  44%|████▍     | 7537/17204 [00:51<00:26, 359.64sinyal/s]
Veri yükleniyor:  44%|████▍     | 7574/17204 [00:51<00:26, 358.81sinyal/s]
Veri yükleniyor:  44%|████▍     | 7611/17204 [00:51<00:26, 359.84sinyal/s]
Veri yükleniyor:  44%|████▍     | 7648/17204 [00:51<00:26, 361.18sinyal/s]
Veri yükleniyor:  45%|████▍     | 7685/17204 [00:51<00:26, 359.72sinyal/s]
Veri yükleniyor:  45%|████▍     | 7722/17204 [00:51<00:26, 354.41sinyal/s]
Veri yükleniyor:  45%|████▌     | 7758/17204 [00:53<02:25, 64.73sinyal/s] 
Veri yükleniyor:  45%|████▌     | 7795/17204 [00:53<01:49, 86.15sinyal/s]
Veri yükleniyor:  46%|████▌     | 7831/17204 [00:53<01:24, 111.02sinyal/s]
Veri yükleniyor:  46%|████▌     | 7866/17204 [00:53<01:07, 138.49sinyal/s]
Veri yükleniyor:  46%|████▌     | 7899/17204 [00:53<00:59, 155.20sinyal/s]
Veri yükleniyor:  46%|████▌     | 7929/17204 [00:53<00:57, 161.39sinyal/s]
Veri yükleniyor:  46%|████▌     | 7955/17204 [00:53<00:55, 165.46sinyal/s]
Veri yükleniyor:  46%|████▋     | 7979/17204 [00:54<00:54, 169.47sinyal/s]
Veri yükleniyor:  47%|████▋     | 8001/17204 [00:54<00:53, 173.31sinyal/s]
Veri yükleniyor:  47%|████▋     | 8022/17204 [00:54<00:52, 176.55sinyal/s]
Veri yükleniyor:  47%|████▋     | 8043/17204 [00:54<00:51, 178.55sinyal/s]
Veri yükleniyor:  47%|████▋     | 8063/17204 [00:54<00:50, 180.05sinyal/s]
Veri yükleniyor:  47%|████▋     | 8083/17204 [00:54<00:50, 181.68sinyal/s]
Veri yükleniyor:  47%|████▋     | 8103/17204 [00:54<00:50, 180.58sinyal/s]
Veri yükleniyor:  47%|████▋     | 8122/17204 [00:54<00:50, 178.65sinyal/s]
Veri yükleniyor:  47%|████▋     | 8141/17204 [00:54<00:50, 178.43sinyal/s]
Veri yükleniyor:  47%|████▋     | 8160/17204 [00:55<00:50, 180.33sinyal/s]
Veri yükleniyor:  48%|████▊     | 8179/17204 [00:55<00:49, 181.32sinyal/s]
Veri yükleniyor:  48%|████▊     | 8198/17204 [00:55<00:49, 180.68sinyal/s]
Veri yükleniyor:  48%|████▊     | 8217/17204 [00:55<00:49, 180.65sinyal/s]
Veri yükleniyor:  48%|████▊     | 8236/17204 [00:55<00:50, 178.22sinyal/s]
Veri yükleniyor:  48%|████▊     | 8255/17204 [00:55<00:49, 180.29sinyal/s]
Veri yükleniyor:  48%|████▊     | 8274/17204 [00:55<00:49, 179.72sinyal/s]
Veri yükleniyor:  48%|████▊     | 8293/17204 [00:55<00:49, 180.85sinyal/s]
Veri yükleniyor:  48%|████▊     | 8312/17204 [00:55<00:50, 177.40sinyal/s]
Veri yükleniyor:  48%|████▊     | 8330/17204 [00:56<00:50, 175.97sinyal/s]
Veri yükleniyor:  49%|████▊     | 8349/17204 [00:56<00:49, 178.57sinyal/s]
Veri yükleniyor:  49%|████▊     | 8368/17204 [00:56<00:49, 178.76sinyal/s]
Veri yükleniyor:  49%|████▊     | 8386/17204 [00:56<00:49, 178.19sinyal/s]
Veri yükleniyor:  49%|████▉     | 8404/17204 [00:56<00:49, 177.76sinyal/s]
Veri yükleniyor:  49%|████▉     | 8423/17204 [00:56<00:48, 179.43sinyal/s]
Veri yükleniyor:  49%|████▉     | 8442/17204 [00:56<00:48, 179.96sinyal/s]
Veri yükleniyor:  49%|████▉     | 8460/17204 [00:56<00:49, 178.30sinyal/s]
Veri yükleniyor:  49%|████▉     | 8478/17204 [00:56<00:51, 167.81sinyal/s]
Veri yükleniyor:  49%|████▉     | 8495/17204 [00:57<00:58, 148.58sinyal/s]
Veri yükleniyor:  49%|████▉     | 8512/17204 [00:57<00:56, 152.62sinyal/s]
Veri yükleniyor:  50%|████▉     | 8531/17204 [00:57<00:53, 160.97sinyal/s]
Veri yükleniyor:  50%|████▉     | 8549/17204 [00:57<00:52, 165.82sinyal/s]
Veri yükleniyor:  50%|████▉     | 8567/17204 [00:57<00:51, 167.98sinyal/s]
Veri yükleniyor:  50%|████▉     | 8585/17204 [00:57<00:51, 168.74sinyal/s]
Veri yükleniyor:  50%|█████     | 8604/17204 [00:57<00:49, 173.48sinyal/s]
Veri yükleniyor:  50%|█████     | 8622/17204 [00:57<00:49, 173.92sinyal/s]
Veri yükleniyor:  50%|█████     | 8640/17204 [00:57<00:48, 175.31sinyal/s]
Veri yükleniyor:  50%|█████     | 8659/17204 [00:57<00:48, 177.41sinyal/s]
Veri yükleniyor:  50%|█████     | 8678/17204 [00:58<00:47, 178.59sinyal/s]
Veri yükleniyor:  51%|█████     | 8696/17204 [00:58<00:48, 176.55sinyal/s]
Veri yükleniyor:  51%|█████     | 8715/17204 [00:58<00:47, 178.06sinyal/s]
Veri yükleniyor:  51%|█████     | 8733/17204 [00:58<00:47, 178.11sinyal/s]
Veri yükleniyor:  51%|█████     | 8752/17204 [00:58<00:46, 180.48sinyal/s]
Veri yükleniyor:  51%|█████     | 8771/17204 [00:58<00:47, 178.27sinyal/s]
Veri yükleniyor:  51%|█████     | 8790/17204 [00:58<00:47, 179.01sinyal/s]
Veri yükleniyor:  51%|█████     | 8808/17204 [00:58<00:47, 178.31sinyal/s]
Veri yükleniyor:  51%|█████▏    | 8827/17204 [00:58<00:46, 179.58sinyal/s]
Veri yükleniyor:  51%|█████▏    | 8845/17204 [00:58<00:47, 175.39sinyal/s]
Veri yükleniyor:  52%|█████▏    | 8863/17204 [00:59<00:47, 176.56sinyal/s]
Veri yükleniyor:  52%|█████▏    | 8881/17204 [00:59<00:46, 177.46sinyal/s]
Veri yükleniyor:  52%|█████▏    | 8899/17204 [01:01<05:27, 25.34sinyal/s] 
Veri yükleniyor:  52%|█████▏    | 8918/17204 [01:01<03:59, 34.54sinyal/s]
Veri yükleniyor:  52%|█████▏    | 8936/17204 [01:01<03:02, 45.19sinyal/s]
Veri yükleniyor:  52%|█████▏    | 8954/17204 [01:01<02:22, 58.02sinyal/s]
Veri yükleniyor:  52%|█████▏    | 8972/17204 [01:01<01:53, 72.61sinyal/s]
Veri yükleniyor:  52%|█████▏    | 8989/17204 [01:01<01:36, 85.04sinyal/s]
Veri yükleniyor:  52%|█████▏    | 9006/17204 [01:01<01:23, 98.77sinyal/s]
Veri yükleniyor:  52%|█████▏    | 9024/17204 [01:02<01:11, 113.73sinyal/s]
Veri yükleniyor:  53%|█████▎    | 9041/17204 [01:02<01:09, 117.85sinyal/s]
Veri yükleniyor:  53%|█████▎    | 9060/17204 [01:02<01:01, 132.65sinyal/s]
Veri yükleniyor:  53%|█████▎    | 9079/17204 [01:02<00:55, 145.51sinyal/s]
Veri yükleniyor:  53%|█████▎    | 9097/17204 [01:02<00:53, 152.85sinyal/s]
Veri yükleniyor:  53%|█████▎    | 9116/17204 [01:02<00:50, 161.56sinyal/s]
Veri yükleniyor:  53%|█████▎    | 9134/17204 [01:02<00:48, 165.80sinyal/s]
Veri yükleniyor:  53%|█████▎    | 9153/17204 [01:02<00:47, 170.98sinyal/s]
Veri yükleniyor:  53%|█████▎    | 9172/17204 [01:02<00:45, 175.59sinyal/s]
Veri yükleniyor:  53%|█████▎    | 9191/17204 [01:03<00:45, 176.71sinyal/s]
Veri yükleniyor:  54%|█████▎    | 9210/17204 [01:03<00:45, 177.49sinyal/s]
Veri yükleniyor:  54%|█████▎    | 9229/17204 [01:03<00:44, 180.04sinyal/s]
Veri yükleniyor:  54%|█████▍    | 9248/17204 [01:03<00:44, 180.77sinyal/s]
Veri yükleniyor:  54%|█████▍    | 9267/17204 [01:03<00:43, 182.22sinyal/s]
Veri yükleniyor:  54%|█████▍    | 9286/17204 [01:03<00:44, 177.02sinyal/s]
Veri yükleniyor:  54%|█████▍    | 9305/17204 [01:03<00:44, 178.94sinyal/s]
Veri yükleniyor:  54%|█████▍    | 9323/17204 [01:03<00:44, 177.02sinyal/s]
Veri yükleniyor:  54%|█████▍    | 9341/17204 [01:03<00:44, 177.55sinyal/s]
Veri yükleniyor:  54%|█████▍    | 9359/17204 [01:03<00:47, 164.45sinyal/s]
Veri yükleniyor:  54%|█████▍    | 9376/17204 [01:04<00:49, 158.11sinyal/s]
Veri yükleniyor:  55%|█████▍    | 9394/17204 [01:04<00:48, 161.93sinyal/s]
Veri yükleniyor:  55%|█████▍    | 9413/17204 [01:04<00:46, 167.52sinyal/s]
Veri yükleniyor:  55%|█████▍    | 9432/17204 [01:04<00:45, 172.45sinyal/s]
Veri yükleniyor:  55%|█████▍    | 9450/17204 [01:04<00:44, 173.12sinyal/s]
Veri yükleniyor:  55%|█████▌    | 9468/17204 [01:04<00:52, 146.00sinyal/s]
Veri yükleniyor:  55%|█████▌    | 9486/17204 [01:04<00:50, 154.24sinyal/s]
Veri yükleniyor:  55%|█████▌    | 9503/17204 [01:04<00:49, 156.66sinyal/s]
Veri yükleniyor:  55%|█████▌    | 9520/17204 [01:05<01:50, 69.76sinyal/s] 
Veri yükleniyor:  56%|█████▌    | 9558/17204 [01:05<01:06, 114.47sinyal/s]
Veri yükleniyor:  56%|█████▌    | 9595/17204 [01:05<00:48, 158.03sinyal/s]
Veri yükleniyor:  56%|█████▌    | 9633/17204 [01:05<00:37, 200.76sinyal/s]
Veri yükleniyor:  56%|█████▌    | 9671/17204 [01:05<00:31, 239.09sinyal/s]
Veri yükleniyor:  56%|█████▋    | 9703/17204 [01:06<00:32, 229.05sinyal/s]
Veri yükleniyor:  57%|█████▋    | 9732/17204 [01:06<00:34, 213.64sinyal/s]
Veri yükleniyor:  57%|█████▋    | 9758/17204 [01:06<00:36, 203.77sinyal/s]
Veri yükleniyor:  57%|█████▋    | 9781/17204 [01:06<00:37, 198.43sinyal/s]
Veri yükleniyor:  57%|█████▋    | 9803/17204 [01:06<00:38, 194.30sinyal/s]
Veri yükleniyor:  57%|█████▋    | 9824/17204 [01:06<00:38, 191.41sinyal/s]
Veri yükleniyor:  57%|█████▋    | 9844/17204 [01:06<00:39, 188.03sinyal/s]
Veri yükleniyor:  57%|█████▋    | 9864/17204 [01:06<00:39, 186.30sinyal/s]
Veri yükleniyor:  57%|█████▋    | 9883/17204 [01:07<00:39, 185.76sinyal/s]
Veri yükleniyor:  58%|█████▊    | 9902/17204 [01:07<00:39, 184.32sinyal/s]
Veri yükleniyor:  58%|█████▊    | 9921/17204 [01:07<00:39, 182.20sinyal/s]
Veri yükleniyor:  58%|█████▊    | 9940/17204 [01:07<00:39, 182.34sinyal/s]
Veri yükleniyor:  58%|█████▊    | 9959/17204 [01:07<00:39, 182.21sinyal/s]
Veri yükleniyor:  58%|█████▊    | 9978/17204 [01:07<00:40, 180.58sinyal/s]
Veri yükleniyor:  58%|█████▊    | 9997/17204 [01:07<00:39, 182.05sinyal/s]
Veri yükleniyor:  58%|█████▊    | 10016/17204 [01:07<00:39, 182.10sinyal/s]
Veri yükleniyor:  58%|█████▊    | 10035/17204 [01:07<00:39, 181.51sinyal/s]
Veri yükleniyor:  58%|█████▊    | 10054/17204 [01:07<00:40, 176.82sinyal/s]
Veri yükleniyor:  59%|█████▊    | 10072/17204 [01:08<00:40, 177.64sinyal/s]
Veri yükleniyor:  59%|█████▊    | 10090/17204 [01:08<00:40, 176.04sinyal/s]
Veri yükleniyor:  59%|█████▉    | 10109/17204 [01:08<00:39, 177.45sinyal/s]
Veri yükleniyor:  59%|█████▉    | 10127/17204 [01:08<00:39, 177.84sinyal/s]
Veri yükleniyor:  59%|█████▉    | 10145/17204 [01:08<00:40, 176.00sinyal/s]
Veri yükleniyor:  59%|█████▉    | 10163/17204 [01:08<00:39, 176.15sinyal/s]
Veri yükleniyor:  59%|█████▉    | 10181/17204 [01:08<00:40, 174.82sinyal/s]
Veri yükleniyor:  59%|█████▉    | 10199/17204 [01:09<01:34, 73.75sinyal/s] 
Veri yükleniyor:  60%|█████▉    | 10237/17204 [01:09<00:58, 119.05sinyal/s]
Veri yükleniyor:  60%|█████▉    | 10275/17204 [01:09<00:42, 164.28sinyal/s]
Veri yükleniyor:  60%|█████▉    | 10312/17204 [01:09<00:33, 204.68sinyal/s]
Veri yükleniyor:  60%|██████    | 10349/17204 [01:09<00:28, 241.15sinyal/s]
Veri yükleniyor:  60%|██████    | 10381/17204 [01:09<00:29, 230.93sinyal/s]
Veri yükleniyor:  61%|██████    | 10417/17204 [01:09<00:26, 260.96sinyal/s]
Veri yükleniyor:  61%|██████    | 10448/17204 [01:10<00:27, 243.41sinyal/s]
Veri yükleniyor:  61%|██████    | 10476/17204 [01:10<00:30, 220.79sinyal/s]
Veri yükleniyor:  61%|██████    | 10501/17204 [01:10<00:32, 208.52sinyal/s]
Veri yükleniyor:  61%|██████    | 10524/17204 [01:10<00:32, 203.30sinyal/s]
Veri yükleniyor:  61%|██████▏   | 10546/17204 [01:10<00:33, 197.71sinyal/s]
Veri yükleniyor:  61%|██████▏   | 10567/17204 [01:10<00:34, 191.30sinyal/s]
Veri yükleniyor:  62%|██████▏   | 10587/17204 [01:10<00:34, 189.49sinyal/s]
Veri yükleniyor:  62%|██████▏   | 10607/17204 [01:10<00:35, 184.59sinyal/s]
Veri yükleniyor:  62%|██████▏   | 10626/17204 [01:11<00:35, 184.95sinyal/s]
Veri yükleniyor:  62%|██████▏   | 10645/17204 [01:11<00:35, 184.19sinyal/s]
Veri yükleniyor:  62%|██████▏   | 10664/17204 [01:11<00:36, 180.93sinyal/s]
Veri yükleniyor:  62%|██████▏   | 10683/17204 [01:11<00:35, 182.18sinyal/s]
Veri yükleniyor:  62%|██████▏   | 10702/17204 [01:11<00:38, 167.98sinyal/s]
Veri yükleniyor:  62%|██████▏   | 10720/17204 [01:11<00:38, 168.57sinyal/s]
Veri yükleniyor:  62%|██████▏   | 10738/17204 [01:11<00:37, 170.19sinyal/s]
Veri yükleniyor:  63%|██████▎   | 10757/17204 [01:11<00:37, 173.82sinyal/s]
Veri yükleniyor:  63%|██████▎   | 10775/17204 [01:11<00:36, 174.59sinyal/s]
Veri yükleniyor:  63%|██████▎   | 10794/17204 [01:12<00:36, 177.41sinyal/s]
Veri yükleniyor:  63%|██████▎   | 10812/17204 [01:12<00:36, 177.52sinyal/s]
Veri yükleniyor:  63%|██████▎   | 10831/17204 [01:12<00:35, 179.54sinyal/s]
Veri yükleniyor:  63%|██████▎   | 10849/17204 [01:12<00:35, 179.40sinyal/s]
Veri yükleniyor:  63%|██████▎   | 10868/17204 [01:12<00:35, 180.46sinyal/s]
Veri yükleniyor:  63%|██████▎   | 10887/17204 [01:12<00:34, 182.34sinyal/s]
Veri yükleniyor:  63%|██████▎   | 10906/17204 [01:12<00:34, 181.77sinyal/s]
Veri yükleniyor:  64%|██████▎   | 10925/17204 [01:12<00:35, 179.36sinyal/s]
Veri yükleniyor:  64%|██████▎   | 10944/17204 [01:12<00:34, 179.95sinyal/s]
Veri yükleniyor:  64%|██████▎   | 10963/17204 [01:13<01:22, 76.01sinyal/s] 
Veri yükleniyor:  64%|██████▍   | 11000/17204 [01:13<00:52, 119.07sinyal/s]
Veri yükleniyor:  64%|██████▍   | 11037/17204 [01:13<00:38, 162.22sinyal/s]
Veri yükleniyor:  64%|██████▍   | 11074/17204 [01:13<00:30, 202.81sinyal/s]
Veri yükleniyor:  65%|██████▍   | 11111/17204 [01:13<00:25, 239.56sinyal/s]
Veri yükleniyor:  65%|██████▍   | 11146/17204 [01:13<00:22, 265.78sinyal/s]
Veri yükleniyor:  65%|██████▍   | 11179/17204 [01:14<00:24, 246.87sinyal/s]
Veri yükleniyor:  65%|██████▌   | 11208/17204 [01:14<00:26, 225.92sinyal/s]
Veri yükleniyor:  65%|██████▌   | 11234/17204 [01:14<00:28, 212.48sinyal/s]
Veri yükleniyor:  65%|██████▌   | 11258/17204 [01:14<00:29, 203.77sinyal/s]
Veri yükleniyor:  66%|██████▌   | 11280/17204 [01:14<00:29, 199.04sinyal/s]
Veri yükleniyor:  66%|██████▌   | 11301/17204 [01:14<00:30, 194.06sinyal/s]
Veri yükleniyor:  66%|██████▌   | 11322/17204 [01:14<00:30, 192.03sinyal/s]
Veri yükleniyor:  66%|██████▌   | 11342/17204 [01:15<00:30, 189.97sinyal/s]
Veri yükleniyor:  66%|██████▌   | 11362/17204 [01:15<00:31, 186.29sinyal/s]
Veri yükleniyor:  66%|██████▌   | 11381/17204 [01:15<00:31, 186.13sinyal/s]
Veri yükleniyor:  66%|██████▋   | 11400/17204 [01:15<00:31, 185.28sinyal/s]
Veri yükleniyor:  66%|██████▋   | 11419/17204 [01:15<00:31, 185.53sinyal/s]
Veri yükleniyor:  66%|██████▋   | 11438/17204 [01:15<00:31, 184.66sinyal/s]
Veri yükleniyor:  67%|██████▋   | 11457/17204 [01:15<00:31, 182.18sinyal/s]
Veri yükleniyor:  67%|██████▋   | 11476/17204 [01:15<00:31, 179.67sinyal/s]
Veri yükleniyor:  67%|██████▋   | 11494/17204 [01:15<00:31, 179.07sinyal/s]
Veri yükleniyor:  67%|██████▋   | 11512/17204 [01:15<00:31, 178.74sinyal/s]
Veri yükleniyor:  67%|██████▋   | 11530/17204 [01:16<00:31, 178.72sinyal/s]
Veri yükleniyor:  67%|██████▋   | 11548/17204 [01:16<00:31, 177.66sinyal/s]
Veri yükleniyor:  67%|██████▋   | 11567/17204 [01:16<00:31, 179.34sinyal/s]
Veri yükleniyor:  67%|██████▋   | 11585/17204 [01:16<00:31, 178.71sinyal/s]
Veri yükleniyor:  67%|██████▋   | 11604/17204 [01:16<00:31, 178.41sinyal/s]
Veri yükleniyor:  68%|██████▊   | 11623/17204 [01:16<00:31, 179.66sinyal/s]
Veri yükleniyor:  68%|██████▊   | 11642/17204 [01:16<00:30, 179.73sinyal/s]
Veri yükleniyor:  68%|██████▊   | 11660/17204 [01:16<00:31, 177.23sinyal/s]
Veri yükleniyor:  68%|██████▊   | 11679/17204 [01:16<00:31, 178.11sinyal/s]
Veri yükleniyor:  68%|██████▊   | 11697/17204 [01:16<00:31, 176.16sinyal/s]
Veri yükleniyor:  68%|██████▊   | 11715/17204 [01:17<01:16, 71.51sinyal/s] 
Veri yükleniyor:  68%|██████▊   | 11752/17204 [01:17<00:47, 113.99sinyal/s]
Veri yükleniyor:  69%|██████▊   | 11789/17204 [01:17<00:34, 156.93sinyal/s]
Veri yükleniyor:  69%|██████▊   | 11827/17204 [01:17<00:26, 199.58sinyal/s]
Veri yükleniyor:  69%|██████▉   | 11865/17204 [01:18<00:22, 238.47sinyal/s]
Veri yükleniyor:  69%|██████▉   | 11903/17204 [01:18<00:19, 270.91sinyal/s]
Veri yükleniyor:  69%|██████▉   | 11941/17204 [01:18<00:17, 297.06sinyal/s]
Veri yükleniyor:  70%|██████▉   | 11977/17204 [01:18<00:16, 313.26sinyal/s]
Veri yükleniyor:  70%|██████▉   | 12012/17204 [01:18<00:16, 315.46sinyal/s]
Veri yükleniyor:  70%|███████   | 12047/17204 [01:18<00:20, 255.70sinyal/s]
Veri yükleniyor:  70%|███████   | 12077/17204 [01:18<00:22, 229.07sinyal/s]
Veri yükleniyor:  70%|███████   | 12103/17204 [01:18<00:23, 214.35sinyal/s]
Veri yükleniyor:  70%|███████   | 12127/17204 [01:19<00:24, 204.07sinyal/s]
Veri yükleniyor:  71%|███████   | 12149/17204 [01:19<00:25, 197.89sinyal/s]
Veri yükleniyor:  71%|███████   | 12170/17204 [01:19<00:25, 194.22sinyal/s]
Veri yükleniyor:  71%|███████   | 12190/17204 [01:19<00:26, 191.10sinyal/s]
Veri yükleniyor:  71%|███████   | 12210/17204 [01:19<00:26, 187.40sinyal/s]
Veri yükleniyor:  71%|███████   | 12229/17204 [01:19<00:26, 186.66sinyal/s]
Veri yükleniyor:  71%|███████   | 12248/17204 [01:19<00:27, 182.52sinyal/s]
Veri yükleniyor:  71%|███████▏  | 12267/17204 [01:19<00:27, 182.74sinyal/s]
Veri yükleniyor:  71%|███████▏  | 12286/17204 [01:19<00:27, 178.75sinyal/s]
Veri yükleniyor:  72%|███████▏  | 12304/17204 [01:20<00:27, 176.76sinyal/s]
Veri yükleniyor:  72%|███████▏  | 12322/17204 [01:20<00:27, 176.47sinyal/s]
Veri yükleniyor:  72%|███████▏  | 12341/17204 [01:20<00:27, 177.96sinyal/s]
Veri yükleniyor:  72%|███████▏  | 12359/17204 [01:20<00:27, 175.97sinyal/s]
Veri yükleniyor:  72%|███████▏  | 12377/17204 [01:20<00:32, 149.42sinyal/s]
Veri yükleniyor:  72%|███████▏  | 12396/17204 [01:20<00:30, 159.04sinyal/s]
Veri yükleniyor:  72%|███████▏  | 12414/17204 [01:20<00:29, 163.33sinyal/s]
Veri yükleniyor:  72%|███████▏  | 12432/17204 [01:20<00:28, 167.56sinyal/s]
Veri yükleniyor:  72%|███████▏  | 12451/17204 [01:20<00:27, 171.62sinyal/s]
Veri yükleniyor:  72%|███████▏  | 12470/17204 [01:21<00:27, 174.97sinyal/s]
Veri yükleniyor:  73%|███████▎  | 12488/17204 [01:21<00:26, 175.71sinyal/s]
Veri yükleniyor:  73%|███████▎  | 12506/17204 [01:21<00:27, 173.85sinyal/s]
Veri yükleniyor:  73%|███████▎  | 12524/17204 [01:21<01:03, 74.12sinyal/s] 
Veri yükleniyor:  73%|███████▎  | 12562/17204 [01:21<00:38, 119.14sinyal/s]
Veri yükleniyor:  73%|███████▎  | 12600/17204 [01:22<00:28, 164.28sinyal/s]
Veri yükleniyor:  73%|███████▎  | 12638/17204 [01:22<00:22, 207.14sinyal/s]
Veri yükleniyor:  74%|███████▎  | 12675/17204 [01:22<00:18, 243.03sinyal/s]
Veri yükleniyor:  74%|███████▍  | 12712/17204 [01:22<00:16, 272.93sinyal/s]
Veri yükleniyor:  74%|███████▍  | 12750/17204 [01:22<00:14, 298.63sinyal/s]
Veri yükleniyor:  74%|███████▍  | 12788/17204 [01:22<00:13, 318.69sinyal/s]
Veri yükleniyor:  75%|███████▍  | 12825/17204 [01:22<00:13, 331.47sinyal/s]
Veri yükleniyor:  75%|███████▍  | 12861/17204 [01:22<00:15, 287.46sinyal/s]
Veri yükleniyor:  75%|███████▍  | 12893/17204 [01:22<00:17, 242.96sinyal/s]
Veri yükleniyor:  75%|███████▌  | 12921/17204 [01:23<00:19, 221.20sinyal/s]
Veri yükleniyor:  75%|███████▌  | 12946/17204 [01:23<00:20, 210.03sinyal/s]
Veri yükleniyor:  75%|███████▌  | 12969/17204 [01:23<00:20, 203.02sinyal/s]
Veri yükleniyor:  76%|███████▌  | 12991/17204 [01:23<00:21, 194.51sinyal/s]
Veri yükleniyor:  76%|███████▌  | 13012/17204 [01:23<00:21, 193.30sinyal/s]
Veri yükleniyor:  76%|███████▌  | 13032/17204 [01:23<00:22, 188.06sinyal/s]
Veri yükleniyor:  76%|███████▌  | 13052/17204 [01:23<00:22, 186.72sinyal/s]
Veri yükleniyor:  76%|███████▌  | 13071/17204 [01:23<00:22, 184.61sinyal/s]
Veri yükleniyor:  76%|███████▌  | 13090/17204 [01:24<00:22, 181.89sinyal/s]
Veri yükleniyor:  76%|███████▌  | 13109/17204 [01:24<00:22, 181.43sinyal/s]
Veri yükleniyor:  76%|███████▋  | 13128/17204 [01:24<00:22, 181.46sinyal/s]
Veri yükleniyor:  76%|███████▋  | 13147/17204 [01:24<00:22, 182.09sinyal/s]
Veri yükleniyor:  77%|███████▋  | 13166/17204 [01:24<00:22, 180.54sinyal/s]
Veri yükleniyor:  77%|███████▋  | 13185/17204 [01:24<00:22, 181.54sinyal/s]
Veri yükleniyor:  77%|███████▋  | 13204/17204 [01:24<00:22, 180.14sinyal/s]
Veri yükleniyor:  77%|███████▋  | 13223/17204 [01:24<00:21, 181.25sinyal/s]
Veri yükleniyor:  77%|███████▋  | 13242/17204 [01:24<00:21, 181.69sinyal/s]
Veri yükleniyor:  77%|███████▋  | 13261/17204 [01:25<00:22, 178.35sinyal/s]
Veri yükleniyor:  77%|███████▋  | 13280/17204 [01:25<00:21, 179.69sinyal/s]
Veri yükleniyor:  77%|███████▋  | 13299/17204 [01:25<00:21, 180.89sinyal/s]
Veri yükleniyor:  77%|███████▋  | 13318/17204 [01:25<00:21, 178.49sinyal/s]
Veri yükleniyor:  78%|███████▊  | 13336/17204 [01:25<00:21, 178.10sinyal/s]
Veri yükleniyor:  78%|███████▊  | 13372/17204 [01:25<00:16, 230.64sinyal/s]
Veri yükleniyor:  78%|███████▊  | 13408/17204 [01:25<00:14, 268.39sinyal/s]
Veri yükleniyor:  78%|███████▊  | 13444/17204 [01:25<00:12, 293.64sinyal/s]
Veri yükleniyor:  78%|███████▊  | 13481/17204 [01:25<00:11, 314.72sinyal/s]
Veri yükleniyor:  79%|███████▊  | 13515/17204 [01:25<00:11, 321.18sinyal/s]
Veri yükleniyor:  79%|███████▉  | 13552/17204 [01:26<00:10, 335.63sinyal/s]
Veri yükleniyor:  79%|███████▉  | 13586/17204 [01:26<00:11, 323.59sinyal/s]
Veri yükleniyor:  79%|███████▉  | 13619/17204 [01:26<00:13, 258.62sinyal/s]
Veri yükleniyor:  79%|███████▉  | 13647/17204 [01:26<00:15, 224.71sinyal/s]
Veri yükleniyor:  79%|███████▉  | 13672/17204 [01:26<00:19, 181.94sinyal/s]
Veri yükleniyor:  80%|███████▉  | 13693/17204 [01:26<00:20, 172.69sinyal/s]
Veri yükleniyor:  80%|███████▉  | 13712/17204 [01:26<00:20, 174.38sinyal/s]
Veri yükleniyor:  80%|███████▉  | 13731/17204 [01:27<00:19, 176.21sinyal/s]
Veri yükleniyor:  80%|███████▉  | 13750/17204 [01:27<00:19, 176.81sinyal/s]
Veri yükleniyor:  80%|████████  | 13769/17204 [01:27<00:19, 178.36sinyal/s]
Veri yükleniyor:  80%|████████  | 13788/17204 [01:27<00:18, 179.94sinyal/s]
Veri yükleniyor:  80%|████████  | 13807/17204 [01:27<00:18, 180.00sinyal/s]
Veri yükleniyor:  80%|████████  | 13826/17204 [01:27<00:18, 179.20sinyal/s]
Veri yükleniyor:  80%|████████  | 13845/17204 [01:27<00:19, 176.05sinyal/s]
Veri yükleniyor:  81%|████████  | 13863/17204 [01:27<00:18, 176.76sinyal/s]
Veri yükleniyor:  81%|████████  | 13881/17204 [01:27<00:18, 177.48sinyal/s]
Veri yükleniyor:  81%|████████  | 13900/17204 [01:28<00:18, 179.24sinyal/s]
Veri yükleniyor:  81%|████████  | 13919/17204 [01:28<00:18, 180.44sinyal/s]
Veri yükleniyor:  81%|████████  | 13938/17204 [01:28<00:18, 179.79sinyal/s]
Veri yükleniyor:  81%|████████  | 13957/17204 [01:28<00:18, 179.67sinyal/s]
Veri yükleniyor:  81%|████████  | 13976/17204 [01:28<00:17, 180.73sinyal/s]
Veri yükleniyor:  81%|████████▏ | 13995/17204 [01:28<00:17, 178.45sinyal/s]
Veri yükleniyor:  81%|████████▏ | 14013/17204 [01:28<00:17, 177.74sinyal/s]
Veri yükleniyor:  82%|████████▏ | 14031/17204 [01:28<00:21, 150.77sinyal/s]
Veri yükleniyor:  82%|████████▏ | 14048/17204 [01:28<00:20, 153.62sinyal/s]
Veri yükleniyor:  82%|████████▏ | 14066/17204 [01:29<00:19, 159.14sinyal/s]
Veri yükleniyor:  82%|████████▏ | 14083/17204 [01:29<00:44, 69.96sinyal/s] 
Veri yükleniyor:  82%|████████▏ | 14120/17204 [01:29<00:27, 113.02sinyal/s]
Veri yükleniyor:  82%|████████▏ | 14158/17204 [01:29<00:19, 158.41sinyal/s]
Veri yükleniyor:  83%|████████▎ | 14196/17204 [01:29<00:14, 201.34sinyal/s]
Veri yükleniyor:  83%|████████▎ | 14233/17204 [01:30<00:12, 237.82sinyal/s]
Veri yükleniyor:  83%|████████▎ | 14271/17204 [01:30<00:10, 270.00sinyal/s]
Veri yükleniyor:  83%|████████▎ | 14308/17204 [01:30<00:09, 294.73sinyal/s]
Veri yükleniyor:  83%|████████▎ | 14345/17204 [01:30<00:09, 314.18sinyal/s]
Veri yükleniyor:  84%|████████▎ | 14382/17204 [01:30<00:08, 328.61sinyal/s]
Veri yükleniyor:  84%|████████▍ | 14420/17204 [01:30<00:08, 340.55sinyal/s]
Veri yükleniyor:  84%|████████▍ | 14456/17204 [01:30<00:07, 345.80sinyal/s]
Veri yükleniyor:  84%|████████▍ | 14492/17204 [01:30<00:07, 349.49sinyal/s]
Veri yükleniyor:  84%|████████▍ | 14529/17204 [01:30<00:07, 353.92sinyal/s]
Veri yükleniyor:  85%|████████▍ | 14566/17204 [01:34<01:13, 35.71sinyal/s] 
Veri yükleniyor:  85%|████████▍ | 14603/17204 [01:34<00:53, 49.06sinyal/s]
Veri yükleniyor:  85%|████████▌ | 14641/17204 [01:34<00:38, 66.89sinyal/s]
Veri yükleniyor:  85%|████████▌ | 14679/17204 [01:34<00:28, 89.18sinyal/s]
Veri yükleniyor:  86%|████████▌ | 14717/17204 [01:34<00:21, 115.87sinyal/s]
Veri yükleniyor:  86%|████████▌ | 14755/17204 [01:34<00:16, 146.27sinyal/s]
Veri yükleniyor:  86%|████████▌ | 14792/17204 [01:34<00:13, 178.07sinyal/s]
Veri yükleniyor:  86%|████████▌ | 14829/17204 [01:34<00:11, 209.85sinyal/s]
Veri yükleniyor:  86%|████████▋ | 14866/17204 [01:34<00:09, 239.73sinyal/s]
Veri yükleniyor:  87%|████████▋ | 14902/17204 [01:38<01:06, 34.82sinyal/s] 
Veri yükleniyor:  87%|████████▋ | 14928/17204 [01:38<00:52, 43.12sinyal/s]
Veri yükleniyor:  87%|████████▋ | 14965/17204 [01:38<00:37, 60.12sinyal/s]
Veri yükleniyor:  87%|████████▋ | 15003/17204 [01:38<00:26, 82.12sinyal/s]
Veri yükleniyor:  87%|████████▋ | 15040/17204 [01:38<00:20, 107.89sinyal/s]
Veri yükleniyor:  88%|████████▊ | 15076/17204 [01:38<00:15, 136.23sinyal/s]
Veri yükleniyor:  88%|████████▊ | 15114/17204 [01:38<00:12, 169.76sinyal/s]
Veri yükleniyor:  88%|████████▊ | 15150/17204 [01:38<00:10, 201.16sinyal/s]
Veri yükleniyor:  88%|████████▊ | 15188/17204 [01:38<00:08, 234.53sinyal/s]
Veri yükleniyor:  88%|████████▊ | 15224/17204 [01:38<00:07, 259.29sinyal/s]
Veri yükleniyor:  89%|████████▊ | 15260/17204 [01:42<00:56, 34.70sinyal/s] 
Veri yükleniyor:  89%|████████▉ | 15298/17204 [01:42<00:39, 48.20sinyal/s]
Veri yükleniyor:  89%|████████▉ | 15336/17204 [01:42<00:28, 65.71sinyal/s]
Veri yükleniyor:  89%|████████▉ | 15374/17204 [01:42<00:20, 87.72sinyal/s]
Veri yükleniyor:  90%|████████▉ | 15412/17204 [01:42<00:15, 114.24sinyal/s]
Veri yükleniyor:  90%|████████▉ | 15450/17204 [01:42<00:12, 144.62sinyal/s]
Veri yükleniyor:  90%|█████████ | 15487/17204 [01:42<00:09, 176.01sinyal/s]
Veri yükleniyor:  90%|█████████ | 15523/17204 [01:42<00:08, 201.31sinyal/s]
Veri yükleniyor:  90%|█████████ | 15560/17204 [01:42<00:07, 232.43sinyal/s]
Veri yükleniyor:  91%|█████████ | 15597/17204 [01:43<00:06, 261.16sinyal/s]
Veri yükleniyor:  91%|█████████ | 15633/17204 [01:46<00:45, 34.90sinyal/s] 
Veri yükleniyor:  91%|█████████ | 15659/17204 [01:46<00:35, 43.18sinyal/s]
Veri yükleniyor:  91%|█████████ | 15696/17204 [01:46<00:25, 60.26sinyal/s]
Veri yükleniyor:  91%|█████████▏| 15734/17204 [01:46<00:17, 82.40sinyal/s]
Veri yükleniyor:  92%|█████████▏| 15771/17204 [01:46<00:13, 108.34sinyal/s]
Veri yükleniyor:  92%|█████████▏| 15808/17204 [01:46<00:10, 138.07sinyal/s]
Veri yükleniyor:  92%|█████████▏| 15845/17204 [01:46<00:07, 170.04sinyal/s]
Veri yükleniyor:  92%|█████████▏| 15881/17204 [01:46<00:06, 201.07sinyal/s]
Veri yükleniyor:  93%|█████████▎| 15917/17204 [01:47<00:05, 230.87sinyal/s]
Veri yükleniyor:  93%|█████████▎| 15952/17204 [01:47<00:04, 255.99sinyal/s]
Veri yükleniyor:  93%|█████████▎| 15988/17204 [01:47<00:04, 279.78sinyal/s]
Veri yükleniyor:  93%|█████████▎| 16024/17204 [01:50<00:34, 34.44sinyal/s] 
Veri yükleniyor:  93%|█████████▎| 16062/17204 [01:50<00:23, 48.06sinyal/s]
Veri yükleniyor:  94%|█████████▎| 16100/17204 [01:50<00:16, 65.71sinyal/s]
Veri yükleniyor:  94%|█████████▍| 16138/17204 [01:50<00:12, 87.84sinyal/s]
Veri yükleniyor:  94%|█████████▍| 16176/17204 [01:50<00:08, 114.42sinyal/s]
Veri yükleniyor:  94%|█████████▍| 16213/17204 [01:50<00:06, 143.66sinyal/s]
Veri yükleniyor:  94%|█████████▍| 16251/17204 [01:51<00:05, 176.80sinyal/s]
Veri yükleniyor:  95%|█████████▍| 16289/17204 [01:51<00:04, 210.05sinyal/s]
Veri yükleniyor:  95%|█████████▍| 16326/17204 [01:51<00:03, 240.70sinyal/s]
Veri yükleniyor:  95%|█████████▌| 16364/17204 [01:51<00:03, 269.82sinyal/s]
Veri yükleniyor:  95%|█████████▌| 16401/17204 [01:51<00:02, 289.82sinyal/s]
Veri yükleniyor:  96%|█████████▌| 16439/17204 [01:51<00:02, 310.63sinyal/s]
Veri yükleniyor:  96%|█████████▌| 16476/17204 [01:51<00:02, 324.52sinyal/s]
Veri yükleniyor:  96%|█████████▌| 16513/17204 [01:51<00:02, 336.71sinyal/s]
Veri yükleniyor:  96%|█████████▌| 16550/17204 [01:54<00:15, 42.38sinyal/s] 
Veri yükleniyor:  96%|█████████▋| 16577/17204 [01:54<00:12, 52.14sinyal/s]
Veri yükleniyor:  97%|█████████▋| 16612/17204 [01:54<00:08, 70.39sinyal/s]
Veri yükleniyor:  97%|█████████▋| 16649/17204 [01:54<00:05, 94.48sinyal/s]
Veri yükleniyor:  97%|█████████▋| 16687/17204 [01:54<00:04, 123.71sinyal/s]
Veri yükleniyor:  97%|█████████▋| 16724/17204 [01:54<00:03, 155.14sinyal/s]
Veri yükleniyor:  97%|█████████▋| 16760/17204 [01:55<00:02, 186.81sinyal/s]
Veri yükleniyor:  98%|█████████▊| 16797/17204 [01:55<00:01, 219.18sinyal/s]
Veri yükleniyor:  98%|█████████▊| 16835/17204 [01:55<00:01, 251.09sinyal/s]
Veri yükleniyor:  98%|█████████▊| 16873/17204 [01:55<00:01, 278.91sinyal/s]
Veri yükleniyor:  98%|█████████▊| 16911/17204 [01:55<00:00, 302.08sinyal/s]
Veri yükleniyor:  99%|█████████▊| 16948/17204 [01:55<00:00, 317.91sinyal/s]
Veri yükleniyor:  99%|█████████▊| 16985/17204 [01:55<00:00, 328.88sinyal/s]
Veri yükleniyor:  99%|█████████▉| 17022/17204 [01:55<00:00, 339.92sinyal/s]
Veri yükleniyor:  99%|█████████▉| 17059/17204 [01:55<00:00, 342.94sinyal/s]
Veri yükleniyor:  99%|█████████▉| 17096/17204 [01:55<00:00, 348.68sinyal/s]
Veri yükleniyor: 100%|█████████▉| 17133/17204 [01:56<00:00, 354.73sinyal/s]
Veri yükleniyor: 100%|█████████▉| 17170/17204 [01:56<00:00, 354.07sinyal/s]
Veri yükleniyor: 100%|██████████| 17204/17204 [01:56<00:00, 147.93sinyal/s]

✓ RAM Cache hazır: 0.49 GB (17,204 sinyal)
======================================================================


======================================================================
✓ SEQUENCE DATASET OLUŞTURULDU
======================================================================
  Toplam sequence: 4281
  Sequence length: 5 epoch
  Stride: 1
  Kanallar: ['C3-M2', 'F4-M1', 'E1-M2', 'CHIN1-CHIN2']
  Hasta sayısı: 5
======================================================================


======================================================================
✓ SEQUENCE DATALOADERS HAZIR!
======================================================================
  Train: 5739 batch (22959 sequence)
  Val:   1083 batch (4331 sequence)
  Test:  1071 batch (4281 sequence)

  Batch shape: [4, 5, n_channels, 7680]
======================================================================


======================================================================
DEEPSLEEPNET MODEL (4GB VRAM Optimized)
======================================================================

📊 Configuration:
  Input channels: 4
  Sample rate: 256 Hz
  Samples per epoch: 7680
  Sequence length: 5 epochs
  Output classes: 5

🏗️  Architecture:
  [Stage 1] Representation Learning (Two-Branch CNN):
    - Small filter branch: kernel=128 (~0.5s window)
    - Large filter branch: kernel=1024 (~4s window)
    - CNN output features: 3072

  [Stage 2] Sequence Residual Learning (BiLSTM):
    - LSTM hidden size: 128 × 2 (bidirectional)
    - Residual FC: 3072 → 256
    - Stacked BiLSTM layers: 2
    - Dropout: 0.5

📈 Parameters:
  Total: 6,127,242
  Trainable: 6,127,242
  Est. memory (FP32): ~70 MB
======================================================================


======================================================================
CLASS WEIGHTS HESAPLANIYOR
======================================================================
Class weights:
  W: 2.2854
  N1: 3.8645
  N2: 0.3870
  N3: 1.0984
  REM: 1.2354
======================================================================


======================================================================
TRAINER INITIALIZED
======================================================================
  Sequence mode: True
  Mixed precision (FP16): False
  Gradient accumulation: 1 steps
  Gradient clipping: True (max_norm=0.5)
  Effective batch size: 4
======================================================================


======================================================================
TRAINING BAŞLIYOR
======================================================================
Epochs: 50
Batch size: 4
Learning rate: 0.0001
Device: cuda
======================================================================


Epoch [1/50]
----------------------------------------------------------------------
  Batch [10/5739] Loss: 4.9145 | Acc: 20.00%
  Batch [20/5739] Loss: 5.0306 | Acc: 20.00%
  Batch [30/5739] Loss: 5.1831 | Acc: 19.00%
  Batch [40/5739] Loss: 4.9714 | Acc: 21.12%
  Batch [50/5739] Loss: 4.9103 | Acc: 21.60%
  Batch [60/5739] Loss: 4.8671 | Acc: 21.42%
  Batch [70/5739] Loss: 4.8550 | Acc: 21.86%
  Batch [80/5739] Loss: 4.8379 | Acc: 21.94%
  Batch [90/5739] Loss: 4.8133 | Acc: 22.17%
  Batch [100/5739] Loss: 4.7518 | Acc: 22.55%
  Batch [110/5739] Loss: 4.7201 | Acc: 23.05%
  Batch [120/5739] Loss: 4.6401 | Acc: 23.42%
  Batch [130/5739] Loss: 4.6056 | Acc: 23.69%
  Batch [140/5739] Loss: 4.5676 | Acc: 24.11%
  Batch [150/5739] Loss: 4.5002 | Acc: 25.10%
  Batch [160/5739] Loss: 4.4943 | Acc: 25.56%
  Batch [170/5739] Loss: 4.5359 | Acc: 25.50%
  Batch [180/5739] Loss: 4.5109 | Acc: 25.86%
  Batch [190/5739] Loss: 4.5344 | Acc: 25.89%
  Batch [200/5739] Loss: 4.5513 | Acc: 25.80%
  Batch [210/5739] Loss: 4.5265 | Acc: 25.93%
  Batch [220/5739] Loss: 4.5325 | Acc: 25.80%
  Batch [230/5739] Loss: 4.5042 | Acc: 25.91%
  Batch [240/5739] Loss: 4.4977 | Acc: 26.02%
  Batch [250/5739] Loss: 4.4981 | Acc: 25.76%
  Batch [260/5739] Loss: 4.4883 | Acc: 25.67%
  Batch [270/5739] Loss: 4.4790 | Acc: 25.46%
  Batch [280/5739] Loss: 4.4696 | Acc: 25.30%
  Batch [290/5739] Loss: 4.4515 | Acc: 25.55%
  Batch [300/5739] Loss: 4.4413 | Acc: 25.63%
  Batch [310/5739] Loss: 4.4312 | Acc: 25.85%
  Batch [320/5739] Loss: 4.4249 | Acc: 25.83%
  Batch [330/5739] Loss: 4.4271 | Acc: 25.70%
  Batch [340/5739] Loss: 4.4358 | Acc: 25.84%
  Batch [350/5739] Loss: 4.4357 | Acc: 26.00%
  Batch [360/5739] Loss: 4.4294 | Acc: 26.33%
  Batch [370/5739] Loss: 4.4308 | Acc: 26.35%
  Batch [380/5739] Loss: 4.4181 | Acc: 26.38%
  Batch [390/5739] Loss: 4.4118 | Acc: 26.19%
  Batch [400/5739] Loss: 4.3996 | Acc: 26.29%
  Batch [410/5739] Loss: 4.4000 | Acc: 26.34%
  Batch [420/5739] Loss: 4.3993 | Acc: 26.32%
  Batch [430/5739] Loss: 4.3799 | Acc: 26.30%
  Batch [440/5739] Loss: 4.3709 | Acc: 26.35%
  Batch [450/5739] Loss: 4.3599 | Acc: 26.50%
  Batch [460/5739] Loss: 4.3341 | Acc: 26.58%
  Batch [470/5739] Loss: 4.3344 | Acc: 26.49%
  Batch [480/5739] Loss: 4.3313 | Acc: 26.42%
  Batch [490/5739] Loss: 4.3238 | Acc: 26.45%
  Batch [500/5739] Loss: 4.3090 | Acc: 26.54%
  Batch [510/5739] Loss: 4.2937 | Acc: 26.65%
  Batch [520/5739] Loss: 4.2795 | Acc: 26.72%
  Batch [530/5739] Loss: 4.2738 | Acc: 26.74%
  Batch [540/5739] Loss: 4.2705 | Acc: 26.75%
  Batch [550/5739] Loss: 4.2557 | Acc: 26.79%
  Batch [560/5739] Loss: 4.2331 | Acc: 27.04%
  Batch [570/5739] Loss: 4.2235 | Acc: 27.09%
  Batch [580/5739] Loss: 4.2205 | Acc: 27.16%
  Batch [590/5739] Loss: 4.2033 | Acc: 27.36%
  Batch [600/5739] Loss: 4.1893 | Acc: 27.62%
  Batch [610/5739] Loss: 4.1837 | Acc: 27.83%
  Batch [620/5739] Loss: 4.1721 | Acc: 27.86%
  Batch [630/5739] Loss: 4.1662 | Acc: 27.86%
  Batch [640/5739] Loss: 4.1572 | Acc: 27.84%
  Batch [650/5739] Loss: 4.1536 | Acc: 27.98%
  Batch [660/5739] Loss: 4.1460 | Acc: 27.93%
  Batch [670/5739] Loss: 4.1370 | Acc: 27.93%
  Batch [680/5739] Loss: 4.1345 | Acc: 27.90%
  Batch [690/5739] Loss: 4.1286 | Acc: 27.93%
  Batch [700/5739] Loss: 4.1254 | Acc: 27.93%
  Batch [710/5739] Loss: 4.1205 | Acc: 28.11%
  Batch [720/5739] Loss: 4.1277 | Acc: 28.05%
  Batch [730/5739] Loss: 4.1261 | Acc: 28.01%
  Batch [740/5739] Loss: 4.1164 | Acc: 27.95%
  Batch [750/5739] Loss: 4.1092 | Acc: 27.96%
  Batch [760/5739] Loss: 4.0955 | Acc: 28.09%
  Batch [770/5739] Loss: 4.0845 | Acc: 28.24%
  Batch [780/5739] Loss: 4.0772 | Acc: 28.34%
  Batch [790/5739] Loss: 4.0705 | Acc: 28.35%
  Batch [800/5739] Loss: 4.0583 | Acc: 28.37%
  Batch [810/5739] Loss: 4.0549 | Acc: 28.36%
  Batch [820/5739] Loss: 4.0454 | Acc: 28.38%
  Batch [830/5739] Loss: 4.0410 | Acc: 28.45%
  Batch [840/5739] Loss: 4.0360 | Acc: 28.48%
  Batch [850/5739] Loss: 4.0244 | Acc: 28.51%
  Batch [860/5739] Loss: 4.0211 | Acc: 28.43%
  Batch [870/5739] Loss: 4.0177 | Acc: 28.49%
  Batch [880/5739] Loss: 4.0117 | Acc: 28.54%
  Batch [890/5739] Loss: 4.0066 | Acc: 28.59%
  Batch [900/5739] Loss: 4.0052 | Acc: 28.56%
  Batch [910/5739] Loss: 3.9956 | Acc: 28.58%
  Batch [920/5739] Loss: 3.9946 | Acc: 28.57%
  Batch [930/5739] Loss: 3.9923 | Acc: 28.53%
  Batch [940/5739] Loss: 3.9897 | Acc: 28.45%
  Batch [950/5739] Loss: 3.9795 | Acc: 28.46%
  Batch [960/5739] Loss: 3.9806 | Acc: 28.43%
  Batch [970/5739] Loss: 3.9773 | Acc: 28.44%
  Batch [980/5739] Loss: 3.9678 | Acc: 28.51%
  Batch [990/5739] Loss: 3.9659 | Acc: 28.41%
  Batch [1000/5739] Loss: 3.9570 | Acc: 28.44%
  Batch [1010/5739] Loss: 3.9498 | Acc: 28.44%
  Batch [1020/5739] Loss: 3.9466 | Acc: 28.42%
  Batch [1030/5739] Loss: 3.9422 | Acc: 28.53%
  Batch [1040/5739] Loss: 3.9445 | Acc: 28.62%
  Batch [1050/5739] Loss: 3.9466 | Acc: 28.67%
  Batch [1060/5739] Loss: 3.9416 | Acc: 28.71%
  Batch [1070/5739] Loss: 3.9326 | Acc: 28.75%
  Batch [1080/5739] Loss: 3.9298 | Acc: 28.71%
  Batch [1090/5739] Loss: 3.9279 | Acc: 28.74%
  Batch [1100/5739] Loss: 3.9161 | Acc: 28.84%
  Batch [1110/5739] Loss: 3.9142 | Acc: 28.86%
  Batch [1120/5739] Loss: 3.9191 | Acc: 28.82%
  Batch [1130/5739] Loss: 3.9115 | Acc: 28.87%
  Batch [1140/5739] Loss: 3.9073 | Acc: 28.88%
  Batch [1150/5739] Loss: 3.8977 | Acc: 28.92%
  Batch [1160/5739] Loss: 3.8897 | Acc: 28.94%
  Batch [1170/5739] Loss: 3.8864 | Acc: 28.94%
  Batch [1180/5739] Loss: 3.8810 | Acc: 28.97%
  Batch [1190/5739] Loss: 3.8735 | Acc: 29.01%
  Batch [1200/5739] Loss: 3.8710 | Acc: 28.98%
  Batch [1210/5739] Loss: 3.8661 | Acc: 29.00%
  Batch [1220/5739] Loss: 3.8593 | Acc: 29.02%
  Batch [1230/5739] Loss: 3.8530 | Acc: 29.04%
  Batch [1240/5739] Loss: 3.8442 | Acc: 29.06%
  Batch [1250/5739] Loss: 3.8448 | Acc: 29.04%
  Batch [1260/5739] Loss: 3.8399 | Acc: 29.12%
  Batch [1270/5739] Loss: 3.8360 | Acc: 29.17%
  Batch [1280/5739] Loss: 3.8292 | Acc: 29.19%
  Batch [1290/5739] Loss: 3.8294 | Acc: 29.21%
  Batch [1300/5739] Loss: 3.8208 | Acc: 29.23%
  Batch [1310/5739] Loss: 3.8183 | Acc: 29.24%
  Batch [1320/5739] Loss: 3.8141 | Acc: 29.28%
  Batch [1330/5739] Loss: 3.8105 | Acc: 29.29%
  Batch [1340/5739] Loss: 3.8044 | Acc: 29.29%
  Batch [1350/5739] Loss: 3.8005 | Acc: 29.34%
  Batch [1360/5739] Loss: 3.7929 | Acc: 29.42%
  Batch [1370/5739] Loss: 3.7905 | Acc: 29.45%
  Batch [1380/5739] Loss: 3.7849 | Acc: 29.49%
  Batch [1390/5739] Loss: 3.7837 | Acc: 29.46%
  Batch [1400/5739] Loss: 3.7817 | Acc: 29.50%
  Batch [1410/5739] Loss: 3.7769 | Acc: 29.51%
  Batch [1420/5739] Loss: 3.7735 | Acc: 29.49%
  Batch [1430/5739] Loss: 3.7669 | Acc: 29.50%
  Batch [1440/5739] Loss: 3.7641 | Acc: 29.58%
  Batch [1450/5739] Loss: 3.7569 | Acc: 29.66%
  Batch [1460/5739] Loss: 3.7519 | Acc: 29.73%
  Batch [1470/5739] Loss: 3.7472 | Acc: 29.78%
  Batch [1480/5739] Loss: 3.7381 | Acc: 29.82%
  Batch [1490/5739] Loss: 3.7373 | Acc: 29.80%
  Batch [1500/5739] Loss: 3.7328 | Acc: 29.85%
  Batch [1510/5739] Loss: 3.7261 | Acc: 29.94%
  Batch [1520/5739] Loss: 3.7230 | Acc: 29.97%
  Batch [1530/5739] Loss: 3.7181 | Acc: 29.99%
  Batch [1540/5739] Loss: 3.7127 | Acc: 30.04%
  Batch [1550/5739] Loss: 3.7089 | Acc: 30.06%
  Batch [1560/5739] Loss: 3.7013 | Acc: 30.08%
  Batch [1570/5739] Loss: 3.6959 | Acc: 30.11%
  Batch [1580/5739] Loss: 3.6886 | Acc: 30.13%
  Batch [1590/5739] Loss: 3.6837 | Acc: 30.19%
  Batch [1600/5739] Loss: 3.6815 | Acc: 30.21%
  Batch [1610/5739] Loss: 3.6830 | Acc: 30.20%
  Batch [1620/5739] Loss: 3.6772 | Acc: 30.16%
  Batch [1630/5739] Loss: 3.6716 | Acc: 30.19%
  Batch [1640/5739] Loss: 3.6662 | Acc: 30.20%
  Batch [1650/5739] Loss: 3.6620 | Acc: 30.23%
  Batch [1660/5739] Loss: 3.6572 | Acc: 30.20%
  Batch [1670/5739] Loss: 3.6520 | Acc: 30.20%
  Batch [1680/5739] Loss: 3.6463 | Acc: 30.29%
  Batch [1690/5739] Loss: 3.6433 | Acc: 30.33%
  Batch [1700/5739] Loss: 3.6383 | Acc: 30.37%
  Batch [1710/5739] Loss: 3.6349 | Acc: 30.40%
  Batch [1720/5739] Loss: 3.6295 | Acc: 30.41%
  Batch [1730/5739] Loss: 3.6281 | Acc: 30.43%
  Batch [1740/5739] Loss: 3.6232 | Acc: 30.45%
  Batch [1750/5739] Loss: 3.6157 | Acc: 30.47%
  Batch [1760/5739] Loss: 3.6081 | Acc: 30.51%
  Batch [1770/5739] Loss: 3.6042 | Acc: 30.49%
  Batch [1780/5739] Loss: 3.5963 | Acc: 30.53%
  Batch [1790/5739] Loss: 3.5900 | Acc: 30.54%
  Batch [1800/5739] Loss: 3.5851 | Acc: 30.59%
  Batch [1810/5739] Loss: 3.5815 | Acc: 30.65%
  Batch [1820/5739] Loss: 3.5800 | Acc: 30.65%
  Batch [1830/5739] Loss: 3.5724 | Acc: 30.69%
  Batch [1840/5739] Loss: 3.5669 | Acc: 30.71%
  Batch [1850/5739] Loss: 3.5645 | Acc: 30.73%
  Batch [1860/5739] Loss: 3.5612 | Acc: 30.75%
  Batch [1870/5739] Loss: 3.5610 | Acc: 30.77%
  Batch [1880/5739] Loss: 3.5550 | Acc: 30.80%
  Batch [1890/5739] Loss: 3.5477 | Acc: 30.84%
  Batch [1900/5739] Loss: 3.5436 | Acc: 30.82%
  Batch [1910/5739] Loss: 3.5397 | Acc: 30.84%
  Batch [1920/5739] Loss: 3.5347 | Acc: 30.86%
  Batch [1930/5739] Loss: 3.5293 | Acc: 30.87%
  Batch [1940/5739] Loss: 3.5266 | Acc: 30.87%
  Batch [1950/5739] Loss: 3.5250 | Acc: 30.92%
  Batch [1960/5739] Loss: 3.5202 | Acc: 30.96%
  Batch [1970/5739] Loss: 3.5120 | Acc: 31.01%
  Batch [1980/5739] Loss: 3.5067 | Acc: 31.05%
  Batch [1990/5739] Loss: 3.5049 | Acc: 31.02%
  Batch [2000/5739] Loss: 3.5003 | Acc: 31.02%
  Batch [2010/5739] Loss: 3.4968 | Acc: 31.03%
  Batch [2020/5739] Loss: 3.4934 | Acc: 31.06%
  Batch [2030/5739] Loss: 3.4898 | Acc: 31.07%
  Batch [2040/5739] Loss: 3.4851 | Acc: 31.06%
  Batch [2050/5739] Loss: 3.4793 | Acc: 31.07%
  Batch [2060/5739] Loss: 3.4778 | Acc: 31.06%
  Batch [2070/5739] Loss: 3.4731 | Acc: 31.10%
  Batch [2080/5739] Loss: 3.4705 | Acc: 31.12%
  Batch [2090/5739] Loss: 3.4657 | Acc: 31.13%
  Batch [2100/5739] Loss: 3.4618 | Acc: 31.14%
  Batch [2110/5739] Loss: 3.4565 | Acc: 31.17%
  Batch [2120/5739] Loss: 3.4536 | Acc: 31.14%
  Batch [2130/5739] Loss: 3.4480 | Acc: 31.17%
  Batch [2140/5739] Loss: 3.4453 | Acc: 31.16%
  Batch [2150/5739] Loss: 3.4428 | Acc: 31.14%
  Batch [2160/5739] Loss: 3.4412 | Acc: 31.14%
  Batch [2170/5739] Loss: 3.4363 | Acc: 31.17%
  Batch [2180/5739] Loss: 3.4304 | Acc: 31.19%
  Batch [2190/5739] Loss: 3.4225 | Acc: 31.24%
  Batch [2200/5739] Loss: 3.4166 | Acc: 31.30%
  Batch [2210/5739] Loss: 3.4117 | Acc: 31.32%
  Batch [2220/5739] Loss: 3.4105 | Acc: 31.32%
  Batch [2230/5739] Loss: 3.4062 | Acc: 31.35%
  Batch [2240/5739] Loss: 3.4023 | Acc: 31.37%
  Batch [2250/5739] Loss: 3.3977 | Acc: 31.38%
  Batch [2260/5739] Loss: 3.3955 | Acc: 31.39%
  Batch [2270/5739] Loss: 3.3932 | Acc: 31.41%
  Batch [2280/5739] Loss: 3.3908 | Acc: 31.40%
  Batch [2290/5739] Loss: 3.3870 | Acc: 31.38%
  Batch [2300/5739] Loss: 3.3855 | Acc: 31.38%
  Batch [2310/5739] Loss: 3.3819 | Acc: 31.39%
  Batch [2320/5739] Loss: 3.3787 | Acc: 31.42%
  Batch [2330/5739] Loss: 3.3745 | Acc: 31.43%
  Batch [2340/5739] Loss: 3.3722 | Acc: 31.44%
  Batch [2350/5739] Loss: 3.3687 | Acc: 31.47%
  Batch [2360/5739] Loss: 3.3657 | Acc: 31.49%
  Batch [2370/5739] Loss: 3.3621 | Acc: 31.49%
  Batch [2380/5739] Loss: 3.3583 | Acc: 31.50%
  Batch [2390/5739] Loss: 3.3558 | Acc: 31.49%
  Batch [2400/5739] Loss: 3.3530 | Acc: 31.52%
  Batch [2410/5739] Loss: 3.3483 | Acc: 31.55%
  Batch [2420/5739] Loss: 3.3433 | Acc: 31.58%
  Batch [2430/5739] Loss: 3.3405 | Acc: 31.59%
  Batch [2440/5739] Loss: 3.3378 | Acc: 31.62%
  Batch [2450/5739] Loss: 3.3339 | Acc: 31.64%
  Batch [2460/5739] Loss: 3.3307 | Acc: 31.64%
  Batch [2470/5739] Loss: 3.3283 | Acc: 31.66%
  Batch [2480/5739] Loss: 3.3242 | Acc: 31.70%
  Batch [2490/5739] Loss: 3.3204 | Acc: 31.73%
  Batch [2500/5739] Loss: 3.3190 | Acc: 31.76%
  Batch [2510/5739] Loss: 3.3160 | Acc: 31.76%
  Batch [2520/5739] Loss: 3.3124 | Acc: 31.76%
  Batch [2530/5739] Loss: 3.3087 | Acc: 31.75%
  Batch [2540/5739] Loss: 3.3035 | Acc: 31.79%
  Batch [2550/5739] Loss: 3.2993 | Acc: 31.82%
  Batch [2560/5739] Loss: 3.2973 | Acc: 31.84%
  Batch [2570/5739] Loss: 3.2942 | Acc: 31.84%
  Batch [2580/5739] Loss: 3.2898 | Acc: 31.89%
  Batch [2590/5739] Loss: 3.2861 | Acc: 31.92%
  Batch [2600/5739] Loss: 3.2834 | Acc: 31.93%
  Batch [2610/5739] Loss: 3.2781 | Acc: 31.98%
  Batch [2620/5739] Loss: 3.2738 | Acc: 32.00%
  Batch [2630/5739] Loss: 3.2716 | Acc: 32.02%
  Batch [2640/5739] Loss: 3.2694 | Acc: 32.02%
  Batch [2650/5739] Loss: 3.2663 | Acc: 32.03%
  Batch [2660/5739] Loss: 3.2623 | Acc: 32.05%
  Batch [2670/5739] Loss: 3.2590 | Acc: 32.09%
  Batch [2680/5739] Loss: 3.2556 | Acc: 32.11%
  Batch [2690/5739] Loss: 3.2526 | Acc: 32.11%
  Batch [2700/5739] Loss: 3.2491 | Acc: 32.15%
  Batch [2710/5739] Loss: 3.2445 | Acc: 32.19%
  Batch [2720/5739] Loss: 3.2408 | Acc: 32.19%
  Batch [2730/5739] Loss: 3.2385 | Acc: 32.18%
  Batch [2740/5739] Loss: 3.2340 | Acc: 32.22%
  Batch [2750/5739] Loss: 3.2299 | Acc: 32.24%
  Batch [2760/5739] Loss: 3.2259 | Acc: 32.28%
  Batch [2770/5739] Loss: 3.2217 | Acc: 32.31%
  Batch [2780/5739] Loss: 3.2171 | Acc: 32.34%
  Batch [2790/5739] Loss: 3.2153 | Acc: 32.35%
  Batch [2800/5739] Loss: 3.2156 | Acc: 32.37%
  Batch [2810/5739] Loss: 3.2139 | Acc: 32.37%
  Batch [2820/5739] Loss: 3.2107 | Acc: 32.38%
  Batch [2830/5739] Loss: 3.2086 | Acc: 32.37%
  Batch [2840/5739] Loss: 3.2054 | Acc: 32.36%
  Batch [2850/5739] Loss: 3.2029 | Acc: 32.37%
  Batch [2860/5739] Loss: 3.1996 | Acc: 32.39%
  Batch [2870/5739] Loss: 3.1972 | Acc: 32.43%
  Batch [2880/5739] Loss: 3.1956 | Acc: 32.46%
  Batch [2890/5739] Loss: 3.1912 | Acc: 32.51%
  Batch [2900/5739] Loss: 3.1878 | Acc: 32.53%
  Batch [2910/5739] Loss: 3.1852 | Acc: 32.55%
  Batch [2920/5739] Loss: 3.1826 | Acc: 32.56%
  Batch [2930/5739] Loss: 3.1797 | Acc: 32.57%
  Batch [2940/5739] Loss: 3.1758 | Acc: 32.61%
  Batch [2950/5739] Loss: 3.1734 | Acc: 32.59%
  Batch [2960/5739] Loss: 3.1692 | Acc: 32.61%
  Batch [2970/5739] Loss: 3.1665 | Acc: 32.61%
  Batch [2980/5739] Loss: 3.1649 | Acc: 32.65%
  Batch [2990/5739] Loss: 3.1633 | Acc: 32.66%
  Batch [3000/5739] Loss: 3.1605 | Acc: 32.69%
  Batch [3010/5739] Loss: 3.1564 | Acc: 32.70%
  Batch [3020/5739] Loss: 3.1527 | Acc: 32.72%
  Batch [3030/5739] Loss: 3.1493 | Acc: 32.73%
  Batch [3040/5739] Loss: 3.1486 | Acc: 32.72%
  Batch [3050/5739] Loss: 3.1459 | Acc: 32.72%
  Batch [3060/5739] Loss: 3.1437 | Acc: 32.75%
  Batch [3070/5739] Loss: 3.1403 | Acc: 32.77%
  Batch [3080/5739] Loss: 3.1371 | Acc: 32.77%
  Batch [3090/5739] Loss: 3.1339 | Acc: 32.77%
  Batch [3100/5739] Loss: 3.1300 | Acc: 32.80%
  Batch [3110/5739] Loss: 3.1275 | Acc: 32.82%
  Batch [3120/5739] Loss: 3.1252 | Acc: 32.83%
  Batch [3130/5739] Loss: 3.1224 | Acc: 32.83%
  Batch [3140/5739] Loss: 3.1206 | Acc: 32.83%
  Batch [3150/5739] Loss: 3.1181 | Acc: 32.84%
  Batch [3160/5739] Loss: 3.1143 | Acc: 32.85%
  Batch [3170/5739] Loss: 3.1114 | Acc: 32.85%
  Batch [3180/5739] Loss: 3.1080 | Acc: 32.86%
  Batch [3190/5739] Loss: 3.1058 | Acc: 32.86%
  Batch [3200/5739] Loss: 3.1022 | Acc: 32.89%
  Batch [3210/5739] Loss: 3.1003 | Acc: 32.91%
  Batch [3220/5739] Loss: 3.0982 | Acc: 32.90%
  Batch [3230/5739] Loss: 3.0952 | Acc: 32.92%
  Batch [3240/5739] Loss: 3.0915 | Acc: 32.94%
  Batch [3250/5739] Loss: 3.0902 | Acc: 32.91%
  Batch [3260/5739] Loss: 3.0879 | Acc: 32.91%
  Batch [3270/5739] Loss: 3.0847 | Acc: 32.95%
  Batch [3280/5739] Loss: 3.0809 | Acc: 32.98%
  Batch [3290/5739] Loss: 3.0781 | Acc: 33.00%
  Batch [3300/5739] Loss: 3.0752 | Acc: 33.01%
  Batch [3310/5739] Loss: 3.0719 | Acc: 33.02%
  Batch [3320/5739] Loss: 3.0679 | Acc: 33.04%
  Batch [3330/5739] Loss: 3.0660 | Acc: 33.05%
  Batch [3340/5739] Loss: 3.0640 | Acc: 33.06%
  Batch [3350/5739] Loss: 3.0619 | Acc: 33.07%
  Batch [3360/5739] Loss: 3.0587 | Acc: 33.09%
  Batch [3370/5739] Loss: 3.0562 | Acc: 33.12%
  Batch [3380/5739] Loss: 3.0527 | Acc: 33.16%
  Batch [3390/5739] Loss: 3.0500 | Acc: 33.20%
  Batch [3400/5739] Loss: 3.0480 | Acc: 33.21%
  Batch [3410/5739] Loss: 3.0449 | Acc: 33.24%
  Batch [3420/5739] Loss: 3.0428 | Acc: 33.24%
  Batch [3430/5739] Loss: 3.0393 | Acc: 33.24%
  Batch [3440/5739] Loss: 3.0370 | Acc: 33.26%
  Batch [3450/5739] Loss: 3.0348 | Acc: 33.28%
  Batch [3460/5739] Loss: 3.0324 | Acc: 33.29%
  Batch [3470/5739] Loss: 3.0302 | Acc: 33.29%
  Batch [3480/5739] Loss: 3.0281 | Acc: 33.31%
  Batch [3490/5739] Loss: 3.0255 | Acc: 33.33%
  Batch [3500/5739] Loss: 3.0227 | Acc: 33.33%
  Batch [3510/5739] Loss: 3.0201 | Acc: 33.36%
  Batch [3520/5739] Loss: 3.0175 | Acc: 33.38%
  Batch [3530/5739] Loss: 3.0133 | Acc: 33.42%
  Batch [3540/5739] Loss: 3.0111 | Acc: 33.43%
  Batch [3550/5739] Loss: 3.0107 | Acc: 33.44%
  Batch [3560/5739] Loss: 3.0085 | Acc: 33.45%
  Batch [3570/5739] Loss: 3.0055 | Acc: 33.48%
  Batch [3580/5739] Loss: 3.0030 | Acc: 33.49%
  Batch [3590/5739] Loss: 3.0011 | Acc: 33.52%
  Batch [3600/5739] Loss: 2.9986 | Acc: 33.56%
  Batch [3610/5739] Loss: 2.9978 | Acc: 33.58%
  Batch [3620/5739] Loss: 2.9945 | Acc: 33.62%
  Batch [3630/5739] Loss: 2.9920 | Acc: 33.62%
  Batch [3640/5739] Loss: 2.9879 | Acc: 33.65%
  Batch [3650/5739] Loss: 2.9841 | Acc: 33.68%
  Batch [3660/5739] Loss: 2.9808 | Acc: 33.72%
  Batch [3670/5739] Loss: 2.9790 | Acc: 33.71%
  Batch [3680/5739] Loss: 2.9772 | Acc: 33.73%
  Batch [3690/5739] Loss: 2.9757 | Acc: 33.74%
  Batch [3700/5739] Loss: 2.9723 | Acc: 33.76%
  Batch [3710/5739] Loss: 2.9704 | Acc: 33.76%
  Batch [3720/5739] Loss: 2.9669 | Acc: 33.78%
  Batch [3730/5739] Loss: 2.9646 | Acc: 33.80%
  Batch [3740/5739] Loss: 2.9637 | Acc: 33.79%
  Batch [3750/5739] Loss: 2.9615 | Acc: 33.79%
  Batch [3760/5739] Loss: 2.9590 | Acc: 33.80%
  Batch [3770/5739] Loss: 2.9560 | Acc: 33.81%
  Batch [3780/5739] Loss: 2.9536 | Acc: 33.82%
  Batch [3790/5739] Loss: 2.9513 | Acc: 33.83%
  Batch [3800/5739] Loss: 2.9488 | Acc: 33.87%
  Batch [3810/5739] Loss: 2.9470 | Acc: 33.88%
  Batch [3820/5739] Loss: 2.9447 | Acc: 33.89%
  Batch [3830/5739] Loss: 2.9419 | Acc: 33.91%
  Batch [3840/5739] Loss: 2.9404 | Acc: 33.91%
  Batch [3850/5739] Loss: 2.9369 | Acc: 33.93%
  Batch [3860/5739] Loss: 2.9336 | Acc: 33.95%
  Batch [3870/5739] Loss: 2.9307 | Acc: 33.98%
  Batch [3880/5739] Loss: 2.9281 | Acc: 34.00%
  Batch [3890/5739] Loss: 2.9258 | Acc: 34.03%
  Batch [3900/5739] Loss: 2.9228 | Acc: 34.05%
  Batch [3910/5739] Loss: 2.9202 | Acc: 34.05%
  Batch [3920/5739] Loss: 2.9171 | Acc: 34.06%
  Batch [3930/5739] Loss: 2.9137 | Acc: 34.09%
  Batch [3940/5739] Loss: 2.9116 | Acc: 34.10%
  Batch [3950/5739] Loss: 2.9093 | Acc: 34.11%
  Batch [3960/5739] Loss: 2.9084 | Acc: 34.11%
  Batch [3970/5739] Loss: 2.9055 | Acc: 34.12%
  Batch [3980/5739] Loss: 2.9027 | Acc: 34.16%
  Batch [3990/5739] Loss: 2.9001 | Acc: 34.17%
  Batch [4000/5739] Loss: 2.8983 | Acc: 34.18%
  Batch [4010/5739] Loss: 2.8953 | Acc: 34.20%
  Batch [4020/5739] Loss: 2.8933 | Acc: 34.21%
  Batch [4030/5739] Loss: 2.8916 | Acc: 34.22%
  Batch [4040/5739] Loss: 2.8897 | Acc: 34.21%
  Batch [4050/5739] Loss: 2.8865 | Acc: 34.23%
  Batch [4060/5739] Loss: 2.8847 | Acc: 34.23%
  Batch [4070/5739] Loss: 2.8826 | Acc: 34.24%
  Batch [4080/5739] Loss: 2.8795 | Acc: 34.25%
  Batch [4090/5739] Loss: 2.8771 | Acc: 34.27%
  Batch [4100/5739] Loss: 2.8746 | Acc: 34.28%
  Batch [4110/5739] Loss: 2.8718 | Acc: 34.30%
  Batch [4120/5739] Loss: 2.8695 | Acc: 34.31%
  Batch [4130/5739] Loss: 2.8672 | Acc: 34.34%
  Batch [4140/5739] Loss: 2.8644 | Acc: 34.37%
  Batch [4150/5739] Loss: 2.8619 | Acc: 34.38%
  Batch [4160/5739] Loss: 2.8598 | Acc: 34.40%
  Batch [4170/5739] Loss: 2.8573 | Acc: 34.42%
  Batch [4180/5739] Loss: 2.8544 | Acc: 34.45%
  Batch [4190/5739] Loss: 2.8512 | Acc: 34.49%
  Batch [4200/5739] Loss: 2.8489 | Acc: 34.50%
  Batch [4210/5739] Loss: 2.8461 | Acc: 34.52%
  Batch [4220/5739] Loss: 2.8443 | Acc: 34.52%
  Batch [4230/5739] Loss: 2.8420 | Acc: 34.54%
  Batch [4240/5739] Loss: 2.8393 | Acc: 34.55%
  Batch [4250/5739] Loss: 2.8381 | Acc: 34.57%
  Batch [4260/5739] Loss: 2.8354 | Acc: 34.57%
  Batch [4270/5739] Loss: 2.8332 | Acc: 34.59%
  Batch [4280/5739] Loss: 2.8310 | Acc: 34.59%
  Batch [4290/5739] Loss: 2.8282 | Acc: 34.61%
  Batch [4300/5739] Loss: 2.8260 | Acc: 34.63%
  Batch [4310/5739] Loss: 2.8247 | Acc: 34.64%
  Batch [4320/5739] Loss: 2.8218 | Acc: 34.66%
  Batch [4330/5739] Loss: 2.8195 | Acc: 34.66%
  Batch [4340/5739] Loss: 2.8166 | Acc: 34.67%
  Batch [4350/5739] Loss: 2.8151 | Acc: 34.68%
  Batch [4360/5739] Loss: 2.8126 | Acc: 34.70%
  Batch [4370/5739] Loss: 2.8097 | Acc: 34.72%
  Batch [4380/5739] Loss: 2.8069 | Acc: 34.75%
  Batch [4390/5739] Loss: 2.8053 | Acc: 34.77%
  Batch [4400/5739] Loss: 2.8032 | Acc: 34.79%
  Batch [4410/5739] Loss: 2.8020 | Acc: 34.80%
  Batch [4420/5739] Loss: 2.7994 | Acc: 34.80%
  Batch [4430/5739] Loss: 2.7973 | Acc: 34.80%
  Batch [4440/5739] Loss: 2.7951 | Acc: 34.83%
  Batch [4450/5739] Loss: 2.7926 | Acc: 34.84%
  Batch [4460/5739] Loss: 2.7905 | Acc: 34.84%
  Batch [4470/5739] Loss: 2.7882 | Acc: 34.86%
  Batch [4480/5739] Loss: 2.7860 | Acc: 34.84%
  Batch [4490/5739] Loss: 2.7844 | Acc: 34.85%
  Batch [4500/5739] Loss: 2.7812 | Acc: 34.87%
  Batch [4510/5739] Loss: 2.7788 | Acc: 34.87%
  Batch [4520/5739] Loss: 2.7759 | Acc: 34.90%
  Batch [4530/5739] Loss: 2.7742 | Acc: 34.90%
  Batch [4540/5739] Loss: 2.7716 | Acc: 34.93%
  Batch [4550/5739] Loss: 2.7691 | Acc: 34.95%
  Batch [4560/5739] Loss: 2.7665 | Acc: 34.95%
  Batch [4570/5739] Loss: 2.7646 | Acc: 34.97%
  Batch [4580/5739] Loss: 2.7621 | Acc: 34.99%
  Batch [4590/5739] Loss: 2.7608 | Acc: 34.99%
  Batch [4600/5739] Loss: 2.7587 | Acc: 34.99%
  Batch [4610/5739] Loss: 2.7564 | Acc: 35.01%
  Batch [4620/5739] Loss: 2.7546 | Acc: 35.02%
  Batch [4630/5739] Loss: 2.7531 | Acc: 35.01%
  Batch [4640/5739] Loss: 2.7506 | Acc: 35.03%
  Batch [4650/5739] Loss: 2.7474 | Acc: 35.08%
  Batch [4660/5739] Loss: 2.7449 | Acc: 35.09%
  Batch [4670/5739] Loss: 2.7432 | Acc: 35.11%
  Batch [4680/5739] Loss: 2.7410 | Acc: 35.12%
  Batch [4690/5739] Loss: 2.7392 | Acc: 35.12%
  Batch [4700/5739] Loss: 2.7367 | Acc: 35.13%
  Batch [4710/5739] Loss: 2.7344 | Acc: 35.15%
  Batch [4720/5739] Loss: 2.7315 | Acc: 35.18%
  Batch [4730/5739] Loss: 2.7287 | Acc: 35.23%
  Batch [4740/5739] Loss: 2.7263 | Acc: 35.26%
  Batch [4750/5739] Loss: 2.7235 | Acc: 35.28%
  Batch [4760/5739] Loss: 2.7212 | Acc: 35.31%
  Batch [4770/5739] Loss: 2.7189 | Acc: 35.34%
  Batch [4780/5739] Loss: 2.7170 | Acc: 35.36%
  Batch [4790/5739] Loss: 2.7150 | Acc: 35.38%
  Batch [4800/5739] Loss: 2.7133 | Acc: 35.39%
  Batch [4810/5739] Loss: 2.7101 | Acc: 35.42%
  Batch [4820/5739] Loss: 2.7081 | Acc: 35.42%
  Batch [4830/5739] Loss: 2.7055 | Acc: 35.43%
  Batch [4840/5739] Loss: 2.7042 | Acc: 35.43%
  Batch [4850/5739] Loss: 2.7017 | Acc: 35.45%
  Batch [4860/5739] Loss: 2.7007 | Acc: 35.46%
  Batch [4870/5739] Loss: 2.6981 | Acc: 35.48%
  Batch [4880/5739] Loss: 2.6961 | Acc: 35.49%
  Batch [4890/5739] Loss: 2.6945 | Acc: 35.51%
  Batch [4900/5739] Loss: 2.6923 | Acc: 35.52%
  Batch [4910/5739] Loss: 2.6895 | Acc: 35.54%
  Batch [4920/5739] Loss: 2.6878 | Acc: 35.53%
  Batch [4930/5739] Loss: 2.6858 | Acc: 35.54%
  Batch [4940/5739] Loss: 2.6838 | Acc: 35.56%
  Batch [4950/5739] Loss: 2.6820 | Acc: 35.60%
  Batch [4960/5739] Loss: 2.6801 | Acc: 35.61%
  Batch [4970/5739] Loss: 2.6778 | Acc: 35.64%
  Batch [4980/5739] Loss: 2.6754 | Acc: 35.64%
  Batch [4990/5739] Loss: 2.6726 | Acc: 35.66%
  Batch [5000/5739] Loss: 2.6705 | Acc: 35.68%
  Batch [5010/5739] Loss: 2.6690 | Acc: 35.69%
  Batch [5020/5739] Loss: 2.6662 | Acc: 35.73%
  Batch [5030/5739] Loss: 2.6640 | Acc: 35.75%
  Batch [5040/5739] Loss: 2.6615 | Acc: 35.78%
  Batch [5050/5739] Loss: 2.6590 | Acc: 35.81%
  Batch [5060/5739] Loss: 2.6573 | Acc: 35.81%
  Batch [5070/5739] Loss: 2.6566 | Acc: 35.81%
  Batch [5080/5739] Loss: 2.6544 | Acc: 35.83%
  Batch [5090/5739] Loss: 2.6520 | Acc: 35.85%
  Batch [5100/5739] Loss: 2.6503 | Acc: 35.86%
  Batch [5110/5739] Loss: 2.6477 | Acc: 35.89%
  Batch [5120/5739] Loss: 2.6458 | Acc: 35.91%
  Batch [5130/5739] Loss: 2.6436 | Acc: 35.94%
  Batch [5140/5739] Loss: 2.6411 | Acc: 35.97%
  Batch [5150/5739] Loss: 2.6395 | Acc: 35.98%
  Batch [5160/5739] Loss: 2.6371 | Acc: 36.00%
  Batch [5170/5739] Loss: 2.6349 | Acc: 36.02%
  Batch [5180/5739] Loss: 2.6328 | Acc: 36.04%
  Batch [5190/5739] Loss: 2.6311 | Acc: 36.05%
  Batch [5200/5739] Loss: 2.6288 | Acc: 36.08%
  Batch [5210/5739] Loss: 2.6264 | Acc: 36.09%
  Batch [5220/5739] Loss: 2.6248 | Acc: 36.10%
  Batch [5230/5739] Loss: 2.6228 | Acc: 36.11%
  Batch [5240/5739] Loss: 2.6202 | Acc: 36.13%
  Batch [5250/5739] Loss: 2.6177 | Acc: 36.15%
  Batch [5260/5739] Loss: 2.6167 | Acc: 36.15%
  Batch [5270/5739] Loss: 2.6150 | Acc: 36.15%
  Batch [5280/5739] Loss: 2.6140 | Acc: 36.17%
  Batch [5290/5739] Loss: 2.6126 | Acc: 36.19%
  Batch [5300/5739] Loss: 2.6107 | Acc: 36.21%
  Batch [5310/5739] Loss: 2.6093 | Acc: 36.22%
  Batch [5320/5739] Loss: 2.6070 | Acc: 36.26%
  Batch [5330/5739] Loss: 2.6055 | Acc: 36.26%
  Batch [5340/5739] Loss: 2.6036 | Acc: 36.28%
  Batch [5350/5739] Loss: 2.6014 | Acc: 36.29%
  Batch [5360/5739] Loss: 2.5989 | Acc: 36.31%
  Batch [5370/5739] Loss: 2.5974 | Acc: 36.32%
  Batch [5380/5739] Loss: 2.5956 | Acc: 36.34%
  Batch [5390/5739] Loss: 2.5932 | Acc: 36.37%
  Batch [5400/5739] Loss: 2.5911 | Acc: 36.38%
  Batch [5410/5739] Loss: 2.5890 | Acc: 36.40%
  Batch [5420/5739] Loss: 2.5884 | Acc: 36.42%
  Batch [5430/5739] Loss: 2.5861 | Acc: 36.44%
  Batch [5440/5739] Loss: 2.5846 | Acc: 36.46%
  Batch [5450/5739] Loss: 2.5820 | Acc: 36.50%
  Batch [5460/5739] Loss: 2.5790 | Acc: 36.53%
  Batch [5470/5739] Loss: 2.5772 | Acc: 36.55%
  Batch [5480/5739] Loss: 2.5758 | Acc: 36.57%
  Batch [5490/5739] Loss: 2.5740 | Acc: 36.58%
  Batch [5500/5739] Loss: 2.5727 | Acc: 36.58%
  Batch [5510/5739] Loss: 2.5703 | Acc: 36.60%
  Batch [5520/5739] Loss: 2.5692 | Acc: 36.62%
  Batch [5530/5739] Loss: 2.5669 | Acc: 36.63%
  Batch [5540/5739] Loss: 2.5654 | Acc: 36.65%
  Batch [5550/5739] Loss: 2.5638 | Acc: 36.66%
  Batch [5560/5739] Loss: 2.5624 | Acc: 36.66%
  Batch [5570/5739] Loss: 2.5599 | Acc: 36.69%
  Batch [5580/5739] Loss: 2.5585 | Acc: 36.71%
  Batch [5590/5739] Loss: 2.5569 | Acc: 36.74%
  Batch [5600/5739] Loss: 2.5549 | Acc: 36.75%
  Batch [5610/5739] Loss: 2.5527 | Acc: 36.77%
  Batch [5620/5739] Loss: 2.5504 | Acc: 36.78%
  Batch [5630/5739] Loss: 2.5488 | Acc: 36.80%
  Batch [5640/5739] Loss: 2.5472 | Acc: 36.80%
  Batch [5650/5739] Loss: 2.5448 | Acc: 36.82%
  Batch [5660/5739] Loss: 2.5434 | Acc: 36.84%
  Batch [5670/5739] Loss: 2.5421 | Acc: 36.85%
  Batch [5680/5739] Loss: 2.5402 | Acc: 36.85%
  Batch [5690/5739] Loss: 2.5387 | Acc: 36.86%
  Batch [5700/5739] Loss: 2.5378 | Acc: 36.86%
  Batch [5710/5739] Loss: 2.5360 | Acc: 36.87%
  Batch [5720/5739] Loss: 2.5341 | Acc: 36.88%
  Batch [5730/5739] Loss: 2.5324 | Acc: 36.90%

======================================================================
Epoch 1 Summary:
  Train Loss: 2.5302 | Train Acc: 36.92%
  Val Loss:   2.7645 | Val Acc:   25.74%
  Learning Rate: 0.000100
  Time: 89.1s
  ✓ Best model! (Val Loss: 2.7645, Val Acc: 25.74%)
======================================================================

Epoch [2/50]
----------------------------------------------------------------------
  Batch [10/5739] Loss: 1.6274 | Acc: 42.00%
  Batch [20/5739] Loss: 1.6139 | Acc: 44.75%
  Batch [30/5739] Loss: 1.6002 | Acc: 44.50%
  Batch [40/5739] Loss: 1.5741 | Acc: 42.88%
  Batch [50/5739] Loss: 1.4856 | Acc: 44.10%
  Batch [60/5739] Loss: 1.5446 | Acc: 43.42%
  Batch [70/5739] Loss: 1.5243 | Acc: 44.36%
  Batch [80/5739] Loss: 1.5262 | Acc: 43.75%
  Batch [90/5739] Loss: 1.5423 | Acc: 43.89%
  Batch [100/5739] Loss: 1.5293 | Acc: 45.00%
  Batch [110/5739] Loss: 1.5210 | Acc: 45.36%
  Batch [120/5739] Loss: 1.5319 | Acc: 45.33%
  Batch [130/5739] Loss: 1.5211 | Acc: 45.27%
  Batch [140/5739] Loss: 1.5362 | Acc: 44.79%
  Batch [150/5739] Loss: 1.5460 | Acc: 44.40%
  Batch [160/5739] Loss: 1.5504 | Acc: 44.22%
  Batch [170/5739] Loss: 1.5414 | Acc: 44.74%
  Batch [180/5739] Loss: 1.5302 | Acc: 44.97%
  Batch [190/5739] Loss: 1.5327 | Acc: 44.47%
  Batch [200/5739] Loss: 1.5278 | Acc: 44.45%
  Batch [210/5739] Loss: 1.5378 | Acc: 44.00%
  Batch [220/5739] Loss: 1.5328 | Acc: 44.00%
  Batch [230/5739] Loss: 1.5310 | Acc: 44.22%
  Batch [240/5739] Loss: 1.5211 | Acc: 44.40%
  Batch [250/5739] Loss: 1.5158 | Acc: 44.66%
  Batch [260/5739] Loss: 1.5245 | Acc: 44.88%
  Batch [270/5739] Loss: 1.5170 | Acc: 45.26%
  Batch [280/5739] Loss: 1.5087 | Acc: 45.59%
  Batch [290/5739] Loss: 1.5192 | Acc: 45.48%
  Batch [300/5739] Loss: 1.5244 | Acc: 45.48%
  Batch [310/5739] Loss: 1.5307 | Acc: 45.39%
  Batch [320/5739] Loss: 1.5217 | Acc: 45.34%
  Batch [330/5739] Loss: 1.5306 | Acc: 45.23%
  Batch [340/5739] Loss: 1.5307 | Acc: 45.18%
  Batch [350/5739] Loss: 1.5295 | Acc: 45.33%
  Batch [360/5739] Loss: 1.5383 | Acc: 45.25%
  Batch [370/5739] Loss: 1.5390 | Acc: 45.38%
  Batch [380/5739] Loss: 1.5289 | Acc: 45.64%
  Batch [390/5739] Loss: 1.5197 | Acc: 46.04%
  Batch [400/5739] Loss: 1.5158 | Acc: 46.11%
  Batch [410/5739] Loss: 1.5116 | Acc: 46.17%
  Batch [420/5739] Loss: 1.5103 | Acc: 46.25%
  Batch [430/5739] Loss: 1.5115 | Acc: 46.41%
  Batch [440/5739] Loss: 1.5035 | Acc: 46.47%
  Batch [450/5739] Loss: 1.4973 | Acc: 46.43%
  Batch [460/5739] Loss: 1.4980 | Acc: 46.50%
  Batch [470/5739] Loss: 1.4977 | Acc: 46.59%
  Batch [480/5739] Loss: 1.5026 | Acc: 46.59%
  Batch [490/5739] Loss: 1.5125 | Acc: 46.35%
  Batch [500/5739] Loss: 1.5108 | Acc: 46.35%
  Batch [510/5739] Loss: 1.5106 | Acc: 46.33%
  Batch [520/5739] Loss: 1.5118 | Acc: 46.33%
  Batch [530/5739] Loss: 1.5066 | Acc: 46.37%
  Batch [540/5739] Loss: 1.5153 | Acc: 46.20%
  Batch [550/5739] Loss: 1.5121 | Acc: 46.26%
  Batch [560/5739] Loss: 1.5142 | Acc: 46.12%
  Batch [570/5739] Loss: 1.5121 | Acc: 46.11%
  Batch [580/5739] Loss: 1.5130 | Acc: 46.08%
  Batch [590/5739] Loss: 1.5116 | Acc: 46.15%
  Batch [600/5739] Loss: 1.5104 | Acc: 46.00%
  Batch [610/5739] Loss: 1.5100 | Acc: 45.89%
  Batch [620/5739] Loss: 1.5031 | Acc: 45.90%
  Batch [630/5739] Loss: 1.5000 | Acc: 46.01%
  Batch [640/5739] Loss: 1.4981 | Acc: 45.91%
  Batch [650/5739] Loss: 1.4964 | Acc: 46.05%
  Batch [660/5739] Loss: 1.4945 | Acc: 46.08%
  Batch [670/5739] Loss: 1.4908 | Acc: 46.34%
  Batch [680/5739] Loss: 1.4920 | Acc: 46.26%
  Batch [690/5739] Loss: 1.4881 | Acc: 46.33%
  Batch [700/5739] Loss: 1.4892 | Acc: 46.38%
  Batch [710/5739] Loss: 1.4819 | Acc: 46.61%
  Batch [720/5739] Loss: 1.4870 | Acc: 46.51%
  Batch [730/5739] Loss: 1.4856 | Acc: 46.62%
  Batch [740/5739] Loss: 1.4916 | Acc: 46.43%
  Batch [750/5739] Loss: 1.4904 | Acc: 46.41%
  Batch [760/5739] Loss: 1.4899 | Acc: 46.39%
  Batch [770/5739] Loss: 1.4875 | Acc: 46.50%
  Batch [780/5739] Loss: 1.4897 | Acc: 46.44%
  Batch [790/5739] Loss: 1.4899 | Acc: 46.37%
  Batch [800/5739] Loss: 1.4896 | Acc: 46.40%
  Batch [810/5739] Loss: 1.4888 | Acc: 46.51%
  Batch [820/5739] Loss: 1.4859 | Acc: 46.59%
  Batch [830/5739] Loss: 1.4833 | Acc: 46.69%
  Batch [840/5739] Loss: 1.4804 | Acc: 46.84%
  Batch [850/5739] Loss: 1.4791 | Acc: 46.86%
  Batch [860/5739] Loss: 1.4776 | Acc: 46.91%
  Batch [870/5739] Loss: 1.4707 | Acc: 47.11%
  Batch [880/5739] Loss: 1.4709 | Acc: 47.15%
  Batch [890/5739] Loss: 1.4706 | Acc: 47.10%
  Batch [900/5739] Loss: 1.4689 | Acc: 47.26%
  Batch [910/5739] Loss: 1.4675 | Acc: 47.39%
  Batch [920/5739] Loss: 1.4615 | Acc: 47.51%
  Batch [930/5739] Loss: 1.4595 | Acc: 47.53%
  Batch [940/5739] Loss: 1.4611 | Acc: 47.51%
  Batch [950/5739] Loss: 1.4589 | Acc: 47.62%
  Batch [960/5739] Loss: 1.4614 | Acc: 47.53%
  Batch [970/5739] Loss: 1.4625 | Acc: 47.36%
  Batch [980/5739] Loss: 1.4597 | Acc: 47.41%
  Batch [990/5739] Loss: 1.4585 | Acc: 47.41%
  Batch [1000/5739] Loss: 1.4606 | Acc: 47.46%
  Batch [1010/5739] Loss: 1.4633 | Acc: 47.41%
  Batch [1020/5739] Loss: 1.4629 | Acc: 47.31%
  Batch [1030/5739] Loss: 1.4637 | Acc: 47.27%
  Batch [1040/5739] Loss: 1.4651 | Acc: 47.28%
  Batch [1050/5739] Loss: 1.4628 | Acc: 47.31%
  Batch [1060/5739] Loss: 1.4648 | Acc: 47.33%
  Batch [1070/5739] Loss: 1.4665 | Acc: 47.42%
  Batch [1080/5739] Loss: 1.4655 | Acc: 47.47%
  Batch [1090/5739] Loss: 1.4619 | Acc: 47.61%
  Batch [1100/5739] Loss: 1.4629 | Acc: 47.61%
  Batch [1110/5739] Loss: 1.4644 | Acc: 47.63%
  Batch [1120/5739] Loss: 1.4635 | Acc: 47.64%
  Batch [1130/5739] Loss: 1.4639 | Acc: 47.72%
  Batch [1140/5739] Loss: 1.4611 | Acc: 47.74%
  Batch [1150/5739] Loss: 1.4611 | Acc: 47.75%
  Batch [1160/5739] Loss: 1.4621 | Acc: 47.75%
  Batch [1170/5739] Loss: 1.4581 | Acc: 47.87%
  Batch [1180/5739] Loss: 1.4586 | Acc: 47.90%
  Batch [1190/5739] Loss: 1.4581 | Acc: 47.96%
  Batch [1200/5739] Loss: 1.4590 | Acc: 47.97%
  Batch [1210/5739] Loss: 1.4550 | Acc: 48.07%
  Batch [1220/5739] Loss: 1.4533 | Acc: 48.16%
  Batch [1230/5739] Loss: 1.4527 | Acc: 48.14%
  Batch [1240/5739] Loss: 1.4493 | Acc: 48.15%
  Batch [1250/5739] Loss: 1.4524 | Acc: 48.09%
  Batch [1260/5739] Loss: 1.4518 | Acc: 48.19%
  Batch [1270/5739] Loss: 1.4546 | Acc: 48.12%
  Batch [1280/5739] Loss: 1.4545 | Acc: 48.12%
  Batch [1290/5739] Loss: 1.4553 | Acc: 48.15%
  Batch [1300/5739] Loss: 1.4526 | Acc: 48.18%
  Batch [1310/5739] Loss: 1.4507 | Acc: 48.24%
  Batch [1320/5739] Loss: 1.4532 | Acc: 48.22%
  Batch [1330/5739] Loss: 1.4507 | Acc: 48.29%
  Batch [1340/5739] Loss: 1.4513 | Acc: 48.27%
  Batch [1350/5739] Loss: 1.4502 | Acc: 48.27%
  Batch [1360/5739] Loss: 1.4473 | Acc: 48.33%
  Batch [1370/5739] Loss: 1.4440 | Acc: 48.38%
  Batch [1380/5739] Loss: 1.4458 | Acc: 48.41%
  Batch [1390/5739] Loss: 1.4462 | Acc: 48.41%
  Batch [1400/5739] Loss: 1.4452 | Acc: 48.40%
  Batch [1410/5739] Loss: 1.4484 | Acc: 48.37%
  Batch [1420/5739] Loss: 1.4497 | Acc: 48.35%
  Batch [1430/5739] Loss: 1.4487 | Acc: 48.37%
  Batch [1440/5739] Loss: 1.4494 | Acc: 48.32%
  Batch [1450/5739] Loss: 1.4480 | Acc: 48.31%
  Batch [1460/5739] Loss: 1.4486 | Acc: 48.32%
  Batch [1470/5739] Loss: 1.4483 | Acc: 48.33%
  Batch [1480/5739] Loss: 1.4456 | Acc: 48.34%
  Batch [1490/5739] Loss: 1.4452 | Acc: 48.31%
  Batch [1500/5739] Loss: 1.4460 | Acc: 48.29%
  Batch [1510/5739] Loss: 1.4449 | Acc: 48.29%
  Batch [1520/5739] Loss: 1.4435 | Acc: 48.31%
  Batch [1530/5739] Loss: 1.4429 | Acc: 48.26%
  Batch [1540/5739] Loss: 1.4422 | Acc: 48.29%
  Batch [1550/5739] Loss: 1.4440 | Acc: 48.24%
  Batch [1560/5739] Loss: 1.4468 | Acc: 48.16%
  Batch [1570/5739] Loss: 1.4460 | Acc: 48.17%
  Batch [1580/5739] Loss: 1.4469 | Acc: 48.11%
  Batch [1590/5739] Loss: 1.4472 | Acc: 48.12%
  Batch [1600/5739] Loss: 1.4471 | Acc: 48.11%
  Batch [1610/5739] Loss: 1.4465 | Acc: 48.14%
  Batch [1620/5739] Loss: 1.4436 | Acc: 48.26%
  Batch [1630/5739] Loss: 1.4437 | Acc: 48.29%
  Batch [1640/5739] Loss: 1.4428 | Acc: 48.32%
  Batch [1650/5739] Loss: 1.4442 | Acc: 48.28%
  Batch [1660/5739] Loss: 1.4445 | Acc: 48.32%
  Batch [1670/5739] Loss: 1.4461 | Acc: 48.27%
  Batch [1680/5739] Loss: 1.4462 | Acc: 48.26%
  Batch [1690/5739] Loss: 1.4455 | Acc: 48.28%
  Batch [1700/5739] Loss: 1.4452 | Acc: 48.31%
  Batch [1710/5739] Loss: 1.4454 | Acc: 48.34%
  Batch [1720/5739] Loss: 1.4428 | Acc: 48.43%
  Batch [1730/5739] Loss: 1.4429 | Acc: 48.42%
  Batch [1740/5739] Loss: 1.4420 | Acc: 48.46%
  Batch [1750/5739] Loss: 1.4403 | Acc: 48.52%
  Batch [1760/5739] Loss: 1.4396 | Acc: 48.49%
  Batch [1770/5739] Loss: 1.4403 | Acc: 48.46%
  Batch [1780/5739] Loss: 1.4406 | Acc: 48.46%
  Batch [1790/5739] Loss: 1.4397 | Acc: 48.49%
  Batch [1800/5739] Loss: 1.4392 | Acc: 48.49%
  Batch [1810/5739] Loss: 1.4405 | Acc: 48.45%
  Batch [1820/5739] Loss: 1.4396 | Acc: 48.46%
  Batch [1830/5739] Loss: 1.4399 | Acc: 48.43%
  Batch [1840/5739] Loss: 1.4395 | Acc: 48.42%
  Batch [1850/5739] Loss: 1.4412 | Acc: 48.39%
  Batch [1860/5739] Loss: 1.4406 | Acc: 48.39%
  Batch [1870/5739] Loss: 1.4427 | Acc: 48.34%
  Batch [1880/5739] Loss: 1.4438 | Acc: 48.35%
  Batch [1890/5739] Loss: 1.4434 | Acc: 48.35%
  Batch [1900/5739] Loss: 1.4418 | Acc: 48.42%
  Batch [1910/5739] Loss: 1.4416 | Acc: 48.41%
  Batch [1920/5739] Loss: 1.4414 | Acc: 48.42%
  Batch [1930/5739] Loss: 1.4392 | Acc: 48.51%
  Batch [1940/5739] Loss: 1.4372 | Acc: 48.56%
  Batch [1950/5739] Loss: 1.4364 | Acc: 48.54%
  Batch [1960/5739] Loss: 1.4337 | Acc: 48.60%
  Batch [1970/5739] Loss: 1.4327 | Acc: 48.64%
  Batch [1980/5739] Loss: 1.4338 | Acc: 48.69%
  Batch [1990/5739] Loss: 1.4340 | Acc: 48.70%
  Batch [2000/5739] Loss: 1.4329 | Acc: 48.75%
  Batch [2010/5739] Loss: 1.4344 | Acc: 48.74%
  Batch [2020/5739] Loss: 1.4348 | Acc: 48.74%
  Batch [2030/5739] Loss: 1.4333 | Acc: 48.77%
  Batch [2040/5739] Loss: 1.4325 | Acc: 48.78%
  Batch [2050/5739] Loss: 1.4323 | Acc: 48.77%
  Batch [2060/5739] Loss: 1.4310 | Acc: 48.81%
  Batch [2070/5739] Loss: 1.4307 | Acc: 48.83%
  Batch [2080/5739] Loss: 1.4291 | Acc: 48.88%
  Batch [2090/5739] Loss: 1.4294 | Acc: 48.92%
  Batch [2100/5739] Loss: 1.4283 | Acc: 48.94%
  Batch [2110/5739] Loss: 1.4265 | Acc: 49.00%
  Batch [2120/5739] Loss: 1.4249 | Acc: 49.02%
  Batch [2130/5739] Loss: 1.4253 | Acc: 49.02%
  Batch [2140/5739] Loss: 1.4246 | Acc: 49.01%
  Batch [2150/5739] Loss: 1.4230 | Acc: 49.04%
  Batch [2160/5739] Loss: 1.4231 | Acc: 49.06%
  Batch [2170/5739] Loss: 1.4225 | Acc: 49.12%
  Batch [2180/5739] Loss: 1.4225 | Acc: 49.13%
  Batch [2190/5739] Loss: 1.4228 | Acc: 49.12%
  Batch [2200/5739] Loss: 1.4214 | Acc: 49.21%
  Batch [2210/5739] Loss: 1.4195 | Acc: 49.29%
  Batch [2220/5739] Loss: 1.4197 | Acc: 49.30%
  Batch [2230/5739] Loss: 1.4194 | Acc: 49.28%
  Batch [2240/5739] Loss: 1.4183 | Acc: 49.30%
  Batch [2250/5739] Loss: 1.4178 | Acc: 49.29%
  Batch [2260/5739] Loss: 1.4169 | Acc: 49.34%
  Batch [2270/5739] Loss: 1.4158 | Acc: 49.38%
  Batch [2280/5739] Loss: 1.4153 | Acc: 49.43%
  Batch [2290/5739] Loss: 1.4150 | Acc: 49.40%
  Batch [2300/5739] Loss: 1.4143 | Acc: 49.42%
  Batch [2310/5739] Loss: 1.4153 | Acc: 49.41%
  Batch [2320/5739] Loss: 1.4145 | Acc: 49.44%
  Batch [2330/5739] Loss: 1.4136 | Acc: 49.45%
  Batch [2340/5739] Loss: 1.4137 | Acc: 49.40%
  Batch [2350/5739] Loss: 1.4134 | Acc: 49.39%
  Batch [2360/5739] Loss: 1.4139 | Acc: 49.39%
  Batch [2370/5739] Loss: 1.4126 | Acc: 49.41%
  Batch [2380/5739] Loss: 1.4132 | Acc: 49.40%
  Batch [2390/5739] Loss: 1.4116 | Acc: 49.44%
  Batch [2400/5739] Loss: 1.4116 | Acc: 49.47%
  Batch [2410/5739] Loss: 1.4097 | Acc: 49.50%
  Batch [2420/5739] Loss: 1.4091 | Acc: 49.54%
  Batch [2430/5739] Loss: 1.4097 | Acc: 49.52%
  Batch [2440/5739] Loss: 1.4092 | Acc: 49.54%
  Batch [2450/5739] Loss: 1.4080 | Acc: 49.54%
  Batch [2460/5739] Loss: 1.4070 | Acc: 49.55%
  Batch [2470/5739] Loss: 1.4061 | Acc: 49.56%
  Batch [2480/5739] Loss: 1.4059 | Acc: 49.56%
  Batch [2490/5739] Loss: 1.4049 | Acc: 49.57%
  Batch [2500/5739] Loss: 1.4046 | Acc: 49.56%
  Batch [2510/5739] Loss: 1.4039 | Acc: 49.58%
  Batch [2520/5739] Loss: 1.4042 | Acc: 49.54%
  Batch [2530/5739] Loss: 1.4036 | Acc: 49.54%
  Batch [2540/5739] Loss: 1.4019 | Acc: 49.56%
  Batch [2550/5739] Loss: 1.4007 | Acc: 49.59%
  Batch [2560/5739] Loss: 1.3996 | Acc: 49.63%
  Batch [2570/5739] Loss: 1.3996 | Acc: 49.67%
  Batch [2580/5739] Loss: 1.3989 | Acc: 49.69%
  Batch [2590/5739] Loss: 1.3982 | Acc: 49.74%
  Batch [2600/5739] Loss: 1.3998 | Acc: 49.75%
  Batch [2610/5739] Loss: 1.3996 | Acc: 49.76%
  Batch [2620/5739] Loss: 1.4000 | Acc: 49.75%
  Batch [2630/5739] Loss: 1.4002 | Acc: 49.73%
  Batch [2640/5739] Loss: 1.4008 | Acc: 49.72%
  Batch [2650/5739] Loss: 1.3996 | Acc: 49.75%
  Batch [2660/5739] Loss: 1.3987 | Acc: 49.78%
  Batch [2670/5739] Loss: 1.3980 | Acc: 49.79%
  Batch [2680/5739] Loss: 1.3986 | Acc: 49.80%
  Batch [2690/5739] Loss: 1.3990 | Acc: 49.80%
  Batch [2700/5739] Loss: 1.3994 | Acc: 49.78%
  Batch [2710/5739] Loss: 1.3980 | Acc: 49.83%
  Batch [2720/5739] Loss: 1.3966 | Acc: 49.86%
  Batch [2730/5739] Loss: 1.3964 | Acc: 49.88%
  Batch [2740/5739] Loss: 1.3968 | Acc: 49.88%
  Batch [2750/5739] Loss: 1.3957 | Acc: 49.90%
  Batch [2760/5739] Loss: 1.3943 | Acc: 49.92%
  Batch [2770/5739] Loss: 1.3942 | Acc: 49.93%
  Batch [2780/5739] Loss: 1.3932 | Acc: 49.96%
  Batch [2790/5739] Loss: 1.3928 | Acc: 49.94%
  Batch [2800/5739] Loss: 1.3917 | Acc: 49.96%
  Batch [2810/5739] Loss: 1.3910 | Acc: 49.98%
  Batch [2820/5739] Loss: 1.3908 | Acc: 49.97%
  Batch [2830/5739] Loss: 1.3893 | Acc: 50.02%
  Batch [2840/5739] Loss: 1.3887 | Acc: 50.05%
  Batch [2850/5739] Loss: 1.3869 | Acc: 50.10%
  Batch [2860/5739] Loss: 1.3865 | Acc: 50.13%
  Batch [2870/5739] Loss: 1.3855 | Acc: 50.14%
  Batch [2880/5739] Loss: 1.3843 | Acc: 50.16%
  Batch [2890/5739] Loss: 1.3835 | Acc: 50.20%
  Batch [2900/5739] Loss: 1.3824 | Acc: 50.26%
  Batch [2910/5739] Loss: 1.3823 | Acc: 50.28%
  Batch [2920/5739] Loss: 1.3820 | Acc: 50.28%
  Batch [2930/5739] Loss: 1.3830 | Acc: 50.29%
  Batch [2940/5739] Loss: 1.3836 | Acc: 50.28%
  Batch [2950/5739] Loss: 1.3835 | Acc: 50.28%
  Batch [2960/5739] Loss: 1.3829 | Acc: 50.29%
  Batch [2970/5739] Loss: 1.3830 | Acc: 50.29%
  Batch [2980/5739] Loss: 1.3825 | Acc: 50.29%
  Batch [2990/5739] Loss: 1.3823 | Acc: 50.27%
  Batch [3000/5739] Loss: 1.3825 | Acc: 50.26%
  Batch [3010/5739] Loss: 1.3815 | Acc: 50.27%
  Batch [3020/5739] Loss: 1.3815 | Acc: 50.27%
  Batch [3030/5739] Loss: 1.3809 | Acc: 50.28%
  Batch [3040/5739] Loss: 1.3795 | Acc: 50.34%
  Batch [3050/5739] Loss: 1.3793 | Acc: 50.33%
  Batch [3060/5739] Loss: 1.3795 | Acc: 50.33%
  Batch [3070/5739] Loss: 1.3788 | Acc: 50.35%
  Batch [3080/5739] Loss: 1.3779 | Acc: 50.38%
  Batch [3090/5739] Loss: 1.3769 | Acc: 50.40%
  Batch [3100/5739] Loss: 1.3769 | Acc: 50.38%
  Batch [3110/5739] Loss: 1.3760 | Acc: 50.40%
  Batch [3120/5739] Loss: 1.3759 | Acc: 50.38%
  Batch [3130/5739] Loss: 1.3758 | Acc: 50.38%
  Batch [3140/5739] Loss: 1.3766 | Acc: 50.39%
  Batch [3150/5739] Loss: 1.3762 | Acc: 50.43%
  Batch [3160/5739] Loss: 1.3755 | Acc: 50.46%
  Batch [3170/5739] Loss: 1.3744 | Acc: 50.50%
  Batch [3180/5739] Loss: 1.3744 | Acc: 50.53%
  Batch [3190/5739] Loss: 1.3733 | Acc: 50.55%
  Batch [3200/5739] Loss: 1.3718 | Acc: 50.62%
  Batch [3210/5739] Loss: 1.3717 | Acc: 50.64%
  Batch [3220/5739] Loss: 1.3713 | Acc: 50.63%
  Batch [3230/5739] Loss: 1.3715 | Acc: 50.61%
  Batch [3240/5739] Loss: 1.3712 | Acc: 50.64%
  Batch [3250/5739] Loss: 1.3716 | Acc: 50.61%
  Batch [3260/5739] Loss: 1.3722 | Acc: 50.61%
  Batch [3270/5739] Loss: 1.3723 | Acc: 50.61%
  Batch [3280/5739] Loss: 1.3718 | Acc: 50.60%
  Batch [3290/5739] Loss: 1.3718 | Acc: 50.63%
  Batch [3300/5739] Loss: 1.3712 | Acc: 50.63%
  Batch [3310/5739] Loss: 1.3704 | Acc: 50.66%
  Batch [3320/5739] Loss: 1.3703 | Acc: 50.69%
  Batch [3330/5739] Loss: 1.3693 | Acc: 50.70%
  Batch [3340/5739] Loss: 1.3694 | Acc: 50.70%
  Batch [3350/5739] Loss: 1.3682 | Acc: 50.74%
  Batch [3360/5739] Loss: 1.3680 | Acc: 50.74%
  Batch [3370/5739] Loss: 1.3691 | Acc: 50.73%
  Batch [3380/5739] Loss: 1.3690 | Acc: 50.72%
  Batch [3390/5739] Loss: 1.3695 | Acc: 50.72%
  Batch [3400/5739] Loss: 1.3695 | Acc: 50.71%
  Batch [3410/5739] Loss: 1.3684 | Acc: 50.72%
  Batch [3420/5739] Loss: 1.3680 | Acc: 50.70%
  Batch [3430/5739] Loss: 1.3675 | Acc: 50.72%
  Batch [3440/5739] Loss: 1.3697 | Acc: 50.66%
  Batch [3450/5739] Loss: 1.3700 | Acc: 50.66%
  Batch [3460/5739] Loss: 1.3701 | Acc: 50.66%
  Batch [3470/5739] Loss: 1.3697 | Acc: 50.64%
  Batch [3480/5739] Loss: 1.3698 | Acc: 50.62%
  Batch [3490/5739] Loss: 1.3699 | Acc: 50.62%
  Batch [3500/5739] Loss: 1.3695 | Acc: 50.61%
  Batch [3510/5739] Loss: 1.3687 | Acc: 50.63%
  Batch [3520/5739] Loss: 1.3685 | Acc: 50.62%
  Batch [3530/5739] Loss: 1.3682 | Acc: 50.62%
  Batch [3540/5739] Loss: 1.3681 | Acc: 50.62%
  Batch [3550/5739] Loss: 1.3677 | Acc: 50.63%
  Batch [3560/5739] Loss: 1.3673 | Acc: 50.64%
  Batch [3570/5739] Loss: 1.3664 | Acc: 50.68%
  Batch [3580/5739] Loss: 1.3669 | Acc: 50.70%
  Batch [3590/5739] Loss: 1.3665 | Acc: 50.73%
  Batch [3600/5739] Loss: 1.3662 | Acc: 50.74%
  Batch [3610/5739] Loss: 1.3659 | Acc: 50.77%
  Batch [3620/5739] Loss: 1.3654 | Acc: 50.81%
  Batch [3630/5739] Loss: 1.3649 | Acc: 50.82%
  Batch [3640/5739] Loss: 1.3637 | Acc: 50.86%
  Batch [3650/5739] Loss: 1.3627 | Acc: 50.90%
  Batch [3660/5739] Loss: 1.3622 | Acc: 50.91%
  Batch [3670/5739] Loss: 1.3609 | Acc: 50.96%
  Batch [3680/5739] Loss: 1.3611 | Acc: 50.97%
  Batch [3690/5739] Loss: 1.3599 | Acc: 51.01%
  Batch [3700/5739] Loss: 1.3597 | Acc: 51.02%
  Batch [3710/5739] Loss: 1.3590 | Acc: 51.02%
  Batch [3720/5739] Loss: 1.3578 | Acc: 51.07%
  Batch [3730/5739] Loss: 1.3574 | Acc: 51.09%
  Batch [3740/5739] Loss: 1.3573 | Acc: 51.10%
  Batch [3750/5739] Loss: 1.3571 | Acc: 51.09%
  Batch [3760/5739] Loss: 1.3570 | Acc: 51.09%
  Batch [3770/5739] Loss: 1.3565 | Acc: 51.12%
  Batch [3780/5739] Loss: 1.3564 | Acc: 51.14%
  Batch [3790/5739] Loss: 1.3560 | Acc: 51.17%
  Batch [3800/5739] Loss: 1.3551 | Acc: 51.20%
  Batch [3810/5739] Loss: 1.3547 | Acc: 51.22%
  Batch [3820/5739] Loss: 1.3538 | Acc: 51.25%
  Batch [3830/5739] Loss: 1.3535 | Acc: 51.27%
  Batch [3840/5739] Loss: 1.3544 | Acc: 51.27%
  Batch [3850/5739] Loss: 1.3540 | Acc: 51.28%
  Batch [3860/5739] Loss: 1.3543 | Acc: 51.28%
  Batch [3870/5739] Loss: 1.3545 | Acc: 51.26%
  Batch [3880/5739] Loss: 1.3538 | Acc: 51.29%
  Batch [3890/5739] Loss: 1.3534 | Acc: 51.32%
  Batch [3900/5739] Loss: 1.3527 | Acc: 51.34%
  Batch [3910/5739] Loss: 1.3526 | Acc: 51.35%
  Batch [3920/5739] Loss: 1.3527 | Acc: 51.38%
  Batch [3930/5739] Loss: 1.3525 | Acc: 51.39%
  Batch [3940/5739] Loss: 1.3520 | Acc: 51.42%
  Batch [3950/5739] Loss: 1.3522 | Acc: 51.41%
  Batch [3960/5739] Loss: 1.3523 | Acc: 51.42%
  Batch [3970/5739] Loss: 1.3515 | Acc: 51.45%
  Batch [3980/5739] Loss: 1.3509 | Acc: 51.49%
  Batch [3990/5739] Loss: 1.3510 | Acc: 51.48%
  Batch [4000/5739] Loss: 1.3509 | Acc: 51.49%
  Batch [4010/5739] Loss: 1.3506 | Acc: 51.51%
  Batch [4020/5739] Loss: 1.3508 | Acc: 51.51%
  Batch [4030/5739] Loss: 1.3506 | Acc: 51.53%
  Batch [4040/5739] Loss: 1.3501 | Acc: 51.56%
  Batch [4050/5739] Loss: 1.3497 | Acc: 51.59%
  Batch [4060/5739] Loss: 1.3494 | Acc: 51.61%
  Batch [4070/5739] Loss: 1.3484 | Acc: 51.63%
  Batch [4080/5739] Loss: 1.3478 | Acc: 51.64%
  Batch [4090/5739] Loss: 1.3465 | Acc: 51.67%
  Batch [4100/5739] Loss: 1.3456 | Acc: 51.70%
  Batch [4110/5739] Loss: 1.3454 | Acc: 51.71%
  Batch [4120/5739] Loss: 1.3453 | Acc: 51.73%
  Batch [4130/5739] Loss: 1.3455 | Acc: 51.74%
  Batch [4140/5739] Loss: 1.3453 | Acc: 51.75%
  Batch [4150/5739] Loss: 1.3449 | Acc: 51.77%
  Batch [4160/5739] Loss: 1.3447 | Acc: 51.78%
  Batch [4170/5739] Loss: 1.3440 | Acc: 51.78%
  Batch [4180/5739] Loss: 1.3434 | Acc: 51.81%
  Batch [4190/5739] Loss: 1.3428 | Acc: 51.82%
  Batch [4200/5739] Loss: 1.3424 | Acc: 51.83%
  Batch [4210/5739] Loss: 1.3418 | Acc: 51.85%
  Batch [4220/5739] Loss: 1.3419 | Acc: 51.85%
  Batch [4230/5739] Loss: 1.3416 | Acc: 51.87%
  Batch [4240/5739] Loss: 1.3415 | Acc: 51.87%
  Batch [4250/5739] Loss: 1.3411 | Acc: 51.88%
  Batch [4260/5739] Loss: 1.3410 | Acc: 51.89%
  Batch [4270/5739] Loss: 1.3406 | Acc: 51.90%
  Batch [4280/5739] Loss: 1.3400 | Acc: 51.93%
  Batch [4290/5739] Loss: 1.3396 | Acc: 51.93%
  Batch [4300/5739] Loss: 1.3397 | Acc: 51.93%
  Batch [4310/5739] Loss: 1.3399 | Acc: 51.92%
  Batch [4320/5739] Loss: 1.3393 | Acc: 51.92%
  Batch [4330/5739] Loss: 1.3386 | Acc: 51.94%
  Batch [4340/5739] Loss: 1.3376 | Acc: 51.97%
  Batch [4350/5739] Loss: 1.3377 | Acc: 51.98%
  Batch [4360/5739] Loss: 1.3376 | Acc: 51.98%
  Batch [4370/5739] Loss: 1.3374 | Acc: 52.00%
  Batch [4380/5739] Loss: 1.3376 | Acc: 52.01%
  Batch [4390/5739] Loss: 1.3373 | Acc: 52.03%
  Batch [4400/5739] Loss: 1.3376 | Acc: 52.01%
  Batch [4410/5739] Loss: 1.3370 | Acc: 52.00%
  Batch [4420/5739] Loss: 1.3369 | Acc: 51.99%
  Batch [4430/5739] Loss: 1.3372 | Acc: 51.99%
  Batch [4440/5739] Loss: 1.3358 | Acc: 52.03%
  Batch [4450/5739] Loss: 1.3355 | Acc: 52.04%
  Batch [4460/5739] Loss: 1.3348 | Acc: 52.07%
  Batch [4470/5739] Loss: 1.3340 | Acc: 52.09%
  Batch [4480/5739] Loss: 1.3337 | Acc: 52.13%
  Batch [4490/5739] Loss: 1.3338 | Acc: 52.14%
  Batch [4500/5739] Loss: 1.3337 | Acc: 52.15%
  Batch [4510/5739] Loss: 1.3342 | Acc: 52.15%
  Batch [4520/5739] Loss: 1.3342 | Acc: 52.15%
  Batch [4530/5739] Loss: 1.3339 | Acc: 52.18%
  Batch [4540/5739] Loss: 1.3342 | Acc: 52.17%
  Batch [4550/5739] Loss: 1.3339 | Acc: 52.19%
  Batch [4560/5739] Loss: 1.3338 | Acc: 52.18%
  Batch [4570/5739] Loss: 1.3336 | Acc: 52.18%
  Batch [4580/5739] Loss: 1.3335 | Acc: 52.17%
  Batch [4590/5739] Loss: 1.3336 | Acc: 52.17%
  Batch [4600/5739] Loss: 1.3336 | Acc: 52.17%
  Batch [4610/5739] Loss: 1.3331 | Acc: 52.17%
  Batch [4620/5739] Loss: 1.3328 | Acc: 52.17%
  Batch [4630/5739] Loss: 1.3325 | Acc: 52.19%
  Batch [4640/5739] Loss: 1.3334 | Acc: 52.16%
  Batch [4650/5739] Loss: 1.3331 | Acc: 52.16%
  Batch [4660/5739] Loss: 1.3327 | Acc: 52.16%
  Batch [4670/5739] Loss: 1.3326 | Acc: 52.16%
  Batch [4680/5739] Loss: 1.3323 | Acc: 52.17%
  Batch [4690/5739] Loss: 1.3319 | Acc: 52.20%
  Batch [4700/5739] Loss: 1.3312 | Acc: 52.22%
  Batch [4710/5739] Loss: 1.3304 | Acc: 52.25%
  Batch [4720/5739] Loss: 1.3303 | Acc: 52.27%
  Batch [4730/5739] Loss: 1.3301 | Acc: 52.27%
  Batch [4740/5739] Loss: 1.3303 | Acc: 52.25%
  Batch [4750/5739] Loss: 1.3294 | Acc: 52.27%
  Batch [4760/5739] Loss: 1.3291 | Acc: 52.29%
  Batch [4770/5739] Loss: 1.3289 | Acc: 52.30%
  Batch [4780/5739] Loss: 1.3288 | Acc: 52.29%
  Batch [4790/5739] Loss: 1.3288 | Acc: 52.28%
  Batch [4800/5739] Loss: 1.3289 | Acc: 52.28%
  Batch [4810/5739] Loss: 1.3287 | Acc: 52.29%
  Batch [4820/5739] Loss: 1.3292 | Acc: 52.29%
  Batch [4830/5739] Loss: 1.3292 | Acc: 52.31%
  Batch [4840/5739] Loss: 1.3286 | Acc: 52.33%
  Batch [4850/5739] Loss: 1.3282 | Acc: 52.35%
  Batch [4860/5739] Loss: 1.3279 | Acc: 52.34%
  Batch [4870/5739] Loss: 1.3268 | Acc: 52.37%
  Batch [4880/5739] Loss: 1.3264 | Acc: 52.37%
  Batch [4890/5739] Loss: 1.3266 | Acc: 52.37%
  Batch [4900/5739] Loss: 1.3257 | Acc: 52.40%
  Batch [4910/5739] Loss: 1.3258 | Acc: 52.40%
  Batch [4920/5739] Loss: 1.3260 | Acc: 52.40%
  Batch [4930/5739] Loss: 1.3260 | Acc: 52.40%
  Batch [4940/5739] Loss: 1.3264 | Acc: 52.40%
  Batch [4950/5739] Loss: 1.3261 | Acc: 52.42%
  Batch [4960/5739] Loss: 1.3264 | Acc: 52.41%
  Batch [4970/5739] Loss: 1.3261 | Acc: 52.43%
  Batch [4980/5739] Loss: 1.3260 | Acc: 52.44%
  Batch [4990/5739] Loss: 1.3254 | Acc: 52.46%
  Batch [5000/5739] Loss: 1.3254 | Acc: 52.46%
  Batch [5010/5739] Loss: 1.3253 | Acc: 52.45%
  Batch [5020/5739] Loss: 1.3251 | Acc: 52.43%
  Batch [5030/5739] Loss: 1.3247 | Acc: 52.44%
  Batch [5040/5739] Loss: 1.3244 | Acc: 52.44%
  Batch [5050/5739] Loss: 1.3243 | Acc: 52.45%
  Batch [5060/5739] Loss: 1.3234 | Acc: 52.47%
  Batch [5070/5739] Loss: 1.3231 | Acc: 52.48%
  Batch [5080/5739] Loss: 1.3231 | Acc: 52.49%
  Batch [5090/5739] Loss: 1.3234 | Acc: 52.49%
  Batch [5100/5739] Loss: 1.3238 | Acc: 52.50%
  Batch [5110/5739] Loss: 1.3235 | Acc: 52.51%
  Batch [5120/5739] Loss: 1.3239 | Acc: 52.50%
  Batch [5130/5739] Loss: 1.3243 | Acc: 52.50%
  Batch [5140/5739] Loss: 1.3239 | Acc: 52.51%
  Batch [5150/5739] Loss: 1.3240 | Acc: 52.51%
  Batch [5160/5739] Loss: 1.3236 | Acc: 52.52%
  Batch [5170/5739] Loss: 1.3236 | Acc: 52.52%
  Batch [5180/5739] Loss: 1.3230 | Acc: 52.53%
  Batch [5190/5739] Loss: 1.3228 | Acc: 52.52%
  Batch [5200/5739] Loss: 1.3229 | Acc: 52.50%
  Batch [5210/5739] Loss: 1.3224 | Acc: 52.51%
  Batch [5220/5739] Loss: 1.3226 | Acc: 52.50%
  Batch [5230/5739] Loss: 1.3223 | Acc: 52.50%
  Batch [5240/5739] Loss: 1.3220 | Acc: 52.50%
  Batch [5250/5739] Loss: 1.3213 | Acc: 52.51%
  Batch [5260/5739] Loss: 1.3207 | Acc: 52.51%
  Batch [5270/5739] Loss: 1.3203 | Acc: 52.52%
  Batch [5280/5739] Loss: 1.3200 | Acc: 52.52%
  Batch [5290/5739] Loss: 1.3194 | Acc: 52.55%
  Batch [5300/5739] Loss: 1.3193 | Acc: 52.54%
  Batch [5310/5739] Loss: 1.3191 | Acc: 52.55%
  Batch [5320/5739] Loss: 1.3188 | Acc: 52.55%
  Batch [5330/5739] Loss: 1.3187 | Acc: 52.56%
  Batch [5340/5739] Loss: 1.3190 | Acc: 52.55%
  Batch [5350/5739] Loss: 1.3189 | Acc: 52.56%
  Batch [5360/5739] Loss: 1.3184 | Acc: 52.57%
  Batch [5370/5739] Loss: 1.3182 | Acc: 52.56%
  Batch [5380/5739] Loss: 1.3182 | Acc: 52.55%
  Batch [5390/5739] Loss: 1.3179 | Acc: 52.56%
  Batch [5400/5739] Loss: 1.3174 | Acc: 52.58%
  Batch [5410/5739] Loss: 1.3170 | Acc: 52.58%
  Batch [5420/5739] Loss: 1.3168 | Acc: 52.60%
  Batch [5430/5739] Loss: 1.3173 | Acc: 52.60%
  Batch [5440/5739] Loss: 1.3174 | Acc: 52.59%
  Batch [5450/5739] Loss: 1.3169 | Acc: 52.62%
  Batch [5460/5739] Loss: 1.3164 | Acc: 52.64%
  Batch [5470/5739] Loss: 1.3158 | Acc: 52.67%
  Batch [5480/5739] Loss: 1.3155 | Acc: 52.68%
  Batch [5490/5739] Loss: 1.3150 | Acc: 52.69%
  Batch [5500/5739] Loss: 1.3148 | Acc: 52.69%
  Batch [5510/5739] Loss: 1.3147 | Acc: 52.68%
  Batch [5520/5739] Loss: 1.3142 | Acc: 52.69%
  Batch [5530/5739] Loss: 1.3139 | Acc: 52.70%
  Batch [5540/5739] Loss: 1.3141 | Acc: 52.70%
  Batch [5550/5739] Loss: 1.3136 | Acc: 52.71%
  Batch [5560/5739] Loss: 1.3130 | Acc: 52.73%
  Batch [5570/5739] Loss: 1.3129 | Acc: 52.75%
  Batch [5580/5739] Loss: 1.3124 | Acc: 52.77%
  Batch [5590/5739] Loss: 1.3119 | Acc: 52.77%
  Batch [5600/5739] Loss: 1.3116 | Acc: 52.79%
  Batch [5610/5739] Loss: 1.3113 | Acc: 52.81%
  Batch [5620/5739] Loss: 1.3108 | Acc: 52.83%
  Batch [5630/5739] Loss: 1.3103 | Acc: 52.84%
  Batch [5640/5739] Loss: 1.3098 | Acc: 52.85%
  Batch [5650/5739] Loss: 1.3092 | Acc: 52.88%
  Batch [5660/5739] Loss: 1.3088 | Acc: 52.90%
  Batch [5670/5739] Loss: 1.3083 | Acc: 52.92%
  Batch [5680/5739] Loss: 1.3083 | Acc: 52.95%
  Batch [5690/5739] Loss: 1.3082 | Acc: 52.96%
  Batch [5700/5739] Loss: 1.3082 | Acc: 52.97%
  Batch [5710/5739] Loss: 1.3074 | Acc: 52.99%
  Batch [5720/5739] Loss: 1.3071 | Acc: 53.00%
  Batch [5730/5739] Loss: 1.3069 | Acc: 53.02%

======================================================================
Epoch 2 Summary:
  Train Loss: 1.3066 | Train Acc: 53.03%
  Val Loss:   2.3813 | Val Acc:   25.73%
  Learning Rate: 0.000100
  Time: 117.1s
  ✓ Best model! (Val Loss: 2.3813, Val Acc: 25.73%)
======================================================================

Epoch [3/50]
----------------------------------------------------------------------
  Batch [10/5739] Loss: 1.1133 | Acc: 65.50%
  Batch [20/5739] Loss: 1.3273 | Acc: 59.75%
  Batch [30/5739] Loss: 1.2036 | Acc: 62.00%
  Batch [40/5739] Loss: 1.2295 | Acc: 61.12%
  Batch [50/5739] Loss: 1.2458 | Acc: 60.00%
  Batch [60/5739] Loss: 1.2520 | Acc: 58.83%
  Batch [70/5739] Loss: 1.2565 | Acc: 58.36%
  Batch [80/5739] Loss: 1.2515 | Acc: 57.94%
  Batch [90/5739] Loss: 1.2141 | Acc: 58.83%
  Batch [100/5739] Loss: 1.2019 | Acc: 58.55%
  Batch [110/5739] Loss: 1.1975 | Acc: 58.68%
  Batch [120/5739] Loss: 1.1776 | Acc: 59.21%
  Batch [130/5739] Loss: 1.1492 | Acc: 60.19%
  Batch [140/5739] Loss: 1.1554 | Acc: 59.71%
  Batch [150/5739] Loss: 1.1607 | Acc: 59.00%
  Batch [160/5739] Loss: 1.1608 | Acc: 58.94%
  Batch [170/5739] Loss: 1.1621 | Acc: 58.76%
  Batch [180/5739] Loss: 1.1778 | Acc: 58.44%
  Batch [190/5739] Loss: 1.1824 | Acc: 58.29%
  Batch [200/5739] Loss: 1.1928 | Acc: 57.67%
  Batch [210/5739] Loss: 1.1867 | Acc: 57.67%
  Batch [220/5739] Loss: 1.1940 | Acc: 57.45%
  Batch [230/5739] Loss: 1.1896 | Acc: 57.52%
  Batch [240/5739] Loss: 1.1887 | Acc: 57.27%
  Batch [250/5739] Loss: 1.1824 | Acc: 57.32%
  Batch [260/5739] Loss: 1.1898 | Acc: 57.06%
  Batch [270/5739] Loss: 1.1922 | Acc: 57.06%
  Batch [280/5739] Loss: 1.1836 | Acc: 57.52%
  Batch [290/5739] Loss: 1.1705 | Acc: 58.07%
  Batch [300/5739] Loss: 1.1619 | Acc: 58.27%
  Batch [310/5739] Loss: 1.1564 | Acc: 58.31%
  Batch [320/5739] Loss: 1.1648 | Acc: 57.98%
  Batch [330/5739] Loss: 1.1730 | Acc: 58.00%
  Batch [340/5739] Loss: 1.1705 | Acc: 58.04%
  Batch [350/5739] Loss: 1.1695 | Acc: 58.11%
  Batch [360/5739] Loss: 1.1778 | Acc: 57.72%
  Batch [370/5739] Loss: 1.1666 | Acc: 58.08%
  Batch [380/5739] Loss: 1.1662 | Acc: 58.18%
  Batch [390/5739] Loss: 1.1636 | Acc: 58.35%
  Batch [400/5739] Loss: 1.1702 | Acc: 58.39%
  Batch [410/5739] Loss: 1.1663 | Acc: 58.30%
  Batch [420/5739] Loss: 1.1648 | Acc: 58.54%
  Batch [430/5739] Loss: 1.1631 | Acc: 58.69%
  Batch [440/5739] Loss: 1.1581 | Acc: 58.89%
  Batch [450/5739] Loss: 1.1636 | Acc: 58.87%
  Batch [460/5739] Loss: 1.1546 | Acc: 59.00%
  Batch [470/5739] Loss: 1.1594 | Acc: 58.79%
  Batch [480/5739] Loss: 1.1616 | Acc: 58.84%
  Batch [490/5739] Loss: 1.1607 | Acc: 59.00%
  Batch [500/5739] Loss: 1.1649 | Acc: 58.88%
  Batch [510/5739] Loss: 1.1630 | Acc: 58.99%
  Batch [520/5739] Loss: 1.1620 | Acc: 58.81%
  Batch [530/5739] Loss: 1.1641 | Acc: 58.77%
  Batch [540/5739] Loss: 1.1638 | Acc: 58.83%
  Batch [550/5739] Loss: 1.1696 | Acc: 58.61%
  Batch [560/5739] Loss: 1.1713 | Acc: 58.56%
  Batch [570/5739] Loss: 1.1683 | Acc: 58.50%
  Batch [580/5739] Loss: 1.1718 | Acc: 58.46%
  Batch [590/5739] Loss: 1.1734 | Acc: 58.36%
  Batch [600/5739] Loss: 1.1690 | Acc: 58.62%
  Batch [610/5739] Loss: 1.1674 | Acc: 58.68%
  Batch [620/5739] Loss: 1.1686 | Acc: 58.62%
  Batch [630/5739] Loss: 1.1677 | Acc: 58.56%
  Batch [640/5739] Loss: 1.1715 | Acc: 58.36%
  Batch [650/5739] Loss: 1.1749 | Acc: 58.24%
  Batch [660/5739] Loss: 1.1757 | Acc: 58.22%
  Batch [670/5739] Loss: 1.1720 | Acc: 58.42%
  Batch [680/5739] Loss: 1.1705 | Acc: 58.46%
  Batch [690/5739] Loss: 1.1683 | Acc: 58.43%
  Batch [700/5739] Loss: 1.1664 | Acc: 58.46%
  Batch [710/5739] Loss: 1.1659 | Acc: 58.47%
  Batch [720/5739] Loss: 1.1644 | Acc: 58.54%
  Batch [730/5739] Loss: 1.1630 | Acc: 58.48%
  Batch [740/5739] Loss: 1.1622 | Acc: 58.49%
  Batch [750/5739] Loss: 1.1622 | Acc: 58.47%
  Batch [760/5739] Loss: 1.1624 | Acc: 58.47%
  Batch [770/5739] Loss: 1.1622 | Acc: 58.47%
  Batch [780/5739] Loss: 1.1615 | Acc: 58.67%
  Batch [790/5739] Loss: 1.1646 | Acc: 58.56%
  Batch [800/5739] Loss: 1.1677 | Acc: 58.56%
  Batch [810/5739] Loss: 1.1650 | Acc: 58.56%
  Batch [820/5739] Loss: 1.1641 | Acc: 58.52%
  Batch [830/5739] Loss: 1.1614 | Acc: 58.60%
  Batch [840/5739] Loss: 1.1653 | Acc: 58.64%
  Batch [850/5739] Loss: 1.1642 | Acc: 58.61%
  Batch [860/5739] Loss: 1.1614 | Acc: 58.67%
  Batch [870/5739] Loss: 1.1604 | Acc: 58.60%
  Batch [880/5739] Loss: 1.1620 | Acc: 58.58%
  Batch [890/5739] Loss: 1.1580 | Acc: 58.65%
  Batch [900/5739] Loss: 1.1550 | Acc: 58.67%
  Batch [910/5739] Loss: 1.1579 | Acc: 58.63%
  Batch [920/5739] Loss: 1.1587 | Acc: 58.64%
  Batch [930/5739] Loss: 1.1613 | Acc: 58.60%
  Batch [940/5739] Loss: 1.1625 | Acc: 58.65%
  Batch [950/5739] Loss: 1.1600 | Acc: 58.71%
  Batch [960/5739] Loss: 1.1617 | Acc: 58.64%
  Batch [970/5739] Loss: 1.1604 | Acc: 58.71%
  Batch [980/5739] Loss: 1.1594 | Acc: 58.81%
  Batch [990/5739] Loss: 1.1594 | Acc: 58.82%
  Batch [1000/5739] Loss: 1.1588 | Acc: 58.85%
  Batch [1010/5739] Loss: 1.1601 | Acc: 58.83%
  Batch [1020/5739] Loss: 1.1572 | Acc: 58.89%
  Batch [1030/5739] Loss: 1.1556 | Acc: 58.92%
  Batch [1040/5739] Loss: 1.1522 | Acc: 59.05%
  Batch [1050/5739] Loss: 1.1528 | Acc: 59.17%
  Batch [1060/5739] Loss: 1.1552 | Acc: 59.08%
  Batch [1070/5739] Loss: 1.1547 | Acc: 59.09%
  Batch [1080/5739] Loss: 1.1535 | Acc: 59.04%
  Batch [1090/5739] Loss: 1.1549 | Acc: 59.00%
  Batch [1100/5739] Loss: 1.1523 | Acc: 59.03%
  Batch [1110/5739] Loss: 1.1511 | Acc: 59.05%
  Batch [1120/5739] Loss: 1.1531 | Acc: 59.01%
  Batch [1130/5739] Loss: 1.1524 | Acc: 59.07%
  Batch [1140/5739] Loss: 1.1543 | Acc: 59.06%
  Batch [1150/5739] Loss: 1.1545 | Acc: 59.00%
  Batch [1160/5739] Loss: 1.1534 | Acc: 59.03%
  Batch [1170/5739] Loss: 1.1532 | Acc: 59.04%
  Batch [1180/5739] Loss: 1.1524 | Acc: 59.08%
  Batch [1190/5739] Loss: 1.1513 | Acc: 59.08%
  Batch [1200/5739] Loss: 1.1511 | Acc: 59.01%
  Batch [1210/5739] Loss: 1.1527 | Acc: 58.95%
  Batch [1220/5739] Loss: 1.1517 | Acc: 58.95%
  Batch [1230/5739] Loss: 1.1527 | Acc: 58.91%
  Batch [1240/5739] Loss: 1.1537 | Acc: 58.91%
  Batch [1250/5739] Loss: 1.1526 | Acc: 58.96%
  Batch [1260/5739] Loss: 1.1518 | Acc: 58.95%
  Batch [1270/5739] Loss: 1.1520 | Acc: 58.89%
  Batch [1280/5739] Loss: 1.1526 | Acc: 58.79%
  Batch [1290/5739] Loss: 1.1532 | Acc: 58.78%
  Batch [1300/5739] Loss: 1.1547 | Acc: 58.72%
  Batch [1310/5739] Loss: 1.1549 | Acc: 58.72%
  Batch [1320/5739] Loss: 1.1545 | Acc: 58.76%
  Batch [1330/5739] Loss: 1.1526 | Acc: 58.81%
  Batch [1340/5739] Loss: 1.1519 | Acc: 58.75%
  Batch [1350/5739] Loss: 1.1503 | Acc: 58.80%
  Batch [1360/5739] Loss: 1.1507 | Acc: 58.88%
  Batch [1370/5739] Loss: 1.1523 | Acc: 58.84%
  Batch [1380/5739] Loss: 1.1509 | Acc: 58.89%
  Batch [1390/5739] Loss: 1.1533 | Acc: 58.83%
  Batch [1400/5739] Loss: 1.1552 | Acc: 58.85%
  Batch [1410/5739] Loss: 1.1557 | Acc: 58.88%
  Batch [1420/5739] Loss: 1.1552 | Acc: 58.92%
  Batch [1430/5739] Loss: 1.1569 | Acc: 58.87%
  Batch [1440/5739] Loss: 1.1583 | Acc: 58.86%
  Batch [1450/5739] Loss: 1.1580 | Acc: 58.85%
  Batch [1460/5739] Loss: 1.1579 | Acc: 58.89%
  Batch [1470/5739] Loss: 1.1584 | Acc: 58.90%
  Batch [1480/5739] Loss: 1.1582 | Acc: 58.88%
  Batch [1490/5739] Loss: 1.1591 | Acc: 58.82%
  Batch [1500/5739] Loss: 1.1601 | Acc: 58.75%
  Batch [1510/5739] Loss: 1.1608 | Acc: 58.71%
  Batch [1520/5739] Loss: 1.1611 | Acc: 58.63%
  Batch [1530/5739] Loss: 1.1604 | Acc: 58.68%
  Batch [1540/5739] Loss: 1.1619 | Acc: 58.69%
  Batch [1550/5739] Loss: 1.1611 | Acc: 58.71%
  Batch [1560/5739] Loss: 1.1611 | Acc: 58.73%
  Batch [1570/5739] Loss: 1.1625 | Acc: 58.75%
  Batch [1580/5739] Loss: 1.1626 | Acc: 58.74%
  Batch [1590/5739] Loss: 1.1655 | Acc: 58.63%
  Batch [1600/5739] Loss: 1.1669 | Acc: 58.61%
  Batch [1610/5739] Loss: 1.1671 | Acc: 58.60%
  Batch [1620/5739] Loss: 1.1669 | Acc: 58.61%
  Batch [1630/5739] Loss: 1.1662 | Acc: 58.60%
  Batch [1640/5739] Loss: 1.1654 | Acc: 58.65%
  Batch [1650/5739] Loss: 1.1655 | Acc: 58.65%
  Batch [1660/5739] Loss: 1.1652 | Acc: 58.68%
  Batch [1670/5739] Loss: 1.1662 | Acc: 58.63%
  Batch [1680/5739] Loss: 1.1674 | Acc: 58.59%
  Batch [1690/5739] Loss: 1.1664 | Acc: 58.60%
  Batch [1700/5739] Loss: 1.1652 | Acc: 58.63%
  Batch [1710/5739] Loss: 1.1641 | Acc: 58.65%
  Batch [1720/5739] Loss: 1.1644 | Acc: 58.65%
  Batch [1730/5739] Loss: 1.1653 | Acc: 58.63%
  Batch [1740/5739] Loss: 1.1655 | Acc: 58.60%
  Batch [1750/5739] Loss: 1.1671 | Acc: 58.55%
  Batch [1760/5739] Loss: 1.1685 | Acc: 58.55%
  Batch [1770/5739] Loss: 1.1688 | Acc: 58.53%
  Batch [1780/5739] Loss: 1.1670 | Acc: 58.56%
  Batch [1790/5739] Loss: 1.1674 | Acc: 58.55%
  Batch [1800/5739] Loss: 1.1678 | Acc: 58.51%
  Batch [1810/5739] Loss: 1.1694 | Acc: 58.44%
  Batch [1820/5739] Loss: 1.1705 | Acc: 58.41%
  Batch [1830/5739] Loss: 1.1703 | Acc: 58.43%
  Batch [1840/5739] Loss: 1.1696 | Acc: 58.40%
  Batch [1850/5739] Loss: 1.1701 | Acc: 58.40%
  Batch [1860/5739] Loss: 1.1701 | Acc: 58.41%
  Batch [1870/5739] Loss: 1.1698 | Acc: 58.41%
  Batch [1880/5739] Loss: 1.1687 | Acc: 58.40%
  Batch [1890/5739] Loss: 1.1683 | Acc: 58.37%
  Batch [1900/5739] Loss: 1.1686 | Acc: 58.35%
  Batch [1910/5739] Loss: 1.1686 | Acc: 58.31%
  Batch [1920/5739] Loss: 1.1693 | Acc: 58.25%
  Batch [1930/5739] Loss: 1.1689 | Acc: 58.27%
  Batch [1940/5739] Loss: 1.1677 | Acc: 58.31%
  Batch [1950/5739] Loss: 1.1671 | Acc: 58.37%
  Batch [1960/5739] Loss: 1.1668 | Acc: 58.35%
  Batch [1970/5739] Loss: 1.1653 | Acc: 58.37%
  Batch [1980/5739] Loss: 1.1648 | Acc: 58.36%
  Batch [1990/5739] Loss: 1.1655 | Acc: 58.36%
  Batch [2000/5739] Loss: 1.1654 | Acc: 58.38%
  Batch [2010/5739] Loss: 1.1659 | Acc: 58.37%
  Batch [2020/5739] Loss: 1.1660 | Acc: 58.38%
  Batch [2030/5739] Loss: 1.1662 | Acc: 58.37%
  Batch [2040/5739] Loss: 1.1669 | Acc: 58.36%
  Batch [2050/5739] Loss: 1.1668 | Acc: 58.34%
  Batch [2060/5739] Loss: 1.1665 | Acc: 58.38%
  Batch [2070/5739] Loss: 1.1650 | Acc: 58.41%
  Batch [2080/5739] Loss: 1.1653 | Acc: 58.38%
  Batch [2090/5739] Loss: 1.1643 | Acc: 58.40%
  Batch [2100/5739] Loss: 1.1644 | Acc: 58.39%
  Batch [2110/5739] Loss: 1.1642 | Acc: 58.39%
  Batch [2120/5739] Loss: 1.1628 | Acc: 58.46%
  Batch [2130/5739] Loss: 1.1620 | Acc: 58.48%
  Batch [2140/5739] Loss: 1.1620 | Acc: 58.50%
  Batch [2150/5739] Loss: 1.1627 | Acc: 58.49%
  Batch [2160/5739] Loss: 1.1624 | Acc: 58.54%
  Batch [2170/5739] Loss: 1.1623 | Acc: 58.56%
  Batch [2180/5739] Loss: 1.1626 | Acc: 58.59%
  Batch [2190/5739] Loss: 1.1623 | Acc: 58.64%
  Batch [2200/5739] Loss: 1.1626 | Acc: 58.62%
  Batch [2210/5739] Loss: 1.1630 | Acc: 58.63%
  Batch [2220/5739] Loss: 1.1630 | Acc: 58.67%
  Batch [2230/5739] Loss: 1.1621 | Acc: 58.70%
  Batch [2240/5739] Loss: 1.1627 | Acc: 58.71%
  Batch [2250/5739] Loss: 1.1620 | Acc: 58.74%
  Batch [2260/5739] Loss: 1.1610 | Acc: 58.79%
  Batch [2270/5739] Loss: 1.1608 | Acc: 58.80%
  Batch [2280/5739] Loss: 1.1605 | Acc: 58.82%
  Batch [2290/5739] Loss: 1.1595 | Acc: 58.87%
  Batch [2300/5739] Loss: 1.1603 | Acc: 58.83%
  Batch [2310/5739] Loss: 1.1604 | Acc: 58.85%
  Batch [2320/5739] Loss: 1.1601 | Acc: 58.84%
  Batch [2330/5739] Loss: 1.1604 | Acc: 58.84%
  Batch [2340/5739] Loss: 1.1593 | Acc: 58.89%
  Batch [2350/5739] Loss: 1.1597 | Acc: 58.88%
  Batch [2360/5739] Loss: 1.1601 | Acc: 58.86%
  Batch [2370/5739] Loss: 1.1593 | Acc: 58.87%
  Batch [2380/5739] Loss: 1.1582 | Acc: 58.90%
  Batch [2390/5739] Loss: 1.1573 | Acc: 58.94%
  Batch [2400/5739] Loss: 1.1575 | Acc: 58.92%
  Batch [2410/5739] Loss: 1.1575 | Acc: 58.93%
  Batch [2420/5739] Loss: 1.1571 | Acc: 58.91%
  Batch [2430/5739] Loss: 1.1577 | Acc: 58.90%
  Batch [2440/5739] Loss: 1.1571 | Acc: 58.92%
  Batch [2450/5739] Loss: 1.1567 | Acc: 58.97%
  Batch [2460/5739] Loss: 1.1562 | Acc: 58.99%
  Batch [2470/5739] Loss: 1.1578 | Acc: 58.97%
  Batch [2480/5739] Loss: 1.1562 | Acc: 59.02%
  Batch [2490/5739] Loss: 1.1558 | Acc: 59.02%
  Batch [2500/5739] Loss: 1.1557 | Acc: 59.01%
  Batch [2510/5739] Loss: 1.1566 | Acc: 59.02%
  Batch [2520/5739] Loss: 1.1549 | Acc: 59.08%
  Batch [2530/5739] Loss: 1.1554 | Acc: 59.02%
  Batch [2540/5739] Loss: 1.1545 | Acc: 59.05%
  Batch [2550/5739] Loss: 1.1536 | Acc: 59.07%
  Batch [2560/5739] Loss: 1.1531 | Acc: 59.10%
  Batch [2570/5739] Loss: 1.1538 | Acc: 59.10%
  Batch [2580/5739] Loss: 1.1544 | Acc: 59.10%
  Batch [2590/5739] Loss: 1.1545 | Acc: 59.10%
  Batch [2600/5739] Loss: 1.1548 | Acc: 59.10%
  Batch [2610/5739] Loss: 1.1547 | Acc: 59.11%
  Batch [2620/5739] Loss: 1.1544 | Acc: 59.12%
  Batch [2630/5739] Loss: 1.1548 | Acc: 59.10%
  Batch [2640/5739] Loss: 1.1556 | Acc: 59.06%
  Batch [2650/5739] Loss: 1.1545 | Acc: 59.08%
  Batch [2660/5739] Loss: 1.1550 | Acc: 59.09%
  Batch [2670/5739] Loss: 1.1558 | Acc: 59.07%
  Batch [2680/5739] Loss: 1.1558 | Acc: 59.07%
  Batch [2690/5739] Loss: 1.1562 | Acc: 59.04%
  Batch [2700/5739] Loss: 1.1563 | Acc: 59.06%
  Batch [2710/5739] Loss: 1.1554 | Acc: 59.09%
  Batch [2720/5739] Loss: 1.1553 | Acc: 59.10%
  Batch [2730/5739] Loss: 1.1546 | Acc: 59.14%
  Batch [2740/5739] Loss: 1.1546 | Acc: 59.16%
  Batch [2750/5739] Loss: 1.1535 | Acc: 59.19%
  Batch [2760/5739] Loss: 1.1525 | Acc: 59.23%
  Batch [2770/5739] Loss: 1.1526 | Acc: 59.22%
  Batch [2780/5739] Loss: 1.1525 | Acc: 59.25%
  Batch [2790/5739] Loss: 1.1516 | Acc: 59.27%
  Batch [2800/5739] Loss: 1.1532 | Acc: 59.24%
  Batch [2810/5739] Loss: 1.1538 | Acc: 59.19%
  Batch [2820/5739] Loss: 1.1543 | Acc: 59.19%
  Batch [2830/5739] Loss: 1.1554 | Acc: 59.17%
  Batch [2840/5739] Loss: 1.1560 | Acc: 59.15%
  Batch [2850/5739] Loss: 1.1552 | Acc: 59.16%
  Batch [2860/5739] Loss: 1.1553 | Acc: 59.17%
  Batch [2870/5739] Loss: 1.1565 | Acc: 59.14%
  Batch [2880/5739] Loss: 1.1557 | Acc: 59.17%
  Batch [2890/5739] Loss: 1.1556 | Acc: 59.18%
  Batch [2900/5739] Loss: 1.1561 | Acc: 59.19%
  Batch [2910/5739] Loss: 1.1562 | Acc: 59.16%
  Batch [2920/5739] Loss: 1.1559 | Acc: 59.15%
  Batch [2930/5739] Loss: 1.1552 | Acc: 59.17%
  Batch [2940/5739] Loss: 1.1546 | Acc: 59.21%
  Batch [2950/5739] Loss: 1.1544 | Acc: 59.21%
  Batch [2960/5739] Loss: 1.1547 | Acc: 59.21%
  Batch [2970/5739] Loss: 1.1549 | Acc: 59.21%
  Batch [2980/5739] Loss: 1.1547 | Acc: 59.23%
  Batch [2990/5739] Loss: 1.1551 | Acc: 59.23%
  Batch [3000/5739] Loss: 1.1557 | Acc: 59.23%
  Batch [3010/5739] Loss: 1.1549 | Acc: 59.26%
  Batch [3020/5739] Loss: 1.1547 | Acc: 59.27%
  Batch [3030/5739] Loss: 1.1541 | Acc: 59.29%
  Batch [3040/5739] Loss: 1.1530 | Acc: 59.31%
  Batch [3050/5739] Loss: 1.1520 | Acc: 59.33%
  Batch [3060/5739] Loss: 1.1515 | Acc: 59.35%
  Batch [3070/5739] Loss: 1.1514 | Acc: 59.37%
  Batch [3080/5739] Loss: 1.1516 | Acc: 59.37%
  Batch [3090/5739] Loss: 1.1521 | Acc: 59.34%
  Batch [3100/5739] Loss: 1.1530 | Acc: 59.32%
  Batch [3110/5739] Loss: 1.1536 | Acc: 59.32%
  Batch [3120/5739] Loss: 1.1540 | Acc: 59.31%
  Batch [3130/5739] Loss: 1.1542 | Acc: 59.31%
  Batch [3140/5739] Loss: 1.1532 | Acc: 59.37%
  Batch [3150/5739] Loss: 1.1532 | Acc: 59.39%
  Batch [3160/5739] Loss: 1.1531 | Acc: 59.36%
  Batch [3170/5739] Loss: 1.1529 | Acc: 59.35%
  Batch [3180/5739] Loss: 1.1523 | Acc: 59.38%
  Batch [3190/5739] Loss: 1.1519 | Acc: 59.40%
  Batch [3200/5739] Loss: 1.1520 | Acc: 59.40%
  Batch [3210/5739] Loss: 1.1520 | Acc: 59.41%
  Batch [3220/5739] Loss: 1.1521 | Acc: 59.41%
  Batch [3230/5739] Loss: 1.1525 | Acc: 59.40%
  Batch [3240/5739] Loss: 1.1526 | Acc: 59.37%
  Batch [3250/5739] Loss: 1.1527 | Acc: 59.37%
  Batch [3260/5739] Loss: 1.1525 | Acc: 59.37%
  Batch [3270/5739] Loss: 1.1517 | Acc: 59.40%
  Batch [3280/5739] Loss: 1.1523 | Acc: 59.39%
  Batch [3290/5739] Loss: 1.1528 | Acc: 59.38%
  Batch [3300/5739] Loss: 1.1523 | Acc: 59.40%
  Batch [3310/5739] Loss: 1.1521 | Acc: 59.40%
  Batch [3320/5739] Loss: 1.1529 | Acc: 59.39%
  Batch [3330/5739] Loss: 1.1522 | Acc: 59.43%
  Batch [3340/5739] Loss: 1.1515 | Acc: 59.46%
  Batch [3350/5739] Loss: 1.1513 | Acc: 59.48%
  Batch [3360/5739] Loss: 1.1521 | Acc: 59.47%
  Batch [3370/5739] Loss: 1.1522 | Acc: 59.46%
  Batch [3380/5739] Loss: 1.1523 | Acc: 59.46%
  Batch [3390/5739] Loss: 1.1529 | Acc: 59.46%
  Batch [3400/5739] Loss: 1.1533 | Acc: 59.44%
  Batch [3410/5739] Loss: 1.1532 | Acc: 59.46%
  Batch [3420/5739] Loss: 1.1526 | Acc: 59.50%
  Batch [3430/5739] Loss: 1.1530 | Acc: 59.52%
  Batch [3440/5739] Loss: 1.1526 | Acc: 59.53%
  Batch [3450/5739] Loss: 1.1529 | Acc: 59.52%
  Batch [3460/5739] Loss: 1.1530 | Acc: 59.51%
  Batch [3470/5739] Loss: 1.1528 | Acc: 59.52%
  Batch [3480/5739] Loss: 1.1518 | Acc: 59.54%
  Batch [3490/5739] Loss: 1.1519 | Acc: 59.53%
  Batch [3500/5739] Loss: 1.1527 | Acc: 59.49%
  Batch [3510/5739] Loss: 1.1530 | Acc: 59.48%
  Batch [3520/5739] Loss: 1.1532 | Acc: 59.46%
  Batch [3530/5739] Loss: 1.1534 | Acc: 59.45%
  Batch [3540/5739] Loss: 1.1533 | Acc: 59.45%
  Batch [3550/5739] Loss: 1.1532 | Acc: 59.46%
  Batch [3560/5739] Loss: 1.1528 | Acc: 59.45%
  Batch [3570/5739] Loss: 1.1525 | Acc: 59.45%
  Batch [3580/5739] Loss: 1.1518 | Acc: 59.47%
  Batch [3590/5739] Loss: 1.1516 | Acc: 59.46%
  Batch [3600/5739] Loss: 1.1511 | Acc: 59.44%
  Batch [3610/5739] Loss: 1.1513 | Acc: 59.43%
  Batch [3620/5739] Loss: 1.1504 | Acc: 59.47%
  Batch [3630/5739] Loss: 1.1509 | Acc: 59.45%
  Batch [3640/5739] Loss: 1.1503 | Acc: 59.48%
  Batch [3650/5739] Loss: 1.1503 | Acc: 59.48%
  Batch [3660/5739] Loss: 1.1506 | Acc: 59.49%
  Batch [3670/5739] Loss: 1.1511 | Acc: 59.50%
  Batch [3680/5739] Loss: 1.1511 | Acc: 59.51%
  Batch [3690/5739] Loss: 1.1511 | Acc: 59.51%
  Batch [3700/5739] Loss: 1.1513 | Acc: 59.50%
  Batch [3710/5739] Loss: 1.1507 | Acc: 59.51%
  Batch [3720/5739] Loss: 1.1502 | Acc: 59.53%
  Batch [3730/5739] Loss: 1.1509 | Acc: 59.50%
  Batch [3740/5739] Loss: 1.1509 | Acc: 59.49%
  Batch [3750/5739] Loss: 1.1509 | Acc: 59.49%
  Batch [3760/5739] Loss: 1.1519 | Acc: 59.46%
  Batch [3770/5739] Loss: 1.1518 | Acc: 59.45%
  Batch [3780/5739] Loss: 1.1514 | Acc: 59.46%
  Batch [3790/5739] Loss: 1.1510 | Acc: 59.49%
  Batch [3800/5739] Loss: 1.1510 | Acc: 59.50%
  Batch [3810/5739] Loss: 1.1505 | Acc: 59.51%
  Batch [3820/5739] Loss: 1.1499 | Acc: 59.54%
  Batch [3830/5739] Loss: 1.1500 | Acc: 59.52%
  Batch [3840/5739] Loss: 1.1498 | Acc: 59.50%
  Batch [3850/5739] Loss: 1.1498 | Acc: 59.49%
  Batch [3860/5739] Loss: 1.1491 | Acc: 59.52%
  Batch [3870/5739] Loss: 1.1490 | Acc: 59.53%
  Batch [3880/5739] Loss: 1.1497 | Acc: 59.52%
  Batch [3890/5739] Loss: 1.1500 | Acc: 59.52%
  Batch [3900/5739] Loss: 1.1502 | Acc: 59.50%
  Batch [3910/5739] Loss: 1.1504 | Acc: 59.51%
  Batch [3920/5739] Loss: 1.1499 | Acc: 59.52%
  Batch [3930/5739] Loss: 1.1495 | Acc: 59.52%
  Batch [3940/5739] Loss: 1.1496 | Acc: 59.49%
  Batch [3950/5739] Loss: 1.1502 | Acc: 59.50%
  Batch [3960/5739] Loss: 1.1505 | Acc: 59.48%
  Batch [3970/5739] Loss: 1.1510 | Acc: 59.48%
  Batch [3980/5739] Loss: 1.1521 | Acc: 59.43%
  Batch [3990/5739] Loss: 1.1520 | Acc: 59.44%
  Batch [4000/5739] Loss: 1.1511 | Acc: 59.47%
  Batch [4010/5739] Loss: 1.1512 | Acc: 59.43%
  Batch [4020/5739] Loss: 1.1508 | Acc: 59.42%
  Batch [4030/5739] Loss: 1.1502 | Acc: 59.43%
  Batch [4040/5739] Loss: 1.1510 | Acc: 59.41%
  Batch [4050/5739] Loss: 1.1513 | Acc: 59.39%
  Batch [4060/5739] Loss: 1.1514 | Acc: 59.40%
  Batch [4070/5739] Loss: 1.1512 | Acc: 59.40%
  Batch [4080/5739] Loss: 1.1511 | Acc: 59.40%
  Batch [4090/5739] Loss: 1.1512 | Acc: 59.41%
  Batch [4100/5739] Loss: 1.1508 | Acc: 59.41%
  Batch [4110/5739] Loss: 1.1512 | Acc: 59.41%
  Batch [4120/5739] Loss: 1.1512 | Acc: 59.42%
  Batch [4130/5739] Loss: 1.1515 | Acc: 59.42%
  Batch [4140/5739] Loss: 1.1517 | Acc: 59.43%
  Batch [4150/5739] Loss: 1.1518 | Acc: 59.42%
  Batch [4160/5739] Loss: 1.1515 | Acc: 59.42%
  Batch [4170/5739] Loss: 1.1522 | Acc: 59.40%
  Batch [4180/5739] Loss: 1.1520 | Acc: 59.42%
  Batch [4190/5739] Loss: 1.1518 | Acc: 59.43%
  Batch [4200/5739] Loss: 1.1523 | Acc: 59.42%
  Batch [4210/5739] Loss: 1.1522 | Acc: 59.43%
  Batch [4220/5739] Loss: 1.1520 | Acc: 59.44%
  Batch [4230/5739] Loss: 1.1527 | Acc: 59.45%
  Batch [4240/5739] Loss: 1.1528 | Acc: 59.45%
  Batch [4250/5739] Loss: 1.1526 | Acc: 59.43%
  Batch [4260/5739] Loss: 1.1522 | Acc: 59.45%
  Batch [4270/5739] Loss: 1.1524 | Acc: 59.44%
  Batch [4280/5739] Loss: 1.1523 | Acc: 59.45%
  Batch [4290/5739] Loss: 1.1526 | Acc: 59.44%
  Batch [4300/5739] Loss: 1.1525 | Acc: 59.42%
  Batch [4310/5739] Loss: 1.1523 | Acc: 59.43%
  Batch [4320/5739] Loss: 1.1524 | Acc: 59.43%
  Batch [4330/5739] Loss: 1.1523 | Acc: 59.43%
  Batch [4340/5739] Loss: 1.1517 | Acc: 59.45%
  Batch [4350/5739] Loss: 1.1515 | Acc: 59.46%
  Batch [4360/5739] Loss: 1.1510 | Acc: 59.47%
  Batch [4370/5739] Loss: 1.1512 | Acc: 59.46%
  Batch [4380/5739] Loss: 1.1511 | Acc: 59.46%
  Batch [4390/5739] Loss: 1.1509 | Acc: 59.48%
  Batch [4400/5739] Loss: 1.1505 | Acc: 59.49%
  Batch [4410/5739] Loss: 1.1505 | Acc: 59.50%
  Batch [4420/5739] Loss: 1.1504 | Acc: 59.51%
  Batch [4430/5739] Loss: 1.1511 | Acc: 59.52%
  Batch [4440/5739] Loss: 1.1514 | Acc: 59.51%
  Batch [4450/5739] Loss: 1.1510 | Acc: 59.52%
  Batch [4460/5739] Loss: 1.1511 | Acc: 59.50%
  Batch [4470/5739] Loss: 1.1511 | Acc: 59.48%
  Batch [4480/5739] Loss: 1.1506 | Acc: 59.50%
  Batch [4490/5739] Loss: 1.1508 | Acc: 59.48%
  Batch [4500/5739] Loss: 1.1512 | Acc: 59.47%
  Batch [4510/5739] Loss: 1.1510 | Acc: 59.47%
  Batch [4520/5739] Loss: 1.1521 | Acc: 59.45%
  Batch [4530/5739] Loss: 1.1526 | Acc: 59.44%
  Batch [4540/5739] Loss: 1.1525 | Acc: 59.44%
  Batch [4550/5739] Loss: 1.1525 | Acc: 59.43%
  Batch [4560/5739] Loss: 1.1524 | Acc: 59.44%
  Batch [4570/5739] Loss: 1.1527 | Acc: 59.43%
  Batch [4580/5739] Loss: 1.1522 | Acc: 59.46%
  Batch [4590/5739] Loss: 1.1521 | Acc: 59.47%
  Batch [4600/5739] Loss: 1.1521 | Acc: 59.48%
  Batch [4610/5739] Loss: 1.1521 | Acc: 59.47%
  Batch [4620/5739] Loss: 1.1519 | Acc: 59.46%
  Batch [4630/5739] Loss: 1.1515 | Acc: 59.46%
  Batch [4640/5739] Loss: 1.1517 | Acc: 59.45%
  Batch [4650/5739] Loss: 1.1519 | Acc: 59.44%
  Batch [4660/5739] Loss: 1.1515 | Acc: 59.44%
  Batch [4670/5739] Loss: 1.1512 | Acc: 59.45%
  Batch [4680/5739] Loss: 1.1508 | Acc: 59.46%
  Batch [4690/5739] Loss: 1.1500 | Acc: 59.47%
  Batch [4700/5739] Loss: 1.1497 | Acc: 59.47%
  Batch [4710/5739] Loss: 1.1490 | Acc: 59.50%
  Batch [4720/5739] Loss: 1.1488 | Acc: 59.52%
  Batch [4730/5739] Loss: 1.1481 | Acc: 59.54%
  Batch [4740/5739] Loss: 1.1477 | Acc: 59.54%
  Batch [4750/5739] Loss: 1.1471 | Acc: 59.56%
  Batch [4760/5739] Loss: 1.1474 | Acc: 59.55%
  Batch [4770/5739] Loss: 1.1477 | Acc: 59.55%
  Batch [4780/5739] Loss: 1.1477 | Acc: 59.55%
  Batch [4790/5739] Loss: 1.1474 | Acc: 59.55%
  Batch [4800/5739] Loss: 1.1470 | Acc: 59.57%
  Batch [4810/5739] Loss: 1.1469 | Acc: 59.56%
  Batch [4820/5739] Loss: 1.1473 | Acc: 59.57%
  Batch [4830/5739] Loss: 1.1475 | Acc: 59.58%
  Batch [4840/5739] Loss: 1.1473 | Acc: 59.60%
  Batch [4850/5739] Loss: 1.1474 | Acc: 59.60%
  Batch [4860/5739] Loss: 1.1472 | Acc: 59.61%
  Batch [4870/5739] Loss: 1.1478 | Acc: 59.58%
  Batch [4880/5739] Loss: 1.1476 | Acc: 59.57%
  Batch [4890/5739] Loss: 1.1471 | Acc: 59.58%
  Batch [4900/5739] Loss: 1.1468 | Acc: 59.58%
  Batch [4910/5739] Loss: 1.1471 | Acc: 59.58%
  Batch [4920/5739] Loss: 1.1470 | Acc: 59.58%
  Batch [4930/5739] Loss: 1.1465 | Acc: 59.60%
  Batch [4940/5739] Loss: 1.1469 | Acc: 59.60%
  Batch [4950/5739] Loss: 1.1470 | Acc: 59.61%
  Batch [4960/5739] Loss: 1.1472 | Acc: 59.59%
  Batch [4970/5739] Loss: 1.1473 | Acc: 59.59%
  Batch [4980/5739] Loss: 1.1469 | Acc: 59.60%
  Batch [4990/5739] Loss: 1.1471 | Acc: 59.58%
  Batch [5000/5739] Loss: 1.1470 | Acc: 59.58%
  Batch [5010/5739] Loss: 1.1467 | Acc: 59.59%
  Batch [5020/5739] Loss: 1.1461 | Acc: 59.59%
  Batch [5030/5739] Loss: 1.1458 | Acc: 59.59%
  Batch [5040/5739] Loss: 1.1452 | Acc: 59.62%
  Batch [5050/5739] Loss: 1.1459 | Acc: 59.62%
  Batch [5060/5739] Loss: 1.1461 | Acc: 59.62%
  Batch [5070/5739] Loss: 1.1459 | Acc: 59.62%
  Batch [5080/5739] Loss: 1.1456 | Acc: 59.62%
  Batch [5090/5739] Loss: 1.1460 | Acc: 59.61%
  Batch [5100/5739] Loss: 1.1461 | Acc: 59.61%
  Batch [5110/5739] Loss: 1.1461 | Acc: 59.61%
  Batch [5120/5739] Loss: 1.1459 | Acc: 59.62%
  Batch [5130/5739] Loss: 1.1456 | Acc: 59.62%
  Batch [5140/5739] Loss: 1.1454 | Acc: 59.61%
  Batch [5150/5739] Loss: 1.1450 | Acc: 59.62%
  Batch [5160/5739] Loss: 1.1448 | Acc: 59.62%
  Batch [5170/5739] Loss: 1.1445 | Acc: 59.63%
  Batch [5180/5739] Loss: 1.1439 | Acc: 59.64%
  Batch [5190/5739] Loss: 1.1436 | Acc: 59.65%
  Batch [5200/5739] Loss: 1.1438 | Acc: 59.65%
  Batch [5210/5739] Loss: 1.1445 | Acc: 59.62%
  Batch [5220/5739] Loss: 1.1439 | Acc: 59.63%
  Batch [5230/5739] Loss: 1.1439 | Acc: 59.64%
  Batch [5240/5739] Loss: 1.1441 | Acc: 59.64%
  Batch [5250/5739] Loss: 1.1439 | Acc: 59.64%
  Batch [5260/5739] Loss: 1.1439 | Acc: 59.65%
  Batch [5270/5739] Loss: 1.1434 | Acc: 59.66%
  Batch [5280/5739] Loss: 1.1438 | Acc: 59.66%
  Batch [5290/5739] Loss: 1.1436 | Acc: 59.67%
  Batch [5300/5739] Loss: 1.1432 | Acc: 59.68%
  Batch [5310/5739] Loss: 1.1433 | Acc: 59.68%
  Batch [5320/5739] Loss: 1.1432 | Acc: 59.70%
  Batch [5330/5739] Loss: 1.1433 | Acc: 59.69%
  Batch [5340/5739] Loss: 1.1433 | Acc: 59.69%
  Batch [5350/5739] Loss: 1.1437 | Acc: 59.66%
  Batch [5360/5739] Loss: 1.1434 | Acc: 59.67%
  Batch [5370/5739] Loss: 1.1433 | Acc: 59.68%
  Batch [5380/5739] Loss: 1.1430 | Acc: 59.68%
  Batch [5390/5739] Loss: 1.1425 | Acc: 59.70%
  Batch [5400/5739] Loss: 1.1425 | Acc: 59.70%
  Batch [5410/5739] Loss: 1.1421 | Acc: 59.71%
  Batch [5420/5739] Loss: 1.1430 | Acc: 59.69%
  Batch [5430/5739] Loss: 1.1427 | Acc: 59.69%
  Batch [5440/5739] Loss: 1.1428 | Acc: 59.70%
  Batch [5450/5739] Loss: 1.1426 | Acc: 59.71%
  Batch [5460/5739] Loss: 1.1432 | Acc: 59.70%
  Batch [5470/5739] Loss: 1.1426 | Acc: 59.73%
  Batch [5480/5739] Loss: 1.1420 | Acc: 59.75%
  Batch [5490/5739] Loss: 1.1422 | Acc: 59.75%
  Batch [5500/5739] Loss: 1.1421 | Acc: 59.75%
  Batch [5510/5739] Loss: 1.1418 | Acc: 59.75%
  Batch [5520/5739] Loss: 1.1412 | Acc: 59.75%
  Batch [5530/5739] Loss: 1.1409 | Acc: 59.75%
  Batch [5540/5739] Loss: 1.1412 | Acc: 59.74%
  Batch [5550/5739] Loss: 1.1414 | Acc: 59.74%
  Batch [5560/5739] Loss: 1.1419 | Acc: 59.71%
  Batch [5570/5739] Loss: 1.1414 | Acc: 59.71%
  Batch [5580/5739] Loss: 1.1415 | Acc: 59.69%
  Batch [5590/5739] Loss: 1.1411 | Acc: 59.71%
  Batch [5600/5739] Loss: 1.1414 | Acc: 59.70%
  Batch [5610/5739] Loss: 1.1413 | Acc: 59.70%
  Batch [5620/5739] Loss: 1.1416 | Acc: 59.70%
  Batch [5630/5739] Loss: 1.1416 | Acc: 59.70%
  Batch [5640/5739] Loss: 1.1411 | Acc: 59.72%
  Batch [5650/5739] Loss: 1.1408 | Acc: 59.74%
  Batch [5660/5739] Loss: 1.1413 | Acc: 59.72%
  Batch [5670/5739] Loss: 1.1415 | Acc: 59.72%
  Batch [5680/5739] Loss: 1.1424 | Acc: 59.70%
  Batch [5690/5739] Loss: 1.1421 | Acc: 59.71%
  Batch [5700/5739] Loss: 1.1425 | Acc: 59.71%
  Batch [5710/5739] Loss: 1.1429 | Acc: 59.70%
  Batch [5720/5739] Loss: 1.1430 | Acc: 59.69%
  Batch [5730/5739] Loss: 1.1432 | Acc: 59.68%

======================================================================
Epoch 3 Summary:
  Train Loss: 1.1432 | Train Acc: 59.66%
  Val Loss:   1.7586 | Val Acc:   31.93%
  Learning Rate: 0.000100
  Time: 139.7s
  ✓ Best model! (Val Loss: 1.7586, Val Acc: 31.93%)
======================================================================

Epoch [4/50]
----------------------------------------------------------------------
  Batch [10/5739] Loss: 1.1096 | Acc: 55.50%
  Batch [20/5739] Loss: 0.9508 | Acc: 64.50%
  Batch [30/5739] Loss: 1.0922 | Acc: 59.00%
  Batch [40/5739] Loss: 1.1191 | Acc: 58.12%
  Batch [50/5739] Loss: 1.0813 | Acc: 60.00%
  Batch [60/5739] Loss: 1.0685 | Acc: 62.17%
  Batch [70/5739] Loss: 1.0085 | Acc: 65.14%
  Batch [80/5739] Loss: 1.0552 | Acc: 64.31%
  Batch [90/5739] Loss: 1.0906 | Acc: 63.39%
  Batch [100/5739] Loss: 1.0918 | Acc: 63.85%
  Batch [110/5739] Loss: 1.1183 | Acc: 63.36%
  Batch [120/5739] Loss: 1.1029 | Acc: 64.00%
  Batch [130/5739] Loss: 1.1514 | Acc: 62.85%
  Batch [140/5739] Loss: 1.1528 | Acc: 62.54%
  Batch [150/5739] Loss: 1.1256 | Acc: 63.37%
  Batch [160/5739] Loss: 1.1123 | Acc: 63.56%
  Batch [170/5739] Loss: 1.1211 | Acc: 63.53%
  Batch [180/5739] Loss: 1.1246 | Acc: 63.28%
  Batch [190/5739] Loss: 1.1227 | Acc: 63.08%
  Batch [200/5739] Loss: 1.1123 | Acc: 63.08%
  Batch [210/5739] Loss: 1.1095 | Acc: 63.31%
  Batch [220/5739] Loss: 1.1150 | Acc: 62.77%
  Batch [230/5739] Loss: 1.1276 | Acc: 62.20%
  Batch [240/5739] Loss: 1.1439 | Acc: 61.38%
  Batch [250/5739] Loss: 1.1398 | Acc: 61.18%
  Batch [260/5739] Loss: 1.1280 | Acc: 61.29%
  Batch [270/5739] Loss: 1.1188 | Acc: 61.41%
  Batch [280/5739] Loss: 1.1125 | Acc: 61.48%
  Batch [290/5739] Loss: 1.1166 | Acc: 61.48%
  Batch [300/5739] Loss: 1.1138 | Acc: 61.42%
  Batch [310/5739] Loss: 1.1076 | Acc: 61.77%
  Batch [320/5739] Loss: 1.1033 | Acc: 61.95%
  Batch [330/5739] Loss: 1.1036 | Acc: 61.83%
  Batch [340/5739] Loss: 1.0983 | Acc: 61.94%
  Batch [350/5739] Loss: 1.1080 | Acc: 61.63%
  Batch [360/5739] Loss: 1.1079 | Acc: 61.82%
  Batch [370/5739] Loss: 1.1186 | Acc: 61.61%
  Batch [380/5739] Loss: 1.1320 | Acc: 61.36%
  Batch [390/5739] Loss: 1.1341 | Acc: 61.33%
  Batch [400/5739] Loss: 1.1344 | Acc: 61.23%
  Batch [410/5739] Loss: 1.1300 | Acc: 61.32%
  Batch [420/5739] Loss: 1.1265 | Acc: 61.62%
  Batch [430/5739] Loss: 1.1293 | Acc: 61.51%
  Batch [440/5739] Loss: 1.1275 | Acc: 61.36%
  Batch [450/5739] Loss: 1.1276 | Acc: 61.44%
  Batch [460/5739] Loss: 1.1213 | Acc: 61.59%
  Batch [470/5739] Loss: 1.1204 | Acc: 61.59%
  Batch [480/5739] Loss: 1.1179 | Acc: 61.70%
  Batch [490/5739] Loss: 1.1221 | Acc: 61.66%
  Batch [500/5739] Loss: 1.1183 | Acc: 61.75%
  Batch [510/5739] Loss: 1.1186 | Acc: 61.71%
  Batch [520/5739] Loss: 1.1205 | Acc: 61.68%
  Batch [530/5739] Loss: 1.1211 | Acc: 61.78%
  Batch [540/5739] Loss: 1.1204 | Acc: 61.78%
  Batch [550/5739] Loss: 1.1189 | Acc: 61.90%
  Batch [560/5739] Loss: 1.1155 | Acc: 62.01%
  Batch [570/5739] Loss: 1.1130 | Acc: 61.96%
  Batch [580/5739] Loss: 1.1103 | Acc: 61.98%
  Batch [590/5739] Loss: 1.1105 | Acc: 61.97%
  Batch [600/5739] Loss: 1.1089 | Acc: 62.02%
  Batch [610/5739] Loss: 1.1103 | Acc: 61.96%
  Batch [620/5739] Loss: 1.1080 | Acc: 62.06%
  Batch [630/5739] Loss: 1.1126 | Acc: 61.95%
  Batch [640/5739] Loss: 1.1116 | Acc: 61.88%
  Batch [650/5739] Loss: 1.1110 | Acc: 61.76%
  Batch [660/5739] Loss: 1.1153 | Acc: 61.61%
  Batch [670/5739] Loss: 1.1155 | Acc: 61.59%
  Batch [680/5739] Loss: 1.1116 | Acc: 61.68%
  Batch [690/5739] Loss: 1.1107 | Acc: 61.62%
  Batch [700/5739] Loss: 1.1154 | Acc: 61.49%
  Batch [710/5739] Loss: 1.1156 | Acc: 61.44%
  Batch [720/5739] Loss: 1.1119 | Acc: 61.53%
  Batch [730/5739] Loss: 1.1116 | Acc: 61.45%
  Batch [740/5739] Loss: 1.1167 | Acc: 61.25%
  Batch [750/5739] Loss: 1.1196 | Acc: 61.28%
  Batch [760/5739] Loss: 1.1176 | Acc: 61.30%
  Batch [770/5739] Loss: 1.1180 | Acc: 61.24%
  Batch [780/5739] Loss: 1.1155 | Acc: 61.30%
  Batch [790/5739] Loss: 1.1150 | Acc: 61.37%
  Batch [800/5739] Loss: 1.1133 | Acc: 61.50%
  Batch [810/5739] Loss: 1.1136 | Acc: 61.48%
  Batch [820/5739] Loss: 1.1151 | Acc: 61.43%
  Batch [830/5739] Loss: 1.1149 | Acc: 61.51%
  Batch [840/5739] Loss: 1.1156 | Acc: 61.48%
  Batch [850/5739] Loss: 1.1160 | Acc: 61.48%
  Batch [860/5739] Loss: 1.1165 | Acc: 61.46%
  Batch [870/5739] Loss: 1.1163 | Acc: 61.52%
  Batch [880/5739] Loss: 1.1150 | Acc: 61.47%
  Batch [890/5739] Loss: 1.1161 | Acc: 61.55%
  Batch [900/5739] Loss: 1.1147 | Acc: 61.57%
  Batch [910/5739] Loss: 1.1151 | Acc: 61.49%
  Batch [920/5739] Loss: 1.1148 | Acc: 61.46%
  Batch [930/5739] Loss: 1.1150 | Acc: 61.43%
  Batch [940/5739] Loss: 1.1163 | Acc: 61.32%
  Batch [950/5739] Loss: 1.1169 | Acc: 61.36%
  Batch [960/5739] Loss: 1.1182 | Acc: 61.33%
  Batch [970/5739] Loss: 1.1172 | Acc: 61.38%
  Batch [980/5739] Loss: 1.1175 | Acc: 61.34%
  Batch [990/5739] Loss: 1.1167 | Acc: 61.42%
  Batch [1000/5739] Loss: 1.1137 | Acc: 61.60%
  Batch [1010/5739] Loss: 1.1108 | Acc: 61.66%
  Batch [1020/5739] Loss: 1.1105 | Acc: 61.69%
  Batch [1030/5739] Loss: 1.1127 | Acc: 61.57%
  Batch [1040/5739] Loss: 1.1119 | Acc: 61.51%
  Batch [1050/5739] Loss: 1.1133 | Acc: 61.50%
  Batch [1060/5739] Loss: 1.1115 | Acc: 61.51%
  Batch [1070/5739] Loss: 1.1104 | Acc: 61.53%
  Batch [1080/5739] Loss: 1.1107 | Acc: 61.47%
  Batch [1090/5739] Loss: 1.1109 | Acc: 61.41%
  Batch [1100/5739] Loss: 1.1092 | Acc: 61.45%
  Batch [1110/5739] Loss: 1.1102 | Acc: 61.41%
  Batch [1120/5739] Loss: 1.1100 | Acc: 61.44%
  Batch [1130/5739] Loss: 1.1100 | Acc: 61.46%
  Batch [1140/5739] Loss: 1.1118 | Acc: 61.36%
  Batch [1150/5739] Loss: 1.1135 | Acc: 61.31%
  Batch [1160/5739] Loss: 1.1113 | Acc: 61.43%
  Batch [1170/5739] Loss: 1.1141 | Acc: 61.35%
  Batch [1180/5739] Loss: 1.1136 | Acc: 61.33%
  Batch [1190/5739] Loss: 1.1121 | Acc: 61.42%
  Batch [1200/5739] Loss: 1.1103 | Acc: 61.54%
  Batch [1210/5739] Loss: 1.1119 | Acc: 61.45%
  Batch [1220/5739] Loss: 1.1133 | Acc: 61.39%
  Batch [1230/5739] Loss: 1.1145 | Acc: 61.28%
  Batch [1240/5739] Loss: 1.1164 | Acc: 61.23%
  Batch [1250/5739] Loss: 1.1150 | Acc: 61.25%
  Batch [1260/5739] Loss: 1.1157 | Acc: 61.21%
  Batch [1270/5739] Loss: 1.1178 | Acc: 61.13%
  Batch [1280/5739] Loss: 1.1154 | Acc: 61.18%
  Batch [1290/5739] Loss: 1.1151 | Acc: 61.19%
  Batch [1300/5739] Loss: 1.1161 | Acc: 61.18%
  Batch [1310/5739] Loss: 1.1143 | Acc: 61.24%
  Batch [1320/5739] Loss: 1.1141 | Acc: 61.22%
  Batch [1330/5739] Loss: 1.1148 | Acc: 61.23%
  Batch [1340/5739] Loss: 1.1129 | Acc: 61.28%
  Batch [1350/5739] Loss: 1.1129 | Acc: 61.36%
  Batch [1360/5739] Loss: 1.1121 | Acc: 61.39%
  Batch [1370/5739] Loss: 1.1123 | Acc: 61.37%
  Batch [1380/5739] Loss: 1.1121 | Acc: 61.38%
  Batch [1390/5739] Loss: 1.1106 | Acc: 61.45%
  Batch [1400/5739] Loss: 1.1099 | Acc: 61.49%
  Batch [1410/5739] Loss: 1.1087 | Acc: 61.52%
  Batch [1420/5739] Loss: 1.1086 | Acc: 61.55%
  Batch [1430/5739] Loss: 1.1090 | Acc: 61.57%
  Batch [1440/5739] Loss: 1.1077 | Acc: 61.61%
  Batch [1450/5739] Loss: 1.1064 | Acc: 61.67%
  Batch [1460/5739] Loss: 1.1056 | Acc: 61.73%
  Batch [1470/5739] Loss: 1.1044 | Acc: 61.76%
  Batch [1480/5739] Loss: 1.1044 | Acc: 61.73%
  Batch [1490/5739] Loss: 1.1044 | Acc: 61.71%
  Batch [1500/5739] Loss: 1.1048 | Acc: 61.75%
  Batch [1510/5739] Loss: 1.1039 | Acc: 61.71%
  Batch [1520/5739] Loss: 1.1018 | Acc: 61.78%
  Batch [1530/5739] Loss: 1.1018 | Acc: 61.72%
  Batch [1540/5739] Loss: 1.1017 | Acc: 61.69%
  Batch [1550/5739] Loss: 1.0996 | Acc: 61.77%
  Batch [1560/5739] Loss: 1.0973 | Acc: 61.82%
  Batch [1570/5739] Loss: 1.0963 | Acc: 61.83%
  Batch [1580/5739] Loss: 1.0950 | Acc: 61.87%
  Batch [1590/5739] Loss: 1.0944 | Acc: 61.88%
  Batch [1600/5739] Loss: 1.0927 | Acc: 61.91%
  Batch [1610/5739] Loss: 1.0946 | Acc: 61.91%
  Batch [1620/5739] Loss: 1.0924 | Acc: 61.98%
  Batch [1630/5739] Loss: 1.0920 | Acc: 61.98%
  Batch [1640/5739] Loss: 1.0915 | Acc: 62.02%
  Batch [1650/5739] Loss: 1.0909 | Acc: 61.99%
  Batch [1660/5739] Loss: 1.0911 | Acc: 61.99%
  Batch [1670/5739] Loss: 1.0896 | Acc: 62.00%
  Batch [1680/5739] Loss: 1.0890 | Acc: 62.01%
  Batch [1690/5739] Loss: 1.0883 | Acc: 61.99%
  Batch [1700/5739] Loss: 1.0897 | Acc: 61.90%
  Batch [1710/5739] Loss: 1.0904 | Acc: 61.85%
  Batch [1720/5739] Loss: 1.0899 | Acc: 61.92%
  Batch [1730/5739] Loss: 1.0895 | Acc: 61.93%
  Batch [1740/5739] Loss: 1.0887 | Acc: 61.90%
  Batch [1750/5739] Loss: 1.0902 | Acc: 61.88%
  Batch [1760/5739] Loss: 1.0889 | Acc: 61.91%
  Batch [1770/5739] Loss: 1.0877 | Acc: 61.91%
  Batch [1780/5739] Loss: 1.0878 | Acc: 61.94%
  Batch [1790/5739] Loss: 1.0883 | Acc: 61.93%
  Batch [1800/5739] Loss: 1.0879 | Acc: 61.94%
  Batch [1810/5739] Loss: 1.0874 | Acc: 61.97%
  Batch [1820/5739] Loss: 1.0873 | Acc: 62.02%
  Batch [1830/5739] Loss: 1.0855 | Acc: 62.10%
  Batch [1840/5739] Loss: 1.0851 | Acc: 62.11%
  Batch [1850/5739] Loss: 1.0866 | Acc: 62.12%
  Batch [1860/5739] Loss: 1.0878 | Acc: 62.09%
  Batch [1870/5739] Loss: 1.0863 | Acc: 62.14%
  Batch [1880/5739] Loss: 1.0858 | Acc: 62.17%
  Batch [1890/5739] Loss: 1.0854 | Acc: 62.22%
  Batch [1900/5739] Loss: 1.0842 | Acc: 62.26%
  Batch [1910/5739] Loss: 1.0827 | Acc: 62.27%
  Batch [1920/5739] Loss: 1.0838 | Acc: 62.25%
  Batch [1930/5739] Loss: 1.0855 | Acc: 62.21%
  Batch [1940/5739] Loss: 1.0838 | Acc: 62.20%
  Batch [1950/5739] Loss: 1.0845 | Acc: 62.25%
  Batch [1960/5739] Loss: 1.0848 | Acc: 62.28%
  Batch [1970/5739] Loss: 1.0843 | Acc: 62.32%
  Batch [1980/5739] Loss: 1.0850 | Acc: 62.32%
  Batch [1990/5739] Loss: 1.0856 | Acc: 62.28%
  Batch [2000/5739] Loss: 1.0853 | Acc: 62.28%
  Batch [2010/5739] Loss: 1.0868 | Acc: 62.25%
  Batch [2020/5739] Loss: 1.0892 | Acc: 62.21%
  Batch [2030/5739] Loss: 1.0894 | Acc: 62.20%
  Batch [2040/5739] Loss: 1.0889 | Acc: 62.20%
  Batch [2050/5739] Loss: 1.0894 | Acc: 62.18%
  Batch [2060/5739] Loss: 1.0903 | Acc: 62.19%
  Batch [2070/5739] Loss: 1.0894 | Acc: 62.23%
  Batch [2080/5739] Loss: 1.0888 | Acc: 62.24%
  Batch [2090/5739] Loss: 1.0892 | Acc: 62.22%
  Batch [2100/5739] Loss: 1.0888 | Acc: 62.23%
  Batch [2110/5739] Loss: 1.0880 | Acc: 62.23%
  Batch [2120/5739] Loss: 1.0867 | Acc: 62.26%
  Batch [2130/5739] Loss: 1.0863 | Acc: 62.23%
  Batch [2140/5739] Loss: 1.0874 | Acc: 62.19%
  Batch [2150/5739] Loss: 1.0869 | Acc: 62.16%
  Batch [2160/5739] Loss: 1.0870 | Acc: 62.16%
  Batch [2170/5739] Loss: 1.0867 | Acc: 62.19%
  Batch [2180/5739] Loss: 1.0858 | Acc: 62.25%
  Batch [2190/5739] Loss: 1.0862 | Acc: 62.22%
  Batch [2200/5739] Loss: 1.0853 | Acc: 62.22%
  Batch [2210/5739] Loss: 1.0850 | Acc: 62.23%
  Batch [2220/5739] Loss: 1.0860 | Acc: 62.20%
  Batch [2230/5739] Loss: 1.0869 | Acc: 62.23%
  Batch [2240/5739] Loss: 1.0881 | Acc: 62.21%
  Batch [2250/5739] Loss: 1.0881 | Acc: 62.19%
  Batch [2260/5739] Loss: 1.0882 | Acc: 62.16%
  Batch [2270/5739] Loss: 1.0890 | Acc: 62.15%
  Batch [2280/5739] Loss: 1.0901 | Acc: 62.11%
  Batch [2290/5739] Loss: 1.0899 | Acc: 62.14%
  Batch [2300/5739] Loss: 1.0901 | Acc: 62.13%
  Batch [2310/5739] Loss: 1.0895 | Acc: 62.14%
  Batch [2320/5739] Loss: 1.0899 | Acc: 62.12%
  Batch [2330/5739] Loss: 1.0906 | Acc: 62.08%
  Batch [2340/5739] Loss: 1.0921 | Acc: 62.04%
  Batch [2350/5739] Loss: 1.0942 | Acc: 61.98%
  Batch [2360/5739] Loss: 1.0938 | Acc: 61.95%
  Batch [2370/5739] Loss: 1.0935 | Acc: 61.95%
  Batch [2380/5739] Loss: 1.0932 | Acc: 61.95%
  Batch [2390/5739] Loss: 1.0934 | Acc: 61.96%
  Batch [2400/5739] Loss: 1.0930 | Acc: 61.99%
  Batch [2410/5739] Loss: 1.0931 | Acc: 61.98%
  Batch [2420/5739] Loss: 1.0925 | Acc: 61.96%
  Batch [2430/5739] Loss: 1.0921 | Acc: 61.96%
  Batch [2440/5739] Loss: 1.0913 | Acc: 61.99%
  Batch [2450/5739] Loss: 1.0912 | Acc: 61.98%
  Batch [2460/5739] Loss: 1.0918 | Acc: 61.97%
  Batch [2470/5739] Loss: 1.0928 | Acc: 61.96%
  Batch [2480/5739] Loss: 1.0939 | Acc: 61.93%
  Batch [2490/5739] Loss: 1.0933 | Acc: 61.95%
  Batch [2500/5739] Loss: 1.0929 | Acc: 61.95%
  Batch [2510/5739] Loss: 1.0924 | Acc: 62.01%
  Batch [2520/5739] Loss: 1.0928 | Acc: 61.99%
  Batch [2530/5739] Loss: 1.0932 | Acc: 61.97%
  Batch [2540/5739] Loss: 1.0932 | Acc: 61.98%
  Batch [2550/5739] Loss: 1.0923 | Acc: 62.03%
  Batch [2560/5739] Loss: 1.0920 | Acc: 62.02%
  Batch [2570/5739] Loss: 1.0924 | Acc: 62.02%
  Batch [2580/5739] Loss: 1.0917 | Acc: 62.02%
  Batch [2590/5739] Loss: 1.0922 | Acc: 61.98%
  Batch [2600/5739] Loss: 1.0914 | Acc: 61.96%
  Batch [2610/5739] Loss: 1.0916 | Acc: 61.93%
  Batch [2620/5739] Loss: 1.0913 | Acc: 61.94%
  Batch [2630/5739] Loss: 1.0908 | Acc: 61.94%
  Batch [2640/5739] Loss: 1.0903 | Acc: 61.96%
  Batch [2650/5739] Loss: 1.0899 | Acc: 61.97%
  Batch [2660/5739] Loss: 1.0888 | Acc: 61.99%
  Batch [2670/5739] Loss: 1.0900 | Acc: 61.99%
  Batch [2680/5739] Loss: 1.0902 | Acc: 61.97%
  Batch [2690/5739] Loss: 1.0903 | Acc: 61.96%
  Batch [2700/5739] Loss: 1.0899 | Acc: 61.98%
  Batch [2710/5739] Loss: 1.0906 | Acc: 61.95%
  Batch [2720/5739] Loss: 1.0917 | Acc: 61.91%
  Batch [2730/5739] Loss: 1.0920 | Acc: 61.91%
  Batch [2740/5739] Loss: 1.0922 | Acc: 61.88%
  Batch [2750/5739] Loss: 1.0923 | Acc: 61.84%
  Batch [2760/5739] Loss: 1.0927 | Acc: 61.84%
  Batch [2770/5739] Loss: 1.0917 | Acc: 61.86%
  Batch [2780/5739] Loss: 1.0915 | Acc: 61.89%
  Batch [2790/5739] Loss: 1.0913 | Acc: 61.88%
  Batch [2800/5739] Loss: 1.0923 | Acc: 61.84%
  Batch [2810/5739] Loss: 1.0934 | Acc: 61.80%
  Batch [2820/5739] Loss: 1.0931 | Acc: 61.77%
  Batch [2830/5739] Loss: 1.0924 | Acc: 61.78%
  Batch [2840/5739] Loss: 1.0922 | Acc: 61.76%
  Batch [2850/5739] Loss: 1.0921 | Acc: 61.75%
  Batch [2860/5739] Loss: 1.0921 | Acc: 61.76%
  Batch [2870/5739] Loss: 1.0922 | Acc: 61.75%
  Batch [2880/5739] Loss: 1.0922 | Acc: 61.74%
  Batch [2890/5739] Loss: 1.0921 | Acc: 61.72%
  Batch [2900/5739] Loss: 1.0918 | Acc: 61.73%
  Batch [2910/5739] Loss: 1.0912 | Acc: 61.76%
  Batch [2920/5739] Loss: 1.0917 | Acc: 61.75%
  Batch [2930/5739] Loss: 1.0927 | Acc: 61.73%
  Batch [2940/5739] Loss: 1.0919 | Acc: 61.77%
  Batch [2950/5739] Loss: 1.0925 | Acc: 61.76%
  Batch [2960/5739] Loss: 1.0927 | Acc: 61.78%
  Batch [2970/5739] Loss: 1.0926 | Acc: 61.79%
  Batch [2980/5739] Loss: 1.0930 | Acc: 61.75%
  Batch [2990/5739] Loss: 1.0930 | Acc: 61.73%
  Batch [3000/5739] Loss: 1.0944 | Acc: 61.70%
  Batch [3010/5739] Loss: 1.0935 | Acc: 61.72%
  Batch [3020/5739] Loss: 1.0925 | Acc: 61.74%
  Batch [3030/5739] Loss: 1.0930 | Acc: 61.73%
  Batch [3040/5739] Loss: 1.0937 | Acc: 61.70%
  Batch [3050/5739] Loss: 1.0940 | Acc: 61.66%
  Batch [3060/5739] Loss: 1.0945 | Acc: 61.63%
  Batch [3070/5739] Loss: 1.0940 | Acc: 61.63%
  Batch [3080/5739] Loss: 1.0935 | Acc: 61.64%
  Batch [3090/5739] Loss: 1.0930 | Acc: 61.62%
  Batch [3100/5739] Loss: 1.0926 | Acc: 61.62%
  Batch [3110/5739] Loss: 1.0918 | Acc: 61.67%
  Batch [3120/5739] Loss: 1.0918 | Acc: 61.67%
  Batch [3130/5739] Loss: 1.0921 | Acc: 61.68%
  Batch [3140/5739] Loss: 1.0920 | Acc: 61.68%
  Batch [3150/5739] Loss: 1.0923 | Acc: 61.68%
  Batch [3160/5739] Loss: 1.0922 | Acc: 61.68%
  Batch [3170/5739] Loss: 1.0920 | Acc: 61.71%
  Batch [3180/5739] Loss: 1.0920 | Acc: 61.71%
  Batch [3190/5739] Loss: 1.0924 | Acc: 61.69%
  Batch [3200/5739] Loss: 1.0919 | Acc: 61.72%
  Batch [3210/5739] Loss: 1.0913 | Acc: 61.74%
  Batch [3220/5739] Loss: 1.0914 | Acc: 61.73%
  Batch [3230/5739] Loss: 1.0913 | Acc: 61.72%
  Batch [3240/5739] Loss: 1.0924 | Acc: 61.74%
  Batch [3250/5739] Loss: 1.0927 | Acc: 61.71%
  Batch [3260/5739] Loss: 1.0928 | Acc: 61.70%
  Batch [3270/5739] Loss: 1.0936 | Acc: 61.67%
  Batch [3280/5739] Loss: 1.0941 | Acc: 61.68%
  Batch [3290/5739] Loss: 1.0939 | Acc: 61.69%
  Batch [3300/5739] Loss: 1.0932 | Acc: 61.72%
  Batch [3310/5739] Loss: 1.0936 | Acc: 61.72%
  Batch [3320/5739] Loss: 1.0954 | Acc: 61.66%
  Batch [3330/5739] Loss: 1.0949 | Acc: 61.67%
  Batch [3340/5739] Loss: 1.0951 | Acc: 61.66%
  Batch [3350/5739] Loss: 1.0947 | Acc: 61.67%
  Batch [3360/5739] Loss: 1.0942 | Acc: 61.67%
  Batch [3370/5739] Loss: 1.0938 | Acc: 61.69%
  Batch [3380/5739] Loss: 1.0936 | Acc: 61.67%
  Batch [3390/5739] Loss: 1.0930 | Acc: 61.68%
  Batch [3400/5739] Loss: 1.0934 | Acc: 61.66%
  Batch [3410/5739] Loss: 1.0931 | Acc: 61.69%
  Batch [3420/5739] Loss: 1.0927 | Acc: 61.69%
  Batch [3430/5739] Loss: 1.0933 | Acc: 61.69%
  Batch [3440/5739] Loss: 1.0931 | Acc: 61.71%
  Batch [3450/5739] Loss: 1.0932 | Acc: 61.74%
  Batch [3460/5739] Loss: 1.0921 | Acc: 61.78%
  Batch [3470/5739] Loss: 1.0913 | Acc: 61.80%
  Batch [3480/5739] Loss: 1.0906 | Acc: 61.83%
  Batch [3490/5739] Loss: 1.0903 | Acc: 61.82%
  Batch [3500/5739] Loss: 1.0904 | Acc: 61.80%
  Batch [3510/5739] Loss: 1.0898 | Acc: 61.82%
  Batch [3520/5739] Loss: 1.0896 | Acc: 61.82%
  Batch [3530/5739] Loss: 1.0904 | Acc: 61.81%
  Batch [3540/5739] Loss: 1.0904 | Acc: 61.81%
  Batch [3550/5739] Loss: 1.0900 | Acc: 61.86%
  Batch [3560/5739] Loss: 1.0894 | Acc: 61.89%
  Batch [3570/5739] Loss: 1.0897 | Acc: 61.89%
  Batch [3580/5739] Loss: 1.0900 | Acc: 61.87%
  Batch [3590/5739] Loss: 1.0903 | Acc: 61.87%
  Batch [3600/5739] Loss: 1.0910 | Acc: 61.88%
  Batch [3610/5739] Loss: 1.0912 | Acc: 61.88%
  Batch [3620/5739] Loss: 1.0911 | Acc: 61.87%
  Batch [3630/5739] Loss: 1.0909 | Acc: 61.84%
  Batch [3640/5739] Loss: 1.0907 | Acc: 61.86%
  Batch [3650/5739] Loss: 1.0907 | Acc: 61.86%
  Batch [3660/5739] Loss: 1.0902 | Acc: 61.86%
  Batch [3670/5739] Loss: 1.0906 | Acc: 61.85%
  Batch [3680/5739] Loss: 1.0898 | Acc: 61.88%
  Batch [3690/5739] Loss: 1.0895 | Acc: 61.88%
  Batch [3700/5739] Loss: 1.0897 | Acc: 61.87%
  Batch [3710/5739] Loss: 1.0901 | Acc: 61.87%
  Batch [3720/5739] Loss: 1.0909 | Acc: 61.86%
  Batch [3730/5739] Loss: 1.0909 | Acc: 61.86%
  Batch [3740/5739] Loss: 1.0906 | Acc: 61.87%
  Batch [3750/5739] Loss: 1.0902 | Acc: 61.88%
  Batch [3760/5739] Loss: 1.0901 | Acc: 61.90%
  Batch [3770/5739] Loss: 1.0893 | Acc: 61.92%
  Batch [3780/5739] Loss: 1.0885 | Acc: 61.94%
  Batch [3790/5739] Loss: 1.0893 | Acc: 61.92%
  Batch [3800/5739] Loss: 1.0892 | Acc: 61.91%
  Batch [3810/5739] Loss: 1.0891 | Acc: 61.89%
  Batch [3820/5739] Loss: 1.0886 | Acc: 61.90%
  Batch [3830/5739] Loss: 1.0879 | Acc: 61.91%
  Batch [3840/5739] Loss: 1.0889 | Acc: 61.89%
  Batch [3850/5739] Loss: 1.0891 | Acc: 61.86%
  Batch [3860/5739] Loss: 1.0888 | Acc: 61.87%
  Batch [3870/5739] Loss: 1.0888 | Acc: 61.89%
  Batch [3880/5739] Loss: 1.0894 | Acc: 61.88%
  Batch [3890/5739] Loss: 1.0894 | Acc: 61.90%
  Batch [3900/5739] Loss: 1.0890 | Acc: 61.91%
  Batch [3910/5739] Loss: 1.0892 | Acc: 61.89%
  Batch [3920/5739] Loss: 1.0887 | Acc: 61.91%
  Batch [3930/5739] Loss: 1.0888 | Acc: 61.89%
  Batch [3940/5739] Loss: 1.0888 | Acc: 61.88%
  Batch [3950/5739] Loss: 1.0890 | Acc: 61.87%
  Batch [3960/5739] Loss: 1.0880 | Acc: 61.90%
  Batch [3970/5739] Loss: 1.0873 | Acc: 61.92%
  Batch [3980/5739] Loss: 1.0875 | Acc: 61.91%
  Batch [3990/5739] Loss: 1.0873 | Acc: 61.91%
  Batch [4000/5739] Loss: 1.0869 | Acc: 61.92%
  Batch [4010/5739] Loss: 1.0866 | Acc: 61.91%
  Batch [4020/5739] Loss: 1.0874 | Acc: 61.89%
  Batch [4030/5739] Loss: 1.0878 | Acc: 61.86%
  Batch [4040/5739] Loss: 1.0877 | Acc: 61.85%
  Batch [4050/5739] Loss: 1.0872 | Acc: 61.85%
  Batch [4060/5739] Loss: 1.0870 | Acc: 61.85%
  Batch [4070/5739] Loss: 1.0865 | Acc: 61.86%
  Batch [4080/5739] Loss: 1.0863 | Acc: 61.86%
  Batch [4090/5739] Loss: 1.0862 | Acc: 61.85%
  Batch [4100/5739] Loss: 1.0865 | Acc: 61.86%
  Batch [4110/5739] Loss: 1.0863 | Acc: 61.89%
  Batch [4120/5739] Loss: 1.0866 | Acc: 61.88%
  Batch [4130/5739] Loss: 1.0860 | Acc: 61.92%
  Batch [4140/5739] Loss: 1.0861 | Acc: 61.92%
  Batch [4150/5739] Loss: 1.0861 | Acc: 61.91%
  Batch [4160/5739] Loss: 1.0855 | Acc: 61.93%
  Batch [4170/5739] Loss: 1.0852 | Acc: 61.95%
  Batch [4180/5739] Loss: 1.0851 | Acc: 61.96%
  Batch [4190/5739] Loss: 1.0853 | Acc: 61.96%
  Batch [4200/5739] Loss: 1.0845 | Acc: 61.98%
  Batch [4210/5739] Loss: 1.0851 | Acc: 61.96%
  Batch [4220/5739] Loss: 1.0847 | Acc: 61.98%
  Batch [4230/5739] Loss: 1.0844 | Acc: 62.00%
  Batch [4240/5739] Loss: 1.0840 | Acc: 62.02%
  Batch [4250/5739] Loss: 1.0837 | Acc: 62.03%
  Batch [4260/5739] Loss: 1.0829 | Acc: 62.07%
  Batch [4270/5739] Loss: 1.0837 | Acc: 62.05%
  Batch [4280/5739] Loss: 1.0838 | Acc: 62.04%
  Batch [4290/5739] Loss: 1.0841 | Acc: 62.04%
  Batch [4300/5739] Loss: 1.0834 | Acc: 62.06%
  Batch [4310/5739] Loss: 1.0838 | Acc: 62.05%
  Batch [4320/5739] Loss: 1.0830 | Acc: 62.08%
  Batch [4330/5739] Loss: 1.0829 | Acc: 62.09%
  Batch [4340/5739] Loss: 1.0828 | Acc: 62.09%
  Batch [4350/5739] Loss: 1.0832 | Acc: 62.07%
  Batch [4360/5739] Loss: 1.0828 | Acc: 62.07%
  Batch [4370/5739] Loss: 1.0827 | Acc: 62.08%
  Batch [4380/5739] Loss: 1.0823 | Acc: 62.10%
  Batch [4390/5739] Loss: 1.0825 | Acc: 62.09%
  Batch [4400/5739] Loss: 1.0823 | Acc: 62.09%
  Batch [4410/5739] Loss: 1.0824 | Acc: 62.09%
  Batch [4420/5739] Loss: 1.0821 | Acc: 62.09%
  Batch [4430/5739] Loss: 1.0820 | Acc: 62.10%
  Batch [4440/5739] Loss: 1.0821 | Acc: 62.08%
  Batch [4450/5739] Loss: 1.0824 | Acc: 62.07%
  Batch [4460/5739] Loss: 1.0816 | Acc: 62.09%
  Batch [4470/5739] Loss: 1.0819 | Acc: 62.10%
  Batch [4480/5739] Loss: 1.0816 | Acc: 62.09%
  Batch [4490/5739] Loss: 1.0812 | Acc: 62.09%
  Batch [4500/5739] Loss: 1.0817 | Acc: 62.07%
  Batch [4510/5739] Loss: 1.0824 | Acc: 62.07%
  Batch [4520/5739] Loss: 1.0821 | Acc: 62.08%
  Batch [4530/5739] Loss: 1.0819 | Acc: 62.08%
  Batch [4540/5739] Loss: 1.0819 | Acc: 62.09%
  Batch [4550/5739] Loss: 1.0817 | Acc: 62.09%
  Batch [4560/5739] Loss: 1.0815 | Acc: 62.11%
  Batch [4570/5739] Loss: 1.0820 | Acc: 62.11%
  Batch [4580/5739] Loss: 1.0821 | Acc: 62.11%
  Batch [4590/5739] Loss: 1.0823 | Acc: 62.12%
  Batch [4600/5739] Loss: 1.0823 | Acc: 62.10%
  Batch [4610/5739] Loss: 1.0823 | Acc: 62.09%
  Batch [4620/5739] Loss: 1.0827 | Acc: 62.06%
  Batch [4630/5739] Loss: 1.0835 | Acc: 62.02%
  Batch [4640/5739] Loss: 1.0833 | Acc: 62.02%
  Batch [4650/5739] Loss: 1.0831 | Acc: 62.02%
  Batch [4660/5739] Loss: 1.0835 | Acc: 61.99%
  Batch [4670/5739] Loss: 1.0837 | Acc: 61.98%
  Batch [4680/5739] Loss: 1.0836 | Acc: 61.97%
  Batch [4690/5739] Loss: 1.0832 | Acc: 61.96%
  Batch [4700/5739] Loss: 1.0835 | Acc: 61.94%
  Batch [4710/5739] Loss: 1.0836 | Acc: 61.92%
  Batch [4720/5739] Loss: 1.0831 | Acc: 61.90%
  Batch [4730/5739] Loss: 1.0834 | Acc: 61.89%
  Batch [4740/5739] Loss: 1.0837 | Acc: 61.88%
  Batch [4750/5739] Loss: 1.0832 | Acc: 61.88%
  Batch [4760/5739] Loss: 1.0832 | Acc: 61.86%
  Batch [4770/5739] Loss: 1.0827 | Acc: 61.87%
  Batch [4780/5739] Loss: 1.0823 | Acc: 61.89%
  Batch [4790/5739] Loss: 1.0826 | Acc: 61.88%
  Batch [4800/5739] Loss: 1.0823 | Acc: 61.89%
  Batch [4810/5739] Loss: 1.0824 | Acc: 61.90%
  Batch [4820/5739] Loss: 1.0824 | Acc: 61.91%
  Batch [4830/5739] Loss: 1.0820 | Acc: 61.92%
  Batch [4840/5739] Loss: 1.0820 | Acc: 61.92%
  Batch [4850/5739] Loss: 1.0814 | Acc: 61.94%
  Batch [4860/5739] Loss: 1.0819 | Acc: 61.93%
  Batch [4870/5739] Loss: 1.0816 | Acc: 61.93%
  Batch [4880/5739] Loss: 1.0818 | Acc: 61.92%
  Batch [4890/5739] Loss: 1.0812 | Acc: 61.93%
  Batch [4900/5739] Loss: 1.0812 | Acc: 61.92%
  Batch [4910/5739] Loss: 1.0818 | Acc: 61.91%
  Batch [4920/5739] Loss: 1.0810 | Acc: 61.94%
  Batch [4930/5739] Loss: 1.0805 | Acc: 61.96%
  Batch [4940/5739] Loss: 1.0804 | Acc: 61.97%
  Batch [4950/5739] Loss: 1.0797 | Acc: 62.01%
  Batch [4960/5739] Loss: 1.0799 | Acc: 62.00%
  Batch [4970/5739] Loss: 1.0802 | Acc: 62.01%
  Batch [4980/5739] Loss: 1.0808 | Acc: 61.99%
  Batch [4990/5739] Loss: 1.0809 | Acc: 61.99%
  Batch [5000/5739] Loss: 1.0808 | Acc: 61.99%
  Batch [5010/5739] Loss: 1.0808 | Acc: 61.98%
  Batch [5020/5739] Loss: 1.0815 | Acc: 61.97%
  Batch [5030/5739] Loss: 1.0812 | Acc: 61.98%
  Batch [5040/5739] Loss: 1.0816 | Acc: 61.98%
  Batch [5050/5739] Loss: 1.0820 | Acc: 61.97%
  Batch [5060/5739] Loss: 1.0822 | Acc: 61.96%
  Batch [5070/5739] Loss: 1.0824 | Acc: 61.95%
  Batch [5080/5739] Loss: 1.0819 | Acc: 61.97%
  Batch [5090/5739] Loss: 1.0818 | Acc: 61.98%
  Batch [5100/5739] Loss: 1.0814 | Acc: 61.98%
  Batch [5110/5739] Loss: 1.0813 | Acc: 61.99%
  Batch [5120/5739] Loss: 1.0817 | Acc: 61.99%
  Batch [5130/5739] Loss: 1.0815 | Acc: 61.99%
  Batch [5140/5739] Loss: 1.0818 | Acc: 61.99%
  Batch [5150/5739] Loss: 1.0820 | Acc: 61.99%
  Batch [5160/5739] Loss: 1.0823 | Acc: 61.98%
  Batch [5170/5739] Loss: 1.0823 | Acc: 61.99%
  Batch [5180/5739] Loss: 1.0822 | Acc: 62.00%
  Batch [5190/5739] Loss: 1.0822 | Acc: 61.99%
  Batch [5200/5739] Loss: 1.0819 | Acc: 62.00%
  Batch [5210/5739] Loss: 1.0815 | Acc: 62.01%
  Batch [5220/5739] Loss: 1.0815 | Acc: 62.02%
  Batch [5230/5739] Loss: 1.0814 | Acc: 62.04%
  Batch [5240/5739] Loss: 1.0809 | Acc: 62.06%
  Batch [5250/5739] Loss: 1.0809 | Acc: 62.08%
  Batch [5260/5739] Loss: 1.0807 | Acc: 62.08%
  Batch [5270/5739] Loss: 1.0810 | Acc: 62.07%
  Batch [5280/5739] Loss: 1.0810 | Acc: 62.07%
  Batch [5290/5739] Loss: 1.0809 | Acc: 62.07%
  Batch [5300/5739] Loss: 1.0807 | Acc: 62.06%
  Batch [5310/5739] Loss: 1.0805 | Acc: 62.07%
  Batch [5320/5739] Loss: 1.0807 | Acc: 62.07%
  Batch [5330/5739] Loss: 1.0809 | Acc: 62.06%
  Batch [5340/5739] Loss: 1.0808 | Acc: 62.06%
  Batch [5350/5739] Loss: 1.0806 | Acc: 62.06%
  Batch [5360/5739] Loss: 1.0804 | Acc: 62.07%
  Batch [5370/5739] Loss: 1.0807 | Acc: 62.06%
  Batch [5380/5739] Loss: 1.0807 | Acc: 62.07%
  Batch [5390/5739] Loss: 1.0806 | Acc: 62.07%
  Batch [5400/5739] Loss: 1.0802 | Acc: 62.08%
  Batch [5410/5739] Loss: 1.0804 | Acc: 62.06%
  Batch [5420/5739] Loss: 1.0812 | Acc: 62.05%
  Batch [5430/5739] Loss: 1.0812 | Acc: 62.04%
  Batch [5440/5739] Loss: 1.0814 | Acc: 62.04%
  Batch [5450/5739] Loss: 1.0813 | Acc: 62.05%
  Batch [5460/5739] Loss: 1.0809 | Acc: 62.07%
  Batch [5470/5739] Loss: 1.0810 | Acc: 62.06%
  Batch [5480/5739] Loss: 1.0804 | Acc: 62.08%
  Batch [5490/5739] Loss: 1.0805 | Acc: 62.09%
  Batch [5500/5739] Loss: 1.0801 | Acc: 62.09%
  Batch [5510/5739] Loss: 1.0805 | Acc: 62.09%
  Batch [5520/5739] Loss: 1.0806 | Acc: 62.08%
  Batch [5530/5739] Loss: 1.0811 | Acc: 62.08%
  Batch [5540/5739] Loss: 1.0811 | Acc: 62.10%
  Batch [5550/5739] Loss: 1.0812 | Acc: 62.09%
  Batch [5560/5739] Loss: 1.0802 | Acc: 62.12%
  Batch [5570/5739] Loss: 1.0798 | Acc: 62.14%
  Batch [5580/5739] Loss: 1.0800 | Acc: 62.13%
  Batch [5590/5739] Loss: 1.0795 | Acc: 62.13%
  Batch [5600/5739] Loss: 1.0795 | Acc: 62.13%
  Batch [5610/5739] Loss: 1.0797 | Acc: 62.12%
  Batch [5620/5739] Loss: 1.0799 | Acc: 62.11%
  Batch [5630/5739] Loss: 1.0797 | Acc: 62.11%
  Batch [5640/5739] Loss: 1.0798 | Acc: 62.10%
  Batch [5650/5739] Loss: 1.0802 | Acc: 62.09%
  Batch [5660/5739] Loss: 1.0798 | Acc: 62.10%
  Batch [5670/5739] Loss: 1.0795 | Acc: 62.11%
  Batch [5680/5739] Loss: 1.0794 | Acc: 62.11%
  Batch [5690/5739] Loss: 1.0795 | Acc: 62.11%
  Batch [5700/5739] Loss: 1.0796 | Acc: 62.11%
  Batch [5710/5739] Loss: 1.0796 | Acc: 62.12%
  Batch [5720/5739] Loss: 1.0794 | Acc: 62.12%
  Batch [5730/5739] Loss: 1.0792 | Acc: 62.13%

======================================================================
Epoch 4 Summary:
  Train Loss: 1.0789 | Train Acc: 62.16%
  Val Loss:   1.5907 | Val Acc:   39.05%
  Learning Rate: 0.000100
  Time: 147.9s
  ✓ Best model! (Val Loss: 1.5907, Val Acc: 39.05%)
======================================================================

Epoch [5/50]
----------------------------------------------------------------------
  Batch [10/5739] Loss: 1.1669 | Acc: 55.50%
  Batch [20/5739] Loss: 1.1119 | Acc: 59.75%
  Batch [30/5739] Loss: 1.0515 | Acc: 61.83%
  Batch [40/5739] Loss: 1.1570 | Acc: 60.50%
  Batch [50/5739] Loss: 1.1462 | Acc: 61.10%
  Batch [60/5739] Loss: 1.1565 | Acc: 60.83%
  Batch [70/5739] Loss: 1.1352 | Acc: 60.93%
  Batch [80/5739] Loss: 1.1280 | Acc: 60.94%
  Batch [90/5739] Loss: 1.1388 | Acc: 60.83%
  Batch [100/5739] Loss: 1.1455 | Acc: 60.15%
  Batch [110/5739] Loss: 1.1349 | Acc: 60.55%
  Batch [120/5739] Loss: 1.1402 | Acc: 60.12%
  Batch [130/5739] Loss: 1.1421 | Acc: 59.92%
  Batch [140/5739] Loss: 1.1398 | Acc: 59.82%
  Batch [150/5739] Loss: 1.1369 | Acc: 59.47%
  Batch [160/5739] Loss: 1.1226 | Acc: 60.03%
  Batch [170/5739] Loss: 1.1030 | Acc: 60.62%
  Batch [180/5739] Loss: 1.1067 | Acc: 60.58%
  Batch [190/5739] Loss: 1.1172 | Acc: 60.66%
  Batch [200/5739] Loss: 1.1209 | Acc: 60.55%
  Batch [210/5739] Loss: 1.1206 | Acc: 60.62%
  Batch [220/5739] Loss: 1.1210 | Acc: 60.84%
  Batch [230/5739] Loss: 1.1216 | Acc: 60.91%
  Batch [240/5739] Loss: 1.1258 | Acc: 60.96%
  Batch [250/5739] Loss: 1.1204 | Acc: 61.10%
  Batch [260/5739] Loss: 1.1144 | Acc: 61.29%
  Batch [270/5739] Loss: 1.1044 | Acc: 61.56%
  Batch [280/5739] Loss: 1.1071 | Acc: 61.39%
  Batch [290/5739] Loss: 1.1119 | Acc: 61.40%
  Batch [300/5739] Loss: 1.1142 | Acc: 61.23%
  Batch [310/5739] Loss: 1.1060 | Acc: 61.47%
  Batch [320/5739] Loss: 1.1005 | Acc: 61.47%
  Batch [330/5739] Loss: 1.0924 | Acc: 61.88%
  Batch [340/5739] Loss: 1.0892 | Acc: 62.09%
  Batch [350/5739] Loss: 1.0866 | Acc: 61.97%
  Batch [360/5739] Loss: 1.0800 | Acc: 62.28%
  Batch [370/5739] Loss: 1.0773 | Acc: 62.38%
  Batch [380/5739] Loss: 1.0788 | Acc: 62.43%
  Batch [390/5739] Loss: 1.0804 | Acc: 62.46%
  Batch [400/5739] Loss: 1.0828 | Acc: 62.42%
  Batch [410/5739] Loss: 1.0809 | Acc: 62.37%
  Batch [420/5739] Loss: 1.0826 | Acc: 62.05%
  Batch [430/5739] Loss: 1.0855 | Acc: 62.21%
  Batch [440/5739] Loss: 1.0882 | Acc: 62.12%
  Batch [450/5739] Loss: 1.0835 | Acc: 62.32%
  Batch [460/5739] Loss: 1.0802 | Acc: 62.51%
  Batch [470/5739] Loss: 1.0861 | Acc: 62.60%
  Batch [480/5739] Loss: 1.0844 | Acc: 62.79%
  Batch [490/5739] Loss: 1.0881 | Acc: 62.63%
  Batch [500/5739] Loss: 1.0841 | Acc: 62.65%
  Batch [510/5739] Loss: 1.0822 | Acc: 62.71%
  Batch [520/5739] Loss: 1.0764 | Acc: 62.75%
  Batch [530/5739] Loss: 1.0737 | Acc: 62.73%
  Batch [540/5739] Loss: 1.0697 | Acc: 62.83%
  Batch [550/5739] Loss: 1.0662 | Acc: 63.01%
  Batch [560/5739] Loss: 1.0643 | Acc: 63.07%
  Batch [570/5739] Loss: 1.0639 | Acc: 63.13%
  Batch [580/5739] Loss: 1.0576 | Acc: 63.25%
  Batch [590/5739] Loss: 1.0601 | Acc: 63.20%
  Batch [600/5739] Loss: 1.0641 | Acc: 63.12%
  Batch [610/5739] Loss: 1.0667 | Acc: 63.08%
  Batch [620/5739] Loss: 1.0602 | Acc: 63.34%
  Batch [630/5739] Loss: 1.0621 | Acc: 63.24%
  Batch [640/5739] Loss: 1.0640 | Acc: 63.28%
  Batch [650/5739] Loss: 1.0611 | Acc: 63.44%
  Batch [660/5739] Loss: 1.0623 | Acc: 63.37%
  Batch [670/5739] Loss: 1.0608 | Acc: 63.45%
  Batch [680/5739] Loss: 1.0610 | Acc: 63.37%
  Batch [690/5739] Loss: 1.0606 | Acc: 63.40%
  Batch [700/5739] Loss: 1.0580 | Acc: 63.42%
  Batch [710/5739] Loss: 1.0592 | Acc: 63.34%
  Batch [720/5739] Loss: 1.0571 | Acc: 63.44%
  Batch [730/5739] Loss: 1.0591 | Acc: 63.49%
  Batch [740/5739] Loss: 1.0555 | Acc: 63.61%
  Batch [750/5739] Loss: 1.0508 | Acc: 63.67%
  Batch [760/5739] Loss: 1.0526 | Acc: 63.59%
  Batch [770/5739] Loss: 1.0523 | Acc: 63.57%
  Batch [780/5739] Loss: 1.0500 | Acc: 63.68%
  Batch [790/5739] Loss: 1.0489 | Acc: 63.73%
  Batch [800/5739] Loss: 1.0485 | Acc: 63.69%
  Batch [810/5739] Loss: 1.0478 | Acc: 63.77%
  Batch [820/5739] Loss: 1.0458 | Acc: 63.84%
  Batch [830/5739] Loss: 1.0481 | Acc: 63.73%
  Batch [840/5739] Loss: 1.0483 | Acc: 63.74%
  Batch [850/5739] Loss: 1.0465 | Acc: 63.81%
  Batch [860/5739] Loss: 1.0477 | Acc: 63.81%
  Batch [870/5739] Loss: 1.0437 | Acc: 63.91%
  Batch [880/5739] Loss: 1.0441 | Acc: 63.86%
  Batch [890/5739] Loss: 1.0414 | Acc: 63.98%
  Batch [900/5739] Loss: 1.0426 | Acc: 63.86%
  Batch [910/5739] Loss: 1.0435 | Acc: 63.73%
  Batch [920/5739] Loss: 1.0475 | Acc: 63.62%
  Batch [930/5739] Loss: 1.0487 | Acc: 63.61%
  Batch [940/5739] Loss: 1.0473 | Acc: 63.70%
  Batch [950/5739] Loss: 1.0476 | Acc: 63.76%
  Batch [960/5739] Loss: 1.0481 | Acc: 63.76%
  Batch [970/5739] Loss: 1.0484 | Acc: 63.73%
  Batch [980/5739] Loss: 1.0471 | Acc: 63.80%
  Batch [990/5739] Loss: 1.0444 | Acc: 63.86%
  Batch [1000/5739] Loss: 1.0466 | Acc: 63.80%
  Batch [1010/5739] Loss: 1.0472 | Acc: 63.83%
  Batch [1020/5739] Loss: 1.0465 | Acc: 63.87%
  Batch [1030/5739] Loss: 1.0458 | Acc: 63.95%
  Batch [1040/5739] Loss: 1.0434 | Acc: 64.08%
  Batch [1050/5739] Loss: 1.0446 | Acc: 64.05%
  Batch [1060/5739] Loss: 1.0431 | Acc: 64.14%
  Batch [1070/5739] Loss: 1.0419 | Acc: 64.20%
  Batch [1080/5739] Loss: 1.0421 | Acc: 64.20%
  Batch [1090/5739] Loss: 1.0422 | Acc: 64.18%
  Batch [1100/5739] Loss: 1.0396 | Acc: 64.27%
  Batch [1110/5739] Loss: 1.0407 | Acc: 64.28%
  Batch [1120/5739] Loss: 1.0428 | Acc: 64.32%
  Batch [1130/5739] Loss: 1.0433 | Acc: 64.32%
  Batch [1140/5739] Loss: 1.0437 | Acc: 64.27%
  Batch [1150/5739] Loss: 1.0434 | Acc: 64.27%
  Batch [1160/5739] Loss: 1.0435 | Acc: 64.25%
  Batch [1170/5739] Loss: 1.0465 | Acc: 64.14%
  Batch [1180/5739] Loss: 1.0459 | Acc: 64.18%
  Batch [1190/5739] Loss: 1.0466 | Acc: 64.18%
  Batch [1200/5739] Loss: 1.0451 | Acc: 64.25%
  Batch [1210/5739] Loss: 1.0437 | Acc: 64.31%
  Batch [1220/5739] Loss: 1.0441 | Acc: 64.27%
  Batch [1230/5739] Loss: 1.0440 | Acc: 64.31%
  Batch [1240/5739] Loss: 1.0422 | Acc: 64.38%
  Batch [1250/5739] Loss: 1.0425 | Acc: 64.35%
  Batch [1260/5739] Loss: 1.0426 | Acc: 64.29%
  Batch [1270/5739] Loss: 1.0412 | Acc: 64.31%
  Batch [1280/5739] Loss: 1.0405 | Acc: 64.29%
  Batch [1290/5739] Loss: 1.0407 | Acc: 64.27%
  Batch [1300/5739] Loss: 1.0411 | Acc: 64.24%
  Batch [1310/5739] Loss: 1.0413 | Acc: 64.23%
  Batch [1320/5739] Loss: 1.0403 | Acc: 64.23%
  Batch [1330/5739] Loss: 1.0381 | Acc: 64.27%
  Batch [1340/5739] Loss: 1.0372 | Acc: 64.27%
  Batch [1350/5739] Loss: 1.0375 | Acc: 64.28%
  Batch [1360/5739] Loss: 1.0398 | Acc: 64.24%
  Batch [1370/5739] Loss: 1.0387 | Acc: 64.29%
  Batch [1380/5739] Loss: 1.0378 | Acc: 64.29%
  Batch [1390/5739] Loss: 1.0368 | Acc: 64.29%
  Batch [1400/5739] Loss: 1.0365 | Acc: 64.35%
  Batch [1410/5739] Loss: 1.0361 | Acc: 64.35%
  Batch [1420/5739] Loss: 1.0344 | Acc: 64.41%
  Batch [1430/5739] Loss: 1.0343 | Acc: 64.41%
  Batch [1440/5739] Loss: 1.0355 | Acc: 64.36%
  Batch [1450/5739] Loss: 1.0337 | Acc: 64.40%
  Batch [1460/5739] Loss: 1.0340 | Acc: 64.39%
  Batch [1470/5739] Loss: 1.0351 | Acc: 64.39%
  Batch [1480/5739] Loss: 1.0342 | Acc: 64.40%
  Batch [1490/5739] Loss: 1.0312 | Acc: 64.50%
  Batch [1500/5739] Loss: 1.0297 | Acc: 64.58%
  Batch [1510/5739] Loss: 1.0290 | Acc: 64.61%
  Batch [1520/5739] Loss: 1.0308 | Acc: 64.51%
  Batch [1530/5739] Loss: 1.0322 | Acc: 64.48%
  Batch [1540/5739] Loss: 1.0322 | Acc: 64.43%
  Batch [1550/5739] Loss: 1.0328 | Acc: 64.44%
  Batch [1560/5739] Loss: 1.0324 | Acc: 64.50%
  Batch [1570/5739] Loss: 1.0304 | Acc: 64.55%
  Batch [1580/5739] Loss: 1.0327 | Acc: 64.52%
  Batch [1590/5739] Loss: 1.0335 | Acc: 64.50%
  Batch [1600/5739] Loss: 1.0346 | Acc: 64.48%
  Batch [1610/5739] Loss: 1.0333 | Acc: 64.48%
  Batch [1620/5739] Loss: 1.0343 | Acc: 64.47%
  Batch [1630/5739] Loss: 1.0350 | Acc: 64.46%
  Batch [1640/5739] Loss: 1.0356 | Acc: 64.45%
  Batch [1650/5739] Loss: 1.0344 | Acc: 64.45%
  Batch [1660/5739] Loss: 1.0357 | Acc: 64.42%
  Batch [1670/5739] Loss: 1.0341 | Acc: 64.47%
  Batch [1680/5739] Loss: 1.0342 | Acc: 64.47%
  Batch [1690/5739] Loss: 1.0332 | Acc: 64.50%
  Batch [1700/5739] Loss: 1.0326 | Acc: 64.50%
  Batch [1710/5739] Loss: 1.0312 | Acc: 64.52%
  Batch [1720/5739] Loss: 1.0313 | Acc: 64.50%
  Batch [1730/5739] Loss: 1.0330 | Acc: 64.47%
  Batch [1740/5739] Loss: 1.0328 | Acc: 64.48%
  Batch [1750/5739] Loss: 1.0340 | Acc: 64.46%
  Batch [1760/5739] Loss: 1.0351 | Acc: 64.43%
  Batch [1770/5739] Loss: 1.0371 | Acc: 64.38%
  Batch [1780/5739] Loss: 1.0366 | Acc: 64.36%
  Batch [1790/5739] Loss: 1.0366 | Acc: 64.36%
  Batch [1800/5739] Loss: 1.0363 | Acc: 64.37%
  Batch [1810/5739] Loss: 1.0349 | Acc: 64.41%
  Batch [1820/5739] Loss: 1.0362 | Acc: 64.40%
  Batch [1830/5739] Loss: 1.0395 | Acc: 64.32%
  Batch [1840/5739] Loss: 1.0410 | Acc: 64.31%
  Batch [1850/5739] Loss: 1.0393 | Acc: 64.39%
  Batch [1860/5739] Loss: 1.0398 | Acc: 64.40%
  Batch [1870/5739] Loss: 1.0391 | Acc: 64.42%
  Batch [1880/5739] Loss: 1.0401 | Acc: 64.41%
  Batch [1890/5739] Loss: 1.0401 | Acc: 64.42%
  Batch [1900/5739] Loss: 1.0402 | Acc: 64.38%
  Batch [1910/5739] Loss: 1.0393 | Acc: 64.42%
  Batch [1920/5739] Loss: 1.0404 | Acc: 64.33%
  Batch [1930/5739] Loss: 1.0413 | Acc: 64.32%
  Batch [1940/5739] Loss: 1.0415 | Acc: 64.30%
  Batch [1950/5739] Loss: 1.0424 | Acc: 64.24%
  Batch [1960/5739] Loss: 1.0425 | Acc: 64.23%
  Batch [1970/5739] Loss: 1.0431 | Acc: 64.23%
  Batch [1980/5739] Loss: 1.0425 | Acc: 64.22%
  Batch [1990/5739] Loss: 1.0436 | Acc: 64.17%
  Batch [2000/5739] Loss: 1.0437 | Acc: 64.16%
  Batch [2010/5739] Loss: 1.0426 | Acc: 64.14%
  Batch [2020/5739] Loss: 1.0417 | Acc: 64.20%
  Batch [2030/5739] Loss: 1.0446 | Acc: 64.17%
  Batch [2040/5739] Loss: 1.0430 | Acc: 64.20%
  Batch [2050/5739] Loss: 1.0433 | Acc: 64.18%
  Batch [2060/5739] Loss: 1.0435 | Acc: 64.14%
  Batch [2070/5739] Loss: 1.0419 | Acc: 64.16%
  Batch [2080/5739] Loss: 1.0415 | Acc: 64.17%
  Batch [2090/5739] Loss: 1.0406 | Acc: 64.21%
  Batch [2100/5739] Loss: 1.0399 | Acc: 64.22%
  Batch [2110/5739] Loss: 1.0397 | Acc: 64.23%
  Batch [2120/5739] Loss: 1.0410 | Acc: 64.18%
  Batch [2130/5739] Loss: 1.0406 | Acc: 64.16%
  Batch [2140/5739] Loss: 1.0411 | Acc: 64.15%
  Batch [2150/5739] Loss: 1.0406 | Acc: 64.19%
  Batch [2160/5739] Loss: 1.0401 | Acc: 64.18%
  Batch [2170/5739] Loss: 1.0412 | Acc: 64.12%
  Batch [2180/5739] Loss: 1.0399 | Acc: 64.17%
  Batch [2190/5739] Loss: 1.0392 | Acc: 64.18%
  Batch [2200/5739] Loss: 1.0370 | Acc: 64.21%
  Batch [2210/5739] Loss: 1.0370 | Acc: 64.19%
  Batch [2220/5739] Loss: 1.0368 | Acc: 64.20%
  Batch [2230/5739] Loss: 1.0380 | Acc: 64.22%
  Batch [2240/5739] Loss: 1.0379 | Acc: 64.22%
  Batch [2250/5739] Loss: 1.0386 | Acc: 64.24%
  Batch [2260/5739] Loss: 1.0375 | Acc: 64.31%
  Batch [2270/5739] Loss: 1.0372 | Acc: 64.33%
  Batch [2280/5739] Loss: 1.0371 | Acc: 64.34%
  Batch [2290/5739] Loss: 1.0362 | Acc: 64.34%
  Batch [2300/5739] Loss: 1.0350 | Acc: 64.35%
  Batch [2310/5739] Loss: 1.0347 | Acc: 64.34%
  Batch [2320/5739] Loss: 1.0352 | Acc: 64.34%
  Batch [2330/5739] Loss: 1.0355 | Acc: 64.31%
  Batch [2340/5739] Loss: 1.0357 | Acc: 64.29%
  Batch [2350/5739] Loss: 1.0367 | Acc: 64.27%
  Batch [2360/5739] Loss: 1.0371 | Acc: 64.29%
  Batch [2370/5739] Loss: 1.0360 | Acc: 64.33%
  Batch [2380/5739] Loss: 1.0361 | Acc: 64.35%
  Batch [2390/5739] Loss: 1.0350 | Acc: 64.37%
  Batch [2400/5739] Loss: 1.0344 | Acc: 64.38%
  Batch [2410/5739] Loss: 1.0346 | Acc: 64.39%
  Batch [2420/5739] Loss: 1.0352 | Acc: 64.39%
  Batch [2430/5739] Loss: 1.0353 | Acc: 64.35%
  Batch [2440/5739] Loss: 1.0344 | Acc: 64.36%
  Batch [2450/5739] Loss: 1.0332 | Acc: 64.37%
  Batch [2460/5739] Loss: 1.0334 | Acc: 64.34%
  Batch [2470/5739] Loss: 1.0341 | Acc: 64.32%
  Batch [2480/5739] Loss: 1.0346 | Acc: 64.30%
  Batch [2490/5739] Loss: 1.0335 | Acc: 64.34%
  Batch [2500/5739] Loss: 1.0329 | Acc: 64.33%
  Batch [2510/5739] Loss: 1.0317 | Acc: 64.36%
  Batch [2520/5739] Loss: 1.0317 | Acc: 64.36%
  Batch [2530/5739] Loss: 1.0327 | Acc: 64.34%
  Batch [2540/5739] Loss: 1.0325 | Acc: 64.32%
  Batch [2550/5739] Loss: 1.0339 | Acc: 64.30%
  Batch [2560/5739] Loss: 1.0356 | Acc: 64.29%
  Batch [2570/5739] Loss: 1.0355 | Acc: 64.28%
  Batch [2580/5739] Loss: 1.0345 | Acc: 64.33%
  Batch [2590/5739] Loss: 1.0343 | Acc: 64.35%
  Batch [2600/5739] Loss: 1.0337 | Acc: 64.38%
  Batch [2610/5739] Loss: 1.0338 | Acc: 64.37%
  Batch [2620/5739] Loss: 1.0347 | Acc: 64.31%
  Batch [2630/5739] Loss: 1.0358 | Acc: 64.31%
  Batch [2640/5739] Loss: 1.0360 | Acc: 64.28%
  Batch [2650/5739] Loss: 1.0369 | Acc: 64.25%
  Batch [2660/5739] Loss: 1.0352 | Acc: 64.31%
  Batch [2670/5739] Loss: 1.0357 | Acc: 64.32%
  Batch [2680/5739] Loss: 1.0352 | Acc: 64.34%
  Batch [2690/5739] Loss: 1.0349 | Acc: 64.36%
  Batch [2700/5739] Loss: 1.0345 | Acc: 64.38%
  Batch [2710/5739] Loss: 1.0354 | Acc: 64.35%
  Batch [2720/5739] Loss: 1.0345 | Acc: 64.37%
  Batch [2730/5739] Loss: 1.0351 | Acc: 64.39%
  Batch [2740/5739] Loss: 1.0347 | Acc: 64.41%
  Batch [2750/5739] Loss: 1.0339 | Acc: 64.43%
  Batch [2760/5739] Loss: 1.0342 | Acc: 64.41%
  Batch [2770/5739] Loss: 1.0339 | Acc: 64.42%
  Batch [2780/5739] Loss: 1.0335 | Acc: 64.42%
  Batch [2790/5739] Loss: 1.0330 | Acc: 64.44%
  Batch [2800/5739] Loss: 1.0323 | Acc: 64.48%
  Batch [2810/5739] Loss: 1.0323 | Acc: 64.45%
  Batch [2820/5739] Loss: 1.0309 | Acc: 64.46%
  Batch [2830/5739] Loss: 1.0308 | Acc: 64.49%
  Batch [2840/5739] Loss: 1.0305 | Acc: 64.49%
  Batch [2850/5739] Loss: 1.0305 | Acc: 64.48%
  Batch [2860/5739] Loss: 1.0296 | Acc: 64.49%
  Batch [2870/5739] Loss: 1.0293 | Acc: 64.47%
  Batch [2880/5739] Loss: 1.0284 | Acc: 64.49%
  Batch [2890/5739] Loss: 1.0286 | Acc: 64.50%
  Batch [2900/5739] Loss: 1.0279 | Acc: 64.53%
  Batch [2910/5739] Loss: 1.0289 | Acc: 64.49%
  Batch [2920/5739] Loss: 1.0292 | Acc: 64.48%
  Batch [2930/5739] Loss: 1.0301 | Acc: 64.44%
  Batch [2940/5739] Loss: 1.0310 | Acc: 64.46%
  Batch [2950/5739] Loss: 1.0322 | Acc: 64.42%
  Batch [2960/5739] Loss: 1.0330 | Acc: 64.42%
  Batch [2970/5739] Loss: 1.0327 | Acc: 64.45%
  Batch [2980/5739] Loss: 1.0328 | Acc: 64.47%
  Batch [2990/5739] Loss: 1.0325 | Acc: 64.48%
  Batch [3000/5739] Loss: 1.0326 | Acc: 64.47%
  Batch [3010/5739] Loss: 1.0330 | Acc: 64.46%
  Batch [3020/5739] Loss: 1.0335 | Acc: 64.44%
  Batch [3030/5739] Loss: 1.0339 | Acc: 64.42%
  Batch [3040/5739] Loss: 1.0336 | Acc: 64.43%
  Batch [3050/5739] Loss: 1.0335 | Acc: 64.44%
  Batch [3060/5739] Loss: 1.0344 | Acc: 64.43%
  Batch [3070/5739] Loss: 1.0341 | Acc: 64.44%
  Batch [3080/5739] Loss: 1.0346 | Acc: 64.41%
  Batch [3090/5739] Loss: 1.0349 | Acc: 64.40%
  Batch [3100/5739] Loss: 1.0339 | Acc: 64.41%
  Batch [3110/5739] Loss: 1.0343 | Acc: 64.40%
  Batch [3120/5739] Loss: 1.0346 | Acc: 64.37%
  Batch [3130/5739] Loss: 1.0355 | Acc: 64.37%
  Batch [3140/5739] Loss: 1.0354 | Acc: 64.37%
  Batch [3150/5739] Loss: 1.0347 | Acc: 64.40%
  Batch [3160/5739] Loss: 1.0358 | Acc: 64.37%
  Batch [3170/5739] Loss: 1.0357 | Acc: 64.38%
  Batch [3180/5739] Loss: 1.0361 | Acc: 64.37%
  Batch [3190/5739] Loss: 1.0365 | Acc: 64.34%
  Batch [3200/5739] Loss: 1.0365 | Acc: 64.34%
  Batch [3210/5739] Loss: 1.0368 | Acc: 64.31%
  Batch [3220/5739] Loss: 1.0358 | Acc: 64.33%
  Batch [3230/5739] Loss: 1.0355 | Acc: 64.32%
  Batch [3240/5739] Loss: 1.0350 | Acc: 64.34%
  Batch [3250/5739] Loss: 1.0350 | Acc: 64.35%
  Batch [3260/5739] Loss: 1.0355 | Acc: 64.34%
  Batch [3270/5739] Loss: 1.0357 | Acc: 64.32%
  Batch [3280/5739] Loss: 1.0351 | Acc: 64.32%
  Batch [3290/5739] Loss: 1.0349 | Acc: 64.33%
  Batch [3300/5739] Loss: 1.0354 | Acc: 64.32%
  Batch [3310/5739] Loss: 1.0347 | Acc: 64.34%
  Batch [3320/5739] Loss: 1.0340 | Acc: 64.36%
  Batch [3330/5739] Loss: 1.0346 | Acc: 64.32%
  Batch [3340/5739] Loss: 1.0349 | Acc: 64.33%
  Batch [3350/5739] Loss: 1.0345 | Acc: 64.34%
  Batch [3360/5739] Loss: 1.0344 | Acc: 64.32%
  Batch [3370/5739] Loss: 1.0355 | Acc: 64.27%
  Batch [3380/5739] Loss: 1.0350 | Acc: 64.28%
  Batch [3390/5739] Loss: 1.0356 | Acc: 64.27%
  Batch [3400/5739] Loss: 1.0354 | Acc: 64.29%
  Batch [3410/5739] Loss: 1.0360 | Acc: 64.28%
  Batch [3420/5739] Loss: 1.0360 | Acc: 64.28%
  Batch [3430/5739] Loss: 1.0357 | Acc: 64.30%
  Batch [3440/5739] Loss: 1.0363 | Acc: 64.26%
  Batch [3450/5739] Loss: 1.0370 | Acc: 64.22%
  Batch [3460/5739] Loss: 1.0373 | Acc: 64.18%
  Batch [3470/5739] Loss: 1.0368 | Acc: 64.20%
  Batch [3480/5739] Loss: 1.0373 | Acc: 64.16%
  Batch [3490/5739] Loss: 1.0366 | Acc: 64.18%
  Batch [3500/5739] Loss: 1.0371 | Acc: 64.14%
  Batch [3510/5739] Loss: 1.0365 | Acc: 64.14%
  Batch [3520/5739] Loss: 1.0372 | Acc: 64.13%
  Batch [3530/5739] Loss: 1.0372 | Acc: 64.13%
  Batch [3540/5739] Loss: 1.0368 | Acc: 64.14%
  Batch [3550/5739] Loss: 1.0372 | Acc: 64.14%
  Batch [3560/5739] Loss: 1.0364 | Acc: 64.14%
  Batch [3570/5739] Loss: 1.0358 | Acc: 64.15%
  Batch [3580/5739] Loss: 1.0359 | Acc: 64.15%
  Batch [3590/5739] Loss: 1.0360 | Acc: 64.16%
  Batch [3600/5739] Loss: 1.0355 | Acc: 64.18%
  Batch [3610/5739] Loss: 1.0356 | Acc: 64.17%
  Batch [3620/5739] Loss: 1.0349 | Acc: 64.20%
  Batch [3630/5739] Loss: 1.0344 | Acc: 64.20%
  Batch [3640/5739] Loss: 1.0348 | Acc: 64.19%
  Batch [3650/5739] Loss: 1.0341 | Acc: 64.21%
  Batch [3660/5739] Loss: 1.0339 | Acc: 64.23%
  Batch [3670/5739] Loss: 1.0337 | Acc: 64.26%
  Batch [3680/5739] Loss: 1.0332 | Acc: 64.28%
  Batch [3690/5739] Loss: 1.0329 | Acc: 64.29%
  Batch [3700/5739] Loss: 1.0333 | Acc: 64.29%
  Batch [3710/5739] Loss: 1.0344 | Acc: 64.28%
  Batch [3720/5739] Loss: 1.0349 | Acc: 64.27%
  Batch [3730/5739] Loss: 1.0343 | Acc: 64.30%
  Batch [3740/5739] Loss: 1.0343 | Acc: 64.31%
  Batch [3750/5739] Loss: 1.0341 | Acc: 64.31%
  Batch [3760/5739] Loss: 1.0333 | Acc: 64.36%
  Batch [3770/5739] Loss: 1.0333 | Acc: 64.36%
  Batch [3780/5739] Loss: 1.0333 | Acc: 64.38%
  Batch [3790/5739] Loss: 1.0336 | Acc: 64.37%
  Batch [3800/5739] Loss: 1.0339 | Acc: 64.35%
  Batch [3810/5739] Loss: 1.0339 | Acc: 64.36%
  Batch [3820/5739] Loss: 1.0345 | Acc: 64.35%
  Batch [3830/5739] Loss: 1.0345 | Acc: 64.36%
  Batch [3840/5739] Loss: 1.0343 | Acc: 64.34%
  Batch [3850/5739] Loss: 1.0342 | Acc: 64.34%
  Batch [3860/5739] Loss: 1.0335 | Acc: 64.36%
  Batch [3870/5739] Loss: 1.0336 | Acc: 64.34%
  Batch [3880/5739] Loss: 1.0345 | Acc: 64.32%
  Batch [3890/5739] Loss: 1.0345 | Acc: 64.32%
  Batch [3900/5739] Loss: 1.0342 | Acc: 64.32%
  Batch [3910/5739] Loss: 1.0343 | Acc: 64.29%
  Batch [3920/5739] Loss: 1.0348 | Acc: 64.27%
  Batch [3930/5739] Loss: 1.0340 | Acc: 64.30%
  Batch [3940/5739] Loss: 1.0347 | Acc: 64.27%
  Batch [3950/5739] Loss: 1.0350 | Acc: 64.26%
  Batch [3960/5739] Loss: 1.0343 | Acc: 64.28%
  Batch [3970/5739] Loss: 1.0339 | Acc: 64.26%
  Batch [3980/5739] Loss: 1.0339 | Acc: 64.28%
  Batch [3990/5739] Loss: 1.0336 | Acc: 64.28%
  Batch [4000/5739] Loss: 1.0339 | Acc: 64.30%
  Batch [4010/5739] Loss: 1.0342 | Acc: 64.29%
  Batch [4020/5739] Loss: 1.0340 | Acc: 64.29%
  Batch [4030/5739] Loss: 1.0338 | Acc: 64.30%
  Batch [4040/5739] Loss: 1.0339 | Acc: 64.29%
  Batch [4050/5739] Loss: 1.0339 | Acc: 64.27%
  Batch [4060/5739] Loss: 1.0334 | Acc: 64.25%
  Batch [4070/5739] Loss: 1.0339 | Acc: 64.24%
  Batch [4080/5739] Loss: 1.0333 | Acc: 64.25%
  Batch [4090/5739] Loss: 1.0338 | Acc: 64.25%
  Batch [4100/5739] Loss: 1.0332 | Acc: 64.27%
  Batch [4110/5739] Loss: 1.0332 | Acc: 64.28%
  Batch [4120/5739] Loss: 1.0337 | Acc: 64.24%
  Batch [4130/5739] Loss: 1.0336 | Acc: 64.26%
  Batch [4140/5739] Loss: 1.0331 | Acc: 64.25%
  Batch [4150/5739] Loss: 1.0334 | Acc: 64.25%
  Batch [4160/5739] Loss: 1.0330 | Acc: 64.27%
  Batch [4170/5739] Loss: 1.0329 | Acc: 64.27%
  Batch [4180/5739] Loss: 1.0324 | Acc: 64.28%
  Batch [4190/5739] Loss: 1.0323 | Acc: 64.29%
  Batch [4200/5739] Loss: 1.0312 | Acc: 64.33%
  Batch [4210/5739] Loss: 1.0315 | Acc: 64.31%
  Batch [4220/5739] Loss: 1.0310 | Acc: 64.34%
  Batch [4230/5739] Loss: 1.0316 | Acc: 64.32%
  Batch [4240/5739] Loss: 1.0315 | Acc: 64.33%
  Batch [4250/5739] Loss: 1.0312 | Acc: 64.33%
  Batch [4260/5739] Loss: 1.0310 | Acc: 64.33%
  Batch [4270/5739] Loss: 1.0308 | Acc: 64.33%
  Batch [4280/5739] Loss: 1.0303 | Acc: 64.33%
  Batch [4290/5739] Loss: 1.0310 | Acc: 64.30%
  Batch [4300/5739] Loss: 1.0307 | Acc: 64.31%
  Batch [4310/5739] Loss: 1.0306 | Acc: 64.31%
  Batch [4320/5739] Loss: 1.0301 | Acc: 64.32%
  Batch [4330/5739] Loss: 1.0301 | Acc: 64.31%
  Batch [4340/5739] Loss: 1.0304 | Acc: 64.31%
  Batch [4350/5739] Loss: 1.0302 | Acc: 64.30%
  Batch [4360/5739] Loss: 1.0303 | Acc: 64.29%
  Batch [4370/5739] Loss: 1.0304 | Acc: 64.27%
  Batch [4380/5739] Loss: 1.0309 | Acc: 64.26%
  Batch [4390/5739] Loss: 1.0305 | Acc: 64.28%
  Batch [4400/5739] Loss: 1.0307 | Acc: 64.29%
  Batch [4410/5739] Loss: 1.0305 | Acc: 64.29%
  Batch [4420/5739] Loss: 1.0305 | Acc: 64.29%
  Batch [4430/5739] Loss: 1.0309 | Acc: 64.29%
  Batch [4440/5739] Loss: 1.0305 | Acc: 64.30%
  Batch [4450/5739] Loss: 1.0303 | Acc: 64.31%
  Batch [4460/5739] Loss: 1.0303 | Acc: 64.31%
  Batch [4470/5739] Loss: 1.0309 | Acc: 64.30%
  Batch [4480/5739] Loss: 1.0306 | Acc: 64.32%
  Batch [4490/5739] Loss: 1.0296 | Acc: 64.35%
  Batch [4500/5739] Loss: 1.0294 | Acc: 64.35%
  Batch [4510/5739] Loss: 1.0293 | Acc: 64.37%
  Batch [4520/5739] Loss: 1.0298 | Acc: 64.35%
  Batch [4530/5739] Loss: 1.0303 | Acc: 64.35%
  Batch [4540/5739] Loss: 1.0300 | Acc: 64.35%
  Batch [4550/5739] Loss: 1.0301 | Acc: 64.36%
  Batch [4560/5739] Loss: 1.0305 | Acc: 64.34%
  Batch [4570/5739] Loss: 1.0306 | Acc: 64.35%
  Batch [4580/5739] Loss: 1.0300 | Acc: 64.37%
  Batch [4590/5739] Loss: 1.0304 | Acc: 64.38%
  Batch [4600/5739] Loss: 1.0307 | Acc: 64.36%
  Batch [4610/5739] Loss: 1.0304 | Acc: 64.38%
  Batch [4620/5739] Loss: 1.0296 | Acc: 64.41%
  Batch [4630/5739] Loss: 1.0291 | Acc: 64.42%
  Batch [4640/5739] Loss: 1.0298 | Acc: 64.40%
  Batch [4650/5739] Loss: 1.0308 | Acc: 64.37%
  Batch [4660/5739] Loss: 1.0307 | Acc: 64.38%
  Batch [4670/5739] Loss: 1.0304 | Acc: 64.39%
  Batch [4680/5739] Loss: 1.0301 | Acc: 64.40%
  Batch [4690/5739] Loss: 1.0305 | Acc: 64.39%
  Batch [4700/5739] Loss: 1.0296 | Acc: 64.44%
  Batch [4710/5739] Loss: 1.0295 | Acc: 64.44%
  Batch [4720/5739] Loss: 1.0287 | Acc: 64.48%
  Batch [4730/5739] Loss: 1.0297 | Acc: 64.46%
  Batch [4740/5739] Loss: 1.0300 | Acc: 64.46%
  Batch [4750/5739] Loss: 1.0302 | Acc: 64.46%
  Batch [4760/5739] Loss: 1.0303 | Acc: 64.46%
  Batch [4770/5739] Loss: 1.0300 | Acc: 64.46%
  Batch [4780/5739] Loss: 1.0298 | Acc: 64.48%
  Batch [4790/5739] Loss: 1.0297 | Acc: 64.48%
  Batch [4800/5739] Loss: 1.0299 | Acc: 64.48%
  Batch [4810/5739] Loss: 1.0301 | Acc: 64.48%
  Batch [4820/5739] Loss: 1.0298 | Acc: 64.51%
  Batch [4830/5739] Loss: 1.0291 | Acc: 64.51%
  Batch [4840/5739] Loss: 1.0287 | Acc: 64.52%
  Batch [4850/5739] Loss: 1.0283 | Acc: 64.54%
  Batch [4860/5739] Loss: 1.0283 | Acc: 64.54%
  Batch [4870/5739] Loss: 1.0285 | Acc: 64.54%
  Batch [4880/5739] Loss: 1.0289 | Acc: 64.55%
  Batch [4890/5739] Loss: 1.0288 | Acc: 64.55%
  Batch [4900/5739] Loss: 1.0289 | Acc: 64.55%
  Batch [4910/5739] Loss: 1.0285 | Acc: 64.56%
  Batch [4920/5739] Loss: 1.0291 | Acc: 64.56%
  Batch [4930/5739] Loss: 1.0290 | Acc: 64.56%
  Batch [4940/5739] Loss: 1.0285 | Acc: 64.56%
  Batch [4950/5739] Loss: 1.0286 | Acc: 64.56%
  Batch [4960/5739] Loss: 1.0288 | Acc: 64.56%
  Batch [4970/5739] Loss: 1.0288 | Acc: 64.55%
  Batch [4980/5739] Loss: 1.0286 | Acc: 64.55%
  Batch [4990/5739] Loss: 1.0280 | Acc: 64.57%
  Batch [5000/5739] Loss: 1.0281 | Acc: 64.58%
  Batch [5010/5739] Loss: 1.0278 | Acc: 64.58%
  Batch [5020/5739] Loss: 1.0278 | Acc: 64.56%
  Batch [5030/5739] Loss: 1.0277 | Acc: 64.56%
  Batch [5040/5739] Loss: 1.0277 | Acc: 64.56%
  Batch [5050/5739] Loss: 1.0270 | Acc: 64.59%
  Batch [5060/5739] Loss: 1.0272 | Acc: 64.59%
  Batch [5070/5739] Loss: 1.0273 | Acc: 64.57%
  Batch [5080/5739] Loss: 1.0271 | Acc: 64.57%
  Batch [5090/5739] Loss: 1.0275 | Acc: 64.57%
  Batch [5100/5739] Loss: 1.0273 | Acc: 64.55%
  Batch [5110/5739] Loss: 1.0278 | Acc: 64.53%
  Batch [5120/5739] Loss: 1.0281 | Acc: 64.52%
  Batch [5130/5739] Loss: 1.0282 | Acc: 64.53%
  Batch [5140/5739] Loss: 1.0271 | Acc: 64.56%
  Batch [5150/5739] Loss: 1.0266 | Acc: 64.59%
  Batch [5160/5739] Loss: 1.0276 | Acc: 64.59%
  Batch [5170/5739] Loss: 1.0272 | Acc: 64.60%
  Batch [5180/5739] Loss: 1.0272 | Acc: 64.60%
  Batch [5190/5739] Loss: 1.0270 | Acc: 64.62%
  Batch [5200/5739] Loss: 1.0269 | Acc: 64.63%
  Batch [5210/5739] Loss: 1.0264 | Acc: 64.62%
  Batch [5220/5739] Loss: 1.0259 | Acc: 64.65%
  Batch [5230/5739] Loss: 1.0260 | Acc: 64.65%
  Batch [5240/5739] Loss: 1.0265 | Acc: 64.65%
  Batch [5250/5739] Loss: 1.0262 | Acc: 64.66%
  Batch [5260/5739] Loss: 1.0260 | Acc: 64.66%
  Batch [5270/5739] Loss: 1.0266 | Acc: 64.65%
  Batch [5280/5739] Loss: 1.0261 | Acc: 64.65%
  Batch [5290/5739] Loss: 1.0257 | Acc: 64.66%
  Batch [5300/5739] Loss: 1.0259 | Acc: 64.64%
  Batch [5310/5739] Loss: 1.0253 | Acc: 64.66%
  Batch [5320/5739] Loss: 1.0253 | Acc: 64.65%
  Batch [5330/5739] Loss: 1.0254 | Acc: 64.66%
  Batch [5340/5739] Loss: 1.0253 | Acc: 64.66%
  Batch [5350/5739] Loss: 1.0251 | Acc: 64.67%
  Batch [5360/5739] Loss: 1.0251 | Acc: 64.66%
  Batch [5370/5739] Loss: 1.0247 | Acc: 64.67%
  Batch [5380/5739] Loss: 1.0248 | Acc: 64.67%
  Batch [5390/5739] Loss: 1.0240 | Acc: 64.69%
  Batch [5400/5739] Loss: 1.0241 | Acc: 64.70%
  Batch [5410/5739] Loss: 1.0240 | Acc: 64.71%
  Batch [5420/5739] Loss: 1.0238 | Acc: 64.71%
  Batch [5430/5739] Loss: 1.0241 | Acc: 64.71%
  Batch [5440/5739] Loss: 1.0244 | Acc: 64.69%
  Batch [5450/5739] Loss: 1.0243 | Acc: 64.70%
  Batch [5460/5739] Loss: 1.0245 | Acc: 64.69%
  Batch [5470/5739] Loss: 1.0243 | Acc: 64.70%
  Batch [5480/5739] Loss: 1.0245 | Acc: 64.72%
  Batch [5490/5739] Loss: 1.0249 | Acc: 64.72%
  Batch [5500/5739] Loss: 1.0248 | Acc: 64.73%
  Batch [5510/5739] Loss: 1.0246 | Acc: 64.73%
  Batch [5520/5739] Loss: 1.0250 | Acc: 64.73%
  Batch [5530/5739] Loss: 1.0254 | Acc: 64.71%
  Batch [5540/5739] Loss: 1.0256 | Acc: 64.69%
  Batch [5550/5739] Loss: 1.0250 | Acc: 64.71%
  Batch [5560/5739] Loss: 1.0247 | Acc: 64.70%
  Batch [5570/5739] Loss: 1.0249 | Acc: 64.71%
  Batch [5580/5739] Loss: 1.0247 | Acc: 64.71%
  Batch [5590/5739] Loss: 1.0245 | Acc: 64.72%
  Batch [5600/5739] Loss: 1.0245 | Acc: 64.72%
  Batch [5610/5739] Loss: 1.0249 | Acc: 64.70%
  Batch [5620/5739] Loss: 1.0247 | Acc: 64.71%
  Batch [5630/5739] Loss: 1.0249 | Acc: 64.71%
  Batch [5640/5739] Loss: 1.0258 | Acc: 64.68%
  Batch [5650/5739] Loss: 1.0259 | Acc: 64.66%
  Batch [5660/5739] Loss: 1.0259 | Acc: 64.67%
  Batch [5670/5739] Loss: 1.0259 | Acc: 64.69%
  Batch [5680/5739] Loss: 1.0257 | Acc: 64.70%
  Batch [5690/5739] Loss: 1.0252 | Acc: 64.71%
  Batch [5700/5739] Loss: 1.0256 | Acc: 64.71%
  Batch [5710/5739] Loss: 1.0258 | Acc: 64.71%
  Batch [5720/5739] Loss: 1.0261 | Acc: 64.70%
  Batch [5730/5739] Loss: 1.0259 | Acc: 64.70%

======================================================================
Epoch 5 Summary:
  Train Loss: 1.0257 | Train Acc: 64.70%
  Val Loss:   1.6916 | Val Acc:   38.65%
  Learning Rate: 0.000100
  Time: 154.3s
======================================================================

Epoch [6/50]
----------------------------------------------------------------------
  Batch [10/5739] Loss: 0.7263 | Acc: 72.00%
  Batch [20/5739] Loss: 0.7530 | Acc: 72.25%
  Batch [30/5739] Loss: 0.7764 | Acc: 71.50%
  Batch [40/5739] Loss: 0.8293 | Acc: 71.12%
  Batch [50/5739] Loss: 0.7874 | Acc: 72.20%
  Batch [60/5739] Loss: 0.8143 | Acc: 71.33%
  Batch [70/5739] Loss: 0.8893 | Acc: 69.64%
  Batch [80/5739] Loss: 0.9485 | Acc: 67.50%
  Batch [90/5739] Loss: 0.9471 | Acc: 67.39%
  Batch [100/5739] Loss: 0.9322 | Acc: 66.75%
  Batch [110/5739] Loss: 0.9209 | Acc: 67.09%
  Batch [120/5739] Loss: 0.9150 | Acc: 67.58%
  Batch [130/5739] Loss: 0.9216 | Acc: 67.35%
  Batch [140/5739] Loss: 0.9016 | Acc: 68.25%
  Batch [150/5739] Loss: 0.9016 | Acc: 68.37%
  Batch [160/5739] Loss: 0.8820 | Acc: 68.50%
  Batch [170/5739] Loss: 0.8879 | Acc: 68.71%
  Batch [180/5739] Loss: 0.8790 | Acc: 68.81%
  Batch [190/5739] Loss: 0.8958 | Acc: 68.61%
  Batch [200/5739] Loss: 0.8991 | Acc: 68.50%
  Batch [210/5739] Loss: 0.8998 | Acc: 68.71%
  Batch [220/5739] Loss: 0.9137 | Acc: 68.73%
  Batch [230/5739] Loss: 0.9062 | Acc: 69.00%
  Batch [240/5739] Loss: 0.9135 | Acc: 69.12%
  Batch [250/5739] Loss: 0.9301 | Acc: 68.86%
  Batch [260/5739] Loss: 0.9312 | Acc: 68.58%
  Batch [270/5739] Loss: 0.9459 | Acc: 68.28%
  Batch [280/5739] Loss: 0.9467 | Acc: 68.12%
  Batch [290/5739] Loss: 0.9405 | Acc: 68.10%
  Batch [300/5739] Loss: 0.9415 | Acc: 68.10%
  Batch [310/5739] Loss: 0.9534 | Acc: 68.05%
  Batch [320/5739] Loss: 0.9458 | Acc: 67.95%
  Batch [330/5739] Loss: 0.9482 | Acc: 67.77%
  Batch [340/5739] Loss: 0.9618 | Acc: 67.38%
  Batch [350/5739] Loss: 0.9553 | Acc: 67.63%
  Batch [360/5739] Loss: 0.9541 | Acc: 67.69%
  Batch [370/5739] Loss: 0.9459 | Acc: 67.99%
  Batch [380/5739] Loss: 0.9365 | Acc: 68.32%
  Batch [390/5739] Loss: 0.9285 | Acc: 68.45%
  Batch [400/5739] Loss: 0.9272 | Acc: 68.54%
  Batch [410/5739] Loss: 0.9255 | Acc: 68.66%
  Batch [420/5739] Loss: 0.9277 | Acc: 68.57%
  Batch [430/5739] Loss: 0.9346 | Acc: 68.57%
  Batch [440/5739] Loss: 0.9419 | Acc: 68.28%
  Batch [450/5739] Loss: 0.9457 | Acc: 68.22%
  Batch [460/5739] Loss: 0.9493 | Acc: 68.09%
  Batch [470/5739] Loss: 0.9514 | Acc: 68.13%
  Batch [480/5739] Loss: 0.9546 | Acc: 67.92%
  Batch [490/5739] Loss: 0.9523 | Acc: 68.00%
  Batch [500/5739] Loss: 0.9511 | Acc: 68.06%
  Batch [510/5739] Loss: 0.9479 | Acc: 68.05%
  Batch [520/5739] Loss: 0.9481 | Acc: 67.98%
  Batch [530/5739] Loss: 0.9532 | Acc: 67.80%
  Batch [540/5739] Loss: 0.9482 | Acc: 67.90%
  Batch [550/5739] Loss: 0.9546 | Acc: 67.88%
  Batch [560/5739] Loss: 0.9519 | Acc: 68.00%
  Batch [570/5739] Loss: 0.9495 | Acc: 68.19%
  Batch [580/5739] Loss: 0.9534 | Acc: 68.02%
  Batch [590/5739] Loss: 0.9529 | Acc: 67.88%
  Batch [600/5739] Loss: 0.9527 | Acc: 67.89%
  Batch [610/5739] Loss: 0.9491 | Acc: 67.92%
  Batch [620/5739] Loss: 0.9496 | Acc: 67.73%
  Batch [630/5739] Loss: 0.9473 | Acc: 67.71%
  Batch [640/5739] Loss: 0.9480 | Acc: 67.61%
  Batch [650/5739] Loss: 0.9523 | Acc: 67.58%
  Batch [660/5739] Loss: 0.9532 | Acc: 67.51%
  Batch [670/5739] Loss: 0.9495 | Acc: 67.66%
  Batch [680/5739] Loss: 0.9489 | Acc: 67.68%
  Batch [690/5739] Loss: 0.9531 | Acc: 67.57%
  Batch [700/5739] Loss: 0.9536 | Acc: 67.50%
  Batch [710/5739] Loss: 0.9523 | Acc: 67.58%
  Batch [720/5739] Loss: 0.9494 | Acc: 67.59%
  Batch [730/5739] Loss: 0.9502 | Acc: 67.55%
  Batch [740/5739] Loss: 0.9520 | Acc: 67.57%
  Batch [750/5739] Loss: 0.9499 | Acc: 67.59%
  Batch [760/5739] Loss: 0.9508 | Acc: 67.54%
  Batch [770/5739] Loss: 0.9505 | Acc: 67.50%
  Batch [780/5739] Loss: 0.9535 | Acc: 67.45%
  Batch [790/5739] Loss: 0.9541 | Acc: 67.39%
  Batch [800/5739] Loss: 0.9543 | Acc: 67.44%
  Batch [810/5739] Loss: 0.9553 | Acc: 67.41%
  Batch [820/5739] Loss: 0.9591 | Acc: 67.21%
  Batch [830/5739] Loss: 0.9598 | Acc: 67.16%
  Batch [840/5739] Loss: 0.9636 | Acc: 67.01%
  Batch [850/5739] Loss: 0.9603 | Acc: 67.04%
  Batch [860/5739] Loss: 0.9598 | Acc: 66.93%
  Batch [870/5739] Loss: 0.9592 | Acc: 66.84%
  Batch [880/5739] Loss: 0.9597 | Acc: 66.80%
  Batch [890/5739] Loss: 0.9579 | Acc: 66.80%
  Batch [900/5739] Loss: 0.9554 | Acc: 66.91%
  Batch [910/5739] Loss: 0.9530 | Acc: 66.96%
  Batch [920/5739] Loss: 0.9499 | Acc: 67.00%
  Batch [930/5739] Loss: 0.9503 | Acc: 67.02%
  Batch [940/5739] Loss: 0.9496 | Acc: 67.03%
  Batch [950/5739] Loss: 0.9506 | Acc: 67.06%
  Batch [960/5739] Loss: 0.9500 | Acc: 67.16%
  Batch [970/5739] Loss: 0.9528 | Acc: 67.08%
  Batch [980/5739] Loss: 0.9527 | Acc: 67.05%
  Batch [990/5739] Loss: 0.9518 | Acc: 67.11%
  Batch [1000/5739] Loss: 0.9535 | Acc: 67.05%
  Batch [1010/5739] Loss: 0.9555 | Acc: 66.95%
  Batch [1020/5739] Loss: 0.9568 | Acc: 66.94%
  Batch [1030/5739] Loss: 0.9574 | Acc: 66.93%
  Batch [1040/5739] Loss: 0.9582 | Acc: 66.88%
  Batch [1050/5739] Loss: 0.9617 | Acc: 66.76%
  Batch [1060/5739] Loss: 0.9638 | Acc: 66.74%
  Batch [1070/5739] Loss: 0.9648 | Acc: 66.76%
  Batch [1080/5739] Loss: 0.9633 | Acc: 66.75%
  Batch [1090/5739] Loss: 0.9639 | Acc: 66.72%
  Batch [1100/5739] Loss: 0.9622 | Acc: 66.73%
  Batch [1110/5739] Loss: 0.9624 | Acc: 66.75%
  Batch [1120/5739] Loss: 0.9648 | Acc: 66.73%
  Batch [1130/5739] Loss: 0.9622 | Acc: 66.81%
  Batch [1140/5739] Loss: 0.9633 | Acc: 66.83%
  Batch [1150/5739] Loss: 0.9620 | Acc: 66.89%
  Batch [1160/5739] Loss: 0.9616 | Acc: 66.86%
  Batch [1170/5739] Loss: 0.9632 | Acc: 66.82%
  Batch [1180/5739] Loss: 0.9632 | Acc: 66.81%
  Batch [1190/5739] Loss: 0.9624 | Acc: 66.76%
  Batch [1200/5739] Loss: 0.9616 | Acc: 66.79%
  Batch [1210/5739] Loss: 0.9619 | Acc: 66.77%
  Batch [1220/5739] Loss: 0.9617 | Acc: 66.80%
  Batch [1230/5739] Loss: 0.9636 | Acc: 66.73%
  Batch [1240/5739] Loss: 0.9624 | Acc: 66.72%
  Batch [1250/5739] Loss: 0.9658 | Acc: 66.71%
  Batch [1260/5739] Loss: 0.9660 | Acc: 66.67%
  Batch [1270/5739] Loss: 0.9674 | Acc: 66.64%
  Batch [1280/5739] Loss: 0.9659 | Acc: 66.70%
  Batch [1290/5739] Loss: 0.9666 | Acc: 66.67%
  Batch [1300/5739] Loss: 0.9671 | Acc: 66.65%
  Batch [1310/5739] Loss: 0.9652 | Acc: 66.72%
  Batch [1320/5739] Loss: 0.9660 | Acc: 66.69%
  Batch [1330/5739] Loss: 0.9654 | Acc: 66.73%
  Batch [1340/5739] Loss: 0.9654 | Acc: 66.68%
  Batch [1350/5739] Loss: 0.9662 | Acc: 66.72%
  Batch [1360/5739] Loss: 0.9668 | Acc: 66.72%
  Batch [1370/5739] Loss: 0.9647 | Acc: 66.78%
  Batch [1380/5739] Loss: 0.9640 | Acc: 66.84%
  Batch [1390/5739] Loss: 0.9621 | Acc: 66.87%
  Batch [1400/5739] Loss: 0.9630 | Acc: 66.91%
  Batch [1410/5739] Loss: 0.9632 | Acc: 66.90%
  Batch [1420/5739] Loss: 0.9650 | Acc: 66.85%
  Batch [1430/5739] Loss: 0.9660 | Acc: 66.87%
  Batch [1440/5739] Loss: 0.9634 | Acc: 66.90%
  Batch [1450/5739] Loss: 0.9628 | Acc: 66.93%
  Batch [1460/5739] Loss: 0.9635 | Acc: 66.91%
  Batch [1470/5739] Loss: 0.9620 | Acc: 66.94%
  Batch [1480/5739] Loss: 0.9621 | Acc: 66.94%
  Batch [1490/5739] Loss: 0.9638 | Acc: 66.90%
  Batch [1500/5739] Loss: 0.9638 | Acc: 66.88%
  Batch [1510/5739] Loss: 0.9643 | Acc: 66.89%
  Batch [1520/5739] Loss: 0.9643 | Acc: 66.88%
  Batch [1530/5739] Loss: 0.9638 | Acc: 66.88%
  Batch [1540/5739] Loss: 0.9645 | Acc: 66.87%
  Batch [1550/5739] Loss: 0.9674 | Acc: 66.81%
  Batch [1560/5739] Loss: 0.9715 | Acc: 66.66%
  Batch [1570/5739] Loss: 0.9716 | Acc: 66.64%
  Batch [1580/5739] Loss: 0.9730 | Acc: 66.58%
  Batch [1590/5739] Loss: 0.9752 | Acc: 66.55%
  Batch [1600/5739] Loss: 0.9757 | Acc: 66.49%
  Batch [1610/5739] Loss: 0.9756 | Acc: 66.50%
  Batch [1620/5739] Loss: 0.9765 | Acc: 66.46%
  Batch [1630/5739] Loss: 0.9745 | Acc: 66.50%
  Batch [1640/5739] Loss: 0.9744 | Acc: 66.46%
  Batch [1650/5739] Loss: 0.9745 | Acc: 66.41%
  Batch [1660/5739] Loss: 0.9748 | Acc: 66.43%
  Batch [1670/5739] Loss: 0.9744 | Acc: 66.49%
  Batch [1680/5739] Loss: 0.9749 | Acc: 66.48%
  Batch [1690/5739] Loss: 0.9754 | Acc: 66.46%
  Batch [1700/5739] Loss: 0.9734 | Acc: 66.52%
  Batch [1710/5739] Loss: 0.9716 | Acc: 66.57%
  Batch [1720/5739] Loss: 0.9703 | Acc: 66.57%
  Batch [1730/5739] Loss: 0.9699 | Acc: 66.64%
  Batch [1740/5739] Loss: 0.9676 | Acc: 66.71%
  Batch [1750/5739] Loss: 0.9684 | Acc: 66.67%
  Batch [1760/5739] Loss: 0.9688 | Acc: 66.64%
  Batch [1770/5739] Loss: 0.9680 | Acc: 66.64%
  Batch [1780/5739] Loss: 0.9696 | Acc: 66.61%
  Batch [1790/5739] Loss: 0.9683 | Acc: 66.66%
  Batch [1800/5739] Loss: 0.9679 | Acc: 66.70%
  Batch [1810/5739] Loss: 0.9692 | Acc: 66.67%
  Batch [1820/5739] Loss: 0.9686 | Acc: 66.71%
  Batch [1830/5739] Loss: 0.9696 | Acc: 66.66%
  Batch [1840/5739] Loss: 0.9699 | Acc: 66.66%
  Batch [1850/5739] Loss: 0.9696 | Acc: 66.68%
  Batch [1860/5739] Loss: 0.9707 | Acc: 66.66%
  Batch [1870/5739] Loss: 0.9712 | Acc: 66.61%
  Batch [1880/5739] Loss: 0.9702 | Acc: 66.64%
  Batch [1890/5739] Loss: 0.9690 | Acc: 66.71%
  Batch [1900/5739] Loss: 0.9680 | Acc: 66.76%
  Batch [1910/5739] Loss: 0.9680 | Acc: 66.77%
  Batch [1920/5739] Loss: 0.9672 | Acc: 66.80%
  Batch [1930/5739] Loss: 0.9676 | Acc: 66.78%
  Batch [1940/5739] Loss: 0.9681 | Acc: 66.76%
  Batch [1950/5739] Loss: 0.9675 | Acc: 66.75%
  Batch [1960/5739] Loss: 0.9698 | Acc: 66.71%
  Batch [1970/5739] Loss: 0.9691 | Acc: 66.74%
  Batch [1980/5739] Loss: 0.9700 | Acc: 66.71%
  Batch [1990/5739] Loss: 0.9702 | Acc: 66.67%
  Batch [2000/5739] Loss: 0.9702 | Acc: 66.66%
  Batch [2010/5739] Loss: 0.9706 | Acc: 66.65%
  Batch [2020/5739] Loss: 0.9695 | Acc: 66.65%
  Batch [2030/5739] Loss: 0.9685 | Acc: 66.65%
  Batch [2040/5739] Loss: 0.9676 | Acc: 66.69%
  Batch [2050/5739] Loss: 0.9677 | Acc: 66.67%
  Batch [2060/5739] Loss: 0.9676 | Acc: 66.70%
  Batch [2070/5739] Loss: 0.9673 | Acc: 66.73%
  Batch [2080/5739] Loss: 0.9673 | Acc: 66.75%
  Batch [2090/5739] Loss: 0.9663 | Acc: 66.77%
  Batch [2100/5739] Loss: 0.9654 | Acc: 66.79%
  Batch [2110/5739] Loss: 0.9664 | Acc: 66.75%
  Batch [2120/5739] Loss: 0.9673 | Acc: 66.72%
  Batch [2130/5739] Loss: 0.9679 | Acc: 66.72%
  Batch [2140/5739] Loss: 0.9674 | Acc: 66.75%
  Batch [2150/5739] Loss: 0.9680 | Acc: 66.74%
  Batch [2160/5739] Loss: 0.9671 | Acc: 66.74%
  Batch [2170/5739] Loss: 0.9672 | Acc: 66.72%
  Batch [2180/5739] Loss: 0.9686 | Acc: 66.70%
  Batch [2190/5739] Loss: 0.9701 | Acc: 66.68%
  Batch [2200/5739] Loss: 0.9699 | Acc: 66.69%
  Batch [2210/5739] Loss: 0.9696 | Acc: 66.66%
  Batch [2220/5739] Loss: 0.9684 | Acc: 66.70%
  Batch [2230/5739] Loss: 0.9682 | Acc: 66.71%
  Batch [2240/5739] Loss: 0.9689 | Acc: 66.67%
  Batch [2250/5739] Loss: 0.9700 | Acc: 66.66%
  Batch [2260/5739] Loss: 0.9702 | Acc: 66.68%
  Batch [2270/5739] Loss: 0.9681 | Acc: 66.74%
  Batch [2280/5739] Loss: 0.9673 | Acc: 66.76%
  Batch [2290/5739] Loss: 0.9672 | Acc: 66.77%
  Batch [2300/5739] Loss: 0.9658 | Acc: 66.81%
  Batch [2310/5739] Loss: 0.9652 | Acc: 66.81%
  Batch [2320/5739] Loss: 0.9650 | Acc: 66.84%
  Batch [2330/5739] Loss: 0.9650 | Acc: 66.83%
  Batch [2340/5739] Loss: 0.9645 | Acc: 66.87%
  Batch [2350/5739] Loss: 0.9658 | Acc: 66.84%
  Batch [2360/5739] Loss: 0.9655 | Acc: 66.86%
  Batch [2370/5739] Loss: 0.9663 | Acc: 66.87%
  Batch [2380/5739] Loss: 0.9665 | Acc: 66.84%
  Batch [2390/5739] Loss: 0.9665 | Acc: 66.82%
  Batch [2400/5739] Loss: 0.9670 | Acc: 66.78%
  Batch [2410/5739] Loss: 0.9666 | Acc: 66.81%
  Batch [2420/5739] Loss: 0.9659 | Acc: 66.85%
  Batch [2430/5739] Loss: 0.9658 | Acc: 66.87%
  Batch [2440/5739] Loss: 0.9666 | Acc: 66.84%
  Batch [2450/5739] Loss: 0.9677 | Acc: 66.80%
  Batch [2460/5739] Loss: 0.9668 | Acc: 66.82%
  Batch [2470/5739] Loss: 0.9664 | Acc: 66.79%
  Batch [2480/5739] Loss: 0.9660 | Acc: 66.79%
  Batch [2490/5739] Loss: 0.9656 | Acc: 66.78%
  Batch [2500/5739] Loss: 0.9642 | Acc: 66.80%
  Batch [2510/5739] Loss: 0.9642 | Acc: 66.80%
  Batch [2520/5739] Loss: 0.9656 | Acc: 66.81%
  Batch [2530/5739] Loss: 0.9657 | Acc: 66.80%
  Batch [2540/5739] Loss: 0.9667 | Acc: 66.79%
  Batch [2550/5739] Loss: 0.9669 | Acc: 66.79%
  Batch [2560/5739] Loss: 0.9680 | Acc: 66.72%
  Batch [2570/5739] Loss: 0.9675 | Acc: 66.72%
  Batch [2580/5739] Loss: 0.9672 | Acc: 66.71%
  Batch [2590/5739] Loss: 0.9677 | Acc: 66.71%
  Batch [2600/5739] Loss: 0.9674 | Acc: 66.72%
  Batch [2610/5739] Loss: 0.9669 | Acc: 66.74%
  Batch [2620/5739] Loss: 0.9675 | Acc: 66.74%
  Batch [2630/5739] Loss: 0.9678 | Acc: 66.72%
  Batch [2640/5739] Loss: 0.9678 | Acc: 66.70%
  Batch [2650/5739] Loss: 0.9697 | Acc: 66.65%
  Batch [2660/5739] Loss: 0.9690 | Acc: 66.66%
  Batch [2670/5739] Loss: 0.9681 | Acc: 66.68%
  Batch [2680/5739] Loss: 0.9682 | Acc: 66.69%
  Batch [2690/5739] Loss: 0.9684 | Acc: 66.66%
  Batch [2700/5739] Loss: 0.9694 | Acc: 66.60%
  Batch [2710/5739] Loss: 0.9692 | Acc: 66.61%
  Batch [2720/5739] Loss: 0.9702 | Acc: 66.56%
  Batch [2730/5739] Loss: 0.9698 | Acc: 66.57%
  Batch [2740/5739] Loss: 0.9700 | Acc: 66.58%
  Batch [2750/5739] Loss: 0.9696 | Acc: 66.61%
  Batch [2760/5739] Loss: 0.9692 | Acc: 66.62%
  Batch [2770/5739] Loss: 0.9693 | Acc: 66.60%
  Batch [2780/5739] Loss: 0.9676 | Acc: 66.64%
  Batch [2790/5739] Loss: 0.9679 | Acc: 66.63%
  Batch [2800/5739] Loss: 0.9678 | Acc: 66.63%
  Batch [2810/5739] Loss: 0.9685 | Acc: 66.62%
  Batch [2820/5739] Loss: 0.9674 | Acc: 66.63%
  Batch [2830/5739] Loss: 0.9684 | Acc: 66.61%
  Batch [2840/5739] Loss: 0.9687 | Acc: 66.60%
  Batch [2850/5739] Loss: 0.9685 | Acc: 66.61%
  Batch [2860/5739] Loss: 0.9683 | Acc: 66.61%
  Batch [2870/5739] Loss: 0.9686 | Acc: 66.59%
  Batch [2880/5739] Loss: 0.9683 | Acc: 66.59%
  Batch [2890/5739] Loss: 0.9682 | Acc: 66.60%
  Batch [2900/5739] Loss: 0.9689 | Acc: 66.56%
  Batch [2910/5739] Loss: 0.9687 | Acc: 66.56%
  Batch [2920/5739] Loss: 0.9681 | Acc: 66.57%
  Batch [2930/5739] Loss: 0.9682 | Acc: 66.54%
  Batch [2940/5739] Loss: 0.9675 | Acc: 66.55%
  Batch [2950/5739] Loss: 0.9678 | Acc: 66.53%
  Batch [2960/5739] Loss: 0.9676 | Acc: 66.53%
  Batch [2970/5739] Loss: 0.9674 | Acc: 66.54%
  Batch [2980/5739] Loss: 0.9668 | Acc: 66.55%
  Batch [2990/5739] Loss: 0.9670 | Acc: 66.52%
  Batch [3000/5739] Loss: 0.9668 | Acc: 66.53%
  Batch [3010/5739] Loss: 0.9662 | Acc: 66.54%
  Batch [3020/5739] Loss: 0.9659 | Acc: 66.53%
  Batch [3030/5739] Loss: 0.9657 | Acc: 66.53%
  Batch [3040/5739] Loss: 0.9659 | Acc: 66.53%
  Batch [3050/5739] Loss: 0.9659 | Acc: 66.53%
  Batch [3060/5739] Loss: 0.9653 | Acc: 66.52%
  Batch [3070/5739] Loss: 0.9655 | Acc: 66.53%
  Batch [3080/5739] Loss: 0.9668 | Acc: 66.50%
  Batch [3090/5739] Loss: 0.9658 | Acc: 66.53%
  Batch [3100/5739] Loss: 0.9671 | Acc: 66.52%
  Batch [3110/5739] Loss: 0.9666 | Acc: 66.52%
  Batch [3120/5739] Loss: 0.9669 | Acc: 66.53%
  Batch [3130/5739] Loss: 0.9674 | Acc: 66.50%
  Batch [3140/5739] Loss: 0.9672 | Acc: 66.49%
  Batch [3150/5739] Loss: 0.9671 | Acc: 66.48%
  Batch [3160/5739] Loss: 0.9678 | Acc: 66.48%
  Batch [3170/5739] Loss: 0.9678 | Acc: 66.49%
  Batch [3180/5739] Loss: 0.9678 | Acc: 66.47%
  Batch [3190/5739] Loss: 0.9683 | Acc: 66.46%
  Batch [3200/5739] Loss: 0.9684 | Acc: 66.46%
  Batch [3210/5739] Loss: 0.9679 | Acc: 66.49%
  Batch [3220/5739] Loss: 0.9677 | Acc: 66.50%
  Batch [3230/5739] Loss: 0.9668 | Acc: 66.52%
  Batch [3240/5739] Loss: 0.9666 | Acc: 66.53%
  Batch [3250/5739] Loss: 0.9672 | Acc: 66.54%
  Batch [3260/5739] Loss: 0.9672 | Acc: 66.56%
  Batch [3270/5739] Loss: 0.9670 | Acc: 66.57%
  Batch [3280/5739] Loss: 0.9671 | Acc: 66.57%
  Batch [3290/5739] Loss: 0.9670 | Acc: 66.58%
  Batch [3300/5739] Loss: 0.9672 | Acc: 66.59%
  Batch [3310/5739] Loss: 0.9675 | Acc: 66.58%
  Batch [3320/5739] Loss: 0.9675 | Acc: 66.57%
  Batch [3330/5739] Loss: 0.9675 | Acc: 66.54%
  Batch [3340/5739] Loss: 0.9666 | Acc: 66.55%
  Batch [3350/5739] Loss: 0.9662 | Acc: 66.56%
  Batch [3360/5739] Loss: 0.9664 | Acc: 66.56%
  Batch [3370/5739] Loss: 0.9659 | Acc: 66.55%
  Batch [3380/5739] Loss: 0.9655 | Acc: 66.57%
  Batch [3390/5739] Loss: 0.9647 | Acc: 66.59%
  Batch [3400/5739] Loss: 0.9650 | Acc: 66.58%
  Batch [3410/5739] Loss: 0.9648 | Acc: 66.60%
  Batch [3420/5739] Loss: 0.9650 | Acc: 66.61%
  Batch [3430/5739] Loss: 0.9645 | Acc: 66.63%
  Batch [3440/5739] Loss: 0.9654 | Acc: 66.62%
  Batch [3450/5739] Loss: 0.9653 | Acc: 66.65%
  Batch [3460/5739] Loss: 0.9649 | Acc: 66.67%
  Batch [3470/5739] Loss: 0.9653 | Acc: 66.68%
  Batch [3480/5739] Loss: 0.9655 | Acc: 66.68%
  Batch [3490/5739] Loss: 0.9659 | Acc: 66.66%
  Batch [3500/5739] Loss: 0.9652 | Acc: 66.67%
  Batch [3510/5739] Loss: 0.9649 | Acc: 66.70%
  Batch [3520/5739] Loss: 0.9655 | Acc: 66.68%
  Batch [3530/5739] Loss: 0.9649 | Acc: 66.71%
  Batch [3540/5739] Loss: 0.9644 | Acc: 66.72%
  Batch [3550/5739] Loss: 0.9649 | Acc: 66.70%
  Batch [3560/5739] Loss: 0.9650 | Acc: 66.71%
  Batch [3570/5739] Loss: 0.9648 | Acc: 66.71%
  Batch [3580/5739] Loss: 0.9648 | Acc: 66.69%
  Batch [3590/5739] Loss: 0.9647 | Acc: 66.69%
  Batch [3600/5739] Loss: 0.9648 | Acc: 66.68%
  Batch [3610/5739] Loss: 0.9648 | Acc: 66.67%
  Batch [3620/5739] Loss: 0.9660 | Acc: 66.65%
  Batch [3630/5739] Loss: 0.9664 | Acc: 66.65%
  Batch [3640/5739] Loss: 0.9663 | Acc: 66.63%
  Batch [3650/5739] Loss: 0.9658 | Acc: 66.64%
  Batch [3660/5739] Loss: 0.9665 | Acc: 66.64%
  Batch [3670/5739] Loss: 0.9675 | Acc: 66.63%
  Batch [3680/5739] Loss: 0.9666 | Acc: 66.65%
  Batch [3690/5739] Loss: 0.9663 | Acc: 66.67%
  Batch [3700/5739] Loss: 0.9668 | Acc: 66.64%
  Batch [3710/5739] Loss: 0.9670 | Acc: 66.62%
  Batch [3720/5739] Loss: 0.9675 | Acc: 66.62%
  Batch [3730/5739] Loss: 0.9674 | Acc: 66.60%
  Batch [3740/5739] Loss: 0.9671 | Acc: 66.59%
  Batch [3750/5739] Loss: 0.9669 | Acc: 66.60%
  Batch [3760/5739] Loss: 0.9673 | Acc: 66.59%
  Batch [3770/5739] Loss: 0.9664 | Acc: 66.61%
  Batch [3780/5739] Loss: 0.9656 | Acc: 66.64%
  Batch [3790/5739] Loss: 0.9662 | Acc: 66.63%
  Batch [3800/5739] Loss: 0.9656 | Acc: 66.64%
  Batch [3810/5739] Loss: 0.9649 | Acc: 66.68%
  Batch [3820/5739] Loss: 0.9645 | Acc: 66.69%
  Batch [3830/5739] Loss: 0.9650 | Acc: 66.68%
  Batch [3840/5739] Loss: 0.9654 | Acc: 66.66%
  Batch [3850/5739] Loss: 0.9659 | Acc: 66.65%
  Batch [3860/5739] Loss: 0.9663 | Acc: 66.65%
  Batch [3870/5739] Loss: 0.9662 | Acc: 66.65%
  Batch [3880/5739] Loss: 0.9666 | Acc: 66.65%
  Batch [3890/5739] Loss: 0.9666 | Acc: 66.65%
  Batch [3900/5739] Loss: 0.9665 | Acc: 66.67%
  Batch [3910/5739] Loss: 0.9669 | Acc: 66.65%
  Batch [3920/5739] Loss: 0.9666 | Acc: 66.66%
  Batch [3930/5739] Loss: 0.9668 | Acc: 66.65%
  Batch [3940/5739] Loss: 0.9670 | Acc: 66.63%
  Batch [3950/5739] Loss: 0.9666 | Acc: 66.64%
  Batch [3960/5739] Loss: 0.9664 | Acc: 66.61%
  Batch [3970/5739] Loss: 0.9664 | Acc: 66.61%
  Batch [3980/5739] Loss: 0.9666 | Acc: 66.59%
  Batch [3990/5739] Loss: 0.9657 | Acc: 66.60%
  Batch [4000/5739] Loss: 0.9651 | Acc: 66.61%
  Batch [4010/5739] Loss: 0.9644 | Acc: 66.60%
  Batch [4020/5739] Loss: 0.9651 | Acc: 66.60%
  Batch [4030/5739] Loss: 0.9651 | Acc: 66.60%
  Batch [4040/5739] Loss: 0.9654 | Acc: 66.60%
  Batch [4050/5739] Loss: 0.9656 | Acc: 66.59%
  Batch [4060/5739] Loss: 0.9655 | Acc: 66.61%
  Batch [4070/5739] Loss: 0.9652 | Acc: 66.60%
  Batch [4080/5739] Loss: 0.9652 | Acc: 66.62%
  Batch [4090/5739] Loss: 0.9652 | Acc: 66.60%
  Batch [4100/5739] Loss: 0.9649 | Acc: 66.62%
  Batch [4110/5739] Loss: 0.9647 | Acc: 66.64%
  Batch [4120/5739] Loss: 0.9643 | Acc: 66.66%
  Batch [4130/5739] Loss: 0.9637 | Acc: 66.66%
  Batch [4140/5739] Loss: 0.9637 | Acc: 66.65%
  Batch [4150/5739] Loss: 0.9632 | Acc: 66.67%
  Batch [4160/5739] Loss: 0.9631 | Acc: 66.68%
  Batch [4170/5739] Loss: 0.9625 | Acc: 66.68%
  Batch [4180/5739] Loss: 0.9625 | Acc: 66.68%
  Batch [4190/5739] Loss: 0.9625 | Acc: 66.67%
  Batch [4200/5739] Loss: 0.9615 | Acc: 66.70%
  Batch [4210/5739] Loss: 0.9612 | Acc: 66.71%
  Batch [4220/5739] Loss: 0.9613 | Acc: 66.71%
  Batch [4230/5739] Loss: 0.9620 | Acc: 66.73%
  Batch [4240/5739] Loss: 0.9618 | Acc: 66.74%
  Batch [4250/5739] Loss: 0.9613 | Acc: 66.77%
  Batch [4260/5739] Loss: 0.9621 | Acc: 66.77%
  Batch [4270/5739] Loss: 0.9619 | Acc: 66.78%
  Batch [4280/5739] Loss: 0.9612 | Acc: 66.79%
  Batch [4290/5739] Loss: 0.9606 | Acc: 66.79%
  Batch [4300/5739] Loss: 0.9605 | Acc: 66.80%
  Batch [4310/5739] Loss: 0.9602 | Acc: 66.82%
  Batch [4320/5739] Loss: 0.9601 | Acc: 66.82%
  Batch [4330/5739] Loss: 0.9612 | Acc: 66.79%
  Batch [4340/5739] Loss: 0.9612 | Acc: 66.79%
  Batch [4350/5739] Loss: 0.9609 | Acc: 66.79%
  Batch [4360/5739] Loss: 0.9612 | Acc: 66.78%
  Batch [4370/5739] Loss: 0.9608 | Acc: 66.78%
  Batch [4380/5739] Loss: 0.9608 | Acc: 66.79%
  Batch [4390/5739] Loss: 0.9607 | Acc: 66.81%
  Batch [4400/5739] Loss: 0.9606 | Acc: 66.81%
  Batch [4410/5739] Loss: 0.9609 | Acc: 66.80%
  Batch [4420/5739] Loss: 0.9601 | Acc: 66.83%
  Batch [4430/5739] Loss: 0.9600 | Acc: 66.81%
  Batch [4440/5739] Loss: 0.9600 | Acc: 66.82%
  Batch [4450/5739] Loss: 0.9606 | Acc: 66.81%
  Batch [4460/5739] Loss: 0.9608 | Acc: 66.81%
  Batch [4470/5739] Loss: 0.9608 | Acc: 66.81%
  Batch [4480/5739] Loss: 0.9618 | Acc: 66.80%
  Batch [4490/5739] Loss: 0.9620 | Acc: 66.81%
  Batch [4500/5739] Loss: 0.9618 | Acc: 66.82%
  Batch [4510/5739] Loss: 0.9617 | Acc: 66.83%
  Batch [4520/5739] Loss: 0.9611 | Acc: 66.84%
  Batch [4530/5739] Loss: 0.9607 | Acc: 66.86%
  Batch [4540/5739] Loss: 0.9603 | Acc: 66.87%
  Batch [4550/5739] Loss: 0.9607 | Acc: 66.88%
  Batch [4560/5739] Loss: 0.9609 | Acc: 66.86%
  Batch [4570/5739] Loss: 0.9601 | Acc: 66.89%
  Batch [4580/5739] Loss: 0.9603 | Acc: 66.88%
  Batch [4590/5739] Loss: 0.9603 | Acc: 66.89%
  Batch [4600/5739] Loss: 0.9602 | Acc: 66.90%
  Batch [4610/5739] Loss: 0.9602 | Acc: 66.90%
  Batch [4620/5739] Loss: 0.9602 | Acc: 66.89%
  Batch [4630/5739] Loss: 0.9595 | Acc: 66.91%
  Batch [4640/5739] Loss: 0.9594 | Acc: 66.91%
  Batch [4650/5739] Loss: 0.9593 | Acc: 66.92%
  Batch [4660/5739] Loss: 0.9589 | Acc: 66.94%
  Batch [4670/5739] Loss: 0.9595 | Acc: 66.93%
  Batch [4680/5739] Loss: 0.9610 | Acc: 66.87%
  Batch [4690/5739] Loss: 0.9605 | Acc: 66.88%
  Batch [4700/5739] Loss: 0.9610 | Acc: 66.86%
  Batch [4710/5739] Loss: 0.9608 | Acc: 66.87%
  Batch [4720/5739] Loss: 0.9611 | Acc: 66.85%
  Batch [4730/5739] Loss: 0.9607 | Acc: 66.85%
  Batch [4740/5739] Loss: 0.9607 | Acc: 66.85%
  Batch [4750/5739] Loss: 0.9604 | Acc: 66.84%
  Batch [4760/5739] Loss: 0.9602 | Acc: 66.85%
  Batch [4770/5739] Loss: 0.9598 | Acc: 66.86%
  Batch [4780/5739] Loss: 0.9600 | Acc: 66.86%
  Batch [4790/5739] Loss: 0.9593 | Acc: 66.89%
  Batch [4800/5739] Loss: 0.9597 | Acc: 66.88%
  Batch [4810/5739] Loss: 0.9593 | Acc: 66.89%
  Batch [4820/5739] Loss: 0.9593 | Acc: 66.89%
  Batch [4830/5739] Loss: 0.9589 | Acc: 66.90%
  Batch [4840/5739] Loss: 0.9590 | Acc: 66.90%
  Batch [4850/5739] Loss: 0.9591 | Acc: 66.91%
  Batch [4860/5739] Loss: 0.9588 | Acc: 66.93%
  Batch [4870/5739] Loss: 0.9591 | Acc: 66.93%
  Batch [4880/5739] Loss: 0.9594 | Acc: 66.93%
  Batch [4890/5739] Loss: 0.9590 | Acc: 66.93%
  Batch [4900/5739] Loss: 0.9599 | Acc: 66.89%
  Batch [4910/5739] Loss: 0.9602 | Acc: 66.89%
  Batch [4920/5739] Loss: 0.9604 | Acc: 66.88%
  Batch [4930/5739] Loss: 0.9607 | Acc: 66.86%
  Batch [4940/5739] Loss: 0.9609 | Acc: 66.84%
  Batch [4950/5739] Loss: 0.9611 | Acc: 66.83%
  Batch [4960/5739] Loss: 0.9609 | Acc: 66.82%
  Batch [4970/5739] Loss: 0.9608 | Acc: 66.83%
  Batch [4980/5739] Loss: 0.9604 | Acc: 66.83%
  Batch [4990/5739] Loss: 0.9600 | Acc: 66.83%
  Batch [5000/5739] Loss: 0.9595 | Acc: 66.84%
  Batch [5010/5739] Loss: 0.9594 | Acc: 66.84%
  Batch [5020/5739] Loss: 0.9593 | Acc: 66.85%
  Batch [5030/5739] Loss: 0.9595 | Acc: 66.84%
  Batch [5040/5739] Loss: 0.9592 | Acc: 66.84%
  Batch [5050/5739] Loss: 0.9591 | Acc: 66.83%
  Batch [5060/5739] Loss: 0.9595 | Acc: 66.82%
  Batch [5070/5739] Loss: 0.9603 | Acc: 66.82%
  Batch [5080/5739] Loss: 0.9606 | Acc: 66.81%
  Batch [5090/5739] Loss: 0.9602 | Acc: 66.81%
  Batch [5100/5739] Loss: 0.9599 | Acc: 66.81%
  Batch [5110/5739] Loss: 0.9601 | Acc: 66.81%
  Batch [5120/5739] Loss: 0.9603 | Acc: 66.80%
  Batch [5130/5739] Loss: 0.9598 | Acc: 66.82%
  Batch [5140/5739] Loss: 0.9598 | Acc: 66.82%
  Batch [5150/5739] Loss: 0.9596 | Acc: 66.82%
  Batch [5160/5739] Loss: 0.9598 | Acc: 66.82%
  Batch [5170/5739] Loss: 0.9592 | Acc: 66.83%
  Batch [5180/5739] Loss: 0.9589 | Acc: 66.83%
  Batch [5190/5739] Loss: 0.9589 | Acc: 66.84%
  Batch [5200/5739] Loss: 0.9588 | Acc: 66.85%
  Batch [5210/5739] Loss: 0.9589 | Acc: 66.84%
  Batch [5220/5739] Loss: 0.9586 | Acc: 66.86%
  Batch [5230/5739] Loss: 0.9579 | Acc: 66.88%
  Batch [5240/5739] Loss: 0.9581 | Acc: 66.89%
  Batch [5250/5739] Loss: 0.9584 | Acc: 66.87%
  Batch [5260/5739] Loss: 0.9584 | Acc: 66.87%
  Batch [5270/5739] Loss: 0.9584 | Acc: 66.87%
  Batch [5280/5739] Loss: 0.9587 | Acc: 66.87%
  Batch [5290/5739] Loss: 0.9586 | Acc: 66.87%
  Batch [5300/5739] Loss: 0.9583 | Acc: 66.88%
  Batch [5310/5739] Loss: 0.9584 | Acc: 66.86%
  Batch [5320/5739] Loss: 0.9592 | Acc: 66.84%
  Batch [5330/5739] Loss: 0.9596 | Acc: 66.83%
  Batch [5340/5739] Loss: 0.9594 | Acc: 66.83%
  Batch [5350/5739] Loss: 0.9591 | Acc: 66.83%
  Batch [5360/5739] Loss: 0.9585 | Acc: 66.85%
  Batch [5370/5739] Loss: 0.9581 | Acc: 66.86%
  Batch [5380/5739] Loss: 0.9581 | Acc: 66.85%
  Batch [5390/5739] Loss: 0.9583 | Acc: 66.84%
  Batch [5400/5739] Loss: 0.9580 | Acc: 66.86%
  Batch [5410/5739] Loss: 0.9578 | Acc: 66.86%
  Batch [5420/5739] Loss: 0.9580 | Acc: 66.87%
  Batch [5430/5739] Loss: 0.9580 | Acc: 66.86%
  Batch [5440/5739] Loss: 0.9581 | Acc: 66.84%
  Batch [5450/5739] Loss: 0.9582 | Acc: 66.83%
  Batch [5460/5739] Loss: 0.9581 | Acc: 66.82%
  Batch [5470/5739] Loss: 0.9578 | Acc: 66.83%
  Batch [5480/5739] Loss: 0.9581 | Acc: 66.80%
  Batch [5490/5739] Loss: 0.9576 | Acc: 66.82%
  Batch [5500/5739] Loss: 0.9583 | Acc: 66.80%
  Batch [5510/5739] Loss: 0.9576 | Acc: 66.82%
  Batch [5520/5739] Loss: 0.9573 | Acc: 66.83%
  Batch [5530/5739] Loss: 0.9571 | Acc: 66.84%
  Batch [5540/5739] Loss: 0.9579 | Acc: 66.81%
  Batch [5550/5739] Loss: 0.9578 | Acc: 66.81%
  Batch [5560/5739] Loss: 0.9579 | Acc: 66.82%
  Batch [5570/5739] Loss: 0.9585 | Acc: 66.81%
  Batch [5580/5739] Loss: 0.9582 | Acc: 66.81%
  Batch [5590/5739] Loss: 0.9586 | Acc: 66.80%
  Batch [5600/5739] Loss: 0.9591 | Acc: 66.80%
  Batch [5610/5739] Loss: 0.9588 | Acc: 66.80%
  Batch [5620/5739] Loss: 0.9588 | Acc: 66.80%
  Batch [5630/5739] Loss: 0.9591 | Acc: 66.80%
  Batch [5640/5739] Loss: 0.9592 | Acc: 66.80%
  Batch [5650/5739] Loss: 0.9588 | Acc: 66.81%
  Batch [5660/5739] Loss: 0.9586 | Acc: 66.81%
  Batch [5670/5739] Loss: 0.9591 | Acc: 66.79%
  Batch [5680/5739] Loss: 0.9587 | Acc: 66.81%
  Batch [5690/5739] Loss: 0.9584 | Acc: 66.82%
  Batch [5700/5739] Loss: 0.9579 | Acc: 66.83%
  Batch [5710/5739] Loss: 0.9576 | Acc: 66.84%
  Batch [5720/5739] Loss: 0.9574 | Acc: 66.85%
  Batch [5730/5739] Loss: 0.9572 | Acc: 66.85%

======================================================================
Epoch 6 Summary:
  Train Loss: 0.9576 | Train Acc: 66.83%
  Val Loss:   1.7690 | Val Acc:   46.85%
  Learning Rate: 0.000100
  Time: 152.8s
======================================================================

Epoch [7/50]
----------------------------------------------------------------------
  Batch [10/5739] Loss: 0.6758 | Acc: 72.50%
  Batch [20/5739] Loss: 0.7621 | Acc: 72.75%
  Batch [30/5739] Loss: 0.8115 | Acc: 73.50%
  Batch [40/5739] Loss: 0.8395 | Acc: 72.38%
  Batch [50/5739] Loss: 0.8357 | Acc: 73.00%
  Batch [60/5739] Loss: 0.8041 | Acc: 73.25%
  Batch [70/5739] Loss: 0.8711 | Acc: 71.43%
  Batch [80/5739] Loss: 0.8723 | Acc: 70.75%
  Batch [90/5739] Loss: 0.8827 | Acc: 69.50%
  Batch [100/5739] Loss: 0.8822 | Acc: 69.20%
  Batch [110/5739] Loss: 0.9238 | Acc: 68.41%
  Batch [120/5739] Loss: 0.9073 | Acc: 68.29%
  Batch [130/5739] Loss: 0.9553 | Acc: 67.04%
  Batch [140/5739] Loss: 0.9380 | Acc: 67.54%
  Batch [150/5739] Loss: 0.9419 | Acc: 67.37%
  Batch [160/5739] Loss: 0.9341 | Acc: 67.31%
  Batch [170/5739] Loss: 0.9469 | Acc: 66.68%
  Batch [180/5739] Loss: 0.9485 | Acc: 66.89%
  Batch [190/5739] Loss: 0.9414 | Acc: 66.87%
  Batch [200/5739] Loss: 0.9307 | Acc: 67.25%
  Batch [210/5739] Loss: 0.9359 | Acc: 67.38%
  Batch [220/5739] Loss: 0.9299 | Acc: 67.73%
  Batch [230/5739] Loss: 0.9397 | Acc: 67.41%
  Batch [240/5739] Loss: 0.9408 | Acc: 67.27%
  Batch [250/5739] Loss: 0.9357 | Acc: 67.26%
  Batch [260/5739] Loss: 0.9420 | Acc: 67.06%
  Batch [270/5739] Loss: 0.9535 | Acc: 66.48%
  Batch [280/5739] Loss: 0.9588 | Acc: 66.61%
  Batch [290/5739] Loss: 0.9616 | Acc: 66.48%
  Batch [300/5739] Loss: 0.9605 | Acc: 66.52%
  Batch [310/5739] Loss: 0.9486 | Acc: 66.95%
  Batch [320/5739] Loss: 0.9417 | Acc: 67.31%
  Batch [330/5739] Loss: 0.9413 | Acc: 67.38%
  Batch [340/5739] Loss: 0.9432 | Acc: 67.32%
  Batch [350/5739] Loss: 0.9373 | Acc: 67.60%
  Batch [360/5739] Loss: 0.9249 | Acc: 68.04%
  Batch [370/5739] Loss: 0.9311 | Acc: 68.01%
  Batch [380/5739] Loss: 0.9380 | Acc: 68.08%
  Batch [390/5739] Loss: 0.9337 | Acc: 68.22%
  Batch [400/5739] Loss: 0.9414 | Acc: 67.91%
  Batch [410/5739] Loss: 0.9369 | Acc: 68.05%
  Batch [420/5739] Loss: 0.9354 | Acc: 67.86%
  Batch [430/5739] Loss: 0.9338 | Acc: 67.93%
  Batch [440/5739] Loss: 0.9368 | Acc: 68.02%
  Batch [450/5739] Loss: 0.9351 | Acc: 68.12%
  Batch [460/5739] Loss: 0.9303 | Acc: 68.32%
  Batch [470/5739] Loss: 0.9273 | Acc: 68.44%
  Batch [480/5739] Loss: 0.9262 | Acc: 68.40%
  Batch [490/5739] Loss: 0.9258 | Acc: 68.44%
  Batch [500/5739] Loss: 0.9303 | Acc: 68.34%
  Batch [510/5739] Loss: 0.9281 | Acc: 68.50%
  Batch [520/5739] Loss: 0.9272 | Acc: 68.55%
  Batch [530/5739] Loss: 0.9247 | Acc: 68.65%
  Batch [540/5739] Loss: 0.9206 | Acc: 68.81%
  Batch [550/5739] Loss: 0.9182 | Acc: 68.75%
  Batch [560/5739] Loss: 0.9150 | Acc: 68.83%
  Batch [570/5739] Loss: 0.9161 | Acc: 68.93%
  Batch [580/5739] Loss: 0.9203 | Acc: 68.94%
  Batch [590/5739] Loss: 0.9123 | Acc: 69.20%
  Batch [600/5739] Loss: 0.9080 | Acc: 69.36%
  Batch [610/5739] Loss: 0.9102 | Acc: 69.25%
  Batch [620/5739] Loss: 0.9082 | Acc: 69.39%
  Batch [630/5739] Loss: 0.9080 | Acc: 69.48%
  Batch [640/5739] Loss: 0.9062 | Acc: 69.59%
  Batch [650/5739] Loss: 0.9085 | Acc: 69.58%
  Batch [660/5739] Loss: 0.9051 | Acc: 69.63%
  Batch [670/5739] Loss: 0.9071 | Acc: 69.69%
  Batch [680/5739] Loss: 0.9182 | Acc: 69.49%
  Batch [690/5739] Loss: 0.9148 | Acc: 69.59%
  Batch [700/5739] Loss: 0.9139 | Acc: 69.49%
  Batch [710/5739] Loss: 0.9146 | Acc: 69.54%
  Batch [720/5739] Loss: 0.9136 | Acc: 69.56%
  Batch [730/5739] Loss: 0.9153 | Acc: 69.48%
  Batch [740/5739] Loss: 0.9199 | Acc: 69.41%
  Batch [750/5739] Loss: 0.9201 | Acc: 69.48%
  Batch [760/5739] Loss: 0.9190 | Acc: 69.46%
  Batch [770/5739] Loss: 0.9151 | Acc: 69.52%
  Batch [780/5739] Loss: 0.9149 | Acc: 69.49%
  Batch [790/5739] Loss: 0.9151 | Acc: 69.39%
  Batch [800/5739] Loss: 0.9193 | Acc: 69.18%
  Batch [810/5739] Loss: 0.9215 | Acc: 69.14%
  Batch [820/5739] Loss: 0.9186 | Acc: 69.19%
  Batch [830/5739] Loss: 0.9185 | Acc: 69.20%
  Batch [840/5739] Loss: 0.9177 | Acc: 69.23%
  Batch [850/5739] Loss: 0.9164 | Acc: 69.26%
  Batch [860/5739] Loss: 0.9123 | Acc: 69.40%
  Batch [870/5739] Loss: 0.9120 | Acc: 69.49%
  Batch [880/5739] Loss: 0.9106 | Acc: 69.57%
  Batch [890/5739] Loss: 0.9121 | Acc: 69.63%
  Batch [900/5739] Loss: 0.9134 | Acc: 69.59%
  Batch [910/5739] Loss: 0.9136 | Acc: 69.59%
  Batch [920/5739] Loss: 0.9108 | Acc: 69.60%
  Batch [930/5739] Loss: 0.9129 | Acc: 69.51%
  Batch [940/5739] Loss: 0.9167 | Acc: 69.36%
  Batch [950/5739] Loss: 0.9170 | Acc: 69.33%
  Batch [960/5739] Loss: 0.9131 | Acc: 69.42%
  Batch [970/5739] Loss: 0.9128 | Acc: 69.39%
  Batch [980/5739] Loss: 0.9104 | Acc: 69.47%
  Batch [990/5739] Loss: 0.9133 | Acc: 69.40%
  Batch [1000/5739] Loss: 0.9140 | Acc: 69.34%
  Batch [1010/5739] Loss: 0.9134 | Acc: 69.43%
  Batch [1020/5739] Loss: 0.9108 | Acc: 69.44%
  Batch [1030/5739] Loss: 0.9112 | Acc: 69.42%
  Batch [1040/5739] Loss: 0.9110 | Acc: 69.42%
  Batch [1050/5739] Loss: 0.9103 | Acc: 69.36%
  Batch [1060/5739] Loss: 0.9065 | Acc: 69.42%
  Batch [1070/5739] Loss: 0.9037 | Acc: 69.51%
  Batch [1080/5739] Loss: 0.9041 | Acc: 69.61%
  Batch [1090/5739] Loss: 0.9051 | Acc: 69.67%
  Batch [1100/5739] Loss: 0.9072 | Acc: 69.61%
  Batch [1110/5739] Loss: 0.9082 | Acc: 69.58%
  Batch [1120/5739] Loss: 0.9100 | Acc: 69.52%
  Batch [1130/5739] Loss: 0.9087 | Acc: 69.50%
  Batch [1140/5739] Loss: 0.9080 | Acc: 69.48%
  Batch [1150/5739] Loss: 0.9078 | Acc: 69.46%
  Batch [1160/5739] Loss: 0.9084 | Acc: 69.43%
  Batch [1170/5739] Loss: 0.9085 | Acc: 69.40%
  Batch [1180/5739] Loss: 0.9091 | Acc: 69.38%
  Batch [1190/5739] Loss: 0.9078 | Acc: 69.39%
  Batch [1200/5739] Loss: 0.9077 | Acc: 69.49%
  Batch [1210/5739] Loss: 0.9060 | Acc: 69.56%
  Batch [1220/5739] Loss: 0.9050 | Acc: 69.59%
  Batch [1230/5739] Loss: 0.9053 | Acc: 69.59%
  Batch [1240/5739] Loss: 0.9053 | Acc: 69.62%
  Batch [1250/5739] Loss: 0.9033 | Acc: 69.71%
  Batch [1260/5739] Loss: 0.9033 | Acc: 69.78%
  Batch [1270/5739] Loss: 0.9032 | Acc: 69.74%
  Batch [1280/5739] Loss: 0.9026 | Acc: 69.74%
  Batch [1290/5739] Loss: 0.9031 | Acc: 69.72%
  Batch [1300/5739] Loss: 0.9027 | Acc: 69.68%
  Batch [1310/5739] Loss: 0.9021 | Acc: 69.69%
  Batch [1320/5739] Loss: 0.9031 | Acc: 69.67%
  Batch [1330/5739] Loss: 0.9011 | Acc: 69.74%
  Batch [1340/5739] Loss: 0.9000 | Acc: 69.78%
  Batch [1350/5739] Loss: 0.8994 | Acc: 69.75%
  Batch [1360/5739] Loss: 0.9010 | Acc: 69.71%
  Batch [1370/5739] Loss: 0.9027 | Acc: 69.67%
  Batch [1380/5739] Loss: 0.9018 | Acc: 69.69%
  Batch [1390/5739] Loss: 0.9013 | Acc: 69.71%
  Batch [1400/5739] Loss: 0.9013 | Acc: 69.71%
  Batch [1410/5739] Loss: 0.9041 | Acc: 69.67%
  Batch [1420/5739] Loss: 0.9043 | Acc: 69.67%
  Batch [1430/5739] Loss: 0.9041 | Acc: 69.66%
  Batch [1440/5739] Loss: 0.9042 | Acc: 69.56%
  Batch [1450/5739] Loss: 0.9029 | Acc: 69.65%
  Batch [1460/5739] Loss: 0.9038 | Acc: 69.60%
  Batch [1470/5739] Loss: 0.9052 | Acc: 69.55%
  Batch [1480/5739] Loss: 0.9036 | Acc: 69.61%
  Batch [1490/5739] Loss: 0.9025 | Acc: 69.63%
  Batch [1500/5739] Loss: 0.9027 | Acc: 69.59%
  Batch [1510/5739] Loss: 0.9022 | Acc: 69.60%
  Batch [1520/5739] Loss: 0.9032 | Acc: 69.61%
  Batch [1530/5739] Loss: 0.9043 | Acc: 69.56%
  Batch [1540/5739] Loss: 0.9036 | Acc: 69.53%
  Batch [1550/5739] Loss: 0.9031 | Acc: 69.53%
  Batch [1560/5739] Loss: 0.9105 | Acc: 69.43%
  Batch [1570/5739] Loss: 0.9110 | Acc: 69.39%
  Batch [1580/5739] Loss: 0.9097 | Acc: 69.39%
  Batch [1590/5739] Loss: 0.9089 | Acc: 69.42%
  Batch [1600/5739] Loss: 0.9074 | Acc: 69.45%
  Batch [1610/5739] Loss: 0.9072 | Acc: 69.48%
  Batch [1620/5739] Loss: 0.9056 | Acc: 69.53%
  Batch [1630/5739] Loss: 0.9072 | Acc: 69.52%
  Batch [1640/5739] Loss: 0.9084 | Acc: 69.48%
  Batch [1650/5739] Loss: 0.9086 | Acc: 69.46%
  Batch [1660/5739] Loss: 0.9082 | Acc: 69.45%
  Batch [1670/5739] Loss: 0.9078 | Acc: 69.45%
  Batch [1680/5739] Loss: 0.9074 | Acc: 69.47%
  Batch [1690/5739] Loss: 0.9077 | Acc: 69.49%
  Batch [1700/5739] Loss: 0.9062 | Acc: 69.50%
  Batch [1710/5739] Loss: 0.9063 | Acc: 69.49%
  Batch [1720/5739] Loss: 0.9061 | Acc: 69.50%
  Batch [1730/5739] Loss: 0.9058 | Acc: 69.51%
  Batch [1740/5739] Loss: 0.9056 | Acc: 69.51%
  Batch [1750/5739] Loss: 0.9047 | Acc: 69.52%
  Batch [1760/5739] Loss: 0.9027 | Acc: 69.59%
  Batch [1770/5739] Loss: 0.9012 | Acc: 69.62%
  Batch [1780/5739] Loss: 0.9018 | Acc: 69.64%
  Batch [1790/5739] Loss: 0.9032 | Acc: 69.61%
  Batch [1800/5739] Loss: 0.9050 | Acc: 69.59%
  Batch [1810/5739] Loss: 0.9037 | Acc: 69.60%
  Batch [1820/5739] Loss: 0.9031 | Acc: 69.63%
  Batch [1830/5739] Loss: 0.9041 | Acc: 69.61%
  Batch [1840/5739] Loss: 0.9059 | Acc: 69.58%
  Batch [1850/5739] Loss: 0.9065 | Acc: 69.54%
  Batch [1860/5739] Loss: 0.9065 | Acc: 69.55%
  Batch [1870/5739] Loss: 0.9058 | Acc: 69.57%
  Batch [1880/5739] Loss: 0.9050 | Acc: 69.57%
  Batch [1890/5739] Loss: 0.9048 | Acc: 69.57%
  Batch [1900/5739] Loss: 0.9044 | Acc: 69.56%
  Batch [1910/5739] Loss: 0.9040 | Acc: 69.59%
  Batch [1920/5739] Loss: 0.9058 | Acc: 69.55%
  Batch [1930/5739] Loss: 0.9056 | Acc: 69.58%
  Batch [1940/5739] Loss: 0.9057 | Acc: 69.61%
  Batch [1950/5739] Loss: 0.9042 | Acc: 69.63%
  Batch [1960/5739] Loss: 0.9044 | Acc: 69.61%
  Batch [1970/5739] Loss: 0.9048 | Acc: 69.57%
  Batch [1980/5739] Loss: 0.9041 | Acc: 69.59%
  Batch [1990/5739] Loss: 0.9057 | Acc: 69.59%
  Batch [2000/5739] Loss: 0.9063 | Acc: 69.57%
  Batch [2010/5739] Loss: 0.9080 | Acc: 69.52%
  Batch [2020/5739] Loss: 0.9077 | Acc: 69.53%
  Batch [2030/5739] Loss: 0.9077 | Acc: 69.49%
  Batch [2040/5739] Loss: 0.9067 | Acc: 69.51%
  Batch [2050/5739] Loss: 0.9065 | Acc: 69.52%
  Batch [2060/5739] Loss: 0.9057 | Acc: 69.53%
  Batch [2070/5739] Loss: 0.9069 | Acc: 69.48%
  Batch [2080/5739] Loss: 0.9065 | Acc: 69.48%
  Batch [2090/5739] Loss: 0.9058 | Acc: 69.47%
  Batch [2100/5739] Loss: 0.9057 | Acc: 69.45%
  Batch [2110/5739] Loss: 0.9067 | Acc: 69.43%
  Batch [2120/5739] Loss: 0.9064 | Acc: 69.46%
  Batch [2130/5739] Loss: 0.9066 | Acc: 69.45%
  Batch [2140/5739] Loss: 0.9082 | Acc: 69.37%
  Batch [2150/5739] Loss: 0.9082 | Acc: 69.38%
  Batch [2160/5739] Loss: 0.9083 | Acc: 69.38%
  Batch [2170/5739] Loss: 0.9081 | Acc: 69.34%
  Batch [2180/5739] Loss: 0.9096 | Acc: 69.32%
  Batch [2190/5739] Loss: 0.9105 | Acc: 69.32%
  Batch [2200/5739] Loss: 0.9117 | Acc: 69.28%
  Batch [2210/5739] Loss: 0.9107 | Acc: 69.31%
  Batch [2220/5739] Loss: 0.9106 | Acc: 69.30%
  Batch [2230/5739] Loss: 0.9107 | Acc: 69.27%
  Batch [2240/5739] Loss: 0.9107 | Acc: 69.29%
  Batch [2250/5739] Loss: 0.9105 | Acc: 69.27%
  Batch [2260/5739] Loss: 0.9118 | Acc: 69.25%
  Batch [2270/5739] Loss: 0.9121 | Acc: 69.20%
  Batch [2280/5739] Loss: 0.9119 | Acc: 69.17%
  Batch [2290/5739] Loss: 0.9124 | Acc: 69.14%
  Batch [2300/5739] Loss: 0.9112 | Acc: 69.17%
  Batch [2310/5739] Loss: 0.9100 | Acc: 69.21%
  Batch [2320/5739] Loss: 0.9081 | Acc: 69.28%
  Batch [2330/5739] Loss: 0.9084 | Acc: 69.29%
  Batch [2340/5739] Loss: 0.9083 | Acc: 69.30%
  Batch [2350/5739] Loss: 0.9087 | Acc: 69.28%
  Batch [2360/5739] Loss: 0.9090 | Acc: 69.28%
  Batch [2370/5739] Loss: 0.9078 | Acc: 69.33%
  Batch [2380/5739] Loss: 0.9082 | Acc: 69.32%
  Batch [2390/5739] Loss: 0.9080 | Acc: 69.33%
  Batch [2400/5739] Loss: 0.9079 | Acc: 69.35%
  Batch [2410/5739] Loss: 0.9067 | Acc: 69.40%
  Batch [2420/5739] Loss: 0.9072 | Acc: 69.40%
  Batch [2430/5739] Loss: 0.9061 | Acc: 69.45%
  Batch [2440/5739] Loss: 0.9071 | Acc: 69.45%
  Batch [2450/5739] Loss: 0.9069 | Acc: 69.47%
  Batch [2460/5739] Loss: 0.9062 | Acc: 69.49%
  Batch [2470/5739] Loss: 0.9052 | Acc: 69.50%
  Batch [2480/5739] Loss: 0.9054 | Acc: 69.47%
  Batch [2490/5739] Loss: 0.9045 | Acc: 69.51%
  Batch [2500/5739] Loss: 0.9051 | Acc: 69.48%
  Batch [2510/5739] Loss: 0.9041 | Acc: 69.51%
  Batch [2520/5739] Loss: 0.9043 | Acc: 69.54%
  Batch [2530/5739] Loss: 0.9034 | Acc: 69.58%
  Batch [2540/5739] Loss: 0.9025 | Acc: 69.61%
  Batch [2550/5739] Loss: 0.9019 | Acc: 69.62%
  Batch [2560/5739] Loss: 0.9030 | Acc: 69.55%
  Batch [2570/5739] Loss: 0.9020 | Acc: 69.57%
  Batch [2580/5739] Loss: 0.9037 | Acc: 69.53%
  Batch [2590/5739] Loss: 0.9043 | Acc: 69.51%
  Batch [2600/5739] Loss: 0.9047 | Acc: 69.48%
  Batch [2610/5739] Loss: 0.9036 | Acc: 69.49%
  Batch [2620/5739] Loss: 0.9024 | Acc: 69.53%
  Batch [2630/5739] Loss: 0.9017 | Acc: 69.52%
  Batch [2640/5739] Loss: 0.9030 | Acc: 69.51%
  Batch [2650/5739] Loss: 0.9039 | Acc: 69.50%
  Batch [2660/5739] Loss: 0.9034 | Acc: 69.52%
  Batch [2670/5739] Loss: 0.9038 | Acc: 69.51%
  Batch [2680/5739] Loss: 0.9037 | Acc: 69.53%
  Batch [2690/5739] Loss: 0.9035 | Acc: 69.55%
  Batch [2700/5739] Loss: 0.9037 | Acc: 69.56%
  Batch [2710/5739] Loss: 0.9039 | Acc: 69.53%
  Batch [2720/5739] Loss: 0.9029 | Acc: 69.54%
  Batch [2730/5739] Loss: 0.9034 | Acc: 69.53%
  Batch [2740/5739] Loss: 0.9032 | Acc: 69.55%
  Batch [2750/5739] Loss: 0.9032 | Acc: 69.53%
  Batch [2760/5739] Loss: 0.9038 | Acc: 69.53%
  Batch [2770/5739] Loss: 0.9033 | Acc: 69.52%
  Batch [2780/5739] Loss: 0.9020 | Acc: 69.56%
  Batch [2790/5739] Loss: 0.9004 | Acc: 69.60%
  Batch [2800/5739] Loss: 0.9002 | Acc: 69.60%
  Batch [2810/5739] Loss: 0.9010 | Acc: 69.56%
  Batch [2820/5739] Loss: 0.9000 | Acc: 69.57%
  Batch [2830/5739] Loss: 0.9012 | Acc: 69.56%
  Batch [2840/5739] Loss: 0.9012 | Acc: 69.56%
  Batch [2850/5739] Loss: 0.9018 | Acc: 69.56%
  Batch [2860/5739] Loss: 0.9022 | Acc: 69.55%
  Batch [2870/5739] Loss: 0.9018 | Acc: 69.56%
  Batch [2880/5739] Loss: 0.9024 | Acc: 69.50%
  Batch [2890/5739] Loss: 0.9033 | Acc: 69.49%
  Batch [2900/5739] Loss: 0.9044 | Acc: 69.48%
  Batch [2910/5739] Loss: 0.9053 | Acc: 69.45%
  Batch [2920/5739] Loss: 0.9057 | Acc: 69.43%
  Batch [2930/5739] Loss: 0.9056 | Acc: 69.43%
  Batch [2940/5739] Loss: 0.9068 | Acc: 69.41%
  Batch [2950/5739] Loss: 0.9064 | Acc: 69.39%
  Batch [2960/5739] Loss: 0.9060 | Acc: 69.40%
  Batch [2970/5739] Loss: 0.9057 | Acc: 69.42%
  Batch [2980/5739] Loss: 0.9047 | Acc: 69.43%
  Batch [2990/5739] Loss: 0.9042 | Acc: 69.45%
  Batch [3000/5739] Loss: 0.9045 | Acc: 69.44%
  Batch [3010/5739] Loss: 0.9043 | Acc: 69.44%
  Batch [3020/5739] Loss: 0.9041 | Acc: 69.43%
  Batch [3030/5739] Loss: 0.9030 | Acc: 69.46%
  Batch [3040/5739] Loss: 0.9024 | Acc: 69.46%
  Batch [3050/5739] Loss: 0.9029 | Acc: 69.43%
  Batch [3060/5739] Loss: 0.9048 | Acc: 69.38%
  Batch [3070/5739] Loss: 0.9054 | Acc: 69.39%
  Batch [3080/5739] Loss: 0.9061 | Acc: 69.37%
  Batch [3090/5739] Loss: 0.9056 | Acc: 69.41%
  Batch [3100/5739] Loss: 0.9050 | Acc: 69.40%
  Batch [3110/5739] Loss: 0.9049 | Acc: 69.39%
  Batch [3120/5739] Loss: 0.9042 | Acc: 69.40%
  Batch [3130/5739] Loss: 0.9060 | Acc: 69.36%
  Batch [3140/5739] Loss: 0.9067 | Acc: 69.35%
  Batch [3150/5739] Loss: 0.9066 | Acc: 69.36%
  Batch [3160/5739] Loss: 0.9062 | Acc: 69.34%
  Batch [3170/5739] Loss: 0.9055 | Acc: 69.37%
  Batch [3180/5739] Loss: 0.9066 | Acc: 69.36%
  Batch [3190/5739] Loss: 0.9062 | Acc: 69.36%
  Batch [3200/5739] Loss: 0.9067 | Acc: 69.36%
  Batch [3210/5739] Loss: 0.9071 | Acc: 69.35%
  Batch [3220/5739] Loss: 0.9066 | Acc: 69.36%
  Batch [3230/5739] Loss: 0.9067 | Acc: 69.35%
  Batch [3240/5739] Loss: 0.9060 | Acc: 69.34%
  Batch [3250/5739] Loss: 0.9061 | Acc: 69.33%
  Batch [3260/5739] Loss: 0.9060 | Acc: 69.33%
  Batch [3270/5739] Loss: 0.9047 | Acc: 69.37%
  Batch [3280/5739] Loss: 0.9046 | Acc: 69.38%
  Batch [3290/5739] Loss: 0.9047 | Acc: 69.39%
  Batch [3300/5739] Loss: 0.9052 | Acc: 69.38%
  Batch [3310/5739] Loss: 0.9051 | Acc: 69.39%
  Batch [3320/5739] Loss: 0.9055 | Acc: 69.40%
  Batch [3330/5739] Loss: 0.9056 | Acc: 69.41%
  Batch [3340/5739] Loss: 0.9061 | Acc: 69.38%
  Batch [3350/5739] Loss: 0.9053 | Acc: 69.39%
  Batch [3360/5739] Loss: 0.9046 | Acc: 69.39%
  Batch [3370/5739] Loss: 0.9044 | Acc: 69.39%
  Batch [3380/5739] Loss: 0.9039 | Acc: 69.39%
  Batch [3390/5739] Loss: 0.9039 | Acc: 69.39%
  Batch [3400/5739] Loss: 0.9038 | Acc: 69.36%
  Batch [3410/5739] Loss: 0.9044 | Acc: 69.36%
  Batch [3420/5739] Loss: 0.9040 | Acc: 69.37%
  Batch [3430/5739] Loss: 0.9032 | Acc: 69.40%
  Batch [3440/5739] Loss: 0.9033 | Acc: 69.38%
  Batch [3450/5739] Loss: 0.9029 | Acc: 69.38%
  Batch [3460/5739] Loss: 0.9028 | Acc: 69.36%
  Batch [3470/5739] Loss: 0.9023 | Acc: 69.38%
  Batch [3480/5739] Loss: 0.9032 | Acc: 69.39%
  Batch [3490/5739] Loss: 0.9026 | Acc: 69.41%
  Batch [3500/5739] Loss: 0.9033 | Acc: 69.40%
  Batch [3510/5739] Loss: 0.9039 | Acc: 69.38%
  Batch [3520/5739] Loss: 0.9039 | Acc: 69.40%
  Batch [3530/5739] Loss: 0.9032 | Acc: 69.42%
  Batch [3540/5739] Loss: 0.9037 | Acc: 69.41%
  Batch [3550/5739] Loss: 0.9027 | Acc: 69.41%
  Batch [3560/5739] Loss: 0.9019 | Acc: 69.42%
  Batch [3570/5739] Loss: 0.9022 | Acc: 69.43%
  Batch [3580/5739] Loss: 0.9026 | Acc: 69.43%
  Batch [3590/5739] Loss: 0.9043 | Acc: 69.40%
  Batch [3600/5739] Loss: 0.9041 | Acc: 69.40%
  Batch [3610/5739] Loss: 0.9034 | Acc: 69.42%
  Batch [3620/5739] Loss: 0.9027 | Acc: 69.44%
  Batch [3630/5739] Loss: 0.9019 | Acc: 69.46%
  Batch [3640/5739] Loss: 0.9018 | Acc: 69.44%
  Batch [3650/5739] Loss: 0.9014 | Acc: 69.45%
  Batch [3660/5739] Loss: 0.9014 | Acc: 69.44%
  Batch [3670/5739] Loss: 0.9019 | Acc: 69.43%
  Batch [3680/5739] Loss: 0.9019 | Acc: 69.43%
  Batch [3690/5739] Loss: 0.9014 | Acc: 69.44%
  Batch [3700/5739] Loss: 0.9019 | Acc: 69.41%
  Batch [3710/5739] Loss: 0.9016 | Acc: 69.41%
  Batch [3720/5739] Loss: 0.9021 | Acc: 69.42%
  Batch [3730/5739] Loss: 0.9022 | Acc: 69.41%
  Batch [3740/5739] Loss: 0.9017 | Acc: 69.42%
  Batch [3750/5739] Loss: 0.9016 | Acc: 69.44%
  Batch [3760/5739] Loss: 0.9015 | Acc: 69.45%
  Batch [3770/5739] Loss: 0.9007 | Acc: 69.46%
  Batch [3780/5739] Loss: 0.9013 | Acc: 69.44%
  Batch [3790/5739] Loss: 0.9018 | Acc: 69.41%
  Batch [3800/5739] Loss: 0.9014 | Acc: 69.41%
  Batch [3810/5739] Loss: 0.9006 | Acc: 69.44%
  Batch [3820/5739] Loss: 0.9002 | Acc: 69.49%
  Batch [3830/5739] Loss: 0.8994 | Acc: 69.51%
  Batch [3840/5739] Loss: 0.8988 | Acc: 69.53%
  Batch [3850/5739] Loss: 0.8984 | Acc: 69.55%
  Batch [3860/5739] Loss: 0.8983 | Acc: 69.55%
  Batch [3870/5739] Loss: 0.8974 | Acc: 69.57%
  Batch [3880/5739] Loss: 0.8967 | Acc: 69.59%
  Batch [3890/5739] Loss: 0.8972 | Acc: 69.59%
  Batch [3900/5739] Loss: 0.8978 | Acc: 69.59%
  Batch [3910/5739] Loss: 0.8979 | Acc: 69.56%
  Batch [3920/5739] Loss: 0.8977 | Acc: 69.57%
  Batch [3930/5739] Loss: 0.8976 | Acc: 69.56%
  Batch [3940/5739] Loss: 0.8976 | Acc: 69.58%
  Batch [3950/5739] Loss: 0.8969 | Acc: 69.59%
  Batch [3960/5739] Loss: 0.8975 | Acc: 69.56%
  Batch [3970/5739] Loss: 0.8970 | Acc: 69.56%
  Batch [3980/5739] Loss: 0.8962 | Acc: 69.59%
  Batch [3990/5739] Loss: 0.8970 | Acc: 69.58%
  Batch [4000/5739] Loss: 0.8967 | Acc: 69.59%
  Batch [4010/5739] Loss: 0.8960 | Acc: 69.61%
  Batch [4020/5739] Loss: 0.8952 | Acc: 69.63%
  Batch [4030/5739] Loss: 0.8954 | Acc: 69.61%
  Batch [4040/5739] Loss: 0.8958 | Acc: 69.59%
  Batch [4050/5739] Loss: 0.8957 | Acc: 69.57%
  Batch [4060/5739] Loss: 0.8953 | Acc: 69.58%
  Batch [4070/5739] Loss: 0.8960 | Acc: 69.55%
  Batch [4080/5739] Loss: 0.8952 | Acc: 69.57%
  Batch [4090/5739] Loss: 0.8955 | Acc: 69.59%
  Batch [4100/5739] Loss: 0.8956 | Acc: 69.58%
  Batch [4110/5739] Loss: 0.8959 | Acc: 69.58%
  Batch [4120/5739] Loss: 0.8962 | Acc: 69.59%
  Batch [4130/5739] Loss: 0.8962 | Acc: 69.60%
  Batch [4140/5739] Loss: 0.8966 | Acc: 69.61%
  Batch [4150/5739] Loss: 0.8971 | Acc: 69.61%
  Batch [4160/5739] Loss: 0.8969 | Acc: 69.61%
  Batch [4170/5739] Loss: 0.8966 | Acc: 69.61%
  Batch [4180/5739] Loss: 0.8962 | Acc: 69.62%
  Batch [4190/5739] Loss: 0.8961 | Acc: 69.63%
  Batch [4200/5739] Loss: 0.8961 | Acc: 69.63%
  Batch [4210/5739] Loss: 0.8958 | Acc: 69.63%
  Batch [4220/5739] Loss: 0.8959 | Acc: 69.62%
  Batch [4230/5739] Loss: 0.8959 | Acc: 69.61%
  Batch [4240/5739] Loss: 0.8959 | Acc: 69.62%
  Batch [4250/5739] Loss: 0.8963 | Acc: 69.60%
  Batch [4260/5739] Loss: 0.8961 | Acc: 69.62%
  Batch [4270/5739] Loss: 0.8958 | Acc: 69.62%
  Batch [4280/5739] Loss: 0.8958 | Acc: 69.62%
  Batch [4290/5739] Loss: 0.8963 | Acc: 69.60%
  Batch [4300/5739] Loss: 0.8969 | Acc: 69.59%
  Batch [4310/5739] Loss: 0.8967 | Acc: 69.58%
  Batch [4320/5739] Loss: 0.8964 | Acc: 69.60%
  Batch [4330/5739] Loss: 0.8968 | Acc: 69.59%
  Batch [4340/5739] Loss: 0.8972 | Acc: 69.57%
  Batch [4350/5739] Loss: 0.8976 | Acc: 69.55%
  Batch [4360/5739] Loss: 0.8981 | Acc: 69.52%
  Batch [4370/5739] Loss: 0.8972 | Acc: 69.56%
  Batch [4380/5739] Loss: 0.8973 | Acc: 69.54%
  Batch [4390/5739] Loss: 0.8968 | Acc: 69.56%
  Batch [4400/5739] Loss: 0.8967 | Acc: 69.59%
  Batch [4410/5739] Loss: 0.8965 | Acc: 69.59%
  Batch [4420/5739] Loss: 0.8964 | Acc: 69.60%
  Batch [4430/5739] Loss: 0.8966 | Acc: 69.56%
  Batch [4440/5739] Loss: 0.8970 | Acc: 69.54%
  Batch [4450/5739] Loss: 0.8967 | Acc: 69.56%
  Batch [4460/5739] Loss: 0.8964 | Acc: 69.57%
  Batch [4470/5739] Loss: 0.8956 | Acc: 69.59%
  Batch [4480/5739] Loss: 0.8957 | Acc: 69.58%
  Batch [4490/5739] Loss: 0.8955 | Acc: 69.58%
  Batch [4500/5739] Loss: 0.8953 | Acc: 69.59%
  Batch [4510/5739] Loss: 0.8946 | Acc: 69.60%
  Batch [4520/5739] Loss: 0.8941 | Acc: 69.61%
  Batch [4530/5739] Loss: 0.8950 | Acc: 69.58%
  Batch [4540/5739] Loss: 0.8951 | Acc: 69.58%
  Batch [4550/5739] Loss: 0.8952 | Acc: 69.57%
  Batch [4560/5739] Loss: 0.8960 | Acc: 69.56%
  Batch [4570/5739] Loss: 0.8957 | Acc: 69.58%
  Batch [4580/5739] Loss: 0.8952 | Acc: 69.59%
  Batch [4590/5739] Loss: 0.8951 | Acc: 69.58%
  Batch [4600/5739] Loss: 0.8952 | Acc: 69.58%
  Batch [4610/5739] Loss: 0.8955 | Acc: 69.56%
  Batch [4620/5739] Loss: 0.8955 | Acc: 69.56%
  Batch [4630/5739] Loss: 0.8955 | Acc: 69.56%
  Batch [4640/5739] Loss: 0.8957 | Acc: 69.55%
  Batch [4650/5739] Loss: 0.8953 | Acc: 69.57%
  Batch [4660/5739] Loss: 0.8956 | Acc: 69.56%
  Batch [4670/5739] Loss: 0.8956 | Acc: 69.57%
  Batch [4680/5739] Loss: 0.8951 | Acc: 69.59%
  Batch [4690/5739] Loss: 0.8949 | Acc: 69.59%
  Batch [4700/5739] Loss: 0.8949 | Acc: 69.60%
  Batch [4710/5739] Loss: 0.8950 | Acc: 69.59%
  Batch [4720/5739] Loss: 0.8953 | Acc: 69.60%
  Batch [4730/5739] Loss: 0.8952 | Acc: 69.60%
  Batch [4740/5739] Loss: 0.8953 | Acc: 69.60%
  Batch [4750/5739] Loss: 0.8950 | Acc: 69.59%
  Batch [4760/5739] Loss: 0.8958 | Acc: 69.57%
  Batch [4770/5739] Loss: 0.8955 | Acc: 69.57%
  Batch [4780/5739] Loss: 0.8955 | Acc: 69.56%
  Batch [4790/5739] Loss: 0.8964 | Acc: 69.55%
  Batch [4800/5739] Loss: 0.8964 | Acc: 69.55%
  Batch [4810/5739] Loss: 0.8969 | Acc: 69.54%
  Batch [4820/5739] Loss: 0.8970 | Acc: 69.54%
  Batch [4830/5739] Loss: 0.8969 | Acc: 69.53%
  Batch [4840/5739] Loss: 0.8969 | Acc: 69.53%
  Batch [4850/5739] Loss: 0.8965 | Acc: 69.53%
  Batch [4860/5739] Loss: 0.8963 | Acc: 69.53%
  Batch [4870/5739] Loss: 0.8966 | Acc: 69.53%
  Batch [4880/5739] Loss: 0.8966 | Acc: 69.53%
  Batch [4890/5739] Loss: 0.8964 | Acc: 69.54%
  Batch [4900/5739] Loss: 0.8970 | Acc: 69.53%
  Batch [4910/5739] Loss: 0.8969 | Acc: 69.53%
  Batch [4920/5739] Loss: 0.8974 | Acc: 69.50%
  Batch [4930/5739] Loss: 0.8971 | Acc: 69.51%
  Batch [4940/5739] Loss: 0.8967 | Acc: 69.51%
  Batch [4950/5739] Loss: 0.8965 | Acc: 69.53%
  Batch [4960/5739] Loss: 0.8974 | Acc: 69.50%
  Batch [4970/5739] Loss: 0.8970 | Acc: 69.52%
  Batch [4980/5739] Loss: 0.8963 | Acc: 69.53%
  Batch [4990/5739] Loss: 0.8966 | Acc: 69.50%
  Batch [5000/5739] Loss: 0.8961 | Acc: 69.51%
  Batch [5010/5739] Loss: 0.8958 | Acc: 69.51%
  Batch [5020/5739] Loss: 0.8954 | Acc: 69.52%
  Batch [5030/5739] Loss: 0.8954 | Acc: 69.53%
  Batch [5040/5739] Loss: 0.8951 | Acc: 69.53%
  Batch [5050/5739] Loss: 0.8949 | Acc: 69.52%
  Batch [5060/5739] Loss: 0.8957 | Acc: 69.51%
  Batch [5070/5739] Loss: 0.8957 | Acc: 69.50%
  Batch [5080/5739] Loss: 0.8956 | Acc: 69.51%
  Batch [5090/5739] Loss: 0.8953 | Acc: 69.52%
  Batch [5100/5739] Loss: 0.8947 | Acc: 69.53%
  Batch [5110/5739] Loss: 0.8942 | Acc: 69.54%
  Batch [5120/5739] Loss: 0.8938 | Acc: 69.56%
  Batch [5130/5739] Loss: 0.8937 | Acc: 69.57%
  Batch [5140/5739] Loss: 0.8941 | Acc: 69.55%
  Batch [5150/5739] Loss: 0.8951 | Acc: 69.53%
  Batch [5160/5739] Loss: 0.8951 | Acc: 69.52%
  Batch [5170/5739] Loss: 0.8951 | Acc: 69.53%
  Batch [5180/5739] Loss: 0.8949 | Acc: 69.53%
  Batch [5190/5739] Loss: 0.8946 | Acc: 69.54%
  Batch [5200/5739] Loss: 0.8946 | Acc: 69.54%
  Batch [5210/5739] Loss: 0.8945 | Acc: 69.55%
  Batch [5220/5739] Loss: 0.8944 | Acc: 69.55%
  Batch [5230/5739] Loss: 0.8940 | Acc: 69.56%
  Batch [5240/5739] Loss: 0.8936 | Acc: 69.58%
  Batch [5250/5739] Loss: 0.8934 | Acc: 69.59%
  Batch [5260/5739] Loss: 0.8938 | Acc: 69.58%
  Batch [5270/5739] Loss: 0.8940 | Acc: 69.58%
  Batch [5280/5739] Loss: 0.8941 | Acc: 69.58%
  Batch [5290/5739] Loss: 0.8938 | Acc: 69.59%
  Batch [5300/5739] Loss: 0.8936 | Acc: 69.60%
  Batch [5310/5739] Loss: 0.8943 | Acc: 69.58%
  Batch [5320/5739] Loss: 0.8942 | Acc: 69.59%
  Batch [5330/5739] Loss: 0.8941 | Acc: 69.59%
  Batch [5340/5739] Loss: 0.8937 | Acc: 69.59%
  Batch [5350/5739] Loss: 0.8939 | Acc: 69.58%
  Batch [5360/5739] Loss: 0.8935 | Acc: 69.58%
  Batch [5370/5739] Loss: 0.8930 | Acc: 69.60%
  Batch [5380/5739] Loss: 0.8928 | Acc: 69.60%
  Batch [5390/5739] Loss: 0.8927 | Acc: 69.60%
  Batch [5400/5739] Loss: 0.8928 | Acc: 69.60%
  Batch [5410/5739] Loss: 0.8930 | Acc: 69.60%
  Batch [5420/5739] Loss: 0.8933 | Acc: 69.61%
  Batch [5430/5739] Loss: 0.8926 | Acc: 69.63%
  Batch [5440/5739] Loss: 0.8927 | Acc: 69.61%
  Batch [5450/5739] Loss: 0.8926 | Acc: 69.63%
  Batch [5460/5739] Loss: 0.8920 | Acc: 69.66%
  Batch [5470/5739] Loss: 0.8921 | Acc: 69.66%
  Batch [5480/5739] Loss: 0.8917 | Acc: 69.67%
  Batch [5490/5739] Loss: 0.8925 | Acc: 69.67%
  Batch [5500/5739] Loss: 0.8925 | Acc: 69.68%
  Batch [5510/5739] Loss: 0.8924 | Acc: 69.69%
  Batch [5520/5739] Loss: 0.8925 | Acc: 69.68%
  Batch [5530/5739] Loss: 0.8921 | Acc: 69.70%
  Batch [5540/5739] Loss: 0.8922 | Acc: 69.70%
  Batch [5550/5739] Loss: 0.8928 | Acc: 69.69%
  Batch [5560/5739] Loss: 0.8927 | Acc: 69.70%
  Batch [5570/5739] Loss: 0.8925 | Acc: 69.69%
  Batch [5580/5739] Loss: 0.8929 | Acc: 69.69%
  Batch [5590/5739] Loss: 0.8925 | Acc: 69.69%
  Batch [5600/5739] Loss: 0.8931 | Acc: 69.68%
  Batch [5610/5739] Loss: 0.8931 | Acc: 69.67%
  Batch [5620/5739] Loss: 0.8931 | Acc: 69.66%
  Batch [5630/5739] Loss: 0.8931 | Acc: 69.64%
  Batch [5640/5739] Loss: 0.8930 | Acc: 69.64%
  Batch [5650/5739] Loss: 0.8930 | Acc: 69.63%
  Batch [5660/5739] Loss: 0.8927 | Acc: 69.62%
  Batch [5670/5739] Loss: 0.8924 | Acc: 69.64%
  Batch [5680/5739] Loss: 0.8925 | Acc: 69.63%
  Batch [5690/5739] Loss: 0.8928 | Acc: 69.62%
  Batch [5700/5739] Loss: 0.8927 | Acc: 69.62%
  Batch [5710/5739] Loss: 0.8923 | Acc: 69.64%
  Batch [5720/5739] Loss: 0.8917 | Acc: 69.66%
  Batch [5730/5739] Loss: 0.8924 | Acc: 69.64%

======================================================================
Epoch 7 Summary:
  Train Loss: 0.8925 | Train Acc: 69.64%
  Val Loss:   1.9399 | Val Acc:   49.71%
  Learning Rate: 0.000100
  Time: 155.9s
======================================================================

Epoch [8/50]
----------------------------------------------------------------------
  Batch [10/5739] Loss: 0.8702 | Acc: 73.00%
  Batch [20/5739] Loss: 1.0017 | Acc: 68.75%
  Batch [30/5739] Loss: 1.0238 | Acc: 68.00%
  Batch [40/5739] Loss: 1.0548 | Acc: 65.62%
  Batch [50/5739] Loss: 0.9442 | Acc: 67.50%
  Batch [60/5739] Loss: 0.9210 | Acc: 68.75%
  Batch [70/5739] Loss: 0.9158 | Acc: 69.29%
  Batch [80/5739] Loss: 0.8993 | Acc: 69.62%
  Batch [90/5739] Loss: 0.8651 | Acc: 70.00%
  Batch [100/5739] Loss: 0.8404 | Acc: 70.85%
  Batch [110/5739] Loss: 0.8323 | Acc: 70.23%
  Batch [120/5739] Loss: 0.8471 | Acc: 69.62%
  Batch [130/5739] Loss: 0.8404 | Acc: 69.96%
  Batch [140/5739] Loss: 0.8415 | Acc: 70.14%
  Batch [150/5739] Loss: 0.8238 | Acc: 70.60%
  Batch [160/5739] Loss: 0.8061 | Acc: 71.34%
  Batch [170/5739] Loss: 0.8236 | Acc: 71.24%
  Batch [180/5739] Loss: 0.8283 | Acc: 71.33%
  Batch [190/5739] Loss: 0.8212 | Acc: 71.47%
  Batch [200/5739] Loss: 0.8127 | Acc: 71.70%
  Batch [210/5739] Loss: 0.8154 | Acc: 72.02%
  Batch [220/5739] Loss: 0.8155 | Acc: 71.82%
  Batch [230/5739] Loss: 0.8177 | Acc: 71.70%
  Batch [240/5739] Loss: 0.8202 | Acc: 71.77%
  Batch [250/5739] Loss: 0.8298 | Acc: 71.62%
  Batch [260/5739] Loss: 0.8298 | Acc: 71.21%
  Batch [270/5739] Loss: 0.8295 | Acc: 71.26%
  Batch [280/5739] Loss: 0.8319 | Acc: 71.09%
  Batch [290/5739] Loss: 0.8302 | Acc: 71.19%
  Batch [300/5739] Loss: 0.8334 | Acc: 70.92%
  Batch [310/5739] Loss: 0.8318 | Acc: 70.81%
  Batch [320/5739] Loss: 0.8247 | Acc: 70.92%
  Batch [330/5739] Loss: 0.8167 | Acc: 71.21%
  Batch [340/5739] Loss: 0.8058 | Acc: 71.51%
  Batch [350/5739] Loss: 0.8100 | Acc: 71.33%
  Batch [360/5739] Loss: 0.8107 | Acc: 71.35%
  Batch [370/5739] Loss: 0.8140 | Acc: 71.26%
  Batch [380/5739] Loss: 0.8119 | Acc: 71.36%
  Batch [390/5739] Loss: 0.8164 | Acc: 71.22%
  Batch [400/5739] Loss: 0.8149 | Acc: 71.20%
  Batch [410/5739] Loss: 0.8176 | Acc: 71.10%
  Batch [420/5739] Loss: 0.8130 | Acc: 71.26%
  Batch [430/5739] Loss: 0.8165 | Acc: 71.38%
  Batch [440/5739] Loss: 0.8160 | Acc: 71.31%
  Batch [450/5739] Loss: 0.8137 | Acc: 71.24%
  Batch [460/5739] Loss: 0.8107 | Acc: 71.11%
  Batch [470/5739] Loss: 0.8091 | Acc: 71.07%
  Batch [480/5739] Loss: 0.8147 | Acc: 70.82%
  Batch [490/5739] Loss: 0.8103 | Acc: 71.00%
  Batch [500/5739] Loss: 0.8058 | Acc: 71.23%
  Batch [510/5739] Loss: 0.8007 | Acc: 71.36%
  Batch [520/5739] Loss: 0.8080 | Acc: 71.07%
  Batch [530/5739] Loss: 0.8067 | Acc: 70.99%
  Batch [540/5739] Loss: 0.8071 | Acc: 70.97%
  Batch [550/5739] Loss: 0.8081 | Acc: 70.92%
  Batch [560/5739] Loss: 0.8070 | Acc: 70.81%
  Batch [570/5739] Loss: 0.8087 | Acc: 70.92%
  Batch [580/5739] Loss: 0.8081 | Acc: 70.91%
  Batch [590/5739] Loss: 0.8044 | Acc: 71.02%
  Batch [600/5739] Loss: 0.8008 | Acc: 71.17%
  Batch [610/5739] Loss: 0.7989 | Acc: 71.26%
  Batch [620/5739] Loss: 0.7951 | Acc: 71.33%
  Batch [630/5739] Loss: 0.7982 | Acc: 71.31%
  Batch [640/5739] Loss: 0.7982 | Acc: 71.23%
  Batch [650/5739] Loss: 0.7989 | Acc: 71.22%
  Batch [660/5739] Loss: 0.8014 | Acc: 71.27%
  Batch [670/5739] Loss: 0.8075 | Acc: 71.13%
  Batch [680/5739] Loss: 0.8122 | Acc: 70.96%
  Batch [690/5739] Loss: 0.8105 | Acc: 70.96%
  Batch [700/5739] Loss: 0.8084 | Acc: 71.08%
  Batch [710/5739] Loss: 0.8084 | Acc: 71.04%
  Batch [720/5739] Loss: 0.8143 | Acc: 70.81%
  Batch [730/5739] Loss: 0.8116 | Acc: 70.89%
  Batch [740/5739] Loss: 0.8102 | Acc: 70.97%
  Batch [750/5739] Loss: 0.8094 | Acc: 71.05%
  Batch [760/5739] Loss: 0.8107 | Acc: 71.02%
  Batch [770/5739] Loss: 0.8134 | Acc: 70.97%
  Batch [780/5739] Loss: 0.8130 | Acc: 70.99%
  Batch [790/5739] Loss: 0.8131 | Acc: 70.94%
  Batch [800/5739] Loss: 0.8104 | Acc: 70.99%
  Batch [810/5739] Loss: 0.8082 | Acc: 71.12%
  Batch [820/5739] Loss: 0.8110 | Acc: 71.15%
  Batch [830/5739] Loss: 0.8106 | Acc: 71.25%
  Batch [840/5739] Loss: 0.8093 | Acc: 71.25%
  Batch [850/5739] Loss: 0.8134 | Acc: 71.19%
  Batch [860/5739] Loss: 0.8192 | Acc: 70.99%
  Batch [870/5739] Loss: 0.8182 | Acc: 71.08%
  Batch [880/5739] Loss: 0.8208 | Acc: 71.07%
  Batch [890/5739] Loss: 0.8206 | Acc: 71.08%
  Batch [900/5739] Loss: 0.8217 | Acc: 71.03%
  Batch [910/5739] Loss: 0.8191 | Acc: 71.07%
  Batch [920/5739] Loss: 0.8217 | Acc: 70.97%
  Batch [930/5739] Loss: 0.8212 | Acc: 70.97%
  Batch [940/5739] Loss: 0.8217 | Acc: 71.03%
  Batch [950/5739] Loss: 0.8244 | Acc: 70.97%
  Batch [960/5739] Loss: 0.8212 | Acc: 71.07%
  Batch [970/5739] Loss: 0.8203 | Acc: 71.09%
  Batch [980/5739] Loss: 0.8197 | Acc: 71.12%
  Batch [990/5739] Loss: 0.8187 | Acc: 71.17%
  Batch [1000/5739] Loss: 0.8179 | Acc: 71.19%
  Batch [1010/5739] Loss: 0.8188 | Acc: 71.24%
  Batch [1020/5739] Loss: 0.8216 | Acc: 71.26%
  Batch [1030/5739] Loss: 0.8203 | Acc: 71.28%
  Batch [1040/5739] Loss: 0.8196 | Acc: 71.37%
  Batch [1050/5739] Loss: 0.8159 | Acc: 71.47%
  Batch [1060/5739] Loss: 0.8193 | Acc: 71.45%
  Batch [1070/5739] Loss: 0.8188 | Acc: 71.45%
  Batch [1080/5739] Loss: 0.8194 | Acc: 71.40%
  Batch [1090/5739] Loss: 0.8185 | Acc: 71.40%
  Batch [1100/5739] Loss: 0.8207 | Acc: 71.36%
  Batch [1110/5739] Loss: 0.8233 | Acc: 71.32%
  Batch [1120/5739] Loss: 0.8264 | Acc: 71.29%
  Batch [1130/5739] Loss: 0.8269 | Acc: 71.26%
  Batch [1140/5739] Loss: 0.8260 | Acc: 71.26%
  Batch [1150/5739] Loss: 0.8261 | Acc: 71.25%
  Batch [1160/5739] Loss: 0.8248 | Acc: 71.29%
  Batch [1170/5739] Loss: 0.8259 | Acc: 71.24%
  Batch [1180/5739] Loss: 0.8250 | Acc: 71.20%
  Batch [1190/5739] Loss: 0.8229 | Acc: 71.24%
  Batch [1200/5739] Loss: 0.8203 | Acc: 71.33%
  Batch [1210/5739] Loss: 0.8199 | Acc: 71.37%
  Batch [1220/5739] Loss: 0.8187 | Acc: 71.40%
  Batch [1230/5739] Loss: 0.8216 | Acc: 71.43%
  Batch [1240/5739] Loss: 0.8215 | Acc: 71.52%
  Batch [1250/5739] Loss: 0.8207 | Acc: 71.53%
  Batch [1260/5739] Loss: 0.8215 | Acc: 71.51%
  Batch [1270/5739] Loss: 0.8244 | Acc: 71.45%
  Batch [1280/5739] Loss: 0.8226 | Acc: 71.54%
  Batch [1290/5739] Loss: 0.8245 | Acc: 71.48%
  Batch [1300/5739] Loss: 0.8233 | Acc: 71.43%
  Batch [1310/5739] Loss: 0.8237 | Acc: 71.43%
  Batch [1320/5739] Loss: 0.8226 | Acc: 71.40%
  Batch [1330/5739] Loss: 0.8208 | Acc: 71.45%
  Batch [1340/5739] Loss: 0.8215 | Acc: 71.37%
  Batch [1350/5739] Loss: 0.8206 | Acc: 71.35%
  Batch [1360/5739] Loss: 0.8221 | Acc: 71.33%
  Batch [1370/5739] Loss: 0.8222 | Acc: 71.30%
  Batch [1380/5739] Loss: 0.8233 | Acc: 71.32%
  Batch [1390/5739] Loss: 0.8224 | Acc: 71.35%
  Batch [1400/5739] Loss: 0.8229 | Acc: 71.38%
  Batch [1410/5739] Loss: 0.8251 | Acc: 71.32%
  Batch [1420/5739] Loss: 0.8258 | Acc: 71.27%
  Batch [1430/5739] Loss: 0.8256 | Acc: 71.26%
  Batch [1440/5739] Loss: 0.8240 | Acc: 71.27%
  Batch [1450/5739] Loss: 0.8241 | Acc: 71.24%
  Batch [1460/5739] Loss: 0.8240 | Acc: 71.26%
  Batch [1470/5739] Loss: 0.8235 | Acc: 71.24%
  Batch [1480/5739] Loss: 0.8227 | Acc: 71.25%
  Batch [1490/5739] Loss: 0.8230 | Acc: 71.29%
  Batch [1500/5739] Loss: 0.8242 | Acc: 71.29%
  Batch [1510/5739] Loss: 0.8221 | Acc: 71.37%
  Batch [1520/5739] Loss: 0.8210 | Acc: 71.39%
  Batch [1530/5739] Loss: 0.8201 | Acc: 71.42%
  Batch [1540/5739] Loss: 0.8201 | Acc: 71.48%
  Batch [1550/5739] Loss: 0.8188 | Acc: 71.54%
  Batch [1560/5739] Loss: 0.8209 | Acc: 71.49%
  Batch [1570/5739] Loss: 0.8223 | Acc: 71.51%
  Batch [1580/5739] Loss: 0.8217 | Acc: 71.50%
  Batch [1590/5739] Loss: 0.8226 | Acc: 71.44%
  Batch [1600/5739] Loss: 0.8222 | Acc: 71.44%
  Batch [1610/5739] Loss: 0.8209 | Acc: 71.48%
  Batch [1620/5739] Loss: 0.8205 | Acc: 71.53%
  Batch [1630/5739] Loss: 0.8192 | Acc: 71.57%
  Batch [1640/5739] Loss: 0.8209 | Acc: 71.50%
  Batch [1650/5739] Loss: 0.8202 | Acc: 71.46%
  Batch [1660/5739] Loss: 0.8197 | Acc: 71.45%
  Batch [1670/5739] Loss: 0.8175 | Acc: 71.55%
  Batch [1680/5739] Loss: 0.8183 | Acc: 71.55%
  Batch [1690/5739] Loss: 0.8178 | Acc: 71.56%
  Batch [1700/5739] Loss: 0.8174 | Acc: 71.58%
  Batch [1710/5739] Loss: 0.8170 | Acc: 71.59%
  Batch [1720/5739] Loss: 0.8167 | Acc: 71.60%
  Batch [1730/5739] Loss: 0.8163 | Acc: 71.61%
  Batch [1740/5739] Loss: 0.8167 | Acc: 71.61%
  Batch [1750/5739] Loss: 0.8168 | Acc: 71.59%
  Batch [1760/5739] Loss: 0.8164 | Acc: 71.58%
  Batch [1770/5739] Loss: 0.8181 | Acc: 71.54%
  Batch [1780/5739] Loss: 0.8186 | Acc: 71.53%
  Batch [1790/5739] Loss: 0.8191 | Acc: 71.54%
  Batch [1800/5739] Loss: 0.8181 | Acc: 71.58%
  Batch [1810/5739] Loss: 0.8181 | Acc: 71.60%
  Batch [1820/5739] Loss: 0.8192 | Acc: 71.59%
  Batch [1830/5739] Loss: 0.8202 | Acc: 71.58%
  Batch [1840/5739] Loss: 0.8222 | Acc: 71.58%
  Batch [1850/5739] Loss: 0.8208 | Acc: 71.59%
  Batch [1860/5739] Loss: 0.8228 | Acc: 71.54%
  Batch [1870/5739] Loss: 0.8262 | Acc: 71.48%
  Batch [1880/5739] Loss: 0.8263 | Acc: 71.49%
  Batch [1890/5739] Loss: 0.8259 | Acc: 71.51%
  Batch [1900/5739] Loss: 0.8273 | Acc: 71.42%
  Batch [1910/5739] Loss: 0.8269 | Acc: 71.40%
  Batch [1920/5739] Loss: 0.8261 | Acc: 71.43%
  Batch [1930/5739] Loss: 0.8255 | Acc: 71.45%
  Batch [1940/5739] Loss: 0.8241 | Acc: 71.45%
  Batch [1950/5739] Loss: 0.8221 | Acc: 71.50%
  Batch [1960/5739] Loss: 0.8209 | Acc: 71.52%
  Batch [1970/5739] Loss: 0.8207 | Acc: 71.49%
  Batch [1980/5739] Loss: 0.8201 | Acc: 71.50%
  Batch [1990/5739] Loss: 0.8205 | Acc: 71.52%
  Batch [2000/5739] Loss: 0.8221 | Acc: 71.50%
  Batch [2010/5739] Loss: 0.8225 | Acc: 71.51%
  Batch [2020/5739] Loss: 0.8233 | Acc: 71.48%
  Batch [2030/5739] Loss: 0.8234 | Acc: 71.48%
  Batch [2040/5739] Loss: 0.8239 | Acc: 71.45%
  Batch [2050/5739] Loss: 0.8241 | Acc: 71.43%
  Batch [2060/5739] Loss: 0.8229 | Acc: 71.49%
  Batch [2070/5739] Loss: 0.8221 | Acc: 71.52%
  Batch [2080/5739] Loss: 0.8215 | Acc: 71.55%
  Batch [2090/5739] Loss: 0.8215 | Acc: 71.54%
  Batch [2100/5739] Loss: 0.8212 | Acc: 71.55%
  Batch [2110/5739] Loss: 0.8210 | Acc: 71.56%
  Batch [2120/5739] Loss: 0.8219 | Acc: 71.54%
  Batch [2130/5739] Loss: 0.8233 | Acc: 71.52%
  Batch [2140/5739] Loss: 0.8232 | Acc: 71.52%
  Batch [2150/5739] Loss: 0.8244 | Acc: 71.45%
  Batch [2160/5739] Loss: 0.8238 | Acc: 71.46%
  Batch [2170/5739] Loss: 0.8243 | Acc: 71.41%
  Batch [2180/5739] Loss: 0.8250 | Acc: 71.41%
  Batch [2190/5739] Loss: 0.8270 | Acc: 71.36%
  Batch [2200/5739] Loss: 0.8279 | Acc: 71.34%
  Batch [2210/5739] Loss: 0.8280 | Acc: 71.35%
  Batch [2220/5739] Loss: 0.8264 | Acc: 71.38%
  Batch [2230/5739] Loss: 0.8267 | Acc: 71.37%
  Batch [2240/5739] Loss: 0.8259 | Acc: 71.39%
  Batch [2250/5739] Loss: 0.8261 | Acc: 71.40%
  Batch [2260/5739] Loss: 0.8269 | Acc: 71.39%
  Batch [2270/5739] Loss: 0.8269 | Acc: 71.37%
  Batch [2280/5739] Loss: 0.8273 | Acc: 71.35%
  Batch [2290/5739] Loss: 0.8278 | Acc: 71.30%
  Batch [2300/5739] Loss: 0.8266 | Acc: 71.33%
  Batch [2310/5739] Loss: 0.8278 | Acc: 71.31%
  Batch [2320/5739] Loss: 0.8265 | Acc: 71.35%
  Batch [2330/5739] Loss: 0.8261 | Acc: 71.37%
  Batch [2340/5739] Loss: 0.8260 | Acc: 71.38%
  Batch [2350/5739] Loss: 0.8286 | Acc: 71.33%
  Batch [2360/5739] Loss: 0.8285 | Acc: 71.35%
  Batch [2370/5739] Loss: 0.8277 | Acc: 71.38%
  Batch [2380/5739] Loss: 0.8267 | Acc: 71.41%
  Batch [2390/5739] Loss: 0.8264 | Acc: 71.41%
  Batch [2400/5739] Loss: 0.8267 | Acc: 71.41%
  Batch [2410/5739] Loss: 0.8270 | Acc: 71.41%
  Batch [2420/5739] Loss: 0.8267 | Acc: 71.41%
  Batch [2430/5739] Loss: 0.8259 | Acc: 71.43%
  Batch [2440/5739] Loss: 0.8259 | Acc: 71.44%
  Batch [2450/5739] Loss: 0.8269 | Acc: 71.45%
  Batch [2460/5739] Loss: 0.8267 | Acc: 71.46%
  Batch [2470/5739] Loss: 0.8273 | Acc: 71.43%
  Batch [2480/5739] Loss: 0.8266 | Acc: 71.45%
  Batch [2490/5739] Loss: 0.8274 | Acc: 71.42%
  Batch [2500/5739] Loss: 0.8272 | Acc: 71.44%
  Batch [2510/5739] Loss: 0.8266 | Acc: 71.46%
  Batch [2520/5739] Loss: 0.8268 | Acc: 71.44%
  Batch [2530/5739] Loss: 0.8275 | Acc: 71.42%
  Batch [2540/5739] Loss: 0.8281 | Acc: 71.43%
  Batch [2550/5739] Loss: 0.8277 | Acc: 71.44%
  Batch [2560/5739] Loss: 0.8276 | Acc: 71.43%
  Batch [2570/5739] Loss: 0.8262 | Acc: 71.46%
  Batch [2580/5739] Loss: 0.8259 | Acc: 71.47%
  Batch [2590/5739] Loss: 0.8250 | Acc: 71.46%
  Batch [2600/5739] Loss: 0.8244 | Acc: 71.50%
  Batch [2610/5739] Loss: 0.8253 | Acc: 71.47%
  Batch [2620/5739] Loss: 0.8248 | Acc: 71.49%
  Batch [2630/5739] Loss: 0.8242 | Acc: 71.50%
  Batch [2640/5739] Loss: 0.8239 | Acc: 71.50%
  Batch [2650/5739] Loss: 0.8238 | Acc: 71.50%
  Batch [2660/5739] Loss: 0.8241 | Acc: 71.49%
  Batch [2670/5739] Loss: 0.8239 | Acc: 71.50%
  Batch [2680/5739] Loss: 0.8241 | Acc: 71.50%
  Batch [2690/5739] Loss: 0.8238 | Acc: 71.49%
  Batch [2700/5739] Loss: 0.8237 | Acc: 71.45%
  Batch [2710/5739] Loss: 0.8235 | Acc: 71.46%
  Batch [2720/5739] Loss: 0.8226 | Acc: 71.49%
  Batch [2730/5739] Loss: 0.8215 | Acc: 71.52%
  Batch [2740/5739] Loss: 0.8209 | Acc: 71.51%
  Batch [2750/5739] Loss: 0.8214 | Acc: 71.48%
  Batch [2760/5739] Loss: 0.8218 | Acc: 71.47%
  Batch [2770/5739] Loss: 0.8221 | Acc: 71.45%
  Batch [2780/5739] Loss: 0.8219 | Acc: 71.47%
  Batch [2790/5739] Loss: 0.8231 | Acc: 71.46%
  Batch [2800/5739] Loss: 0.8234 | Acc: 71.43%
  Batch [2810/5739] Loss: 0.8236 | Acc: 71.42%
  Batch [2820/5739] Loss: 0.8239 | Acc: 71.42%
  Batch [2830/5739] Loss: 0.8240 | Acc: 71.42%
  Batch [2840/5739] Loss: 0.8229 | Acc: 71.46%
  Batch [2850/5739] Loss: 0.8232 | Acc: 71.46%
  Batch [2860/5739] Loss: 0.8225 | Acc: 71.51%
  Batch [2870/5739] Loss: 0.8214 | Acc: 71.54%
  Batch [2880/5739] Loss: 0.8206 | Acc: 71.57%
  Batch [2890/5739] Loss: 0.8210 | Acc: 71.56%
  Batch [2900/5739] Loss: 0.8236 | Acc: 71.49%
  Batch [2910/5739] Loss: 0.8236 | Acc: 71.50%
  Batch [2920/5739] Loss: 0.8232 | Acc: 71.51%
  Batch [2930/5739] Loss: 0.8224 | Acc: 71.53%
  Batch [2940/5739] Loss: 0.8221 | Acc: 71.53%
  Batch [2950/5739] Loss: 0.8222 | Acc: 71.51%
  Batch [2960/5739] Loss: 0.8235 | Acc: 71.49%
  Batch [2970/5739] Loss: 0.8235 | Acc: 71.50%
  Batch [2980/5739] Loss: 0.8243 | Acc: 71.47%
  Batch [2990/5739] Loss: 0.8238 | Acc: 71.50%
  Batch [3000/5739] Loss: 0.8246 | Acc: 71.48%
  Batch [3010/5739] Loss: 0.8246 | Acc: 71.47%
  Batch [3020/5739] Loss: 0.8246 | Acc: 71.46%
  Batch [3030/5739] Loss: 0.8252 | Acc: 71.43%
  Batch [3040/5739] Loss: 0.8253 | Acc: 71.41%
  Batch [3050/5739] Loss: 0.8253 | Acc: 71.41%
  Batch [3060/5739] Loss: 0.8249 | Acc: 71.40%
  Batch [3070/5739] Loss: 0.8262 | Acc: 71.38%
  Batch [3080/5739] Loss: 0.8262 | Acc: 71.40%
  Batch [3090/5739] Loss: 0.8267 | Acc: 71.40%
  Batch [3100/5739] Loss: 0.8266 | Acc: 71.40%
  Batch [3110/5739] Loss: 0.8257 | Acc: 71.42%
  Batch [3120/5739] Loss: 0.8252 | Acc: 71.42%
  Batch [3130/5739] Loss: 0.8259 | Acc: 71.39%
  Batch [3140/5739] Loss: 0.8259 | Acc: 71.40%
  Batch [3150/5739] Loss: 0.8257 | Acc: 71.39%
  Batch [3160/5739] Loss: 0.8253 | Acc: 71.39%
  Batch [3170/5739] Loss: 0.8255 | Acc: 71.38%
  Batch [3180/5739] Loss: 0.8254 | Acc: 71.38%
  Batch [3190/5739] Loss: 0.8255 | Acc: 71.38%
  Batch [3200/5739] Loss: 0.8248 | Acc: 71.41%
  Batch [3210/5739] Loss: 0.8240 | Acc: 71.44%
  Batch [3220/5739] Loss: 0.8238 | Acc: 71.44%
  Batch [3230/5739] Loss: 0.8228 | Acc: 71.46%
  Batch [3240/5739] Loss: 0.8235 | Acc: 71.45%
  Batch [3250/5739] Loss: 0.8233 | Acc: 71.46%
  Batch [3260/5739] Loss: 0.8230 | Acc: 71.46%
  Batch [3270/5739] Loss: 0.8234 | Acc: 71.46%
  Batch [3280/5739] Loss: 0.8229 | Acc: 71.48%
  Batch [3290/5739] Loss: 0.8215 | Acc: 71.51%
  Batch [3300/5739] Loss: 0.8218 | Acc: 71.52%
  Batch [3310/5739] Loss: 0.8214 | Acc: 71.53%
  Batch [3320/5739] Loss: 0.8209 | Acc: 71.54%
  Batch [3330/5739] Loss: 0.8203 | Acc: 71.57%
  Batch [3340/5739] Loss: 0.8199 | Acc: 71.61%
  Batch [3350/5739] Loss: 0.8194 | Acc: 71.63%
  Batch [3360/5739] Loss: 0.8189 | Acc: 71.65%
  Batch [3370/5739] Loss: 0.8183 | Acc: 71.66%
  Batch [3380/5739] Loss: 0.8181 | Acc: 71.67%
  Batch [3390/5739] Loss: 0.8190 | Acc: 71.62%
  Batch [3400/5739] Loss: 0.8192 | Acc: 71.62%
  Batch [3410/5739] Loss: 0.8197 | Acc: 71.60%
  Batch [3420/5739] Loss: 0.8199 | Acc: 71.61%
  Batch [3430/5739] Loss: 0.8200 | Acc: 71.60%
  Batch [3440/5739] Loss: 0.8197 | Acc: 71.62%
  Batch [3450/5739] Loss: 0.8205 | Acc: 71.61%
  Batch [3460/5739] Loss: 0.8200 | Acc: 71.63%
  Batch [3470/5739] Loss: 0.8201 | Acc: 71.64%
  Batch [3480/5739] Loss: 0.8201 | Acc: 71.63%
  Batch [3490/5739] Loss: 0.8198 | Acc: 71.62%
  Batch [3500/5739] Loss: 0.8197 | Acc: 71.62%
  Batch [3510/5739] Loss: 0.8195 | Acc: 71.61%
  Batch [3520/5739] Loss: 0.8189 | Acc: 71.62%
  Batch [3530/5739] Loss: 0.8182 | Acc: 71.62%
  Batch [3540/5739] Loss: 0.8183 | Acc: 71.60%
  Batch [3550/5739] Loss: 0.8182 | Acc: 71.58%
  Batch [3560/5739] Loss: 0.8178 | Acc: 71.58%
  Batch [3570/5739] Loss: 0.8179 | Acc: 71.58%
  Batch [3580/5739] Loss: 0.8196 | Acc: 71.57%
  Batch [3590/5739] Loss: 0.8191 | Acc: 71.60%
  Batch [3600/5739] Loss: 0.8194 | Acc: 71.59%
  Batch [3610/5739] Loss: 0.8188 | Acc: 71.61%
  Batch [3620/5739] Loss: 0.8189 | Acc: 71.61%
  Batch [3630/5739] Loss: 0.8188 | Acc: 71.62%
  Batch [3640/5739] Loss: 0.8199 | Acc: 71.60%
  Batch [3650/5739] Loss: 0.8195 | Acc: 71.62%
  Batch [3660/5739] Loss: 0.8193 | Acc: 71.64%
  Batch [3670/5739] Loss: 0.8190 | Acc: 71.64%
  Batch [3680/5739] Loss: 0.8190 | Acc: 71.66%
  Batch [3690/5739] Loss: 0.8192 | Acc: 71.66%
  Batch [3700/5739] Loss: 0.8189 | Acc: 71.66%
  Batch [3710/5739] Loss: 0.8194 | Acc: 71.65%
  Batch [3720/5739] Loss: 0.8194 | Acc: 71.64%
  Batch [3730/5739] Loss: 0.8196 | Acc: 71.64%
  Batch [3740/5739] Loss: 0.8191 | Acc: 71.66%
  Batch [3750/5739] Loss: 0.8190 | Acc: 71.67%
  Batch [3760/5739] Loss: 0.8197 | Acc: 71.67%
  Batch [3770/5739] Loss: 0.8202 | Acc: 71.68%
  Batch [3780/5739] Loss: 0.8199 | Acc: 71.69%
  Batch [3790/5739] Loss: 0.8199 | Acc: 71.71%
  Batch [3800/5739] Loss: 0.8197 | Acc: 71.73%
  Batch [3810/5739] Loss: 0.8197 | Acc: 71.73%
  Batch [3820/5739] Loss: 0.8200 | Acc: 71.72%
  Batch [3830/5739] Loss: 0.8195 | Acc: 71.73%
  Batch [3840/5739] Loss: 0.8189 | Acc: 71.74%
  Batch [3850/5739] Loss: 0.8193 | Acc: 71.74%
  Batch [3860/5739] Loss: 0.8190 | Acc: 71.75%
  Batch [3870/5739] Loss: 0.8192 | Acc: 71.74%
  Batch [3880/5739] Loss: 0.8194 | Acc: 71.74%
  Batch [3890/5739] Loss: 0.8200 | Acc: 71.74%
  Batch [3900/5739] Loss: 0.8197 | Acc: 71.76%
  Batch [3910/5739] Loss: 0.8198 | Acc: 71.77%
  Batch [3920/5739] Loss: 0.8193 | Acc: 71.77%
  Batch [3930/5739] Loss: 0.8186 | Acc: 71.79%
  Batch [3940/5739] Loss: 0.8187 | Acc: 71.78%
  Batch [3950/5739] Loss: 0.8186 | Acc: 71.79%
  Batch [3960/5739] Loss: 0.8183 | Acc: 71.82%
  Batch [3970/5739] Loss: 0.8182 | Acc: 71.82%
  Batch [3980/5739] Loss: 0.8189 | Acc: 71.81%
  Batch [3990/5739] Loss: 0.8194 | Acc: 71.80%
  Batch [4000/5739] Loss: 0.8192 | Acc: 71.80%
  Batch [4010/5739] Loss: 0.8185 | Acc: 71.81%
  Batch [4020/5739] Loss: 0.8193 | Acc: 71.81%
  Batch [4030/5739] Loss: 0.8184 | Acc: 71.83%
  Batch [4040/5739] Loss: 0.8189 | Acc: 71.83%
  Batch [4050/5739] Loss: 0.8184 | Acc: 71.84%
  Batch [4060/5739] Loss: 0.8180 | Acc: 71.84%
  Batch [4070/5739] Loss: 0.8174 | Acc: 71.86%
  Batch [4080/5739] Loss: 0.8165 | Acc: 71.87%
  Batch [4090/5739] Loss: 0.8156 | Acc: 71.90%
  Batch [4100/5739] Loss: 0.8159 | Acc: 71.89%
  Batch [4110/5739] Loss: 0.8154 | Acc: 71.90%
  Batch [4120/5739] Loss: 0.8156 | Acc: 71.88%
  Batch [4130/5739] Loss: 0.8157 | Acc: 71.87%
  Batch [4140/5739] Loss: 0.8156 | Acc: 71.89%
  Batch [4150/5739] Loss: 0.8165 | Acc: 71.87%
  Batch [4160/5739] Loss: 0.8167 | Acc: 71.88%
  Batch [4170/5739] Loss: 0.8160 | Acc: 71.88%
  Batch [4180/5739] Loss: 0.8159 | Acc: 71.91%
  Batch [4190/5739] Loss: 0.8162 | Acc: 71.90%
  Batch [4200/5739] Loss: 0.8164 | Acc: 71.89%
  Batch [4210/5739] Loss: 0.8161 | Acc: 71.91%
  Batch [4220/5739] Loss: 0.8170 | Acc: 71.90%
  Batch [4230/5739] Loss: 0.8166 | Acc: 71.91%
  Batch [4240/5739] Loss: 0.8160 | Acc: 71.93%
  Batch [4250/5739] Loss: 0.8166 | Acc: 71.95%
  Batch [4260/5739] Loss: 0.8168 | Acc: 71.94%
  Batch [4270/5739] Loss: 0.8165 | Acc: 71.94%
  Batch [4280/5739] Loss: 0.8161 | Acc: 71.95%
  Batch [4290/5739] Loss: 0.8155 | Acc: 71.97%
  Batch [4300/5739] Loss: 0.8155 | Acc: 71.98%
  Batch [4310/5739] Loss: 0.8155 | Acc: 71.97%
  Batch [4320/5739] Loss: 0.8157 | Acc: 71.97%
  Batch [4330/5739] Loss: 0.8151 | Acc: 71.99%
  Batch [4340/5739] Loss: 0.8155 | Acc: 71.98%
  Batch [4350/5739] Loss: 0.8153 | Acc: 71.99%
  Batch [4360/5739] Loss: 0.8149 | Acc: 72.00%
  Batch [4370/5739] Loss: 0.8154 | Acc: 72.01%
  Batch [4380/5739] Loss: 0.8152 | Acc: 72.02%
  Batch [4390/5739] Loss: 0.8152 | Acc: 72.02%
  Batch [4400/5739] Loss: 0.8150 | Acc: 72.02%
  Batch [4410/5739] Loss: 0.8150 | Acc: 72.01%
  Batch [4420/5739] Loss: 0.8152 | Acc: 71.99%
  Batch [4430/5739] Loss: 0.8158 | Acc: 71.98%
  Batch [4440/5739] Loss: 0.8157 | Acc: 71.95%
  Batch [4450/5739] Loss: 0.8159 | Acc: 71.94%
  Batch [4460/5739] Loss: 0.8154 | Acc: 71.95%
  Batch [4470/5739] Loss: 0.8155 | Acc: 71.95%
  Batch [4480/5739] Loss: 0.8158 | Acc: 71.96%
  Batch [4490/5739] Loss: 0.8155 | Acc: 71.97%
  Batch [4500/5739] Loss: 0.8150 | Acc: 71.99%
  Batch [4510/5739] Loss: 0.8153 | Acc: 71.98%
  Batch [4520/5739] Loss: 0.8151 | Acc: 71.99%
  Batch [4530/5739] Loss: 0.8141 | Acc: 72.01%
  Batch [4540/5739] Loss: 0.8143 | Acc: 72.00%
  Batch [4550/5739] Loss: 0.8146 | Acc: 71.97%
  Batch [4560/5739] Loss: 0.8143 | Acc: 71.99%
  Batch [4570/5739] Loss: 0.8145 | Acc: 72.00%
  Batch [4580/5739] Loss: 0.8149 | Acc: 72.01%
  Batch [4590/5739] Loss: 0.8147 | Acc: 72.01%
  Batch [4600/5739] Loss: 0.8158 | Acc: 72.02%
  Batch [4610/5739] Loss: 0.8162 | Acc: 72.00%
  Batch [4620/5739] Loss: 0.8158 | Acc: 72.01%
  Batch [4630/5739] Loss: 0.8164 | Acc: 72.01%
  Batch [4640/5739] Loss: 0.8163 | Acc: 72.01%
  Batch [4650/5739] Loss: 0.8162 | Acc: 72.00%
  Batch [4660/5739] Loss: 0.8160 | Acc: 72.01%
  Batch [4670/5739] Loss: 0.8158 | Acc: 72.02%
  Batch [4680/5739] Loss: 0.8157 | Acc: 72.02%
  Batch [4690/5739] Loss: 0.8155 | Acc: 72.02%
  Batch [4700/5739] Loss: 0.8158 | Acc: 72.01%
  Batch [4710/5739] Loss: 0.8163 | Acc: 72.01%
  Batch [4720/5739] Loss: 0.8162 | Acc: 72.01%
  Batch [4730/5739] Loss: 0.8167 | Acc: 72.00%
  Batch [4740/5739] Loss: 0.8164 | Acc: 72.00%
  Batch [4750/5739] Loss: 0.8162 | Acc: 72.01%
  Batch [4760/5739] Loss: 0.8157 | Acc: 72.02%
  Batch [4770/5739] Loss: 0.8160 | Acc: 72.03%
  Batch [4780/5739] Loss: 0.8160 | Acc: 72.02%
  Batch [4790/5739] Loss: 0.8158 | Acc: 72.02%
  Batch [4800/5739] Loss: 0.8158 | Acc: 72.01%
  Batch [4810/5739] Loss: 0.8157 | Acc: 72.00%
  Batch [4820/5739] Loss: 0.8156 | Acc: 72.01%
  Batch [4830/5739] Loss: 0.8155 | Acc: 72.02%
  Batch [4840/5739] Loss: 0.8154 | Acc: 72.03%
  Batch [4850/5739] Loss: 0.8166 | Acc: 72.00%
  Batch [4860/5739] Loss: 0.8166 | Acc: 72.01%
  Batch [4870/5739] Loss: 0.8170 | Acc: 72.00%
  Batch [4880/5739] Loss: 0.8172 | Acc: 72.00%
  Batch [4890/5739] Loss: 0.8170 | Acc: 72.01%
  Batch [4900/5739] Loss: 0.8170 | Acc: 72.02%
  Batch [4910/5739] Loss: 0.8165 | Acc: 72.04%
  Batch [4920/5739] Loss: 0.8161 | Acc: 72.05%
  Batch [4930/5739] Loss: 0.8163 | Acc: 72.04%
  Batch [4940/5739] Loss: 0.8161 | Acc: 72.04%
  Batch [4950/5739] Loss: 0.8156 | Acc: 72.06%
  Batch [4960/5739] Loss: 0.8154 | Acc: 72.07%
  Batch [4970/5739] Loss: 0.8152 | Acc: 72.08%
  Batch [4980/5739] Loss: 0.8155 | Acc: 72.07%
  Batch [4990/5739] Loss: 0.8157 | Acc: 72.07%
  Batch [5000/5739] Loss: 0.8162 | Acc: 72.07%
  Batch [5010/5739] Loss: 0.8163 | Acc: 72.07%
  Batch [5020/5739] Loss: 0.8161 | Acc: 72.06%
  Batch [5030/5739] Loss: 0.8160 | Acc: 72.06%
  Batch [5040/5739] Loss: 0.8156 | Acc: 72.09%
  Batch [5050/5739] Loss: 0.8158 | Acc: 72.07%
  Batch [5060/5739] Loss: 0.8162 | Acc: 72.05%
  Batch [5070/5739] Loss: 0.8158 | Acc: 72.07%
  Batch [5080/5739] Loss: 0.8163 | Acc: 72.06%
  Batch [5090/5739] Loss: 0.8170 | Acc: 72.04%
  Batch [5100/5739] Loss: 0.8171 | Acc: 72.03%
  Batch [5110/5739] Loss: 0.8171 | Acc: 72.02%
  Batch [5120/5739] Loss: 0.8172 | Acc: 72.03%
  Batch [5130/5739] Loss: 0.8170 | Acc: 72.03%
  Batch [5140/5739] Loss: 0.8180 | Acc: 72.00%
  Batch [5150/5739] Loss: 0.8176 | Acc: 72.02%
  Batch [5160/5739] Loss: 0.8172 | Acc: 72.02%
  Batch [5170/5739] Loss: 0.8170 | Acc: 72.02%
  Batch [5180/5739] Loss: 0.8166 | Acc: 72.02%
  Batch [5190/5739] Loss: 0.8168 | Acc: 72.01%
  Batch [5200/5739] Loss: 0.8166 | Acc: 72.03%
  Batch [5210/5739] Loss: 0.8172 | Acc: 72.02%
  Batch [5220/5739] Loss: 0.8172 | Acc: 72.03%
  Batch [5230/5739] Loss: 0.8171 | Acc: 72.02%
  Batch [5240/5739] Loss: 0.8171 | Acc: 72.01%
  Batch [5250/5739] Loss: 0.8166 | Acc: 72.02%
  Batch [5260/5739] Loss: 0.8166 | Acc: 72.02%
  Batch [5270/5739] Loss: 0.8166 | Acc: 72.03%
  Batch [5280/5739] Loss: 0.8166 | Acc: 72.01%
  Batch [5290/5739] Loss: 0.8173 | Acc: 72.00%
  Batch [5300/5739] Loss: 0.8176 | Acc: 72.00%
  Batch [5310/5739] Loss: 0.8173 | Acc: 71.99%
  Batch [5320/5739] Loss: 0.8177 | Acc: 71.97%
  Batch [5330/5739] Loss: 0.8180 | Acc: 71.95%
  Batch [5340/5739] Loss: 0.8180 | Acc: 71.93%
  Batch [5350/5739] Loss: 0.8180 | Acc: 71.92%
  Batch [5360/5739] Loss: 0.8179 | Acc: 71.92%
  Batch [5370/5739] Loss: 0.8178 | Acc: 71.91%
  Batch [5380/5739] Loss: 0.8183 | Acc: 71.90%
  Batch [5390/5739] Loss: 0.8181 | Acc: 71.88%
  Batch [5400/5739] Loss: 0.8181 | Acc: 71.88%
  Batch [5410/5739] Loss: 0.8178 | Acc: 71.88%
  Batch [5420/5739] Loss: 0.8180 | Acc: 71.86%
  Batch [5430/5739] Loss: 0.8178 | Acc: 71.87%
  Batch [5440/5739] Loss: 0.8180 | Acc: 71.86%
  Batch [5450/5739] Loss: 0.8179 | Acc: 71.85%
  Batch [5460/5739] Loss: 0.8179 | Acc: 71.84%
  Batch [5470/5739] Loss: 0.8180 | Acc: 71.85%
  Batch [5480/5739] Loss: 0.8176 | Acc: 71.86%
  Batch [5490/5739] Loss: 0.8181 | Acc: 71.85%
  Batch [5500/5739] Loss: 0.8183 | Acc: 71.82%
  Batch [5510/5739] Loss: 0.8184 | Acc: 71.83%
  Batch [5520/5739] Loss: 0.8181 | Acc: 71.84%
  Batch [5530/5739] Loss: 0.8181 | Acc: 71.83%
  Batch [5540/5739] Loss: 0.8184 | Acc: 71.83%
  Batch [5550/5739] Loss: 0.8185 | Acc: 71.82%
  Batch [5560/5739] Loss: 0.8192 | Acc: 71.81%
  Batch [5570/5739] Loss: 0.8190 | Acc: 71.81%
  Batch [5580/5739] Loss: 0.8186 | Acc: 71.82%
  Batch [5590/5739] Loss: 0.8183 | Acc: 71.82%
  Batch [5600/5739] Loss: 0.8186 | Acc: 71.81%
  Batch [5610/5739] Loss: 0.8190 | Acc: 71.80%
  Batch [5620/5739] Loss: 0.8193 | Acc: 71.79%
  Batch [5630/5739] Loss: 0.8189 | Acc: 71.80%
  Batch [5640/5739] Loss: 0.8190 | Acc: 71.81%
  Batch [5650/5739] Loss: 0.8191 | Acc: 71.81%
  Batch [5660/5739] Loss: 0.8190 | Acc: 71.82%
  Batch [5670/5739] Loss: 0.8190 | Acc: 71.83%
  Batch [5680/5739] Loss: 0.8187 | Acc: 71.83%
  Batch [5690/5739] Loss: 0.8186 | Acc: 71.83%
  Batch [5700/5739] Loss: 0.8182 | Acc: 71.84%
  Batch [5710/5739] Loss: 0.8179 | Acc: 71.85%
  Batch [5720/5739] Loss: 0.8180 | Acc: 71.84%
  Batch [5730/5739] Loss: 0.8179 | Acc: 71.83%

======================================================================
Epoch 8 Summary:
  Train Loss: 0.8177 | Train Acc: 71.83%
  Val Loss:   1.8821 | Val Acc:   51.11%
  Learning Rate: 0.000100
  Time: 157.2s
======================================================================

Epoch [9/50]
----------------------------------------------------------------------
  Batch [10/5739] Loss: 0.9364 | Acc: 68.00%
  Batch [20/5739] Loss: 0.7830 | Acc: 70.50%
  Batch [30/5739] Loss: 0.7128 | Acc: 74.67%
  Batch [40/5739] Loss: 0.6655 | Acc: 75.62%
  Batch [50/5739] Loss: 0.6698 | Acc: 76.20%
  Batch [60/5739] Loss: 0.6517 | Acc: 74.67%
  Batch [70/5739] Loss: 0.6899 | Acc: 73.36%
  Batch [80/5739] Loss: 0.6792 | Acc: 73.38%
  Batch [90/5739] Loss: 0.6921 | Acc: 72.44%
  Batch [100/5739] Loss: 0.7092 | Acc: 71.90%
  Batch [110/5739] Loss: 0.7311 | Acc: 71.86%
  Batch [120/5739] Loss: 0.7172 | Acc: 72.58%
  Batch [130/5739] Loss: 0.7194 | Acc: 72.65%
  Batch [140/5739] Loss: 0.7271 | Acc: 72.64%
  Batch [150/5739] Loss: 0.7365 | Acc: 72.27%
  Batch [160/5739] Loss: 0.7509 | Acc: 72.47%
  Batch [170/5739] Loss: 0.7366 | Acc: 73.15%
  Batch [180/5739] Loss: 0.7432 | Acc: 73.00%
  Batch [190/5739] Loss: 0.7380 | Acc: 73.08%
  Batch [200/5739] Loss: 0.7567 | Acc: 72.90%
  Batch [210/5739] Loss: 0.7648 | Acc: 72.60%
  Batch [220/5739] Loss: 0.7674 | Acc: 72.68%
  Batch [230/5739] Loss: 0.7689 | Acc: 72.76%
  Batch [240/5739] Loss: 0.7702 | Acc: 72.54%
  Batch [250/5739] Loss: 0.7776 | Acc: 72.40%
  Batch [260/5739] Loss: 0.7780 | Acc: 72.33%
  Batch [270/5739] Loss: 0.7917 | Acc: 72.13%
  Batch [280/5739] Loss: 0.7892 | Acc: 72.11%
  Batch [290/5739] Loss: 0.7879 | Acc: 72.21%
  Batch [300/5739] Loss: 0.7923 | Acc: 72.15%
  Batch [310/5739] Loss: 0.7847 | Acc: 72.26%
  Batch [320/5739] Loss: 0.8006 | Acc: 72.12%
  Batch [330/5739] Loss: 0.7988 | Acc: 71.94%
  Batch [340/5739] Loss: 0.7921 | Acc: 72.12%
  Batch [350/5739] Loss: 0.8004 | Acc: 71.81%
  Batch [360/5739] Loss: 0.8033 | Acc: 71.74%
  Batch [370/5739] Loss: 0.7986 | Acc: 71.89%
  Batch [380/5739] Loss: 0.7935 | Acc: 72.08%
  Batch [390/5739] Loss: 0.8039 | Acc: 71.96%
  Batch [400/5739] Loss: 0.8019 | Acc: 71.83%
  Batch [410/5739] Loss: 0.8052 | Acc: 71.68%
  Batch [420/5739] Loss: 0.8009 | Acc: 71.79%
  Batch [430/5739] Loss: 0.8035 | Acc: 71.62%
  Batch [440/5739] Loss: 0.7975 | Acc: 71.56%
  Batch [450/5739] Loss: 0.7991 | Acc: 71.59%
  Batch [460/5739] Loss: 0.8000 | Acc: 71.68%
  Batch [470/5739] Loss: 0.7906 | Acc: 71.94%
  Batch [480/5739] Loss: 0.7890 | Acc: 72.09%
  Batch [490/5739] Loss: 0.7850 | Acc: 72.12%
  Batch [500/5739] Loss: 0.7863 | Acc: 72.11%
  Batch [510/5739] Loss: 0.7825 | Acc: 72.22%
  Batch [520/5739] Loss: 0.7847 | Acc: 72.34%
  Batch [530/5739] Loss: 0.7826 | Acc: 72.38%
  Batch [540/5739] Loss: 0.7809 | Acc: 72.45%
  Batch [550/5739] Loss: 0.7767 | Acc: 72.59%
  Batch [560/5739] Loss: 0.7722 | Acc: 72.72%
  Batch [570/5739] Loss: 0.7686 | Acc: 72.80%
  Batch [580/5739] Loss: 0.7676 | Acc: 72.84%
  Batch [590/5739] Loss: 0.7634 | Acc: 72.87%
  Batch [600/5739] Loss: 0.7657 | Acc: 72.80%
  Batch [610/5739] Loss: 0.7680 | Acc: 72.82%
  Batch [620/5739] Loss: 0.7677 | Acc: 72.81%
  Batch [630/5739] Loss: 0.7698 | Acc: 72.78%
  Batch [640/5739] Loss: 0.7703 | Acc: 72.69%
  Batch [650/5739] Loss: 0.7756 | Acc: 72.60%
  Batch [660/5739] Loss: 0.7802 | Acc: 72.58%
  Batch [670/5739] Loss: 0.7796 | Acc: 72.62%
  Batch [680/5739] Loss: 0.7847 | Acc: 72.46%
  Batch [690/5739] Loss: 0.7909 | Acc: 72.51%
  Batch [700/5739] Loss: 0.7916 | Acc: 72.46%
  Batch [710/5739] Loss: 0.7877 | Acc: 72.57%
  Batch [720/5739] Loss: 0.7914 | Acc: 72.53%
  Batch [730/5739] Loss: 0.7911 | Acc: 72.51%
  Batch [740/5739] Loss: 0.7904 | Acc: 72.59%
  Batch [750/5739] Loss: 0.7900 | Acc: 72.70%
  Batch [760/5739] Loss: 0.7896 | Acc: 72.78%
  Batch [770/5739] Loss: 0.7877 | Acc: 72.88%
  Batch [780/5739] Loss: 0.7866 | Acc: 72.90%
  Batch [790/5739] Loss: 0.7866 | Acc: 72.99%
  Batch [800/5739] Loss: 0.7866 | Acc: 73.03%
  Batch [810/5739] Loss: 0.7866 | Acc: 72.99%
  Batch [820/5739] Loss: 0.7839 | Acc: 73.03%
  Batch [830/5739] Loss: 0.7833 | Acc: 73.09%
  Batch [840/5739] Loss: 0.7841 | Acc: 73.01%
  Batch [850/5739] Loss: 0.7834 | Acc: 73.08%
  Batch [860/5739] Loss: 0.7860 | Acc: 73.08%
  Batch [870/5739] Loss: 0.7846 | Acc: 73.10%
  Batch [880/5739] Loss: 0.7842 | Acc: 73.14%
  Batch [890/5739] Loss: 0.7840 | Acc: 73.15%
  Batch [900/5739] Loss: 0.7831 | Acc: 73.16%
  Batch [910/5739] Loss: 0.7823 | Acc: 73.20%
  Batch [920/5739] Loss: 0.7798 | Acc: 73.22%
  Batch [930/5739] Loss: 0.7806 | Acc: 73.15%
  Batch [940/5739] Loss: 0.7791 | Acc: 73.18%
  Batch [950/5739] Loss: 0.7808 | Acc: 73.11%
  Batch [960/5739] Loss: 0.7790 | Acc: 73.14%
  Batch [970/5739] Loss: 0.7773 | Acc: 73.13%
  Batch [980/5739] Loss: 0.7756 | Acc: 73.18%
  Batch [990/5739] Loss: 0.7762 | Acc: 73.11%
  Batch [1000/5739] Loss: 0.7771 | Acc: 73.07%
  Batch [1010/5739] Loss: 0.7759 | Acc: 73.12%
  Batch [1020/5739] Loss: 0.7779 | Acc: 73.04%
  Batch [1030/5739] Loss: 0.7768 | Acc: 73.06%
  Batch [1040/5739] Loss: 0.7788 | Acc: 73.07%
  Batch [1050/5739] Loss: 0.7779 | Acc: 73.10%
  Batch [1060/5739] Loss: 0.7773 | Acc: 73.13%
  Batch [1070/5739] Loss: 0.7765 | Acc: 73.21%
  Batch [1080/5739] Loss: 0.7762 | Acc: 73.26%
  Batch [1090/5739] Loss: 0.7754 | Acc: 73.29%
  Batch [1100/5739] Loss: 0.7751 | Acc: 73.30%
  Batch [1110/5739] Loss: 0.7748 | Acc: 73.27%
  Batch [1120/5739] Loss: 0.7752 | Acc: 73.27%
  Batch [1130/5739] Loss: 0.7740 | Acc: 73.26%
  Batch [1140/5739] Loss: 0.7743 | Acc: 73.27%
  Batch [1150/5739] Loss: 0.7717 | Acc: 73.32%
  Batch [1160/5739] Loss: 0.7700 | Acc: 73.38%
  Batch [1170/5739] Loss: 0.7714 | Acc: 73.34%
  Batch [1180/5739] Loss: 0.7723 | Acc: 73.36%
  Batch [1190/5739] Loss: 0.7734 | Acc: 73.36%
  Batch [1200/5739] Loss: 0.7744 | Acc: 73.31%
  Batch [1210/5739] Loss: 0.7738 | Acc: 73.38%
  Batch [1220/5739] Loss: 0.7726 | Acc: 73.40%
  Batch [1230/5739] Loss: 0.7730 | Acc: 73.39%
  Batch [1240/5739] Loss: 0.7709 | Acc: 73.46%
  Batch [1250/5739] Loss: 0.7688 | Acc: 73.55%
  Batch [1260/5739] Loss: 0.7676 | Acc: 73.60%
  Batch [1270/5739] Loss: 0.7657 | Acc: 73.69%
  Batch [1280/5739] Loss: 0.7639 | Acc: 73.72%
  Batch [1290/5739] Loss: 0.7651 | Acc: 73.69%
  Batch [1300/5739] Loss: 0.7642 | Acc: 73.76%
  Batch [1310/5739] Loss: 0.7616 | Acc: 73.84%
  Batch [1320/5739] Loss: 0.7628 | Acc: 73.80%
  Batch [1330/5739] Loss: 0.7651 | Acc: 73.82%
  Batch [1340/5739] Loss: 0.7659 | Acc: 73.82%
  Batch [1350/5739] Loss: 0.7653 | Acc: 73.85%
  Batch [1360/5739] Loss: 0.7653 | Acc: 73.85%
  Batch [1370/5739] Loss: 0.7659 | Acc: 73.82%
  Batch [1380/5739] Loss: 0.7658 | Acc: 73.74%
  Batch [1390/5739] Loss: 0.7644 | Acc: 73.76%
  Batch [1400/5739] Loss: 0.7625 | Acc: 73.79%
  Batch [1410/5739] Loss: 0.7623 | Acc: 73.80%
  Batch [1420/5739] Loss: 0.7621 | Acc: 73.80%
  Batch [1430/5739] Loss: 0.7615 | Acc: 73.82%
  Batch [1440/5739] Loss: 0.7621 | Acc: 73.86%
  Batch [1450/5739] Loss: 0.7634 | Acc: 73.81%
  Batch [1460/5739] Loss: 0.7628 | Acc: 73.81%
  Batch [1470/5739] Loss: 0.7653 | Acc: 73.77%
  Batch [1480/5739] Loss: 0.7658 | Acc: 73.76%
  Batch [1490/5739] Loss: 0.7699 | Acc: 73.63%
  Batch [1500/5739] Loss: 0.7704 | Acc: 73.63%
  Batch [1510/5739] Loss: 0.7711 | Acc: 73.59%
  Batch [1520/5739] Loss: 0.7711 | Acc: 73.54%
  Batch [1530/5739] Loss: 0.7716 | Acc: 73.50%
  Batch [1540/5739] Loss: 0.7722 | Acc: 73.50%
  Batch [1550/5739] Loss: 0.7730 | Acc: 73.44%
  Batch [1560/5739] Loss: 0.7714 | Acc: 73.49%
  Batch [1570/5739] Loss: 0.7700 | Acc: 73.54%
  Batch [1580/5739] Loss: 0.7690 | Acc: 73.57%
  Batch [1590/5739] Loss: 0.7687 | Acc: 73.59%
  Batch [1600/5739] Loss: 0.7687 | Acc: 73.60%
  Batch [1610/5739] Loss: 0.7702 | Acc: 73.57%
  Batch [1620/5739] Loss: 0.7704 | Acc: 73.56%
  Batch [1630/5739] Loss: 0.7693 | Acc: 73.59%
  Batch [1640/5739] Loss: 0.7704 | Acc: 73.55%
  Batch [1650/5739] Loss: 0.7696 | Acc: 73.61%
  Batch [1660/5739] Loss: 0.7711 | Acc: 73.57%
  Batch [1670/5739] Loss: 0.7733 | Acc: 73.53%
  Batch [1680/5739] Loss: 0.7733 | Acc: 73.54%
  Batch [1690/5739] Loss: 0.7736 | Acc: 73.54%
  Batch [1700/5739] Loss: 0.7731 | Acc: 73.50%
  Batch [1710/5739] Loss: 0.7735 | Acc: 73.50%
  Batch [1720/5739] Loss: 0.7728 | Acc: 73.51%
  Batch [1730/5739] Loss: 0.7724 | Acc: 73.48%
  Batch [1740/5739] Loss: 0.7722 | Acc: 73.49%
  Batch [1750/5739] Loss: 0.7728 | Acc: 73.47%
  Batch [1760/5739] Loss: 0.7730 | Acc: 73.45%
  Batch [1770/5739] Loss: 0.7731 | Acc: 73.45%
  Batch [1780/5739] Loss: 0.7728 | Acc: 73.46%
  Batch [1790/5739] Loss: 0.7748 | Acc: 73.36%
  Batch [1800/5739] Loss: 0.7746 | Acc: 73.36%
  Batch [1810/5739] Loss: 0.7748 | Acc: 73.34%
  Batch [1820/5739] Loss: 0.7733 | Acc: 73.36%
  Batch [1830/5739] Loss: 0.7732 | Acc: 73.37%
  Batch [1840/5739] Loss: 0.7721 | Acc: 73.39%
  Batch [1850/5739] Loss: 0.7727 | Acc: 73.39%
  Batch [1860/5739] Loss: 0.7729 | Acc: 73.38%
  Batch [1870/5739] Loss: 0.7724 | Acc: 73.40%
  Batch [1880/5739] Loss: 0.7712 | Acc: 73.42%
  Batch [1890/5739] Loss: 0.7727 | Acc: 73.39%
  Batch [1900/5739] Loss: 0.7728 | Acc: 73.37%
  Batch [1910/5739] Loss: 0.7715 | Acc: 73.43%
  Batch [1920/5739] Loss: 0.7716 | Acc: 73.44%
  Batch [1930/5739] Loss: 0.7712 | Acc: 73.44%
  Batch [1940/5739] Loss: 0.7718 | Acc: 73.40%
  Batch [1950/5739] Loss: 0.7725 | Acc: 73.39%
  Batch [1960/5739] Loss: 0.7731 | Acc: 73.36%
  Batch [1970/5739] Loss: 0.7731 | Acc: 73.37%
  Batch [1980/5739] Loss: 0.7731 | Acc: 73.34%
  Batch [1990/5739] Loss: 0.7711 | Acc: 73.39%
  Batch [2000/5739] Loss: 0.7737 | Acc: 73.28%
  Batch [2010/5739] Loss: 0.7749 | Acc: 73.20%
  Batch [2020/5739] Loss: 0.7741 | Acc: 73.25%
  Batch [2030/5739] Loss: 0.7734 | Acc: 73.26%
  Batch [2040/5739] Loss: 0.7733 | Acc: 73.28%
  Batch [2050/5739] Loss: 0.7738 | Acc: 73.27%
  Batch [2060/5739] Loss: 0.7735 | Acc: 73.29%
  Batch [2070/5739] Loss: 0.7743 | Acc: 73.26%
  Batch [2080/5739] Loss: 0.7738 | Acc: 73.29%
  Batch [2090/5739] Loss: 0.7732 | Acc: 73.31%
  Batch [2100/5739] Loss: 0.7747 | Acc: 73.30%
  Batch [2110/5739] Loss: 0.7737 | Acc: 73.32%
  Batch [2120/5739] Loss: 0.7732 | Acc: 73.31%
  Batch [2130/5739] Loss: 0.7729 | Acc: 73.30%
  Batch [2140/5739] Loss: 0.7732 | Acc: 73.31%
  Batch [2150/5739] Loss: 0.7722 | Acc: 73.32%
  Batch [2160/5739] Loss: 0.7715 | Acc: 73.33%
  Batch [2170/5739] Loss: 0.7712 | Acc: 73.34%
  Batch [2180/5739] Loss: 0.7709 | Acc: 73.35%
  Batch [2190/5739] Loss: 0.7722 | Acc: 73.30%
  Batch [2200/5739] Loss: 0.7718 | Acc: 73.29%
  Batch [2210/5739] Loss: 0.7735 | Acc: 73.24%
  Batch [2220/5739] Loss: 0.7737 | Acc: 73.21%
  Batch [2230/5739] Loss: 0.7738 | Acc: 73.19%
  Batch [2240/5739] Loss: 0.7744 | Acc: 73.17%
  Batch [2250/5739] Loss: 0.7761 | Acc: 73.16%
  Batch [2260/5739] Loss: 0.7767 | Acc: 73.12%
  Batch [2270/5739] Loss: 0.7786 | Acc: 73.11%
  Batch [2280/5739] Loss: 0.7783 | Acc: 73.11%
  Batch [2290/5739] Loss: 0.7776 | Acc: 73.09%
  Batch [2300/5739] Loss: 0.7772 | Acc: 73.10%
  Batch [2310/5739] Loss: 0.7765 | Acc: 73.16%
  Batch [2320/5739] Loss: 0.7770 | Acc: 73.11%
  Batch [2330/5739] Loss: 0.7774 | Acc: 73.11%
  Batch [2340/5739] Loss: 0.7785 | Acc: 73.07%
  Batch [2350/5739] Loss: 0.7782 | Acc: 73.09%
  Batch [2360/5739] Loss: 0.7777 | Acc: 73.11%
  Batch [2370/5739] Loss: 0.7777 | Acc: 73.12%
  Batch [2380/5739] Loss: 0.7771 | Acc: 73.12%
  Batch [2390/5739] Loss: 0.7769 | Acc: 73.13%
  Batch [2400/5739] Loss: 0.7764 | Acc: 73.15%
  Batch [2410/5739] Loss: 0.7761 | Acc: 73.18%
  Batch [2420/5739] Loss: 0.7767 | Acc: 73.18%
  Batch [2430/5739] Loss: 0.7768 | Acc: 73.16%
  Batch [2440/5739] Loss: 0.7766 | Acc: 73.20%
  Batch [2450/5739] Loss: 0.7758 | Acc: 73.24%
  Batch [2460/5739] Loss: 0.7758 | Acc: 73.25%
  Batch [2470/5739] Loss: 0.7761 | Acc: 73.27%
  Batch [2480/5739] Loss: 0.7755 | Acc: 73.30%
  Batch [2490/5739] Loss: 0.7750 | Acc: 73.30%
  Batch [2500/5739] Loss: 0.7772 | Acc: 73.28%
  Batch [2510/5739] Loss: 0.7767 | Acc: 73.30%
  Batch [2520/5739] Loss: 0.7764 | Acc: 73.29%
  Batch [2530/5739] Loss: 0.7760 | Acc: 73.28%
  Batch [2540/5739] Loss: 0.7750 | Acc: 73.29%
  Batch [2550/5739] Loss: 0.7744 | Acc: 73.31%
  Batch [2560/5739] Loss: 0.7736 | Acc: 73.34%
  Batch [2570/5739] Loss: 0.7728 | Acc: 73.36%
  Batch [2580/5739] Loss: 0.7720 | Acc: 73.37%
  Batch [2590/5739] Loss: 0.7735 | Acc: 73.35%
  Batch [2600/5739] Loss: 0.7725 | Acc: 73.37%
  Batch [2610/5739] Loss: 0.7718 | Acc: 73.37%
  Batch [2620/5739] Loss: 0.7729 | Acc: 73.36%
  Batch [2630/5739] Loss: 0.7716 | Acc: 73.39%
  Batch [2640/5739] Loss: 0.7713 | Acc: 73.39%
  Batch [2650/5739] Loss: 0.7718 | Acc: 73.37%
  Batch [2660/5739] Loss: 0.7717 | Acc: 73.37%
  Batch [2670/5739] Loss: 0.7732 | Acc: 73.34%
  Batch [2680/5739] Loss: 0.7741 | Acc: 73.30%
  Batch [2690/5739] Loss: 0.7744 | Acc: 73.28%
  Batch [2700/5739] Loss: 0.7748 | Acc: 73.27%
  Batch [2710/5739] Loss: 0.7742 | Acc: 73.27%
  Batch [2720/5739] Loss: 0.7734 | Acc: 73.29%
  Batch [2730/5739] Loss: 0.7734 | Acc: 73.29%
  Batch [2740/5739] Loss: 0.7730 | Acc: 73.28%
  Batch [2750/5739] Loss: 0.7730 | Acc: 73.29%
  Batch [2760/5739] Loss: 0.7729 | Acc: 73.29%
  Batch [2770/5739] Loss: 0.7733 | Acc: 73.26%
  Batch [2780/5739] Loss: 0.7732 | Acc: 73.24%
  Batch [2790/5739] Loss: 0.7723 | Acc: 73.26%
  Batch [2800/5739] Loss: 0.7728 | Acc: 73.25%
  Batch [2810/5739] Loss: 0.7718 | Acc: 73.29%
  Batch [2820/5739] Loss: 0.7720 | Acc: 73.25%
  Batch [2830/5739] Loss: 0.7714 | Acc: 73.28%
  Batch [2840/5739] Loss: 0.7702 | Acc: 73.31%
  Batch [2850/5739] Loss: 0.7694 | Acc: 73.34%
  Batch [2860/5739] Loss: 0.7687 | Acc: 73.36%
  Batch [2870/5739] Loss: 0.7679 | Acc: 73.37%
  Batch [2880/5739] Loss: 0.7680 | Acc: 73.36%
  Batch [2890/5739] Loss: 0.7674 | Acc: 73.37%
  Batch [2900/5739] Loss: 0.7676 | Acc: 73.37%
  Batch [2910/5739] Loss: 0.7676 | Acc: 73.38%
  Batch [2920/5739] Loss: 0.7675 | Acc: 73.36%
  Batch [2930/5739] Loss: 0.7668 | Acc: 73.37%
  Batch [2940/5739] Loss: 0.7665 | Acc: 73.37%
  Batch [2950/5739] Loss: 0.7672 | Acc: 73.35%
  Batch [2960/5739] Loss: 0.7675 | Acc: 73.36%
  Batch [2970/5739] Loss: 0.7681 | Acc: 73.33%
  Batch [2980/5739] Loss: 0.7677 | Acc: 73.33%
  Batch [2990/5739] Loss: 0.7671 | Acc: 73.34%
  Batch [3000/5739] Loss: 0.7662 | Acc: 73.36%
  Batch [3010/5739] Loss: 0.7660 | Acc: 73.36%
  Batch [3020/5739] Loss: 0.7664 | Acc: 73.33%
  Batch [3030/5739] Loss: 0.7665 | Acc: 73.35%
  Batch [3040/5739] Loss: 0.7654 | Acc: 73.36%
  Batch [3050/5739] Loss: 0.7656 | Acc: 73.35%
  Batch [3060/5739] Loss: 0.7664 | Acc: 73.35%
  Batch [3070/5739] Loss: 0.7661 | Acc: 73.36%
  Batch [3080/5739] Loss: 0.7651 | Acc: 73.38%
  Batch [3090/5739] Loss: 0.7648 | Acc: 73.41%
  Batch [3100/5739] Loss: 0.7647 | Acc: 73.41%
  Batch [3110/5739] Loss: 0.7641 | Acc: 73.43%
  Batch [3120/5739] Loss: 0.7646 | Acc: 73.43%
  Batch [3130/5739] Loss: 0.7662 | Acc: 73.38%
  Batch [3140/5739] Loss: 0.7660 | Acc: 73.39%
  Batch [3150/5739] Loss: 0.7658 | Acc: 73.42%
  Batch [3160/5739] Loss: 0.7664 | Acc: 73.40%
  Batch [3170/5739] Loss: 0.7660 | Acc: 73.42%
  Batch [3180/5739] Loss: 0.7657 | Acc: 73.43%
  Batch [3190/5739] Loss: 0.7661 | Acc: 73.44%
  Batch [3200/5739] Loss: 0.7676 | Acc: 73.42%
  Batch [3210/5739] Loss: 0.7671 | Acc: 73.41%
  Batch [3220/5739] Loss: 0.7665 | Acc: 73.43%
  Batch [3230/5739] Loss: 0.7673 | Acc: 73.40%
  Batch [3240/5739] Loss: 0.7670 | Acc: 73.40%
  Batch [3250/5739] Loss: 0.7674 | Acc: 73.38%
  Batch [3260/5739] Loss: 0.7667 | Acc: 73.39%
  Batch [3270/5739] Loss: 0.7661 | Acc: 73.40%
  Batch [3280/5739] Loss: 0.7655 | Acc: 73.42%
  Batch [3290/5739] Loss: 0.7662 | Acc: 73.42%
  Batch [3300/5739] Loss: 0.7657 | Acc: 73.45%
  Batch [3310/5739] Loss: 0.7650 | Acc: 73.47%
  Batch [3320/5739] Loss: 0.7646 | Acc: 73.49%
  Batch [3330/5739] Loss: 0.7651 | Acc: 73.48%
  Batch [3340/5739] Loss: 0.7648 | Acc: 73.48%
  Batch [3350/5739] Loss: 0.7658 | Acc: 73.45%
  Batch [3360/5739] Loss: 0.7660 | Acc: 73.43%
  Batch [3370/5739] Loss: 0.7660 | Acc: 73.43%
  Batch [3380/5739] Loss: 0.7668 | Acc: 73.43%
  Batch [3390/5739] Loss: 0.7668 | Acc: 73.45%
  Batch [3400/5739] Loss: 0.7664 | Acc: 73.47%
  Batch [3410/5739] Loss: 0.7667 | Acc: 73.45%
  Batch [3420/5739] Loss: 0.7664 | Acc: 73.44%
  Batch [3430/5739] Loss: 0.7664 | Acc: 73.44%
  Batch [3440/5739] Loss: 0.7662 | Acc: 73.45%
  Batch [3450/5739] Loss: 0.7669 | Acc: 73.46%
  Batch [3460/5739] Loss: 0.7666 | Acc: 73.46%
  Batch [3470/5739] Loss: 0.7674 | Acc: 73.43%
  Batch [3480/5739] Loss: 0.7676 | Acc: 73.43%
  Batch [3490/5739] Loss: 0.7669 | Acc: 73.45%
  Batch [3500/5739] Loss: 0.7672 | Acc: 73.47%
  Batch [3510/5739] Loss: 0.7668 | Acc: 73.49%
  Batch [3520/5739] Loss: 0.7670 | Acc: 73.47%
  Batch [3530/5739] Loss: 0.7672 | Acc: 73.45%
  Batch [3540/5739] Loss: 0.7678 | Acc: 73.47%
  Batch [3550/5739] Loss: 0.7683 | Acc: 73.46%
  Batch [3560/5739] Loss: 0.7686 | Acc: 73.45%
  Batch [3570/5739] Loss: 0.7686 | Acc: 73.45%
  Batch [3580/5739] Loss: 0.7681 | Acc: 73.44%
  Batch [3590/5739] Loss: 0.7676 | Acc: 73.44%
  Batch [3600/5739] Loss: 0.7672 | Acc: 73.45%
  Batch [3610/5739] Loss: 0.7663 | Acc: 73.47%
  Batch [3620/5739] Loss: 0.7661 | Acc: 73.48%
  Batch [3630/5739] Loss: 0.7659 | Acc: 73.49%
  Batch [3640/5739] Loss: 0.7660 | Acc: 73.50%
  Batch [3650/5739] Loss: 0.7654 | Acc: 73.51%
  Batch [3660/5739] Loss: 0.7648 | Acc: 73.53%
  Batch [3670/5739] Loss: 0.7656 | Acc: 73.51%
  Batch [3680/5739] Loss: 0.7649 | Acc: 73.53%
  Batch [3690/5739] Loss: 0.7646 | Acc: 73.53%
  Batch [3700/5739] Loss: 0.7644 | Acc: 73.53%
  Batch [3710/5739] Loss: 0.7639 | Acc: 73.54%
  Batch [3720/5739] Loss: 0.7642 | Acc: 73.51%
  Batch [3730/5739] Loss: 0.7651 | Acc: 73.49%
  Batch [3740/5739] Loss: 0.7651 | Acc: 73.50%
  Batch [3750/5739] Loss: 0.7646 | Acc: 73.50%
  Batch [3760/5739] Loss: 0.7646 | Acc: 73.51%
  Batch [3770/5739] Loss: 0.7648 | Acc: 73.50%
  Batch [3780/5739] Loss: 0.7645 | Acc: 73.50%
  Batch [3790/5739] Loss: 0.7645 | Acc: 73.50%
  Batch [3800/5739] Loss: 0.7649 | Acc: 73.50%
  Batch [3810/5739] Loss: 0.7642 | Acc: 73.52%
  Batch [3820/5739] Loss: 0.7641 | Acc: 73.53%
  Batch [3830/5739] Loss: 0.7638 | Acc: 73.54%
  Batch [3840/5739] Loss: 0.7639 | Acc: 73.54%
  Batch [3850/5739] Loss: 0.7638 | Acc: 73.57%
  Batch [3860/5739] Loss: 0.7642 | Acc: 73.57%
  Batch [3870/5739] Loss: 0.7644 | Acc: 73.57%
  Batch [3880/5739] Loss: 0.7641 | Acc: 73.55%
  Batch [3890/5739] Loss: 0.7642 | Acc: 73.54%
  Batch [3900/5739] Loss: 0.7637 | Acc: 73.54%
  Batch [3910/5739] Loss: 0.7645 | Acc: 73.52%
  Batch [3920/5739] Loss: 0.7647 | Acc: 73.53%
  Batch [3930/5739] Loss: 0.7641 | Acc: 73.53%
  Batch [3940/5739] Loss: 0.7640 | Acc: 73.54%
  Batch [3950/5739] Loss: 0.7638 | Acc: 73.53%
  Batch [3960/5739] Loss: 0.7633 | Acc: 73.55%
  Batch [3970/5739] Loss: 0.7633 | Acc: 73.53%
  Batch [3980/5739] Loss: 0.7634 | Acc: 73.52%
  Batch [3990/5739] Loss: 0.7631 | Acc: 73.50%
  Batch [4000/5739] Loss: 0.7635 | Acc: 73.50%
  Batch [4010/5739] Loss: 0.7627 | Acc: 73.52%
  Batch [4020/5739] Loss: 0.7626 | Acc: 73.55%
  Batch [4030/5739] Loss: 0.7628 | Acc: 73.55%
  Batch [4040/5739] Loss: 0.7628 | Acc: 73.54%
  Batch [4050/5739] Loss: 0.7622 | Acc: 73.56%
  Batch [4060/5739] Loss: 0.7625 | Acc: 73.55%
  Batch [4070/5739] Loss: 0.7626 | Acc: 73.53%
  Batch [4080/5739] Loss: 0.7625 | Acc: 73.55%
  Batch [4090/5739] Loss: 0.7623 | Acc: 73.53%
  Batch [4100/5739] Loss: 0.7618 | Acc: 73.55%
  Batch [4110/5739] Loss: 0.7614 | Acc: 73.57%
  Batch [4120/5739] Loss: 0.7608 | Acc: 73.58%
  Batch [4130/5739] Loss: 0.7609 | Acc: 73.58%
  Batch [4140/5739] Loss: 0.7609 | Acc: 73.59%
  Batch [4150/5739] Loss: 0.7608 | Acc: 73.60%
  Batch [4160/5739] Loss: 0.7613 | Acc: 73.59%
  Batch [4170/5739] Loss: 0.7613 | Acc: 73.60%
  Batch [4180/5739] Loss: 0.7609 | Acc: 73.61%
  Batch [4190/5739] Loss: 0.7602 | Acc: 73.64%
  Batch [4200/5739] Loss: 0.7600 | Acc: 73.66%
  Batch [4210/5739] Loss: 0.7605 | Acc: 73.67%
  Batch [4220/5739] Loss: 0.7609 | Acc: 73.65%
  Batch [4230/5739] Loss: 0.7613 | Acc: 73.64%
  Batch [4240/5739] Loss: 0.7612 | Acc: 73.67%
  Batch [4250/5739] Loss: 0.7609 | Acc: 73.68%
  Batch [4260/5739] Loss: 0.7618 | Acc: 73.66%
  Batch [4270/5739] Loss: 0.7617 | Acc: 73.67%
  Batch [4280/5739] Loss: 0.7610 | Acc: 73.69%
  Batch [4290/5739] Loss: 0.7615 | Acc: 73.68%
  Batch [4300/5739] Loss: 0.7611 | Acc: 73.68%
  Batch [4310/5739] Loss: 0.7608 | Acc: 73.69%
  Batch [4320/5739] Loss: 0.7615 | Acc: 73.69%
  Batch [4330/5739] Loss: 0.7613 | Acc: 73.69%
  Batch [4340/5739] Loss: 0.7624 | Acc: 73.68%
  Batch [4350/5739] Loss: 0.7635 | Acc: 73.66%
  Batch [4360/5739] Loss: 0.7630 | Acc: 73.68%
  Batch [4370/5739] Loss: 0.7623 | Acc: 73.70%
  Batch [4380/5739] Loss: 0.7626 | Acc: 73.69%
  Batch [4390/5739] Loss: 0.7631 | Acc: 73.70%
  Batch [4400/5739] Loss: 0.7629 | Acc: 73.71%
  Batch [4410/5739] Loss: 0.7625 | Acc: 73.73%
  Batch [4420/5739] Loss: 0.7629 | Acc: 73.73%
  Batch [4430/5739] Loss: 0.7626 | Acc: 73.74%
  Batch [4440/5739] Loss: 0.7628 | Acc: 73.74%
  Batch [4450/5739] Loss: 0.7637 | Acc: 73.71%
  Batch [4460/5739] Loss: 0.7652 | Acc: 73.71%
  Batch [4470/5739] Loss: 0.7653 | Acc: 73.71%
  Batch [4480/5739] Loss: 0.7655 | Acc: 73.70%
  Batch [4490/5739] Loss: 0.7652 | Acc: 73.69%
  Batch [4500/5739] Loss: 0.7652 | Acc: 73.71%
  Batch [4510/5739] Loss: 0.7648 | Acc: 73.71%
  Batch [4520/5739] Loss: 0.7646 | Acc: 73.70%
  Batch [4530/5739] Loss: 0.7652 | Acc: 73.70%
  Batch [4540/5739] Loss: 0.7655 | Acc: 73.69%
  Batch [4550/5739] Loss: 0.7652 | Acc: 73.70%
  Batch [4560/5739] Loss: 0.7652 | Acc: 73.71%
  Batch [4570/5739] Loss: 0.7651 | Acc: 73.72%
  Batch [4580/5739] Loss: 0.7644 | Acc: 73.75%
  Batch [4590/5739] Loss: 0.7641 | Acc: 73.76%
  Batch [4600/5739] Loss: 0.7641 | Acc: 73.77%
  Batch [4610/5739] Loss: 0.7641 | Acc: 73.78%
  Batch [4620/5739] Loss: 0.7644 | Acc: 73.76%
  Batch [4630/5739] Loss: 0.7640 | Acc: 73.77%
  Batch [4640/5739] Loss: 0.7638 | Acc: 73.78%
  Batch [4650/5739] Loss: 0.7640 | Acc: 73.78%
  Batch [4660/5739] Loss: 0.7634 | Acc: 73.79%
  Batch [4670/5739] Loss: 0.7632 | Acc: 73.81%
  Batch [4680/5739] Loss: 0.7629 | Acc: 73.81%
  Batch [4690/5739] Loss: 0.7625 | Acc: 73.83%
  Batch [4700/5739] Loss: 0.7628 | Acc: 73.85%
  Batch [4710/5739] Loss: 0.7633 | Acc: 73.83%
  Batch [4720/5739] Loss: 0.7636 | Acc: 73.82%
  Batch [4730/5739] Loss: 0.7635 | Acc: 73.81%
  Batch [4740/5739] Loss: 0.7630 | Acc: 73.83%
  Batch [4750/5739] Loss: 0.7632 | Acc: 73.83%
  Batch [4760/5739] Loss: 0.7632 | Acc: 73.83%
  Batch [4770/5739] Loss: 0.7635 | Acc: 73.84%
  Batch [4780/5739] Loss: 0.7639 | Acc: 73.84%
  Batch [4790/5739] Loss: 0.7643 | Acc: 73.82%
  Batch [4800/5739] Loss: 0.7649 | Acc: 73.80%
  Batch [4810/5739] Loss: 0.7653 | Acc: 73.80%
  Batch [4820/5739] Loss: 0.7656 | Acc: 73.79%
  Batch [4830/5739] Loss: 0.7656 | Acc: 73.80%
  Batch [4840/5739] Loss: 0.7659 | Acc: 73.79%
  Batch [4850/5739] Loss: 0.7660 | Acc: 73.78%
  Batch [4860/5739] Loss: 0.7658 | Acc: 73.76%
  Batch [4870/5739] Loss: 0.7656 | Acc: 73.76%
  Batch [4880/5739] Loss: 0.7653 | Acc: 73.77%
  Batch [4890/5739] Loss: 0.7650 | Acc: 73.77%
  Batch [4900/5739] Loss: 0.7646 | Acc: 73.78%
  Batch [4910/5739] Loss: 0.7653 | Acc: 73.76%
  Batch [4920/5739] Loss: 0.7648 | Acc: 73.77%
  Batch [4930/5739] Loss: 0.7642 | Acc: 73.79%
  Batch [4940/5739] Loss: 0.7642 | Acc: 73.80%
  Batch [4950/5739] Loss: 0.7641 | Acc: 73.81%
  Batch [4960/5739] Loss: 0.7635 | Acc: 73.84%
  Batch [4970/5739] Loss: 0.7633 | Acc: 73.85%
  Batch [4980/5739] Loss: 0.7635 | Acc: 73.85%
  Batch [4990/5739] Loss: 0.7634 | Acc: 73.85%
  Batch [5000/5739] Loss: 0.7630 | Acc: 73.85%
  Batch [5010/5739] Loss: 0.7626 | Acc: 73.87%
  Batch [5020/5739] Loss: 0.7634 | Acc: 73.86%
  Batch [5030/5739] Loss: 0.7634 | Acc: 73.86%
  Batch [5040/5739] Loss: 0.7629 | Acc: 73.87%
  Batch [5050/5739] Loss: 0.7627 | Acc: 73.89%
  Batch [5060/5739] Loss: 0.7629 | Acc: 73.87%
  Batch [5070/5739] Loss: 0.7626 | Acc: 73.89%
  Batch [5080/5739] Loss: 0.7623 | Acc: 73.91%
  Batch [5090/5739] Loss: 0.7619 | Acc: 73.91%
  Batch [5100/5739] Loss: 0.7616 | Acc: 73.92%
  Batch [5110/5739] Loss: 0.7613 | Acc: 73.92%
  Batch [5120/5739] Loss: 0.7613 | Acc: 73.92%
  Batch [5130/5739] Loss: 0.7614 | Acc: 73.92%
  Batch [5140/5739] Loss: 0.7620 | Acc: 73.93%
  Batch [5150/5739] Loss: 0.7620 | Acc: 73.93%
  Batch [5160/5739] Loss: 0.7624 | Acc: 73.94%
  Batch [5170/5739] Loss: 0.7621 | Acc: 73.95%
  Batch [5180/5739] Loss: 0.7624 | Acc: 73.94%
  Batch [5190/5739] Loss: 0.7627 | Acc: 73.93%
  Batch [5200/5739] Loss: 0.7638 | Acc: 73.92%
  Batch [5210/5739] Loss: 0.7638 | Acc: 73.93%
  Batch [5220/5739] Loss: 0.7638 | Acc: 73.92%
  Batch [5230/5739] Loss: 0.7635 | Acc: 73.93%
  Batch [5240/5739] Loss: 0.7636 | Acc: 73.92%
  Batch [5250/5739] Loss: 0.7634 | Acc: 73.93%
  Batch [5260/5739] Loss: 0.7633 | Acc: 73.93%
  Batch [5270/5739] Loss: 0.7625 | Acc: 73.96%
  Batch [5280/5739] Loss: 0.7628 | Acc: 73.95%
  Batch [5290/5739] Loss: 0.7625 | Acc: 73.95%
  Batch [5300/5739] Loss: 0.7622 | Acc: 73.96%
  Batch [5310/5739] Loss: 0.7619 | Acc: 73.98%
  Batch [5320/5739] Loss: 0.7625 | Acc: 73.96%
  Batch [5330/5739] Loss: 0.7631 | Acc: 73.96%
  Batch [5340/5739] Loss: 0.7627 | Acc: 73.98%
  Batch [5350/5739] Loss: 0.7623 | Acc: 73.99%
  Batch [5360/5739] Loss: 0.7623 | Acc: 73.99%
  Batch [5370/5739] Loss: 0.7625 | Acc: 73.99%
  Batch [5380/5739] Loss: 0.7622 | Acc: 73.99%
  Batch [5390/5739] Loss: 0.7624 | Acc: 73.99%
  Batch [5400/5739] Loss: 0.7629 | Acc: 74.00%
  Batch [5410/5739] Loss: 0.7627 | Acc: 74.01%
  Batch [5420/5739] Loss: 0.7627 | Acc: 74.02%
  Batch [5430/5739] Loss: 0.7628 | Acc: 74.02%
  Batch [5440/5739] Loss: 0.7627 | Acc: 74.02%
  Batch [5450/5739] Loss: 0.7626 | Acc: 74.03%
  Batch [5460/5739] Loss: 0.7625 | Acc: 74.03%
  Batch [5470/5739] Loss: 0.7622 | Acc: 74.04%
  Batch [5480/5739] Loss: 0.7620 | Acc: 74.06%
  Batch [5490/5739] Loss: 0.7622 | Acc: 74.05%
  Batch [5500/5739] Loss: 0.7620 | Acc: 74.06%
  Batch [5510/5739] Loss: 0.7622 | Acc: 74.04%
  Batch [5520/5739] Loss: 0.7620 | Acc: 74.05%
  Batch [5530/5739] Loss: 0.7622 | Acc: 74.04%
  Batch [5540/5739] Loss: 0.7627 | Acc: 74.05%
  Batch [5550/5739] Loss: 0.7629 | Acc: 74.04%
  Batch [5560/5739] Loss: 0.7625 | Acc: 74.06%
  Batch [5570/5739] Loss: 0.7621 | Acc: 74.07%
  Batch [5580/5739] Loss: 0.7618 | Acc: 74.08%
  Batch [5590/5739] Loss: 0.7620 | Acc: 74.09%
  Batch [5600/5739] Loss: 0.7627 | Acc: 74.09%
  Batch [5610/5739] Loss: 0.7628 | Acc: 74.09%
  Batch [5620/5739] Loss: 0.7626 | Acc: 74.09%
  Batch [5630/5739] Loss: 0.7625 | Acc: 74.09%
  Batch [5640/5739] Loss: 0.7623 | Acc: 74.10%
  Batch [5650/5739] Loss: 0.7621 | Acc: 74.10%
  Batch [5660/5739] Loss: 0.7618 | Acc: 74.11%
  Batch [5670/5739] Loss: 0.7613 | Acc: 74.12%
  Batch [5680/5739] Loss: 0.7612 | Acc: 74.12%
  Batch [5690/5739] Loss: 0.7613 | Acc: 74.12%
  Batch [5700/5739] Loss: 0.7609 | Acc: 74.12%
  Batch [5710/5739] Loss: 0.7610 | Acc: 74.11%
  Batch [5720/5739] Loss: 0.7610 | Acc: 74.10%
  Batch [5730/5739] Loss: 0.7614 | Acc: 74.09%

======================================================================
Epoch 9 Summary:
  Train Loss: 0.7618 | Train Acc: 74.08%
  Val Loss:   2.2123 | Val Acc:   49.54%
  Learning Rate: 0.000100
  Time: 156.8s
======================================================================

Epoch [10/50]
----------------------------------------------------------------------
  Batch [10/5739] Loss: 0.6211 | Acc: 78.00%
  Batch [20/5739] Loss: 0.6905 | Acc: 73.75%
  Batch [30/5739] Loss: 0.7265 | Acc: 75.33%
  Batch [40/5739] Loss: 0.8134 | Acc: 74.88%
  Batch [50/5739] Loss: 0.7697 | Acc: 75.30%
  Batch [60/5739] Loss: 0.7656 | Acc: 75.08%
  Batch [70/5739] Loss: 0.7788 | Acc: 74.57%
  Batch [80/5739] Loss: 0.8432 | Acc: 73.75%
  Batch [90/5739] Loss: 0.8115 | Acc: 74.28%
  Batch [100/5739] Loss: 0.7667 | Acc: 75.55%
  Batch [110/5739] Loss: 0.7458 | Acc: 75.91%
  Batch [120/5739] Loss: 0.7596 | Acc: 75.00%
  Batch [130/5739] Loss: 0.7393 | Acc: 75.46%
  Batch [140/5739] Loss: 0.7305 | Acc: 75.36%
  Batch [150/5739] Loss: 0.7245 | Acc: 75.53%
  Batch [160/5739] Loss: 0.7140 | Acc: 75.72%
  Batch [170/5739] Loss: 0.7235 | Acc: 75.91%
  Batch [180/5739] Loss: 0.7295 | Acc: 75.64%
  Batch [190/5739] Loss: 0.7193 | Acc: 75.97%
  Batch [200/5739] Loss: 0.7166 | Acc: 76.15%
  Batch [210/5739] Loss: 0.7096 | Acc: 76.26%
  Batch [220/5739] Loss: 0.7124 | Acc: 76.09%
  Batch [230/5739] Loss: 0.7168 | Acc: 75.59%
  Batch [240/5739] Loss: 0.7325 | Acc: 75.00%
  Batch [250/5739] Loss: 0.7280 | Acc: 75.18%
  Batch [260/5739] Loss: 0.7163 | Acc: 75.48%
  Batch [270/5739] Loss: 0.7068 | Acc: 75.67%
  Batch [280/5739] Loss: 0.7081 | Acc: 75.46%
  Batch [290/5739] Loss: 0.7079 | Acc: 75.45%
  Batch [300/5739] Loss: 0.7097 | Acc: 75.47%
  Batch [310/5739] Loss: 0.7041 | Acc: 75.65%
  Batch [320/5739] Loss: 0.7026 | Acc: 75.69%
  Batch [330/5739] Loss: 0.7098 | Acc: 75.61%
  Batch [340/5739] Loss: 0.7125 | Acc: 75.44%
  Batch [350/5739] Loss: 0.7117 | Acc: 75.40%
  Batch [360/5739] Loss: 0.7097 | Acc: 75.54%
  Batch [370/5739] Loss: 0.7080 | Acc: 75.58%
  Batch [380/5739] Loss: 0.7100 | Acc: 75.66%
  Batch [390/5739] Loss: 0.7073 | Acc: 75.90%
  Batch [400/5739] Loss: 0.7116 | Acc: 75.86%
  Batch [410/5739] Loss: 0.7124 | Acc: 76.05%
  Batch [420/5739] Loss: 0.7173 | Acc: 76.00%
  Batch [430/5739] Loss: 0.7109 | Acc: 76.14%
  Batch [440/5739] Loss: 0.7108 | Acc: 76.26%
  Batch [450/5739] Loss: 0.7068 | Acc: 76.44%
  Batch [460/5739] Loss: 0.7053 | Acc: 76.45%
  Batch [470/5739] Loss: 0.7103 | Acc: 76.26%
  Batch [480/5739] Loss: 0.7157 | Acc: 76.24%
  Batch [490/5739] Loss: 0.7194 | Acc: 76.22%
  Batch [500/5739] Loss: 0.7213 | Acc: 76.17%
  Batch [510/5739] Loss: 0.7190 | Acc: 76.22%
  Batch [520/5739] Loss: 0.7211 | Acc: 76.10%
  Batch [530/5739] Loss: 0.7202 | Acc: 75.97%
  Batch [540/5739] Loss: 0.7182 | Acc: 76.02%
  Batch [550/5739] Loss: 0.7152 | Acc: 76.05%
  Batch [560/5739] Loss: 0.7161 | Acc: 76.05%
  Batch [570/5739] Loss: 0.7120 | Acc: 76.17%
  Batch [580/5739] Loss: 0.7128 | Acc: 76.22%
  Batch [590/5739] Loss: 0.7147 | Acc: 76.19%
  Batch [600/5739] Loss: 0.7122 | Acc: 76.15%
  Batch [610/5739] Loss: 0.7113 | Acc: 76.16%
  Batch [620/5739] Loss: 0.7089 | Acc: 76.27%
  Batch [630/5739] Loss: 0.7077 | Acc: 76.33%
  Batch [640/5739] Loss: 0.7119 | Acc: 76.23%
  Batch [650/5739] Loss: 0.7108 | Acc: 76.23%
  Batch [660/5739] Loss: 0.7120 | Acc: 76.26%
  Batch [670/5739] Loss: 0.7121 | Acc: 76.25%
  Batch [680/5739] Loss: 0.7148 | Acc: 76.28%
  Batch [690/5739] Loss: 0.7144 | Acc: 76.28%
  Batch [700/5739] Loss: 0.7109 | Acc: 76.41%
  Batch [710/5739] Loss: 0.7101 | Acc: 76.49%
  Batch [720/5739] Loss: 0.7129 | Acc: 76.44%
  Batch [730/5739] Loss: 0.7098 | Acc: 76.55%
  Batch [740/5739] Loss: 0.7120 | Acc: 76.49%
  Batch [750/5739] Loss: 0.7089 | Acc: 76.47%
  Batch [760/5739] Loss: 0.7106 | Acc: 76.45%
  Batch [770/5739] Loss: 0.7075 | Acc: 76.49%
  Batch [780/5739] Loss: 0.7085 | Acc: 76.45%
  Batch [790/5739] Loss: 0.7060 | Acc: 76.47%
  Batch [800/5739] Loss: 0.7082 | Acc: 76.43%
  Batch [810/5739] Loss: 0.7090 | Acc: 76.40%
  Batch [820/5739] Loss: 0.7078 | Acc: 76.33%
  Batch [830/5739] Loss: 0.7092 | Acc: 76.25%
  Batch [840/5739] Loss: 0.7099 | Acc: 76.12%
  Batch [850/5739] Loss: 0.7085 | Acc: 76.12%
  Batch [860/5739] Loss: 0.7051 | Acc: 76.24%
  Batch [870/5739] Loss: 0.7047 | Acc: 76.18%
  Batch [880/5739] Loss: 0.7021 | Acc: 76.27%
  Batch [890/5739] Loss: 0.6997 | Acc: 76.30%
  Batch [900/5739] Loss: 0.6974 | Acc: 76.42%
  Batch [910/5739] Loss: 0.6958 | Acc: 76.52%
  Batch [920/5739] Loss: 0.6982 | Acc: 76.47%
  Batch [930/5739] Loss: 0.6975 | Acc: 76.51%
  Batch [940/5739] Loss: 0.6978 | Acc: 76.54%
  Batch [950/5739] Loss: 0.6946 | Acc: 76.66%
  Batch [960/5739] Loss: 0.6973 | Acc: 76.59%
  Batch [970/5739] Loss: 0.6988 | Acc: 76.61%
  Batch [980/5739] Loss: 0.6969 | Acc: 76.72%
  Batch [990/5739] Loss: 0.6965 | Acc: 76.70%
  Batch [1000/5739] Loss: 0.6958 | Acc: 76.75%
  Batch [1010/5739] Loss: 0.6996 | Acc: 76.78%
  Batch [1020/5739] Loss: 0.6988 | Acc: 76.82%
  Batch [1030/5739] Loss: 0.6979 | Acc: 76.85%
  Batch [1040/5739] Loss: 0.6993 | Acc: 76.82%
  Batch [1050/5739] Loss: 0.6972 | Acc: 76.86%
  Batch [1060/5739] Loss: 0.6964 | Acc: 76.83%
  Batch [1070/5739] Loss: 0.6976 | Acc: 76.82%
  Batch [1080/5739] Loss: 0.6981 | Acc: 76.78%
  Batch [1090/5739] Loss: 0.7010 | Acc: 76.72%
  Batch [1100/5739] Loss: 0.6990 | Acc: 76.81%
  Batch [1110/5739] Loss: 0.6974 | Acc: 76.82%
  Batch [1120/5739] Loss: 0.6982 | Acc: 76.76%
  Batch [1130/5739] Loss: 0.6977 | Acc: 76.77%
  Batch [1140/5739] Loss: 0.6975 | Acc: 76.73%
  Batch [1150/5739] Loss: 0.6989 | Acc: 76.69%
  Batch [1160/5739] Loss: 0.6981 | Acc: 76.69%
  Batch [1170/5739] Loss: 0.6983 | Acc: 76.66%
  Batch [1180/5739] Loss: 0.6971 | Acc: 76.67%
  Batch [1190/5739] Loss: 0.6963 | Acc: 76.68%
  Batch [1200/5739] Loss: 0.6988 | Acc: 76.64%
  Batch [1210/5739] Loss: 0.7020 | Acc: 76.60%
  Batch [1220/5739] Loss: 0.7000 | Acc: 76.67%
  Batch [1230/5739] Loss: 0.6994 | Acc: 76.67%
  Batch [1240/5739] Loss: 0.6995 | Acc: 76.65%
  Batch [1250/5739] Loss: 0.6984 | Acc: 76.63%
  Batch [1260/5739] Loss: 0.6979 | Acc: 76.59%
  Batch [1270/5739] Loss: 0.6968 | Acc: 76.63%
  Batch [1280/5739] Loss: 0.6976 | Acc: 76.62%
  Batch [1290/5739] Loss: 0.6983 | Acc: 76.62%
  Batch [1300/5739] Loss: 0.7009 | Acc: 76.52%
  Batch [1310/5739] Loss: 0.7024 | Acc: 76.44%
  Batch [1320/5739] Loss: 0.7014 | Acc: 76.42%
  Batch [1330/5739] Loss: 0.7003 | Acc: 76.42%
  Batch [1340/5739] Loss: 0.7012 | Acc: 76.40%
  Batch [1350/5739] Loss: 0.7011 | Acc: 76.42%
  Batch [1360/5739] Loss: 0.7038 | Acc: 76.34%
  Batch [1370/5739] Loss: 0.7040 | Acc: 76.24%
  Batch [1380/5739] Loss: 0.7029 | Acc: 76.26%
  Batch [1390/5739] Loss: 0.7012 | Acc: 76.32%
  Batch [1400/5739] Loss: 0.7012 | Acc: 76.32%
  Batch [1410/5739] Loss: 0.7006 | Acc: 76.35%
  Batch [1420/5739] Loss: 0.6990 | Acc: 76.37%
  Batch [1430/5739] Loss: 0.6995 | Acc: 76.29%
  Batch [1440/5739] Loss: 0.6997 | Acc: 76.30%
  Batch [1450/5739] Loss: 0.7011 | Acc: 76.23%
  Batch [1460/5739] Loss: 0.7005 | Acc: 76.22%
  Batch [1470/5739] Loss: 0.7013 | Acc: 76.20%
  Batch [1480/5739] Loss: 0.7017 | Acc: 76.23%
  Batch [1490/5739] Loss: 0.7014 | Acc: 76.21%
  Batch [1500/5739] Loss: 0.7018 | Acc: 76.20%
  Batch [1510/5739] Loss: 0.7016 | Acc: 76.20%
  Batch [1520/5739] Loss: 0.7011 | Acc: 76.22%
  Batch [1530/5739] Loss: 0.7013 | Acc: 76.21%
  Batch [1540/5739] Loss: 0.7014 | Acc: 76.21%
  Batch [1550/5739] Loss: 0.7025 | Acc: 76.21%
  Batch [1560/5739] Loss: 0.7025 | Acc: 76.23%
  Batch [1570/5739] Loss: 0.7029 | Acc: 76.24%
  Batch [1580/5739] Loss: 0.7040 | Acc: 76.20%
  Batch [1590/5739] Loss: 0.7047 | Acc: 76.18%
  Batch [1600/5739] Loss: 0.7047 | Acc: 76.17%
  Batch [1610/5739] Loss: 0.7037 | Acc: 76.17%
  Batch [1620/5739] Loss: 0.7041 | Acc: 76.13%
  Batch [1630/5739] Loss: 0.7032 | Acc: 76.18%
  Batch [1640/5739] Loss: 0.7049 | Acc: 76.12%
  Batch [1650/5739] Loss: 0.7047 | Acc: 76.13%
  Batch [1660/5739] Loss: 0.7041 | Acc: 76.13%
  Batch [1670/5739] Loss: 0.7028 | Acc: 76.19%
  Batch [1680/5739] Loss: 0.7015 | Acc: 76.21%
  Batch [1690/5739] Loss: 0.7047 | Acc: 76.16%
  Batch [1700/5739] Loss: 0.7053 | Acc: 76.19%
  Batch [1710/5739] Loss: 0.7071 | Acc: 76.18%
  Batch [1720/5739] Loss: 0.7068 | Acc: 76.16%
  Batch [1730/5739] Loss: 0.7091 | Acc: 76.13%
  Batch [1740/5739] Loss: 0.7087 | Acc: 76.11%
  Batch [1750/5739] Loss: 0.7113 | Acc: 76.07%
  Batch [1760/5739] Loss: 0.7119 | Acc: 76.08%
  Batch [1770/5739] Loss: 0.7133 | Acc: 76.04%
  Batch [1780/5739] Loss: 0.7114 | Acc: 76.09%
  Batch [1790/5739] Loss: 0.7104 | Acc: 76.08%
  Batch [1800/5739] Loss: 0.7103 | Acc: 76.08%
  Batch [1810/5739] Loss: 0.7101 | Acc: 76.10%
  Batch [1820/5739] Loss: 0.7104 | Acc: 76.10%
  Batch [1830/5739] Loss: 0.7094 | Acc: 76.13%
  Batch [1840/5739] Loss: 0.7079 | Acc: 76.17%
  Batch [1850/5739] Loss: 0.7088 | Acc: 76.18%
  Batch [1860/5739] Loss: 0.7086 | Acc: 76.20%
  Batch [1870/5739] Loss: 0.7078 | Acc: 76.23%
  Batch [1880/5739] Loss: 0.7075 | Acc: 76.24%
  Batch [1890/5739] Loss: 0.7063 | Acc: 76.26%
  Batch [1900/5739] Loss: 0.7048 | Acc: 76.30%
  Batch [1910/5739] Loss: 0.7053 | Acc: 76.27%
  Batch [1920/5739] Loss: 0.7038 | Acc: 76.30%
  Batch [1930/5739] Loss: 0.7030 | Acc: 76.32%
  Batch [1940/5739] Loss: 0.7040 | Acc: 76.29%
  Batch [1950/5739] Loss: 0.7044 | Acc: 76.27%
  Batch [1960/5739] Loss: 0.7038 | Acc: 76.29%
  Batch [1970/5739] Loss: 0.7032 | Acc: 76.33%
  Batch [1980/5739] Loss: 0.7037 | Acc: 76.32%
  Batch [1990/5739] Loss: 0.7032 | Acc: 76.33%
  Batch [2000/5739] Loss: 0.7030 | Acc: 76.35%
  Batch [2010/5739] Loss: 0.7025 | Acc: 76.38%
  Batch [2020/5739] Loss: 0.7020 | Acc: 76.39%
  Batch [2030/5739] Loss: 0.7027 | Acc: 76.38%
  Batch [2040/5739] Loss: 0.7024 | Acc: 76.39%
  Batch [2050/5739] Loss: 0.7030 | Acc: 76.34%
  Batch [2060/5739] Loss: 0.7025 | Acc: 76.38%
  Batch [2070/5739] Loss: 0.7018 | Acc: 76.38%
  Batch [2080/5739] Loss: 0.7018 | Acc: 76.39%
  Batch [2090/5739] Loss: 0.7006 | Acc: 76.41%
  Batch [2100/5739] Loss: 0.7013 | Acc: 76.41%
  Batch [2110/5739] Loss: 0.7012 | Acc: 76.40%
  Batch [2120/5739] Loss: 0.7000 | Acc: 76.40%
  Batch [2130/5739] Loss: 0.7009 | Acc: 76.37%
  Batch [2140/5739] Loss: 0.7006 | Acc: 76.39%
  Batch [2150/5739] Loss: 0.7038 | Acc: 76.37%
  Batch [2160/5739] Loss: 0.7041 | Acc: 76.35%
  Batch [2170/5739] Loss: 0.7052 | Acc: 76.34%
  Batch [2180/5739] Loss: 0.7059 | Acc: 76.36%
  Batch [2190/5739] Loss: 0.7049 | Acc: 76.39%
  Batch [2200/5739] Loss: 0.7059 | Acc: 76.39%
  Batch [2210/5739] Loss: 0.7075 | Acc: 76.36%
  Batch [2220/5739] Loss: 0.7077 | Acc: 76.36%
  Batch [2230/5739] Loss: 0.7093 | Acc: 76.30%
  Batch [2240/5739] Loss: 0.7093 | Acc: 76.26%
  Batch [2250/5739] Loss: 0.7102 | Acc: 76.27%
  Batch [2260/5739] Loss: 0.7096 | Acc: 76.26%
  Batch [2270/5739] Loss: 0.7101 | Acc: 76.27%
  Batch [2280/5739] Loss: 0.7116 | Acc: 76.23%
  Batch [2290/5739] Loss: 0.7118 | Acc: 76.21%
  Batch [2300/5739] Loss: 0.7119 | Acc: 76.19%
  Batch [2310/5739] Loss: 0.7108 | Acc: 76.23%
  Batch [2320/5739] Loss: 0.7103 | Acc: 76.23%
  Batch [2330/5739] Loss: 0.7094 | Acc: 76.27%
  Batch [2340/5739] Loss: 0.7095 | Acc: 76.24%
  Batch [2350/5739] Loss: 0.7096 | Acc: 76.24%
  Batch [2360/5739] Loss: 0.7090 | Acc: 76.25%
  Batch [2370/5739] Loss: 0.7088 | Acc: 76.24%
  Batch [2380/5739] Loss: 0.7077 | Acc: 76.27%
  Batch [2390/5739] Loss: 0.7092 | Acc: 76.26%
  Batch [2400/5739] Loss: 0.7090 | Acc: 76.26%
  Batch [2410/5739] Loss: 0.7082 | Acc: 76.26%
  Batch [2420/5739] Loss: 0.7083 | Acc: 76.24%
  Batch [2430/5739] Loss: 0.7092 | Acc: 76.24%
  Batch [2440/5739] Loss: 0.7089 | Acc: 76.24%
  Batch [2450/5739] Loss: 0.7090 | Acc: 76.24%
  Batch [2460/5739] Loss: 0.7085 | Acc: 76.24%
  Batch [2470/5739] Loss: 0.7080 | Acc: 76.26%
  Batch [2480/5739] Loss: 0.7073 | Acc: 76.29%
  Batch [2490/5739] Loss: 0.7062 | Acc: 76.31%
  Batch [2500/5739] Loss: 0.7067 | Acc: 76.34%
  Batch [2510/5739] Loss: 0.7062 | Acc: 76.36%
  Batch [2520/5739] Loss: 0.7060 | Acc: 76.38%
  Batch [2530/5739] Loss: 0.7051 | Acc: 76.38%
  Batch [2540/5739] Loss: 0.7051 | Acc: 76.34%
  Batch [2550/5739] Loss: 0.7049 | Acc: 76.35%
  Batch [2560/5739] Loss: 0.7043 | Acc: 76.36%
  Batch [2570/5739] Loss: 0.7059 | Acc: 76.34%
  Batch [2580/5739] Loss: 0.7064 | Acc: 76.35%
  Batch [2590/5739] Loss: 0.7052 | Acc: 76.37%
  Batch [2600/5739] Loss: 0.7047 | Acc: 76.37%
  Batch [2610/5739] Loss: 0.7049 | Acc: 76.37%
  Batch [2620/5739] Loss: 0.7051 | Acc: 76.35%
  Batch [2630/5739] Loss: 0.7054 | Acc: 76.33%
  Batch [2640/5739] Loss: 0.7053 | Acc: 76.34%
  Batch [2650/5739] Loss: 0.7061 | Acc: 76.35%
  Batch [2660/5739] Loss: 0.7064 | Acc: 76.34%
  Batch [2670/5739] Loss: 0.7062 | Acc: 76.35%
  Batch [2680/5739] Loss: 0.7064 | Acc: 76.35%
  Batch [2690/5739] Loss: 0.7060 | Acc: 76.36%
  Batch [2700/5739] Loss: 0.7060 | Acc: 76.35%
  Batch [2710/5739] Loss: 0.7058 | Acc: 76.35%
  Batch [2720/5739] Loss: 0.7059 | Acc: 76.37%
  Batch [2730/5739] Loss: 0.7050 | Acc: 76.38%
  Batch [2740/5739] Loss: 0.7061 | Acc: 76.36%
  Batch [2750/5739] Loss: 0.7060 | Acc: 76.38%
  Batch [2760/5739] Loss: 0.7066 | Acc: 76.38%
  Batch [2770/5739] Loss: 0.7062 | Acc: 76.41%
  Batch [2780/5739] Loss: 0.7057 | Acc: 76.42%
  Batch [2790/5739] Loss: 0.7058 | Acc: 76.41%
  Batch [2800/5739] Loss: 0.7048 | Acc: 76.46%
  Batch [2810/5739] Loss: 0.7054 | Acc: 76.47%
  Batch [2820/5739] Loss: 0.7072 | Acc: 76.45%
  Batch [2830/5739] Loss: 0.7065 | Acc: 76.46%
  Batch [2840/5739] Loss: 0.7070 | Acc: 76.47%
  Batch [2850/5739] Loss: 0.7068 | Acc: 76.46%
  Batch [2860/5739] Loss: 0.7064 | Acc: 76.47%
  Batch [2870/5739] Loss: 0.7058 | Acc: 76.51%
  Batch [2880/5739] Loss: 0.7053 | Acc: 76.50%
  Batch [2890/5739] Loss: 0.7050 | Acc: 76.51%
  Batch [2900/5739] Loss: 0.7058 | Acc: 76.50%
  Batch [2910/5739] Loss: 0.7060 | Acc: 76.50%
  Batch [2920/5739] Loss: 0.7057 | Acc: 76.53%
  Batch [2930/5739] Loss: 0.7064 | Acc: 76.53%
  Batch [2940/5739] Loss: 0.7057 | Acc: 76.55%
  Batch [2950/5739] Loss: 0.7056 | Acc: 76.56%
  Batch [2960/5739] Loss: 0.7063 | Acc: 76.53%
  Batch [2970/5739] Loss: 0.7060 | Acc: 76.50%
  Batch [2980/5739] Loss: 0.7055 | Acc: 76.51%
  Batch [2990/5739] Loss: 0.7046 | Acc: 76.54%
  Batch [3000/5739] Loss: 0.7047 | Acc: 76.53%
  Batch [3010/5739] Loss: 0.7055 | Acc: 76.53%
  Batch [3020/5739] Loss: 0.7052 | Acc: 76.52%
  Batch [3030/5739] Loss: 0.7044 | Acc: 76.55%
  Batch [3040/5739] Loss: 0.7040 | Acc: 76.57%
  Batch [3050/5739] Loss: 0.7035 | Acc: 76.59%
  Batch [3060/5739] Loss: 0.7034 | Acc: 76.60%
  Batch [3070/5739] Loss: 0.7032 | Acc: 76.60%
  Batch [3080/5739] Loss: 0.7039 | Acc: 76.59%
  Batch [3090/5739] Loss: 0.7043 | Acc: 76.60%
  Batch [3100/5739] Loss: 0.7046 | Acc: 76.58%
  Batch [3110/5739] Loss: 0.7048 | Acc: 76.57%
  Batch [3120/5739] Loss: 0.7046 | Acc: 76.54%
  Batch [3130/5739] Loss: 0.7047 | Acc: 76.54%
  Batch [3140/5739] Loss: 0.7056 | Acc: 76.51%
  Batch [3150/5739] Loss: 0.7050 | Acc: 76.54%
  Batch [3160/5739] Loss: 0.7047 | Acc: 76.57%
  Batch [3170/5739] Loss: 0.7044 | Acc: 76.56%
  Batch [3180/5739] Loss: 0.7045 | Acc: 76.57%
  Batch [3190/5739] Loss: 0.7042 | Acc: 76.56%
  Batch [3200/5739] Loss: 0.7045 | Acc: 76.55%
  Batch [3210/5739] Loss: 0.7041 | Acc: 76.57%
  Batch [3220/5739] Loss: 0.7037 | Acc: 76.58%
  Batch [3230/5739] Loss: 0.7042 | Acc: 76.56%
  Batch [3240/5739] Loss: 0.7058 | Acc: 76.54%
  Batch [3250/5739] Loss: 0.7069 | Acc: 76.53%
  Batch [3260/5739] Loss: 0.7073 | Acc: 76.53%
  Batch [3270/5739] Loss: 0.7078 | Acc: 76.52%
  Batch [3280/5739] Loss: 0.7079 | Acc: 76.53%
  Batch [3290/5739] Loss: 0.7079 | Acc: 76.51%
  Batch [3300/5739] Loss: 0.7073 | Acc: 76.54%
  Batch [3310/5739] Loss: 0.7073 | Acc: 76.53%
  Batch [3320/5739] Loss: 0.7080 | Acc: 76.50%
  Batch [3330/5739] Loss: 0.7086 | Acc: 76.50%
  Batch [3340/5739] Loss: 0.7077 | Acc: 76.53%
  Batch [3350/5739] Loss: 0.7070 | Acc: 76.54%
  Batch [3360/5739] Loss: 0.7081 | Acc: 76.52%
  Batch [3370/5739] Loss: 0.7075 | Acc: 76.54%
  Batch [3380/5739] Loss: 0.7077 | Acc: 76.52%
  Batch [3390/5739] Loss: 0.7081 | Acc: 76.50%
  Batch [3400/5739] Loss: 0.7075 | Acc: 76.52%
  Batch [3410/5739] Loss: 0.7066 | Acc: 76.55%
  Batch [3420/5739] Loss: 0.7061 | Acc: 76.58%
  Batch [3430/5739] Loss: 0.7061 | Acc: 76.59%
  Batch [3440/5739] Loss: 0.7054 | Acc: 76.61%
  Batch [3450/5739] Loss: 0.7053 | Acc: 76.62%
  Batch [3460/5739] Loss: 0.7056 | Acc: 76.63%
  Batch [3470/5739] Loss: 0.7049 | Acc: 76.63%
  Batch [3480/5739] Loss: 0.7048 | Acc: 76.63%
  Batch [3490/5739] Loss: 0.7050 | Acc: 76.64%
  Batch [3500/5739] Loss: 0.7044 | Acc: 76.66%
  Batch [3510/5739] Loss: 0.7044 | Acc: 76.68%
  Batch [3520/5739] Loss: 0.7036 | Acc: 76.69%
  Batch [3530/5739] Loss: 0.7041 | Acc: 76.67%
  Batch [3540/5739] Loss: 0.7038 | Acc: 76.69%
  Batch [3550/5739] Loss: 0.7042 | Acc: 76.69%
  Batch [3560/5739] Loss: 0.7043 | Acc: 76.69%
  Batch [3570/5739] Loss: 0.7046 | Acc: 76.68%
  Batch [3580/5739] Loss: 0.7049 | Acc: 76.67%
  Batch [3590/5739] Loss: 0.7049 | Acc: 76.66%
  Batch [3600/5739] Loss: 0.7058 | Acc: 76.64%
  Batch [3610/5739] Loss: 0.7064 | Acc: 76.62%
  Batch [3620/5739] Loss: 0.7065 | Acc: 76.61%
  Batch [3630/5739] Loss: 0.7069 | Acc: 76.61%
  Batch [3640/5739] Loss: 0.7071 | Acc: 76.62%
  Batch [3650/5739] Loss: 0.7073 | Acc: 76.62%
  Batch [3660/5739] Loss: 0.7070 | Acc: 76.63%
  Batch [3670/5739] Loss: 0.7072 | Acc: 76.64%
  Batch [3680/5739] Loss: 0.7078 | Acc: 76.63%
  Batch [3690/5739] Loss: 0.7074 | Acc: 76.63%
  Batch [3700/5739] Loss: 0.7076 | Acc: 76.61%
  Batch [3710/5739] Loss: 0.7077 | Acc: 76.61%
  Batch [3720/5739] Loss: 0.7076 | Acc: 76.62%
  Batch [3730/5739] Loss: 0.7078 | Acc: 76.62%
  Batch [3740/5739] Loss: 0.7080 | Acc: 76.59%
  Batch [3750/5739] Loss: 0.7080 | Acc: 76.58%
  Batch [3760/5739] Loss: 0.7075 | Acc: 76.59%
  Batch [3770/5739] Loss: 0.7070 | Acc: 76.60%
  Batch [3780/5739] Loss: 0.7066 | Acc: 76.59%
  Batch [3790/5739] Loss: 0.7067 | Acc: 76.59%
  Batch [3800/5739] Loss: 0.7065 | Acc: 76.60%
  Batch [3810/5739] Loss: 0.7077 | Acc: 76.56%
  Batch [3820/5739] Loss: 0.7075 | Acc: 76.56%
  Batch [3830/5739] Loss: 0.7075 | Acc: 76.56%
  Batch [3840/5739] Loss: 0.7071 | Acc: 76.55%
  Batch [3850/5739] Loss: 0.7077 | Acc: 76.54%
  Batch [3860/5739] Loss: 0.7077 | Acc: 76.55%
  Batch [3870/5739] Loss: 0.7084 | Acc: 76.55%
  Batch [3880/5739] Loss: 0.7091 | Acc: 76.52%
  Batch [3890/5739] Loss: 0.7093 | Acc: 76.50%
  Batch [3900/5739] Loss: 0.7085 | Acc: 76.51%
  Batch [3910/5739] Loss: 0.7088 | Acc: 76.51%
  Batch [3920/5739] Loss: 0.7081 | Acc: 76.52%
  Batch [3930/5739] Loss: 0.7079 | Acc: 76.52%
  Batch [3940/5739] Loss: 0.7085 | Acc: 76.49%
  Batch [3950/5739] Loss: 0.7085 | Acc: 76.47%
  Batch [3960/5739] Loss: 0.7081 | Acc: 76.47%
  Batch [3970/5739] Loss: 0.7087 | Acc: 76.44%
  Batch [3980/5739] Loss: 0.7092 | Acc: 76.44%
  Batch [3990/5739] Loss: 0.7092 | Acc: 76.44%
  Batch [4000/5739] Loss: 0.7096 | Acc: 76.44%
  Batch [4010/5739] Loss: 0.7092 | Acc: 76.46%
  Batch [4020/5739] Loss: 0.7092 | Acc: 76.44%
  Batch [4030/5739] Loss: 0.7093 | Acc: 76.44%
  Batch [4040/5739] Loss: 0.7098 | Acc: 76.44%
  Batch [4050/5739] Loss: 0.7101 | Acc: 76.45%
  Batch [4060/5739] Loss: 0.7096 | Acc: 76.46%
  Batch [4070/5739] Loss: 0.7097 | Acc: 76.47%
  Batch [4080/5739] Loss: 0.7100 | Acc: 76.45%
  Batch [4090/5739] Loss: 0.7101 | Acc: 76.45%
  Batch [4100/5739] Loss: 0.7100 | Acc: 76.44%
  Batch [4110/5739] Loss: 0.7099 | Acc: 76.43%
  Batch [4120/5739] Loss: 0.7094 | Acc: 76.45%
  Batch [4130/5739] Loss: 0.7094 | Acc: 76.45%
  Batch [4140/5739] Loss: 0.7093 | Acc: 76.45%
  Batch [4150/5739] Loss: 0.7088 | Acc: 76.48%
  Batch [4160/5739] Loss: 0.7092 | Acc: 76.48%
  Batch [4170/5739] Loss: 0.7087 | Acc: 76.47%
  Batch [4180/5739] Loss: 0.7084 | Acc: 76.49%
  Batch [4190/5739] Loss: 0.7092 | Acc: 76.46%
  Batch [4200/5739] Loss: 0.7090 | Acc: 76.45%
  Batch [4210/5739] Loss: 0.7086 | Acc: 76.47%
  Batch [4220/5739] Loss: 0.7085 | Acc: 76.48%
  Batch [4230/5739] Loss: 0.7082 | Acc: 76.48%
  Batch [4240/5739] Loss: 0.7078 | Acc: 76.48%
  Batch [4250/5739] Loss: 0.7081 | Acc: 76.48%
  Batch [4260/5739] Loss: 0.7078 | Acc: 76.47%
  Batch [4270/5739] Loss: 0.7076 | Acc: 76.48%
  Batch [4280/5739] Loss: 0.7071 | Acc: 76.47%
  Batch [4290/5739] Loss: 0.7072 | Acc: 76.46%
  Batch [4300/5739] Loss: 0.7070 | Acc: 76.47%
  Batch [4310/5739] Loss: 0.7071 | Acc: 76.47%
  Batch [4320/5739] Loss: 0.7065 | Acc: 76.48%
  Batch [4330/5739] Loss: 0.7065 | Acc: 76.49%
  Batch [4340/5739] Loss: 0.7064 | Acc: 76.48%
  Batch [4350/5739] Loss: 0.7057 | Acc: 76.50%
  Batch [4360/5739] Loss: 0.7054 | Acc: 76.50%
  Batch [4370/5739] Loss: 0.7054 | Acc: 76.51%
  Batch [4380/5739] Loss: 0.7054 | Acc: 76.51%
  Batch [4390/5739] Loss: 0.7057 | Acc: 76.50%
  Batch [4400/5739] Loss: 0.7059 | Acc: 76.49%
  Batch [4410/5739] Loss: 0.7054 | Acc: 76.50%
  Batch [4420/5739] Loss: 0.7048 | Acc: 76.51%
  Batch [4430/5739] Loss: 0.7044 | Acc: 76.52%
  Batch [4440/5739] Loss: 0.7044 | Acc: 76.52%
  Batch [4450/5739] Loss: 0.7040 | Acc: 76.53%
  Batch [4460/5739] Loss: 0.7051 | Acc: 76.50%
  Batch [4470/5739] Loss: 0.7054 | Acc: 76.50%
  Batch [4480/5739] Loss: 0.7054 | Acc: 76.49%
  Batch [4490/5739] Loss: 0.7049 | Acc: 76.50%
  Batch [4500/5739] Loss: 0.7050 | Acc: 76.50%
  Batch [4510/5739] Loss: 0.7049 | Acc: 76.50%
  Batch [4520/5739] Loss: 0.7059 | Acc: 76.47%
  Batch [4530/5739] Loss: 0.7058 | Acc: 76.47%
  Batch [4540/5739] Loss: 0.7054 | Acc: 76.47%
  Batch [4550/5739] Loss: 0.7052 | Acc: 76.48%
  Batch [4560/5739] Loss: 0.7054 | Acc: 76.47%
  Batch [4570/5739] Loss: 0.7056 | Acc: 76.47%
  Batch [4580/5739] Loss: 0.7058 | Acc: 76.47%
  Batch [4590/5739] Loss: 0.7063 | Acc: 76.45%
  Batch [4600/5739] Loss: 0.7060 | Acc: 76.46%
  Batch [4610/5739] Loss: 0.7068 | Acc: 76.45%
  Batch [4620/5739] Loss: 0.7069 | Acc: 76.45%
  Batch [4630/5739] Loss: 0.7062 | Acc: 76.47%
  Batch [4640/5739] Loss: 0.7061 | Acc: 76.48%
  Batch [4650/5739] Loss: 0.7061 | Acc: 76.48%
  Batch [4660/5739] Loss: 0.7057 | Acc: 76.48%
  Batch [4670/5739] Loss: 0.7054 | Acc: 76.49%
  Batch [4680/5739] Loss: 0.7054 | Acc: 76.50%
  Batch [4690/5739] Loss: 0.7052 | Acc: 76.51%
  Batch [4700/5739] Loss: 0.7047 | Acc: 76.53%
  Batch [4710/5739] Loss: 0.7051 | Acc: 76.53%
  Batch [4720/5739] Loss: 0.7051 | Acc: 76.54%
  Batch [4730/5739] Loss: 0.7050 | Acc: 76.55%
  Batch [4740/5739] Loss: 0.7044 | Acc: 76.57%
  Batch [4750/5739] Loss: 0.7042 | Acc: 76.58%
  Batch [4760/5739] Loss: 0.7039 | Acc: 76.60%
  Batch [4770/5739] Loss: 0.7035 | Acc: 76.60%
  Batch [4780/5739] Loss: 0.7035 | Acc: 76.59%
  Batch [4790/5739] Loss: 0.7033 | Acc: 76.60%
  Batch [4800/5739] Loss: 0.7030 | Acc: 76.62%
  Batch [4810/5739] Loss: 0.7033 | Acc: 76.61%
  Batch [4820/5739] Loss: 0.7034 | Acc: 76.63%
  Batch [4830/5739] Loss: 0.7031 | Acc: 76.64%
  Batch [4840/5739] Loss: 0.7033 | Acc: 76.64%
  Batch [4850/5739] Loss: 0.7029 | Acc: 76.65%
  Batch [4860/5739] Loss: 0.7033 | Acc: 76.66%
  Batch [4870/5739] Loss: 0.7035 | Acc: 76.65%
  Batch [4880/5739] Loss: 0.7039 | Acc: 76.64%
  Batch [4890/5739] Loss: 0.7039 | Acc: 76.63%
  Batch [4900/5739] Loss: 0.7036 | Acc: 76.64%
  Batch [4910/5739] Loss: 0.7029 | Acc: 76.65%
  Batch [4920/5739] Loss: 0.7029 | Acc: 76.65%
  Batch [4930/5739] Loss: 0.7033 | Acc: 76.64%
  Batch [4940/5739] Loss: 0.7030 | Acc: 76.64%
  Batch [4950/5739] Loss: 0.7026 | Acc: 76.66%
  Batch [4960/5739] Loss: 0.7027 | Acc: 76.67%
  Batch [4970/5739] Loss: 0.7027 | Acc: 76.68%
  Batch [4980/5739] Loss: 0.7027 | Acc: 76.69%
  Batch [4990/5739] Loss: 0.7031 | Acc: 76.69%
  Batch [5000/5739] Loss: 0.7028 | Acc: 76.69%
  Batch [5010/5739] Loss: 0.7036 | Acc: 76.67%
  Batch [5020/5739] Loss: 0.7038 | Acc: 76.67%
  Batch [5030/5739] Loss: 0.7034 | Acc: 76.69%
  Batch [5040/5739] Loss: 0.7032 | Acc: 76.69%
  Batch [5050/5739] Loss: 0.7029 | Acc: 76.68%
  Batch [5060/5739] Loss: 0.7030 | Acc: 76.67%
  Batch [5070/5739] Loss: 0.7033 | Acc: 76.67%
  Batch [5080/5739] Loss: 0.7032 | Acc: 76.67%
  Batch [5090/5739] Loss: 0.7029 | Acc: 76.68%
  Batch [5100/5739] Loss: 0.7024 | Acc: 76.70%
  Batch [5110/5739] Loss: 0.7029 | Acc: 76.70%
  Batch [5120/5739] Loss: 0.7032 | Acc: 76.71%
  Batch [5130/5739] Loss: 0.7036 | Acc: 76.69%
  Batch [5140/5739] Loss: 0.7035 | Acc: 76.70%
  Batch [5150/5739] Loss: 0.7042 | Acc: 76.69%
  Batch [5160/5739] Loss: 0.7044 | Acc: 76.69%
  Batch [5170/5739] Loss: 0.7053 | Acc: 76.68%
  Batch [5180/5739] Loss: 0.7053 | Acc: 76.68%
  Batch [5190/5739] Loss: 0.7049 | Acc: 76.69%
  Batch [5200/5739] Loss: 0.7048 | Acc: 76.68%
  Batch [5210/5739] Loss: 0.7046 | Acc: 76.68%
  Batch [5220/5739] Loss: 0.7052 | Acc: 76.67%
  Batch [5230/5739] Loss: 0.7048 | Acc: 76.68%
  Batch [5240/5739] Loss: 0.7046 | Acc: 76.68%
  Batch [5250/5739] Loss: 0.7045 | Acc: 76.67%
  Batch [5260/5739] Loss: 0.7049 | Acc: 76.67%
  Batch [5270/5739] Loss: 0.7046 | Acc: 76.68%
  Batch [5280/5739] Loss: 0.7045 | Acc: 76.68%
  Batch [5290/5739] Loss: 0.7051 | Acc: 76.68%
  Batch [5300/5739] Loss: 0.7050 | Acc: 76.68%
  Batch [5310/5739] Loss: 0.7048 | Acc: 76.69%
  Batch [5320/5739] Loss: 0.7055 | Acc: 76.68%
  Batch [5330/5739] Loss: 0.7059 | Acc: 76.66%
  Batch [5340/5739] Loss: 0.7056 | Acc: 76.66%
  Batch [5350/5739] Loss: 0.7056 | Acc: 76.67%
  Batch [5360/5739] Loss: 0.7054 | Acc: 76.68%
  Batch [5370/5739] Loss: 0.7051 | Acc: 76.68%
  Batch [5380/5739] Loss: 0.7054 | Acc: 76.66%
  Batch [5390/5739] Loss: 0.7053 | Acc: 76.66%
  Batch [5400/5739] Loss: 0.7048 | Acc: 76.67%
  Batch [5410/5739] Loss: 0.7046 | Acc: 76.68%
  Batch [5420/5739] Loss: 0.7045 | Acc: 76.68%
  Batch [5430/5739] Loss: 0.7050 | Acc: 76.69%
  Batch [5440/5739] Loss: 0.7056 | Acc: 76.70%
  Batch [5450/5739] Loss: 0.7055 | Acc: 76.71%
  Batch [5460/5739] Loss: 0.7056 | Acc: 76.71%
  Batch [5470/5739] Loss: 0.7053 | Acc: 76.71%
  Batch [5480/5739] Loss: 0.7052 | Acc: 76.71%
  Batch [5490/5739] Loss: 0.7050 | Acc: 76.71%
  Batch [5500/5739] Loss: 0.7053 | Acc: 76.69%
  Batch [5510/5739] Loss: 0.7050 | Acc: 76.68%
  Batch [5520/5739] Loss: 0.7060 | Acc: 76.66%
  Batch [5530/5739] Loss: 0.7066 | Acc: 76.65%
  Batch [5540/5739] Loss: 0.7068 | Acc: 76.66%
  Batch [5550/5739] Loss: 0.7064 | Acc: 76.66%
  Batch [5560/5739] Loss: 0.7058 | Acc: 76.67%
  Batch [5570/5739] Loss: 0.7056 | Acc: 76.67%
  Batch [5580/5739] Loss: 0.7054 | Acc: 76.67%
  Batch [5590/5739] Loss: 0.7056 | Acc: 76.67%
  Batch [5600/5739] Loss: 0.7055 | Acc: 76.68%
  Batch [5610/5739] Loss: 0.7054 | Acc: 76.67%
  Batch [5620/5739] Loss: 0.7055 | Acc: 76.67%
  Batch [5630/5739] Loss: 0.7054 | Acc: 76.67%
  Batch [5640/5739] Loss: 0.7050 | Acc: 76.68%
  Batch [5650/5739] Loss: 0.7047 | Acc: 76.70%
  Batch [5660/5739] Loss: 0.7042 | Acc: 76.70%
  Batch [5670/5739] Loss: 0.7037 | Acc: 76.73%
  Batch [5680/5739] Loss: 0.7032 | Acc: 76.74%
  Batch [5690/5739] Loss: 0.7033 | Acc: 76.74%
  Batch [5700/5739] Loss: 0.7033 | Acc: 76.74%
  Batch [5710/5739] Loss: 0.7030 | Acc: 76.75%
  Batch [5720/5739] Loss: 0.7026 | Acc: 76.76%
  Batch [5730/5739] Loss: 0.7026 | Acc: 76.75%

======================================================================
Epoch 10 Summary:
  Train Loss: 0.7023 | Train Acc: 76.76%
  Val Loss:   2.3537 | Val Acc:   57.26%
  Learning Rate: 0.000100
  Time: 158.2s
======================================================================

Epoch [11/50]
----------------------------------------------------------------------
  Batch [10/5739] Loss: 0.5830 | Acc: 77.50%
  Batch [20/5739] Loss: 0.4787 | Acc: 77.75%
  Batch [30/5739] Loss: 0.5069 | Acc: 78.50%
  Batch [40/5739] Loss: 0.4942 | Acc: 79.25%
  Batch [50/5739] Loss: 0.4885 | Acc: 80.70%
  Batch [60/5739] Loss: 0.5421 | Acc: 80.17%
  Batch [70/5739] Loss: 0.5544 | Acc: 79.00%
  Batch [80/5739] Loss: 0.6376 | Acc: 77.50%
  Batch [90/5739] Loss: 0.6004 | Acc: 78.94%
  Batch [100/5739] Loss: 0.5911 | Acc: 79.50%
  Batch [110/5739] Loss: 0.5663 | Acc: 80.27%
  Batch [120/5739] Loss: 0.5939 | Acc: 80.29%
  Batch [130/5739] Loss: 0.6091 | Acc: 79.88%
  Batch [140/5739] Loss: 0.6129 | Acc: 79.79%
  Batch [150/5739] Loss: 0.6003 | Acc: 79.87%
  Batch [160/5739] Loss: 0.5904 | Acc: 80.06%
  Batch [170/5739] Loss: 0.6129 | Acc: 79.91%
  Batch [180/5739] Loss: 0.6202 | Acc: 79.50%
  Batch [190/5739] Loss: 0.6188 | Acc: 79.76%
  Batch [200/5739] Loss: 0.6188 | Acc: 79.92%
  Batch [210/5739] Loss: 0.6159 | Acc: 79.76%
  Batch [220/5739] Loss: 0.6089 | Acc: 80.09%
  Batch [230/5739] Loss: 0.6232 | Acc: 79.83%
  Batch [240/5739] Loss: 0.6226 | Acc: 79.71%
  Batch [250/5739] Loss: 0.6246 | Acc: 79.48%
  Batch [260/5739] Loss: 0.6218 | Acc: 79.77%
  Batch [270/5739] Loss: 0.6184 | Acc: 79.76%
  Batch [280/5739] Loss: 0.6335 | Acc: 79.88%
  Batch [290/5739] Loss: 0.6355 | Acc: 79.79%
  Batch [300/5739] Loss: 0.6308 | Acc: 79.97%
  Batch [310/5739] Loss: 0.6378 | Acc: 79.84%
  Batch [320/5739] Loss: 0.6310 | Acc: 79.78%
  Batch [330/5739] Loss: 0.6320 | Acc: 79.91%
  Batch [340/5739] Loss: 0.6302 | Acc: 80.09%
  Batch [350/5739] Loss: 0.6360 | Acc: 79.96%
  Batch [360/5739] Loss: 0.6438 | Acc: 79.88%
  Batch [370/5739] Loss: 0.6473 | Acc: 80.00%
  Batch [380/5739] Loss: 0.6453 | Acc: 79.96%
  Batch [390/5739] Loss: 0.6421 | Acc: 79.99%
  Batch [400/5739] Loss: 0.6410 | Acc: 80.03%
  Batch [410/5739] Loss: 0.6373 | Acc: 80.10%
  Batch [420/5739] Loss: 0.6363 | Acc: 80.07%
  Batch [430/5739] Loss: 0.6367 | Acc: 79.97%
  Batch [440/5739] Loss: 0.6380 | Acc: 79.93%
  Batch [450/5739] Loss: 0.6385 | Acc: 79.80%
  Batch [460/5739] Loss: 0.6438 | Acc: 79.82%
  Batch [470/5739] Loss: 0.6399 | Acc: 79.90%
  Batch [480/5739] Loss: 0.6397 | Acc: 79.96%
  Batch [490/5739] Loss: 0.6366 | Acc: 79.91%
  Batch [500/5739] Loss: 0.6374 | Acc: 79.85%
  Batch [510/5739] Loss: 0.6424 | Acc: 79.64%
  Batch [520/5739] Loss: 0.6414 | Acc: 79.62%
  Batch [530/5739] Loss: 0.6432 | Acc: 79.68%
  Batch [540/5739] Loss: 0.6483 | Acc: 79.59%
  Batch [550/5739] Loss: 0.6491 | Acc: 79.65%
  Batch [560/5739] Loss: 0.6526 | Acc: 79.66%
  Batch [570/5739] Loss: 0.6505 | Acc: 79.70%
  Batch [580/5739] Loss: 0.6500 | Acc: 79.61%
  Batch [590/5739] Loss: 0.6428 | Acc: 79.80%
  Batch [600/5739] Loss: 0.6435 | Acc: 79.70%
  Batch [610/5739] Loss: 0.6478 | Acc: 79.52%
  Batch [620/5739] Loss: 0.6486 | Acc: 79.52%
  Batch [630/5739] Loss: 0.6446 | Acc: 79.66%
  Batch [640/5739] Loss: 0.6431 | Acc: 79.61%
  Batch [650/5739] Loss: 0.6434 | Acc: 79.56%
  Batch [660/5739] Loss: 0.6398 | Acc: 79.64%
  Batch [670/5739] Loss: 0.6357 | Acc: 79.72%
  Batch [680/5739] Loss: 0.6351 | Acc: 79.70%
  Batch [690/5739] Loss: 0.6362 | Acc: 79.66%
  Batch [700/5739] Loss: 0.6355 | Acc: 79.66%
  Batch [710/5739] Loss: 0.6377 | Acc: 79.58%
  Batch [720/5739] Loss: 0.6346 | Acc: 79.64%
  Batch [730/5739] Loss: 0.6363 | Acc: 79.52%
  Batch [740/5739] Loss: 0.6341 | Acc: 79.64%
  Batch [750/5739] Loss: 0.6314 | Acc: 79.64%
  Batch [760/5739] Loss: 0.6305 | Acc: 79.69%
  Batch [770/5739] Loss: 0.6305 | Acc: 79.74%
  Batch [780/5739] Loss: 0.6321 | Acc: 79.71%
  Batch [790/5739] Loss: 0.6303 | Acc: 79.73%
  Batch [800/5739] Loss: 0.6287 | Acc: 79.73%
  Batch [810/5739] Loss: 0.6285 | Acc: 79.73%
  Batch [820/5739] Loss: 0.6267 | Acc: 79.75%
  Batch [830/5739] Loss: 0.6287 | Acc: 79.70%
  Batch [840/5739] Loss: 0.6265 | Acc: 79.82%
  Batch [850/5739] Loss: 0.6239 | Acc: 79.88%
  Batch [860/5739] Loss: 0.6221 | Acc: 79.89%
  Batch [870/5739] Loss: 0.6210 | Acc: 79.93%
  Batch [880/5739] Loss: 0.6203 | Acc: 79.90%
  Batch [890/5739] Loss: 0.6212 | Acc: 79.83%
  Batch [900/5739] Loss: 0.6199 | Acc: 79.88%
  Batch [910/5739] Loss: 0.6190 | Acc: 79.90%
  Batch [920/5739] Loss: 0.6200 | Acc: 79.88%
  Batch [930/5739] Loss: 0.6183 | Acc: 79.89%
  Batch [940/5739] Loss: 0.6176 | Acc: 79.87%
  Batch [950/5739] Loss: 0.6141 | Acc: 79.96%
  Batch [960/5739] Loss: 0.6136 | Acc: 79.94%
  Batch [970/5739] Loss: 0.6119 | Acc: 80.01%
  Batch [980/5739] Loss: 0.6121 | Acc: 79.98%
  Batch [990/5739] Loss: 0.6129 | Acc: 80.00%
  Batch [1000/5739] Loss: 0.6119 | Acc: 80.00%
  Batch [1010/5739] Loss: 0.6138 | Acc: 79.93%
  Batch [1020/5739] Loss: 0.6109 | Acc: 80.01%
  Batch [1030/5739] Loss: 0.6121 | Acc: 80.05%
  Batch [1040/5739] Loss: 0.6185 | Acc: 80.00%
  Batch [1050/5739] Loss: 0.6200 | Acc: 79.98%
  Batch [1060/5739] Loss: 0.6189 | Acc: 79.92%
  Batch [1070/5739] Loss: 0.6185 | Acc: 79.90%
  Batch [1080/5739] Loss: 0.6203 | Acc: 79.85%
  Batch [1090/5739] Loss: 0.6193 | Acc: 79.87%
  Batch [1100/5739] Loss: 0.6182 | Acc: 79.91%
  Batch [1110/5739] Loss: 0.6176 | Acc: 79.89%
  Batch [1120/5739] Loss: 0.6196 | Acc: 79.88%
  Batch [1130/5739] Loss: 0.6193 | Acc: 79.88%
  Batch [1140/5739] Loss: 0.6198 | Acc: 79.89%
  Batch [1150/5739] Loss: 0.6196 | Acc: 79.97%
  Batch [1160/5739] Loss: 0.6182 | Acc: 80.00%
  Batch [1170/5739] Loss: 0.6219 | Acc: 79.94%
  Batch [1180/5739] Loss: 0.6202 | Acc: 79.99%
  Batch [1190/5739] Loss: 0.6203 | Acc: 80.04%
  Batch [1200/5739] Loss: 0.6190 | Acc: 80.06%
  Batch [1210/5739] Loss: 0.6177 | Acc: 80.11%
  Batch [1220/5739] Loss: 0.6161 | Acc: 80.11%
  Batch [1230/5739] Loss: 0.6192 | Acc: 80.09%
  Batch [1240/5739] Loss: 0.6192 | Acc: 80.10%
  Batch [1250/5739] Loss: 0.6200 | Acc: 80.08%
  Batch [1260/5739] Loss: 0.6204 | Acc: 80.04%
  Batch [1270/5739] Loss: 0.6208 | Acc: 80.06%
  Batch [1280/5739] Loss: 0.6191 | Acc: 80.10%
  Batch [1290/5739] Loss: 0.6192 | Acc: 80.09%
  Batch [1300/5739] Loss: 0.6198 | Acc: 80.10%
  Batch [1310/5739] Loss: 0.6201 | Acc: 80.09%
  Batch [1320/5739] Loss: 0.6196 | Acc: 80.11%
  Batch [1330/5739] Loss: 0.6191 | Acc: 80.12%
  Batch [1340/5739] Loss: 0.6189 | Acc: 80.16%
  Batch [1350/5739] Loss: 0.6184 | Acc: 80.19%
  Batch [1360/5739] Loss: 0.6188 | Acc: 80.13%
  Batch [1370/5739] Loss: 0.6175 | Acc: 80.11%
  Batch [1380/5739] Loss: 0.6168 | Acc: 80.13%
  Batch [1390/5739] Loss: 0.6168 | Acc: 80.11%
  Batch [1400/5739] Loss: 0.6148 | Acc: 80.14%
  Batch [1410/5739] Loss: 0.6148 | Acc: 80.14%
  Batch [1420/5739] Loss: 0.6130 | Acc: 80.18%
  Batch [1430/5739] Loss: 0.6122 | Acc: 80.19%
  Batch [1440/5739] Loss: 0.6112 | Acc: 80.22%
  Batch [1450/5739] Loss: 0.6121 | Acc: 80.19%
  Batch [1460/5739] Loss: 0.6125 | Acc: 80.19%
  Batch [1470/5739] Loss: 0.6132 | Acc: 80.19%
  Batch [1480/5739] Loss: 0.6137 | Acc: 80.16%
  Batch [1490/5739] Loss: 0.6149 | Acc: 80.11%
  Batch [1500/5739] Loss: 0.6143 | Acc: 80.14%
  Batch [1510/5739] Loss: 0.6126 | Acc: 80.19%
  Batch [1520/5739] Loss: 0.6131 | Acc: 80.15%
  Batch [1530/5739] Loss: 0.6137 | Acc: 80.13%
  Batch [1540/5739] Loss: 0.6132 | Acc: 80.15%
  Batch [1550/5739] Loss: 0.6118 | Acc: 80.17%
  Batch [1560/5739] Loss: 0.6099 | Acc: 80.22%
  Batch [1570/5739] Loss: 0.6081 | Acc: 80.24%
  Batch [1580/5739] Loss: 0.6085 | Acc: 80.26%
  Batch [1590/5739] Loss: 0.6088 | Acc: 80.25%
  Batch [1600/5739] Loss: 0.6072 | Acc: 80.27%
  Batch [1610/5739] Loss: 0.6072 | Acc: 80.31%
  Batch [1620/5739] Loss: 0.6071 | Acc: 80.28%
  Batch [1630/5739] Loss: 0.6065 | Acc: 80.27%
  Batch [1640/5739] Loss: 0.6077 | Acc: 80.26%
  Batch [1650/5739] Loss: 0.6067 | Acc: 80.28%
  Batch [1660/5739] Loss: 0.6070 | Acc: 80.26%
  Batch [1670/5739] Loss: 0.6068 | Acc: 80.27%
  Batch [1680/5739] Loss: 0.6063 | Acc: 80.26%
  Batch [1690/5739] Loss: 0.6078 | Acc: 80.26%
  Batch [1700/5739] Loss: 0.6070 | Acc: 80.24%
  Batch [1710/5739] Loss: 0.6064 | Acc: 80.25%
  Batch [1720/5739] Loss: 0.6052 | Acc: 80.26%
  Batch [1730/5739] Loss: 0.6047 | Acc: 80.24%
  Batch [1740/5739] Loss: 0.6052 | Acc: 80.19%
  Batch [1750/5739] Loss: 0.6038 | Acc: 80.22%
  Batch [1760/5739] Loss: 0.6024 | Acc: 80.22%
  Batch [1770/5739] Loss: 0.6037 | Acc: 80.20%
  Batch [1780/5739] Loss: 0.6036 | Acc: 80.21%
  Batch [1790/5739] Loss: 0.6034 | Acc: 80.20%
  Batch [1800/5739] Loss: 0.6022 | Acc: 80.24%
  Batch [1810/5739] Loss: 0.6041 | Acc: 80.23%
  Batch [1820/5739] Loss: 0.6017 | Acc: 80.29%
  Batch [1830/5739] Loss: 0.6014 | Acc: 80.30%
  Batch [1840/5739] Loss: 0.6009 | Acc: 80.29%
  Batch [1850/5739] Loss: 0.6001 | Acc: 80.31%
  Batch [1860/5739] Loss: 0.6009 | Acc: 80.29%
  Batch [1870/5739] Loss: 0.6002 | Acc: 80.28%
  Batch [1880/5739] Loss: 0.6008 | Acc: 80.26%
  Batch [1890/5739] Loss: 0.5999 | Acc: 80.28%
  Batch [1900/5739] Loss: 0.6008 | Acc: 80.28%
  Batch [1910/5739] Loss: 0.5995 | Acc: 80.31%
  Batch [1920/5739] Loss: 0.5997 | Acc: 80.31%
  Batch [1930/5739] Loss: 0.5980 | Acc: 80.33%
  Batch [1940/5739] Loss: 0.5976 | Acc: 80.35%
  Batch [1950/5739] Loss: 0.5966 | Acc: 80.34%
  Batch [1960/5739] Loss: 0.5954 | Acc: 80.38%
  Batch [1970/5739] Loss: 0.5967 | Acc: 80.37%
  Batch [1980/5739] Loss: 0.5957 | Acc: 80.38%
  Batch [1990/5739] Loss: 0.5963 | Acc: 80.38%
  Batch [2000/5739] Loss: 0.5986 | Acc: 80.35%
  Batch [2010/5739] Loss: 0.5977 | Acc: 80.37%
  Batch [2020/5739] Loss: 0.5986 | Acc: 80.37%
  Batch [2030/5739] Loss: 0.6017 | Acc: 80.31%
  Batch [2040/5739] Loss: 0.6015 | Acc: 80.28%
  Batch [2050/5739] Loss: 0.5999 | Acc: 80.33%
  Batch [2060/5739] Loss: 0.6013 | Acc: 80.36%
  Batch [2070/5739] Loss: 0.6001 | Acc: 80.39%
  Batch [2080/5739] Loss: 0.6000 | Acc: 80.40%
  Batch [2090/5739] Loss: 0.6015 | Acc: 80.36%
  Batch [2100/5739] Loss: 0.6031 | Acc: 80.31%
  Batch [2110/5739] Loss: 0.6032 | Acc: 80.31%
  Batch [2120/5739] Loss: 0.6017 | Acc: 80.36%
  Batch [2130/5739] Loss: 0.6015 | Acc: 80.35%
  Batch [2140/5739] Loss: 0.6013 | Acc: 80.34%
  Batch [2150/5739] Loss: 0.6025 | Acc: 80.33%
  Batch [2160/5739] Loss: 0.6018 | Acc: 80.36%
  Batch [2170/5739] Loss: 0.6042 | Acc: 80.28%
  Batch [2180/5739] Loss: 0.6041 | Acc: 80.24%
  Batch [2190/5739] Loss: 0.6063 | Acc: 80.19%
  Batch [2200/5739] Loss: 0.6058 | Acc: 80.18%
  Batch [2210/5739] Loss: 0.6079 | Acc: 80.15%
  Batch [2220/5739] Loss: 0.6074 | Acc: 80.18%
  Batch [2230/5739] Loss: 0.6070 | Acc: 80.18%
  Batch [2240/5739] Loss: 0.6065 | Acc: 80.17%
  Batch [2250/5739] Loss: 0.6055 | Acc: 80.20%
  Batch [2260/5739] Loss: 0.6057 | Acc: 80.20%
  Batch [2270/5739] Loss: 0.6060 | Acc: 80.19%
  Batch [2280/5739] Loss: 0.6072 | Acc: 80.15%
  Batch [2290/5739] Loss: 0.6065 | Acc: 80.16%
  Batch [2300/5739] Loss: 0.6064 | Acc: 80.15%
  Batch [2310/5739] Loss: 0.6046 | Acc: 80.21%
  Batch [2320/5739] Loss: 0.6044 | Acc: 80.20%
  Batch [2330/5739] Loss: 0.6043 | Acc: 80.18%
  Batch [2340/5739] Loss: 0.6050 | Acc: 80.16%
  Batch [2350/5739] Loss: 0.6038 | Acc: 80.19%
  Batch [2360/5739] Loss: 0.6039 | Acc: 80.19%
  Batch [2370/5739] Loss: 0.6043 | Acc: 80.18%
  Batch [2380/5739] Loss: 0.6042 | Acc: 80.18%
  Batch [2390/5739] Loss: 0.6044 | Acc: 80.17%
  Batch [2400/5739] Loss: 0.6048 | Acc: 80.17%
  Batch [2410/5739] Loss: 0.6057 | Acc: 80.16%
  Batch [2420/5739] Loss: 0.6054 | Acc: 80.16%
  Batch [2430/5739] Loss: 0.6042 | Acc: 80.19%
  Batch [2440/5739] Loss: 0.6040 | Acc: 80.16%
  Batch [2450/5739] Loss: 0.6043 | Acc: 80.18%
  Batch [2460/5739] Loss: 0.6041 | Acc: 80.19%
  Batch [2470/5739] Loss: 0.6036 | Acc: 80.23%
  Batch [2480/5739] Loss: 0.6033 | Acc: 80.21%
  Batch [2490/5739] Loss: 0.6033 | Acc: 80.19%
  Batch [2500/5739] Loss: 0.6045 | Acc: 80.16%
  Batch [2510/5739] Loss: 0.6038 | Acc: 80.16%
  Batch [2520/5739] Loss: 0.6050 | Acc: 80.13%
  Batch [2530/5739] Loss: 0.6044 | Acc: 80.12%
  Batch [2540/5739] Loss: 0.6059 | Acc: 80.11%
  Batch [2550/5739] Loss: 0.6067 | Acc: 80.11%
  Batch [2560/5739] Loss: 0.6066 | Acc: 80.12%
  Batch [2570/5739] Loss: 0.6063 | Acc: 80.13%
  Batch [2580/5739] Loss: 0.6062 | Acc: 80.11%
  Batch [2590/5739] Loss: 0.6055 | Acc: 80.12%
  Batch [2600/5739] Loss: 0.6042 | Acc: 80.14%
  Batch [2610/5739] Loss: 0.6048 | Acc: 80.13%
  Batch [2620/5739] Loss: 0.6058 | Acc: 80.12%
  Batch [2630/5739] Loss: 0.6055 | Acc: 80.12%
  Batch [2640/5739] Loss: 0.6051 | Acc: 80.12%
  Batch [2650/5739] Loss: 0.6049 | Acc: 80.11%
  Batch [2660/5739] Loss: 0.6044 | Acc: 80.11%
  Batch [2670/5739] Loss: 0.6038 | Acc: 80.10%
  Batch [2680/5739] Loss: 0.6028 | Acc: 80.14%
  Batch [2690/5739] Loss: 0.6030 | Acc: 80.13%
  Batch [2700/5739] Loss: 0.6032 | Acc: 80.11%
  Batch [2710/5739] Loss: 0.6033 | Acc: 80.11%
  Batch [2720/5739] Loss: 0.6038 | Acc: 80.10%
  Batch [2730/5739] Loss: 0.6033 | Acc: 80.10%
  Batch [2740/5739] Loss: 0.6038 | Acc: 80.11%
  Batch [2750/5739] Loss: 0.6033 | Acc: 80.12%
  Batch [2760/5739] Loss: 0.6028 | Acc: 80.12%
  Batch [2770/5739] Loss: 0.6030 | Acc: 80.11%
  Batch [2780/5739] Loss: 0.6032 | Acc: 80.08%
  Batch [2790/5739] Loss: 0.6030 | Acc: 80.09%
  Batch [2800/5739] Loss: 0.6019 | Acc: 80.12%
  Batch [2810/5739] Loss: 0.6017 | Acc: 80.11%
  Batch [2820/5739] Loss: 0.6015 | Acc: 80.12%
  Batch [2830/5739] Loss: 0.6011 | Acc: 80.14%
  Batch [2840/5739] Loss: 0.6020 | Acc: 80.12%
  Batch [2850/5739] Loss: 0.6015 | Acc: 80.12%
  Batch [2860/5739] Loss: 0.6010 | Acc: 80.14%
  Batch [2870/5739] Loss: 0.5999 | Acc: 80.17%
  Batch [2880/5739] Loss: 0.5999 | Acc: 80.18%
  Batch [2890/5739] Loss: 0.5995 | Acc: 80.17%
  Batch [2900/5739] Loss: 0.6000 | Acc: 80.19%
  Batch [2910/5739] Loss: 0.6003 | Acc: 80.18%
  Batch [2920/5739] Loss: 0.6006 | Acc: 80.17%
  Batch [2930/5739] Loss: 0.6000 | Acc: 80.17%
  Batch [2940/5739] Loss: 0.6012 | Acc: 80.15%
  Batch [2950/5739] Loss: 0.6014 | Acc: 80.16%
  Batch [2960/5739] Loss: 0.6018 | Acc: 80.16%
  Batch [2970/5739] Loss: 0.6016 | Acc: 80.16%
  Batch [2980/5739] Loss: 0.6023 | Acc: 80.15%
  Batch [2990/5739] Loss: 0.6027 | Acc: 80.12%
  Batch [3000/5739] Loss: 0.6019 | Acc: 80.14%
  Batch [3010/5739] Loss: 0.6031 | Acc: 80.11%
  Batch [3020/5739] Loss: 0.6024 | Acc: 80.11%
  Batch [3030/5739] Loss: 0.6020 | Acc: 80.09%
  Batch [3040/5739] Loss: 0.6024 | Acc: 80.10%
  Batch [3050/5739] Loss: 0.6025 | Acc: 80.08%
  Batch [3060/5739] Loss: 0.6025 | Acc: 80.08%
  Batch [3070/5739] Loss: 0.6026 | Acc: 80.07%
  Batch [3080/5739] Loss: 0.6027 | Acc: 80.09%
  Batch [3090/5739] Loss: 0.6025 | Acc: 80.10%
  Batch [3100/5739] Loss: 0.6028 | Acc: 80.10%
  Batch [3110/5739] Loss: 0.6032 | Acc: 80.09%
  Batch [3120/5739] Loss: 0.6033 | Acc: 80.12%
  Batch [3130/5739] Loss: 0.6034 | Acc: 80.09%
  Batch [3140/5739] Loss: 0.6031 | Acc: 80.11%
  Batch [3150/5739] Loss: 0.6034 | Acc: 80.09%
  Batch [3160/5739] Loss: 0.6027 | Acc: 80.11%
  Batch [3170/5739] Loss: 0.6020 | Acc: 80.13%
  Batch [3180/5739] Loss: 0.6011 | Acc: 80.16%
  Batch [3190/5739] Loss: 0.6011 | Acc: 80.17%
  Batch [3200/5739] Loss: 0.6011 | Acc: 80.18%
  Batch [3210/5739] Loss: 0.6013 | Acc: 80.19%
  Batch [3220/5739] Loss: 0.6008 | Acc: 80.20%
  Batch [3230/5739] Loss: 0.6000 | Acc: 80.22%
  Batch [3240/5739] Loss: 0.5994 | Acc: 80.23%
  Batch [3250/5739] Loss: 0.5996 | Acc: 80.23%
  Batch [3260/5739] Loss: 0.5994 | Acc: 80.23%
  Batch [3270/5739] Loss: 0.5997 | Acc: 80.24%
  Batch [3280/5739] Loss: 0.5998 | Acc: 80.23%
  Batch [3290/5739] Loss: 0.5992 | Acc: 80.26%
  Batch [3300/5739] Loss: 0.5990 | Acc: 80.26%
  Batch [3310/5739] Loss: 0.6005 | Acc: 80.26%
  Batch [3320/5739] Loss: 0.5998 | Acc: 80.28%
  Batch [3330/5739] Loss: 0.5997 | Acc: 80.29%
  Batch [3340/5739] Loss: 0.5997 | Acc: 80.30%
  Batch [3350/5739] Loss: 0.5999 | Acc: 80.29%
  Batch [3360/5739] Loss: 0.5997 | Acc: 80.30%
  Batch [3370/5739] Loss: 0.5992 | Acc: 80.31%
  Batch [3380/5739] Loss: 0.5996 | Acc: 80.31%
  Batch [3390/5739] Loss: 0.6001 | Acc: 80.31%
  Batch [3400/5739] Loss: 0.6005 | Acc: 80.31%
  Batch [3410/5739] Loss: 0.6006 | Acc: 80.31%
  Batch [3420/5739] Loss: 0.6001 | Acc: 80.32%
  Batch [3430/5739] Loss: 0.5999 | Acc: 80.33%
  Batch [3440/5739] Loss: 0.5994 | Acc: 80.34%
  Batch [3450/5739] Loss: 0.5994 | Acc: 80.35%
  Batch [3460/5739] Loss: 0.5995 | Acc: 80.36%
  Batch [3470/5739] Loss: 0.5992 | Acc: 80.37%
  Batch [3480/5739] Loss: 0.6002 | Acc: 80.36%
  Batch [3490/5739] Loss: 0.6003 | Acc: 80.36%
  Batch [3500/5739] Loss: 0.5997 | Acc: 80.37%
  Batch [3510/5739] Loss: 0.6000 | Acc: 80.38%
  Batch [3520/5739] Loss: 0.6009 | Acc: 80.35%
  Batch [3530/5739] Loss: 0.6007 | Acc: 80.36%
  Batch [3540/5739] Loss: 0.6004 | Acc: 80.36%
  Batch [3550/5739] Loss: 0.6003 | Acc: 80.36%
  Batch [3560/5739] Loss: 0.6007 | Acc: 80.36%
  Batch [3570/5739] Loss: 0.6003 | Acc: 80.36%
  Batch [3580/5739] Loss: 0.5998 | Acc: 80.37%
  Batch [3590/5739] Loss: 0.6001 | Acc: 80.36%
  Batch [3600/5739] Loss: 0.6001 | Acc: 80.37%
  Batch [3610/5739] Loss: 0.6005 | Acc: 80.35%
  Batch [3620/5739] Loss: 0.6002 | Acc: 80.36%
  Batch [3630/5739] Loss: 0.6002 | Acc: 80.36%
  Batch [3640/5739] Loss: 0.5996 | Acc: 80.37%
  Batch [3650/5739] Loss: 0.5991 | Acc: 80.40%
  Batch [3660/5739] Loss: 0.5990 | Acc: 80.39%
  Batch [3670/5739] Loss: 0.5991 | Acc: 80.39%
  Batch [3680/5739] Loss: 0.5997 | Acc: 80.37%
  Batch [3690/5739] Loss: 0.6019 | Acc: 80.36%
  Batch [3700/5739] Loss: 0.6018 | Acc: 80.36%
  Batch [3710/5739] Loss: 0.6024 | Acc: 80.34%
  Batch [3720/5739] Loss: 0.6026 | Acc: 80.33%
  Batch [3730/5739] Loss: 0.6023 | Acc: 80.34%
  Batch [3740/5739] Loss: 0.6017 | Acc: 80.36%
  Batch [3750/5739] Loss: 0.6019 | Acc: 80.35%
  Batch [3760/5739] Loss: 0.6013 | Acc: 80.35%
  Batch [3770/5739] Loss: 0.6011 | Acc: 80.35%
  Batch [3780/5739] Loss: 0.6006 | Acc: 80.35%
  Batch [3790/5739] Loss: 0.6005 | Acc: 80.37%
  Batch [3800/5739] Loss: 0.6002 | Acc: 80.37%
  Batch [3810/5739] Loss: 0.5997 | Acc: 80.39%
  Batch [3820/5739] Loss: 0.6000 | Acc: 80.39%
  Batch [3830/5739] Loss: 0.5994 | Acc: 80.39%
  Batch [3840/5739] Loss: 0.5985 | Acc: 80.42%
  Batch [3850/5739] Loss: 0.5985 | Acc: 80.42%
  Batch [3860/5739] Loss: 0.5987 | Acc: 80.42%
  Batch [3870/5739] Loss: 0.5987 | Acc: 80.43%
  Batch [3880/5739] Loss: 0.5988 | Acc: 80.42%
  Batch [3890/5739] Loss: 0.5992 | Acc: 80.41%
  Batch [3900/5739] Loss: 0.5993 | Acc: 80.42%
  Batch [3910/5739] Loss: 0.5994 | Acc: 80.42%
  Batch [3920/5739] Loss: 0.6001 | Acc: 80.40%
  Batch [3930/5739] Loss: 0.5995 | Acc: 80.42%
  Batch [3940/5739] Loss: 0.5996 | Acc: 80.41%
  Batch [3950/5739] Loss: 0.5992 | Acc: 80.44%
  Batch [3960/5739] Loss: 0.5992 | Acc: 80.44%
  Batch [3970/5739] Loss: 0.5995 | Acc: 80.42%
  Batch [3980/5739] Loss: 0.6002 | Acc: 80.41%
  Batch [3990/5739] Loss: 0.5998 | Acc: 80.43%
  Batch [4000/5739] Loss: 0.6000 | Acc: 80.44%
  Batch [4010/5739] Loss: 0.6003 | Acc: 80.43%
  Batch [4020/5739] Loss: 0.6008 | Acc: 80.42%
  Batch [4030/5739] Loss: 0.6002 | Acc: 80.42%
  Batch [4040/5739] Loss: 0.5999 | Acc: 80.41%
  Batch [4050/5739] Loss: 0.5992 | Acc: 80.43%
  Batch [4060/5739] Loss: 0.5988 | Acc: 80.42%
  Batch [4070/5739] Loss: 0.5985 | Acc: 80.44%
  Batch [4080/5739] Loss: 0.5984 | Acc: 80.44%
  Batch [4090/5739] Loss: 0.5981 | Acc: 80.44%
  Batch [4100/5739] Loss: 0.5978 | Acc: 80.44%
  Batch [4110/5739] Loss: 0.5981 | Acc: 80.44%
  Batch [4120/5739] Loss: 0.5979 | Acc: 80.44%
  Batch [4130/5739] Loss: 0.5973 | Acc: 80.45%
  Batch [4140/5739] Loss: 0.5966 | Acc: 80.48%
  Batch [4150/5739] Loss: 0.5965 | Acc: 80.48%
  Batch [4160/5739] Loss: 0.5970 | Acc: 80.47%
  Batch [4170/5739] Loss: 0.5965 | Acc: 80.49%
  Batch [4180/5739] Loss: 0.5963 | Acc: 80.49%
  Batch [4190/5739] Loss: 0.5961 | Acc: 80.49%
  Batch [4200/5739] Loss: 0.5959 | Acc: 80.49%
  Batch [4210/5739] Loss: 0.5955 | Acc: 80.48%
  Batch [4220/5739] Loss: 0.5955 | Acc: 80.49%
  Batch [4230/5739] Loss: 0.5951 | Acc: 80.50%
  Batch [4240/5739] Loss: 0.5954 | Acc: 80.51%
  Batch [4250/5739] Loss: 0.5959 | Acc: 80.51%
  Batch [4260/5739] Loss: 0.5965 | Acc: 80.50%
  Batch [4270/5739] Loss: 0.5961 | Acc: 80.51%
  Batch [4280/5739] Loss: 0.5957 | Acc: 80.53%
  Batch [4290/5739] Loss: 0.5965 | Acc: 80.52%
  Batch [4300/5739] Loss: 0.5964 | Acc: 80.53%
  Batch [4310/5739] Loss: 0.5965 | Acc: 80.53%
  Batch [4320/5739] Loss: 0.5964 | Acc: 80.52%
  Batch [4330/5739] Loss: 0.5960 | Acc: 80.54%
  Batch [4340/5739] Loss: 0.5956 | Acc: 80.54%
  Batch [4350/5739] Loss: 0.5955 | Acc: 80.55%
  Batch [4360/5739] Loss: 0.5959 | Acc: 80.53%
  Batch [4370/5739] Loss: 0.5955 | Acc: 80.53%
  Batch [4380/5739] Loss: 0.5949 | Acc: 80.54%
  Batch [4390/5739] Loss: 0.5949 | Acc: 80.55%
  Batch [4400/5739] Loss: 0.5945 | Acc: 80.55%
  Batch [4410/5739] Loss: 0.5943 | Acc: 80.54%
  Batch [4420/5739] Loss: 0.5948 | Acc: 80.55%
  Batch [4430/5739] Loss: 0.5946 | Acc: 80.55%
  Batch [4440/5739] Loss: 0.5950 | Acc: 80.54%
  Batch [4450/5739] Loss: 0.5954 | Acc: 80.54%
  Batch [4460/5739] Loss: 0.5950 | Acc: 80.54%
  Batch [4470/5739] Loss: 0.5946 | Acc: 80.55%
  Batch [4480/5739] Loss: 0.5944 | Acc: 80.56%
  Batch [4490/5739] Loss: 0.5949 | Acc: 80.55%
  Batch [4500/5739] Loss: 0.5945 | Acc: 80.55%
  Batch [4510/5739] Loss: 0.5950 | Acc: 80.54%
  Batch [4520/5739] Loss: 0.5953 | Acc: 80.54%
  Batch [4530/5739] Loss: 0.5949 | Acc: 80.54%
  Batch [4540/5739] Loss: 0.5950 | Acc: 80.54%
  Batch [4550/5739] Loss: 0.5948 | Acc: 80.55%
  Batch [4560/5739] Loss: 0.5946 | Acc: 80.55%
  Batch [4570/5739] Loss: 0.5947 | Acc: 80.56%
  Batch [4580/5739] Loss: 0.5952 | Acc: 80.55%
  Batch [4590/5739] Loss: 0.5958 | Acc: 80.54%
  Batch [4600/5739] Loss: 0.5959 | Acc: 80.54%
  Batch [4610/5739] Loss: 0.5957 | Acc: 80.55%
  Batch [4620/5739] Loss: 0.5952 | Acc: 80.57%
  Batch [4630/5739] Loss: 0.5953 | Acc: 80.56%
  Batch [4640/5739] Loss: 0.5951 | Acc: 80.57%
  Batch [4650/5739] Loss: 0.5958 | Acc: 80.55%
  Batch [4660/5739] Loss: 0.5953 | Acc: 80.56%
  Batch [4670/5739] Loss: 0.5948 | Acc: 80.58%
  Batch [4680/5739] Loss: 0.5945 | Acc: 80.59%
  Batch [4690/5739] Loss: 0.5949 | Acc: 80.57%
  Batch [4700/5739] Loss: 0.5951 | Acc: 80.58%
  Batch [4710/5739] Loss: 0.5953 | Acc: 80.57%
  Batch [4720/5739] Loss: 0.5954 | Acc: 80.57%
  Batch [4730/5739] Loss: 0.5961 | Acc: 80.57%
  Batch [4740/5739] Loss: 0.5955 | Acc: 80.59%
  Batch [4750/5739] Loss: 0.5952 | Acc: 80.60%
  Batch [4760/5739] Loss: 0.5947 | Acc: 80.61%
  Batch [4770/5739] Loss: 0.5956 | Acc: 80.61%
  Batch [4780/5739] Loss: 0.5958 | Acc: 80.62%
  Batch [4790/5739] Loss: 0.5957 | Acc: 80.62%
  Batch [4800/5739] Loss: 0.5954 | Acc: 80.62%
  Batch [4810/5739] Loss: 0.5957 | Acc: 80.63%
  Batch [4820/5739] Loss: 0.5959 | Acc: 80.62%
  Batch [4830/5739] Loss: 0.5963 | Acc: 80.61%
  Batch [4840/5739] Loss: 0.5961 | Acc: 80.62%
  Batch [4850/5739] Loss: 0.5960 | Acc: 80.62%
  Batch [4860/5739] Loss: 0.5958 | Acc: 80.62%
  Batch [4870/5739] Loss: 0.5961 | Acc: 80.61%
  Batch [4880/5739] Loss: 0.5955 | Acc: 80.63%
  Batch [4890/5739] Loss: 0.5951 | Acc: 80.64%
  Batch [4900/5739] Loss: 0.5949 | Acc: 80.65%
  Batch [4910/5739] Loss: 0.5949 | Acc: 80.66%
  Batch [4920/5739] Loss: 0.5945 | Acc: 80.67%
  Batch [4930/5739] Loss: 0.5954 | Acc: 80.66%
  Batch [4940/5739] Loss: 0.5952 | Acc: 80.67%
  Batch [4950/5739] Loss: 0.5957 | Acc: 80.66%
  Batch [4960/5739] Loss: 0.5959 | Acc: 80.64%
  Batch [4970/5739] Loss: 0.5960 | Acc: 80.64%
  Batch [4980/5739] Loss: 0.5963 | Acc: 80.64%
  Batch [4990/5739] Loss: 0.5969 | Acc: 80.65%
  Batch [5000/5739] Loss: 0.5966 | Acc: 80.66%
  Batch [5010/5739] Loss: 0.5962 | Acc: 80.66%
  Batch [5020/5739] Loss: 0.5961 | Acc: 80.67%
  Batch [5030/5739] Loss: 0.5969 | Acc: 80.66%
  Batch [5040/5739] Loss: 0.5966 | Acc: 80.67%
  Batch [5050/5739] Loss: 0.5962 | Acc: 80.69%
  Batch [5060/5739] Loss: 0.5968 | Acc: 80.68%
  Batch [5070/5739] Loss: 0.5967 | Acc: 80.68%
  Batch [5080/5739] Loss: 0.5964 | Acc: 80.69%
  Batch [5090/5739] Loss: 0.5960 | Acc: 80.69%
  Batch [5100/5739] Loss: 0.5961 | Acc: 80.69%
  Batch [5110/5739] Loss: 0.5967 | Acc: 80.67%
  Batch [5120/5739] Loss: 0.5968 | Acc: 80.67%
  Batch [5130/5739] Loss: 0.5964 | Acc: 80.68%
  Batch [5140/5739] Loss: 0.5961 | Acc: 80.69%
  Batch [5150/5739] Loss: 0.5960 | Acc: 80.69%
  Batch [5160/5739] Loss: 0.5952 | Acc: 80.72%
  Batch [5170/5739] Loss: 0.5948 | Acc: 80.72%
  Batch [5180/5739] Loss: 0.5947 | Acc: 80.72%
  Batch [5190/5739] Loss: 0.5950 | Acc: 80.71%
  Batch [5200/5739] Loss: 0.5952 | Acc: 80.71%
  Batch [5210/5739] Loss: 0.5954 | Acc: 80.71%
  Batch [5220/5739] Loss: 0.5947 | Acc: 80.72%
  Batch [5230/5739] Loss: 0.5949 | Acc: 80.72%
  Batch [5240/5739] Loss: 0.5948 | Acc: 80.72%
  Batch [5250/5739] Loss: 0.5947 | Acc: 80.73%
  Batch [5260/5739] Loss: 0.5945 | Acc: 80.74%
  Batch [5270/5739] Loss: 0.5940 | Acc: 80.76%
  Batch [5280/5739] Loss: 0.5934 | Acc: 80.78%
  Batch [5290/5739] Loss: 0.5939 | Acc: 80.76%
  Batch [5300/5739] Loss: 0.5937 | Acc: 80.78%
  Batch [5310/5739] Loss: 0.5931 | Acc: 80.79%
  Batch [5320/5739] Loss: 0.5932 | Acc: 80.79%
  Batch [5330/5739] Loss: 0.5934 | Acc: 80.79%
  Batch [5340/5739] Loss: 0.5935 | Acc: 80.78%
  Batch [5350/5739] Loss: 0.5935 | Acc: 80.78%
  Batch [5360/5739] Loss: 0.5937 | Acc: 80.78%
  Batch [5370/5739] Loss: 0.5938 | Acc: 80.79%
  Batch [5380/5739] Loss: 0.5942 | Acc: 80.78%
  Batch [5390/5739] Loss: 0.5939 | Acc: 80.79%
  Batch [5400/5739] Loss: 0.5938 | Acc: 80.80%
  Batch [5410/5739] Loss: 0.5938 | Acc: 80.80%
  Batch [5420/5739] Loss: 0.5937 | Acc: 80.80%
  Batch [5430/5739] Loss: 0.5936 | Acc: 80.81%
  Batch [5440/5739] Loss: 0.5937 | Acc: 80.80%
  Batch [5450/5739] Loss: 0.5937 | Acc: 80.80%
  Batch [5460/5739] Loss: 0.5937 | Acc: 80.80%
  Batch [5470/5739] Loss: 0.5937 | Acc: 80.80%
  Batch [5480/5739] Loss: 0.5945 | Acc: 80.79%
  Batch [5490/5739] Loss: 0.5942 | Acc: 80.80%
  Batch [5500/5739] Loss: 0.5943 | Acc: 80.80%
  Batch [5510/5739] Loss: 0.5941 | Acc: 80.80%
  Batch [5520/5739] Loss: 0.5948 | Acc: 80.80%
  Batch [5530/5739] Loss: 0.5944 | Acc: 80.79%
  Batch [5540/5739] Loss: 0.5945 | Acc: 80.78%
  Batch [5550/5739] Loss: 0.5947 | Acc: 80.77%
  Batch [5560/5739] Loss: 0.5946 | Acc: 80.77%
  Batch [5570/5739] Loss: 0.5947 | Acc: 80.77%
  Batch [5580/5739] Loss: 0.5947 | Acc: 80.76%
  Batch [5590/5739] Loss: 0.5944 | Acc: 80.77%
  Batch [5600/5739] Loss: 0.5944 | Acc: 80.77%
  Batch [5610/5739] Loss: 0.5943 | Acc: 80.77%
  Batch [5620/5739] Loss: 0.5943 | Acc: 80.77%
  Batch [5630/5739] Loss: 0.5943 | Acc: 80.75%
  Batch [5640/5739] Loss: 0.5942 | Acc: 80.75%
  Batch [5650/5739] Loss: 0.5947 | Acc: 80.74%
  Batch [5660/5739] Loss: 0.5947 | Acc: 80.73%
  Batch [5670/5739] Loss: 0.5946 | Acc: 80.73%
  Batch [5680/5739] Loss: 0.5945 | Acc: 80.73%
  Batch [5690/5739] Loss: 0.5942 | Acc: 80.74%
  Batch [5700/5739] Loss: 0.5942 | Acc: 80.73%
  Batch [5710/5739] Loss: 0.5937 | Acc: 80.75%
  Batch [5720/5739] Loss: 0.5937 | Acc: 80.75%
  Batch [5730/5739] Loss: 0.5936 | Acc: 80.75%

======================================================================
Epoch 11 Summary:
  Train Loss: 0.5937 | Train Acc: 80.76%
  Val Loss:   2.5916 | Val Acc:   55.26%
  Learning Rate: 0.000050
  Time: 154.5s
======================================================================

⚠ Early stopping! 7 epoch boyunca iyileşme yok.

======================================================================
TRAINING TAMAMLANDI!
======================================================================
Toplam süre: 26.4 dakika
Best val loss: 1.5907
Best val acc: 57.26%
======================================================================


======================================================================
TRAINING HISTORY GRAFİĞİ KAYDEDİLDİ
======================================================================
Dosya: outputs/runs/260128-2306/training_history.png
======================================================================

📊 OVERFITTING ANALİZİ:
  Final Train Accuracy: 80.76%
  Final Val Accuracy: 55.26%
  Best Val Accuracy: 57.26%
  Train-Val Gap: 25.50%

  ⚠️  OVERFITTING TESPİT EDİLDİ!
  Öneriler:
    - Daha fazla veri ekleyin
    - Dropout oranını artırın (şu an: 0.5)
    - Weight decay artırın (şu an: 0.01)
    - Data augmentation kullanın
    - Early stopping patience azaltın
======================================================================

✓ Training history kaydedildi: outputs/runs/260128-2306/training_history.json
